repo,sha,created_at,label,n_runs,n_files,lines_added,lines_deleted,log_churn,n_functions_changed,n_modules,n_src_files,n_test_files,n_docs_files,n_dependency_files,n_config_files,ci_config_changed,n_db_related,n_security_related,src_without_tests,docs_only,is_pull_request,is_merge,msg_mentions_fix,hist_file_max_failure_rate,hist_file_mean_failure_rate,hist_file_mean_prior_changes,author_prior_commits,author_failure_rate,parent_known,parent_failed,repo_recent_failure_rate
jazzband/pip-tools,48934b72f946a4d676c477ef1519f97baa36c80e,2025-09-15T17:28:29+00:00,0,1,1.0,1.0,1.0,1.0986122886681098,0.0,0.0,0.0,0.0,0.0,0.0,1.0,0.0,0.0,0.0,0.0,0.0,1.0,0.0,0.0,0.0,0.0,0.0,0.0,0.0,0.0,0.0,0.0
jazzband/pip-tools,b97a0d4be0ecf597b250c520ad5fb011cfcbfd27,2025-09-16T03:21:09+00:00,0,1,1.0,1.0,1.0,1.0986122886681098,0.0,0.0,0.0,0.0,0.0,0.0,1.0,0.0,0.0,0.0,0.0,0.0,0.0,1.0,0.0,0.0,0.0,1.0,0.0,0.0,0.0,0.0,0.0
jazzband/pip-tools,d42c30bae323d7c1a8eeaad6e8a45a782a276cbc,2025-09-16T03:28:38+00:00,0,1,3.0,41.0,3.0,3.8066624897703196,4.0,1.0,1.0,1.0,1.0,0.0,0.0,0.0,0.0,0.0,0.0,0.0,1.0,0.0,0.0,0.0,0.0,0.0,0.0,0.0,0.0,0.0,0.0
jazzband/pip-tools,816ee196c543be53ddba0ea33fb4c7e84217b3b3,2025-09-19T03:15:44+00:00,0,1,3.0,6.0,3.0,2.302585092994046,2.0,1.0,1.0,1.0,1.0,0.0,0.0,0.0,0.0,0.0,0.0,0.0,1.0,0.0,0.0,0.0,0.0,0.0,2.0,0.0,1.0,0.0,0.0
jazzband/pip-tools,61db0caba957e1f22667013b7b8a8ee47cff34e1,2025-09-22T13:46:20+00:00,0,1,1.0,1.0,1.0,1.0986122886681098,0.0,0.0,0.0,0.0,1.0,0.0,0.0,0.0,0.0,0.0,0.0,1.0,1.0,0.0,0.0,0.0,0.0,1.0,3.0,0.0,1.0,0.0,0.0
jazzband/pip-tools,68f167ce91b7b795892159f55afd8ab33b6bcf8e,2025-09-22T18:03:42+00:00,0,1,3.0,6.0,3.0,2.302585092994046,2.0,1.0,1.0,1.0,1.0,0.0,0.0,0.0,0.0,0.0,0.0,0.0,0.0,1.0,0.0,0.0,0.0,1.3333333333333333,4.0,0.0,1.0,0.0,0.0
jazzband/pip-tools,bac58b853242a10a47c7c3c9556ce8e91790bf8b,2025-09-24T19:49:30+00:00,0,1,3.0,41.0,3.0,3.8066624897703196,4.0,1.0,1.0,1.0,1.0,0.0,0.0,0.0,0.0,0.0,0.0,0.0,1.0,0.0,0.0,0.0,0.0,1.0,5.0,0.0,0.0,0.0,0.0
jazzband/pip-tools,5876f774117eba38bb4c12dd1f0e01870a36faa7,2025-09-25T21:00:07+00:00,0,1,3.0,6.0,3.0,2.302585092994046,2.0,1.0,1.0,1.0,1.0,0.0,0.0,0.0,0.0,0.0,0.0,0.0,1.0,1.0,0.0,0.0,0.0,2.3333333333333335,6.0,0.0,0.0,0.0,0.0
jazzband/pip-tools,be571d00e43f06e67ef084ec2b42176a164c58cf,2025-09-25T21:02:35+00:00,0,1,1.0,1.0,1.0,1.0986122886681098,0.0,0.0,0.0,0.0,1.0,0.0,0.0,0.0,0.0,0.0,0.0,1.0,1.0,0.0,0.0,0.0,0.0,0.0,6.0,0.0,0.0,0.0,0.0
jazzband/pip-tools,76d4a855bcb7fa350d8d8065766a51790ae821e7,2025-09-25T21:22:51+00:00,0,1,2.0,1.0,5.0,1.9459101490553132,0.0,0.0,0.0,0.0,0.0,0.0,2.0,0.0,0.0,0.0,0.0,0.0,1.0,0.0,0.0,0.0,0.0,0.0,8.0,0.0,0.0,0.0,0.0
jazzband/pip-tools,e48c6bb8529bf1f9e4db1abe485e78eeb837e7b7,2025-09-25T21:23:06+00:00,0,1,1.0,2.0,2.0,1.6094379124341003,0.0,0.0,0.0,0.0,0.0,0.0,1.0,0.0,0.0,0.0,0.0,0.0,0.0,1.0,0.0,0.0,0.0,2.0,8.0,0.0,1.0,0.0,0.0
jazzband/pip-tools,54ced7cac49eb29f4167da33557bb7b7ee5467be,2025-09-25T21:23:41+00:00,0,1,3.0,41.0,3.0,3.8066624897703196,4.0,1.0,1.0,1.0,1.0,0.0,0.0,0.0,0.0,0.0,0.0,0.0,1.0,0.0,0.0,0.0,0.0,2.0,8.0,0.0,0.0,0.0,0.0
jazzband/pip-tools,d3eed27c91ff63b9687ebeaecedb92f823b4e3cb,2025-09-26T01:47:36+00:00,0,1,3.0,33.0,37.0,4.2626798770413155,0.0,0.0,0.0,0.0,1.0,0.0,2.0,0.0,0.0,0.0,0.0,0.0,0.0,1.0,0.0,0.0,0.0,0.6666666666666666,0.0,0.0,1.0,0.0,0.0
jazzband/pip-tools,74566f93eb092b81b42cde5602b7d93d6c6b83e2,2025-09-26T01:51:56+00:00,0,1,2.0,2.0,1.0,1.3862943611198906,0.0,0.0,0.0,0.0,1.0,0.0,1.0,0.0,0.0,0.0,0.0,0.0,0.0,1.0,0.0,0.0,0.0,1.0,0.0,0.0,0.0,0.0,0.0
jazzband/pip-tools,e7e2673b289dd0b900b1d6d882e59adab55f4385,2025-09-26T10:13:38+00:00,0,1,3.0,3.0,3.0,1.9459101490553132,0.0,0.0,0.0,0.0,3.0,0.0,0.0,0.0,0.0,0.0,0.0,1.0,1.0,0.0,0.0,0.0,0.0,2.0,0.0,0.0,0.0,0.0,0.0
jazzband/pip-tools,a5cf40c6418fcc241078845509fb47fa04fbe2cb,2025-09-26T14:51:14+00:00,0,1,2.0,2.0,0.0,1.0986122886681098,0.0,0.0,0.0,0.0,2.0,0.0,0.0,0.0,0.0,0.0,0.0,1.0,1.0,0.0,0.0,0.0,0.0,0.0,11.0,0.0,0.0,0.0,0.0
jazzband/pip-tools,76bdc77f2cc44470347921c6aaa232719aab49cf,2025-09-26T15:02:15+00:00,0,1,4.0,9.0,11.0,3.044522437723423,0.0,0.0,0.0,0.0,3.0,1.0,0.0,0.0,0.0,0.0,0.0,0.0,0.0,1.0,0.0,0.0,0.0,2.25,11.0,0.0,1.0,0.0,0.0
jazzband/pip-tools,c425ea0e2c8e7d0a8510d44f26af539e325a2a5a,2025-09-26T15:13:18+00:00,0,1,3.0,18.0,6.0,3.2188758248682006,0.0,0.0,0.0,0.0,1.0,0.0,2.0,1.0,0.0,0.0,0.0,0.0,1.0,0.0,0.0,0.0,0.0,0.0,13.0,0.0,1.0,0.0,0.0
jazzband/pip-tools,16c793b06897e1ab22d326ebe249780a2fac9116,2025-09-26T15:20:08+00:00,0,1,7.0,153.0,3.0,5.056245805348308,5.0,1.0,1.0,2.0,4.0,0.0,0.0,0.0,0.0,0.0,0.0,0.0,0.0,1.0,1.0,0.0,0.0,1.5714285714285714,13.0,0.0,1.0,0.0,0.0
jazzband/pip-tools,2be5b1f76a8b34f0f4555d5761bb4ec86116d461,2025-09-26T15:29:19+00:00,0,1,1.0,1.0,0.0,0.6931471805599453,0.0,0.0,0.0,0.0,1.0,0.0,0.0,0.0,0.0,0.0,0.0,1.0,1.0,0.0,0.0,0.0,0.0,0.0,1.0,0.0,0.0,0.0,0.0
jazzband/pip-tools,78020b415bf6a023d45532ddcc8f87482336b43e,2025-09-26T15:57:22+00:00,0,1,1.0,1.0,0.0,0.6931471805599453,0.0,0.0,0.0,0.0,1.0,0.0,0.0,0.0,0.0,0.0,0.0,1.0,0.0,1.0,0.0,0.0,0.0,1.0,15.0,0.0,1.0,0.0,0.0
jazzband/pip-tools,cd233ddb638f555d8a05012ffd6d61d9dc2f7b5c,2025-09-26T18:06:08+00:00,0,1,3.0,18.0,6.0,3.2188758248682006,0.0,0.0,0.0,0.0,1.0,0.0,2.0,1.0,0.0,0.0,0.0,0.0,1.0,0.0,0.0,0.0,0.0,1.0,16.0,0.0,1.0,0.0,0.0
jazzband/pip-tools,9b4de7d3b8f3a4f12650a00fd6d63793ff0d4d38,2025-09-26T18:23:27+00:00,0,1,3.0,18.0,6.0,3.2188758248682006,0.0,0.0,0.0,0.0,1.0,0.0,2.0,1.0,0.0,0.0,0.0,0.0,0.0,1.0,0.0,0.0,0.0,2.0,17.0,0.0,1.0,0.0,0.0
jazzband/pip-tools,e8adc41d8054c998cc1c927f1a9cddb9a13f812a,2025-09-27T03:25:44+00:00,0,1,11.0,52.0,15.0,4.219507705176107,0.0,0.0,0.0,0.0,11.0,0.0,0.0,0.0,0.0,0.0,0.0,1.0,1.0,0.0,0.0,0.0,0.0,2.272727272727273,18.0,0.0,1.0,0.0,0.0
jazzband/pip-tools,7a29213539c1df3704cbe54ccab5a30f6d9346b3,2025-09-29T14:55:32+00:00,0,1,1.0,1.0,1.0,1.0986122886681098,0.0,0.0,0.0,0.0,0.0,0.0,1.0,1.0,0.0,0.0,0.0,0.0,1.0,0.0,0.0,0.0,0.0,3.0,2.0,0.0,1.0,0.0,0.0
jazzband/pip-tools,ef8b7492b3c798fd665e23ab8aabdfa978dc5844,2025-09-29T15:10:52+00:00,0,1,1.0,2.0,0.0,1.0986122886681098,0.0,0.0,0.0,0.0,1.0,0.0,0.0,0.0,0.0,0.0,0.0,1.0,1.0,0.0,0.0,0.0,0.0,0.0,3.0,0.0,0.0,0.0,0.0
jazzband/pip-tools,d30ac9f2879edab9bc79bd40b736b96230878a45,2025-09-29T15:50:50+00:00,0,1,1.0,0.0,2.0,1.0986122886681098,0.0,0.0,0.0,0.0,1.0,0.0,0.0,0.0,0.0,0.0,0.0,1.0,1.0,0.0,1.0,0.0,0.0,1.0,19.0,0.0,0.0,0.0,0.0
jazzband/pip-tools,77c04497d8b124e5c94c1806e2f6fcdd8b7d6e11,2025-09-30T01:09:08+00:00,0,1,1.0,1.0,2.0,1.3862943611198906,0.0,0.0,0.0,0.0,1.0,0.0,0.0,0.0,0.0,0.0,0.0,1.0,1.0,0.0,0.0,0.0,0.0,2.0,20.0,0.0,1.0,0.0,0.0
jazzband/pip-tools,6a863fdebc8481adcda6fd0d019e0e1cc052b6ae,2025-09-30T18:03:13+00:00,0,1,1.0,11.0,9.0,3.044522437723423,0.0,0.0,0.0,0.0,1.0,0.0,0.0,0.0,0.0,0.0,0.0,1.0,1.0,0.0,1.0,0.0,0.0,3.0,21.0,0.0,1.0,0.0,0.0
jazzband/pip-tools,1c2692b7f45a94d93e3f4bb252da3fd711ad08a9,2025-10-02T03:35:42+00:00,0,1,11.0,54.0,15.0,4.248495242049359,0.0,0.0,0.0,0.0,11.0,0.0,0.0,0.0,0.0,0.0,0.0,1.0,0.0,1.0,0.0,0.0,0.0,3.5454545454545454,22.0,0.0,1.0,0.0,0.0
jazzband/pip-tools,f59b398d85af41af9dcc974fa6960840fc9f7dc7,2025-10-06T17:44:43+00:00,0,1,1.0,2.0,2.0,1.6094379124341003,0.0,0.0,0.0,0.0,0.0,0.0,1.0,0.0,0.0,0.0,0.0,0.0,1.0,0.0,0.0,0.0,0.0,3.0,1.0,0.0,1.0,0.0,0.0
jazzband/pip-tools,4e081802c20039967f230ac2647bb6a945788691,2025-10-06T20:20:35+00:00,0,1,1.0,2.0,2.0,1.6094379124341003,0.0,0.0,0.0,0.0,0.0,0.0,1.0,0.0,0.0,0.0,0.0,0.0,0.0,1.0,0.0,0.0,0.0,4.0,23.0,0.0,1.0,0.0,0.0
jazzband/pip-tools,c742e381cbe5a6953c2bd89d6fbc147c5003d921,2025-10-09T19:02:01+00:00,0,1,1.0,5.0,6.0,2.4849066497880004,1.0,1.0,1.0,0.0,0.0,0.0,0.0,0.0,0.0,0.0,1.0,0.0,1.0,0.0,1.0,0.0,0.0,4.0,0.0,0.0,1.0,0.0,0.0
jazzband/pip-tools,73cb9fd72b1d484d3e779774b85e1caea2da78a7,2025-10-13T17:32:11+00:00,0,1,1.0,2.0,2.0,1.6094379124341003,0.0,0.0,0.0,0.0,0.0,0.0,1.0,0.0,0.0,0.0,0.0,0.0,1.0,0.0,0.0,0.0,0.0,5.0,2.0,0.0,1.0,0.0,0.0
jazzband/pip-tools,75e4ef60579996b08fcc344c587f466018790fd5,2025-10-14T14:17:38+00:00,0,1,1.0,1.0,1.0,1.0986122886681098,0.0,0.0,0.0,0.0,0.0,0.0,1.0,0.0,0.0,0.0,0.0,0.0,1.0,0.0,0.0,0.0,0.0,3.0,4.0,0.0,0.0,0.0,0.0
jazzband/pip-tools,80db28980e6ffd1cf0848a9c9a8ba281e0b1b0cd,2025-10-14T14:26:49+00:00,0,1,1.0,1.0,1.0,1.0986122886681098,0.0,0.0,0.0,0.0,0.0,0.0,1.0,1.0,0.0,0.0,0.0,0.0,1.0,0.0,0.0,0.0,0.0,3.0,5.0,0.0,1.0,0.0,0.0
jazzband/pip-tools,d730bd44816b937fcf7e108abed35177526f5aea,2025-10-14T14:37:20+00:00,0,1,1.0,1.0,0.0,0.6931471805599453,0.0,0.0,0.0,0.0,1.0,0.0,0.0,0.0,0.0,0.0,0.0,1.0,1.0,0.0,0.0,0.0,0.0,0.0,6.0,0.0,0.0,0.0,0.0
jazzband/pip-tools,9a29a09d742f39d00ecac94ad324271d39eafc2f,2025-10-21T00:05:07+00:00,0,1,1.0,0.0,1.0,0.6931471805599453,0.0,0.0,0.0,0.0,0.0,0.0,1.0,0.0,0.0,0.0,0.0,0.0,1.0,0.0,0.0,0.0,0.0,6.0,0.0,0.0,1.0,0.0,0.0
jazzband/pip-tools,4ba8320a0bc55eaa386c8110b98547de892579af,2025-10-21T00:21:11+00:00,0,1,1.0,2.0,3.0,1.791759469228055,0.0,0.0,0.0,0.0,0.0,0.0,1.0,0.0,0.0,0.0,0.0,0.0,0.0,1.0,0.0,0.0,0.0,7.0,2.0,0.0,1.0,0.0,0.0
jazzband/pip-tools,aa1be05e444539e5428c603d160bd048175d3b08,2025-10-21T00:45:20+00:00,0,1,5.0,5.0,3.0,2.1972245773362196,0.0,0.0,0.0,0.0,1.0,1.0,3.0,1.0,0.0,0.0,0.0,0.0,0.0,1.0,0.0,0.0,0.0,2.6,3.0,0.0,1.0,0.0,0.0
jazzband/pip-tools,bb29e96ce0b8b29f842e2de2724d01113fa36d03,2025-10-27T11:29:21+00:00,0,1,1.0,2.0,0.0,1.0986122886681098,1.0,1.0,1.0,0.0,0.0,0.0,0.0,0.0,0.0,0.0,1.0,0.0,1.0,0.0,1.0,0.0,0.0,3.0,0.0,0.0,0.0,0.0,0.0
jazzband/pip-tools,481386659d200248ef35623b89716db5d685a52c,2025-10-28T14:40:37+00:00,0,1,1.0,5.0,0.0,1.791759469228055,0.0,0.0,0.0,0.0,1.0,0.0,0.0,0.0,0.0,0.0,0.0,1.0,1.0,0.0,0.0,0.0,0.0,0.0,0.0,0.0,0.0,0.0,0.0
jazzband/pip-tools,934b46a8795554f994b984ac743957f8458a29d6,2025-10-29T13:31:22+00:00,0,1,2.0,52.0,0.0,3.970291913552122,0.0,0.0,0.0,0.0,1.0,0.0,1.0,1.0,0.0,0.0,0.0,0.0,0.0,1.0,0.0,0.0,0.0,3.0,4.0,0.0,1.0,0.0,0.0
jazzband/pip-tools,e22c9dc4c793b5111a0ba6c90e2093a1279109f9,2025-10-30T10:20:39+00:00,0,1,1.0,1.0,0.0,0.6931471805599453,0.0,0.0,0.0,0.0,0.0,0.0,1.0,0.0,0.0,0.0,0.0,0.0,1.0,0.0,0.0,0.0,0.0,5.0,0.0,0.0,0.0,0.0,0.0
jazzband/pip-tools,2aeabe0eb3291d1ee43a0795ac644ff96c35815f,2025-10-30T14:40:06+00:00,0,1,1.0,5.0,0.0,1.791759469228055,0.0,0.0,0.0,0.0,0.0,0.0,1.0,0.0,0.0,0.0,0.0,0.0,1.0,0.0,0.0,0.0,0.0,8.0,1.0,0.0,1.0,0.0,0.0
jazzband/pip-tools,94afac5e4c85a2e63a878b905e39c9de118217d6,2025-10-30T16:13:28+00:00,0,1,2.0,5.0,0.0,1.791759469228055,0.0,0.0,0.0,0.0,0.0,1.0,1.0,0.0,0.0,0.0,0.0,0.0,1.0,0.0,0.0,0.0,0.0,3.5,2.0,0.0,1.0,0.0,0.0
jazzband/pip-tools,550ebf4aae131868404b52645b4684bd92b5f087,2025-11-04T17:41:22+00:00,0,1,1.0,1.0,1.0,1.0986122886681098,0.0,0.0,0.0,0.0,0.0,0.0,1.0,1.0,0.0,0.0,0.0,0.0,1.0,0.0,0.0,0.0,0.0,0.0,24.0,0.0,1.0,0.0,0.0
jazzband/pip-tools,d854ba7663cc261523cf04fdee8f9bfd79f73835,2025-11-05T01:18:33+00:00,0,1,1.0,1.0,1.0,1.0986122886681098,0.0,0.0,0.0,0.0,0.0,0.0,1.0,1.0,0.0,0.0,0.0,0.0,0.0,1.0,1.0,0.0,0.0,1.0,5.0,0.0,1.0,0.0,0.0
jazzband/pip-tools,380b4f2ff2ee6efb1921774f7e518d5a2f89196d,2025-11-05T03:23:58+00:00,0,1,1.0,1.0,0.0,0.6931471805599453,0.0,0.0,0.0,0.0,1.0,0.0,0.0,0.0,0.0,0.0,0.0,1.0,1.0,0.0,0.0,0.0,0.0,0.0,0.0,0.0,0.0,0.0,0.0
jazzband/pip-tools,6d388265bdaac17869e698b2a7d5f548f9cb4640,2025-11-05T05:04:17+00:00,0,1,3.0,37.0,6.0,3.784189633918261,2.0,1.0,1.0,1.0,1.0,0.0,0.0,0.0,0.0,0.0,0.0,0.0,0.0,1.0,0.0,0.0,0.0,3.3333333333333335,25.0,0.0,1.0,0.0,0.0
jazzband/pip-tools,3df3efa92a4316d2066d639110fba943cc56f9aa,2025-11-05T05:04:40+00:00,0,1,7.0,6.0,21.0,3.332204510175204,0.0,4.0,6.0,1.0,0.0,0.0,0.0,0.0,0.0,0.0,0.0,0.0,1.0,0.0,1.0,0.0,0.0,0.0,25.0,0.0,0.0,0.0,0.0
jazzband/pip-tools,b3e07656c4f52c7548efe265cb934b6c0fb2804a,2025-11-05T05:17:45+00:00,0,1,4.0,10.0,0.0,2.3978952727983707,0.0,1.0,2.0,0.0,2.0,0.0,0.0,0.0,0.0,0.0,1.0,0.0,1.0,0.0,0.0,0.0,0.0,0.0,26.0,0.0,1.0,0.0,0.0
jazzband/pip-tools,713c3e4be32c2ebec8d3c44de3167287fa32c24d,2025-11-05T05:37:19+00:00,0,1,4.0,10.0,0.0,2.3978952727983707,0.0,1.0,2.0,0.0,2.0,0.0,0.0,0.0,0.0,0.0,1.0,0.0,0.0,1.0,0.0,0.0,0.0,1.0,6.0,0.0,1.0,0.0,0.0
jazzband/pip-tools,d8775558d11131a96db4e062bf9157af4cb294bb,2025-11-05T05:55:51+00:00,0,1,2.0,11.0,0.0,2.4849066497880004,0.0,0.0,0.0,0.0,1.0,0.0,1.0,1.0,0.0,0.0,0.0,0.0,1.0,0.0,0.0,0.0,0.0,0.0,28.0,0.0,1.0,0.0,0.0
jazzband/pip-tools,890e8bf283e8a098f0f88d7acefc696235140bf3,2025-11-05T14:02:51+00:00,0,1,1.0,6.0,4.0,2.3978952727983707,0.0,0.0,0.0,0.0,0.0,0.0,1.0,1.0,0.0,0.0,0.0,0.0,1.0,0.0,0.0,0.0,0.0,1.0,29.0,0.0,1.0,0.0,0.0
jazzband/pip-tools,6f1a4e02278512b5ff0d665e507921d9eeb92364,2025-11-05T14:49:08+00:00,0,1,1.0,9.0,1.0,2.3978952727983707,0.0,0.0,0.0,0.0,1.0,0.0,0.0,0.0,0.0,0.0,0.0,1.0,1.0,0.0,0.0,0.0,0.0,1.0,30.0,0.0,1.0,0.0,0.0
jazzband/pip-tools,bc8d8c8fd74b5aa343e02316766bd9748d7879a7,2025-11-05T14:50:23+00:00,0,1,7.0,6.0,21.0,3.332204510175204,0.0,4.0,6.0,1.0,0.0,0.0,0.0,0.0,0.0,0.0,0.0,0.0,1.0,0.0,1.0,0.0,0.0,1.0,30.0,0.0,0.0,0.0,0.0
jazzband/pip-tools,747fb996cb9adad4ac2165dec9ed22ff9a7db51c,2025-11-05T15:02:19+00:00,0,1,2.0,3.0,3.0,1.9459101490553132,0.0,0.0,0.0,0.0,2.0,0.0,0.0,0.0,0.0,0.0,0.0,1.0,1.0,0.0,1.0,0.0,0.0,2.0,31.0,0.0,1.0,0.0,0.0
jazzband/pip-tools,c4aea1fbf60383c462cbaf350efcfd3ab9ccbcb6,2025-11-05T16:16:14+00:00,0,1,1.0,2.0,4.0,1.9459101490553132,1.0,0.0,0.0,1.0,0.0,0.0,0.0,0.0,0.0,0.0,0.0,0.0,1.0,0.0,0.0,0.0,0.0,2.0,1.0,0.0,0.0,0.0,0.0
jazzband/pip-tools,ce8dde4135d054d2b29f0dd3d981bec10b27d377,2025-11-05T17:23:37+00:00,0,1,2.0,7.0,2.0,2.302585092994046,2.0,0.0,0.0,2.0,0.0,0.0,0.0,0.0,0.0,0.0,0.0,0.0,1.0,0.0,1.0,0.0,0.0,2.0,3.0,0.0,0.0,0.0,0.0
jazzband/pip-tools,bc28c7e172989f0c881c0ecdd421e3b2cf3c61bc,2025-11-06T02:38:23+00:00,0,1,2.0,3.0,3.0,1.9459101490553132,0.0,0.0,0.0,0.0,2.0,0.0,0.0,0.0,0.0,0.0,0.0,1.0,0.0,1.0,0.0,0.0,0.0,3.0,7.0,0.0,1.0,0.0,0.0
jazzband/pip-tools,bd2ecb71adcde3089f59d8e79ec0e6789403a95a,2025-11-06T17:21:03+00:00,0,1,3.0,3.0,5.0,2.1972245773362196,0.0,0.0,0.0,0.0,2.0,0.0,2.0,1.0,0.0,0.0,0.0,0.0,1.0,0.0,0.0,0.0,0.0,1.3333333333333333,33.0,0.0,0.0,0.0,0.0
jazzband/pip-tools,0aae4aefc30c4e7e418db48110b7a8765826ce8e,2025-11-06T17:40:16+00:00,0,1,3.0,20.0,1.0,3.091042453358316,0.0,0.0,0.0,0.0,2.0,0.0,2.0,1.0,0.0,0.0,0.0,0.0,0.0,1.0,0.0,0.0,0.0,2.3333333333333335,34.0,0.0,1.0,0.0,0.0
jazzband/pip-tools,d7da20b0270eb7d26d541ba5746f777fa042b429,2025-11-06T20:05:12+00:00,0,1,1.0,3.0,1.0,1.6094379124341003,0.0,1.0,1.0,0.0,0.0,0.0,0.0,0.0,0.0,0.0,1.0,0.0,1.0,0.0,0.0,0.0,0.0,0.0,35.0,0.0,0.0,0.0,0.0
jazzband/pip-tools,30ed5888bba3f68026592b89a257281fec5b940f,2025-11-07T00:51:39+00:00,0,1,5.0,81.0,3.0,4.442651256490317,4.0,1.0,2.0,1.0,2.0,0.0,0.0,0.0,0.0,0.0,0.0,0.0,0.0,1.0,0.0,0.0,0.0,0.6,8.0,0.0,1.0,0.0,0.0
jazzband/pip-tools,e46a1c142f3acad99d440128351509ea95e436b4,2025-11-07T03:18:35+00:00,0,1,1.0,7.0,0.0,2.0794415416798357,0.0,0.0,0.0,0.0,0.0,0.0,1.0,0.0,0.0,0.0,0.0,0.0,1.0,0.0,0.0,0.0,0.0,9.0,3.0,0.0,0.0,0.0,0.0
jazzband/pip-tools,2a18950e23b7d6c55aa543961895cccd3adb7617,2025-11-07T12:11:00+00:00,0,1,1.0,7.0,0.0,2.0794415416798357,0.0,0.0,0.0,0.0,1.0,0.0,0.0,0.0,0.0,0.0,0.0,1.0,1.0,0.0,0.0,0.0,0.0,0.0,4.0,0.0,1.0,0.0,0.0
jazzband/pip-tools,c688121772df912c4dc0db5ad88cc89bb96f6f11,2025-11-07T14:29:21+00:00,0,1,1.0,1.0,1.0,1.0986122886681098,0.0,0.0,0.0,0.0,0.0,1.0,0.0,0.0,0.0,0.0,0.0,0.0,1.0,0.0,0.0,0.0,0.0,1.0,5.0,0.0,1.0,0.0,0.0
jazzband/pip-tools,26b53bcc674e3d8e0d3ae611ce9ba422d5a26d3e,2025-11-07T14:54:05+00:00,0,1,4.0,26.0,11.0,3.6375861597263857,0.0,0.0,0.0,0.0,1.0,0.0,3.0,1.0,0.0,0.0,0.0,0.0,0.0,1.0,0.0,0.0,0.0,4.75,9.0,0.0,1.0,0.0,0.0
jazzband/pip-tools,b0730a61de6cb09d78073bb5be4cfdffa55f971e,2025-11-07T18:11:37+00:00,0,1,1.0,7.0,0.0,2.0794415416798357,0.0,0.0,0.0,0.0,1.0,0.0,0.0,0.0,0.0,0.0,0.0,1.0,1.0,0.0,0.0,0.0,0.0,0.0,6.0,0.0,0.0,0.0,0.0
jazzband/pip-tools,785ed5e30f4c86c24141898553a356402b142adf,2025-11-08T20:13:33+00:00,0,1,4.0,37.0,2.0,3.6888794541139363,0.0,0.0,0.0,0.0,1.0,0.0,3.0,1.0,0.0,0.0,0.0,0.0,0.0,1.0,0.0,0.0,0.0,2.0,10.0,0.0,1.0,0.0,0.0
jazzband/pip-tools,e1bab6776f9a0d82ba3a9c301e7f8aeb5ac6fd1b,2025-11-09T01:05:20+00:00,0,1,5.0,16.0,15.0,3.4657359027997265,7.0,1.0,2.0,3.0,0.0,0.0,0.0,0.0,0.0,0.0,0.0,0.0,1.0,0.0,0.0,0.0,0.0,3.4,7.0,0.0,0.0,0.0,0.0
jazzband/pip-tools,0a938508940341fb3bff8670502d08ad3d3f5a7b,2025-11-10T17:39:28+00:00,0,1,1.0,2.0,2.0,1.6094379124341003,0.0,0.0,0.0,0.0,0.0,0.0,1.0,0.0,0.0,0.0,0.0,0.0,1.0,0.0,0.0,0.0,0.0,11.0,4.0,0.0,0.0,0.0,0.0
jazzband/pip-tools,e94b3f5aa1927722d2b890c4d074c513f705b42d,2025-11-10T18:55:24+00:00,0,1,1.0,2.0,2.0,1.6094379124341003,0.0,0.0,0.0,0.0,0.0,0.0,1.0,0.0,0.0,0.0,0.0,0.0,0.0,1.0,0.0,0.0,0.0,12.0,11.0,0.0,0.0,0.0,0.0
jazzband/pip-tools,a1918ebd4a24d97d3b3e2a9de4662fbff22cc836,2025-11-11T12:12:21+00:00,0,1,1.0,5.0,0.0,1.791759469228055,0.0,0.0,0.0,0.0,0.0,0.0,1.0,1.0,0.0,0.0,0.0,0.0,1.0,0.0,0.0,0.0,0.0,8.0,2.0,0.0,0.0,0.0,0.0
jazzband/pip-tools,b7e8f9b072c9e1673ac7595c2e3f08c8ea555059,2025-11-11T16:34:31+00:00,0,1,2.0,2.0,0.0,1.0986122886681098,0.0,0.0,0.0,0.0,2.0,0.0,0.0,0.0,0.0,0.0,0.0,1.0,1.0,0.0,0.0,0.0,0.0,0.0,3.0,0.0,0.0,0.0,0.0
jazzband/pip-tools,43e115907480b10fdcd2096758d86507a231c9ba,2025-11-11T17:45:37+00:00,0,1,1.0,5.0,3.0,2.1972245773362196,2.0,0.0,0.0,1.0,0.0,0.0,0.0,0.0,0.0,0.0,0.0,0.0,1.0,0.0,0.0,0.0,0.0,4.0,4.0,0.0,1.0,0.0,0.0
jazzband/pip-tools,d33539cbf81cb0c754360674191dd4e20a8e0812,2025-11-11T21:38:27+00:00,0,1,11.0,162.0,15.0,5.181783550292085,14.0,2.0,5.0,2.0,2.0,0.0,2.0,1.0,0.0,0.0,0.0,0.0,0.0,1.0,1.0,0.0,0.0,3.5454545454545454,12.0,0.0,1.0,0.0,0.0
jazzband/pip-tools,2cbb9333ef7d0dd0d1ee00ff72cc355073587590,2025-11-12T03:41:16+00:00,0,1,12.0,77.0,37.0,4.74493212836325,0.0,0.0,0.0,0.0,12.0,0.0,0.0,0.0,0.0,0.0,0.0,1.0,1.0,0.0,0.0,0.0,0.0,2.4166666666666665,36.0,0.0,1.0,0.0,0.0
jazzband/pip-tools,eb9606f414a3d5feac521face32822ab69775d44,2025-11-12T04:18:25+00:00,0,2,12.0,77.0,37.0,4.74493212836325,0.0,0.0,0.0,0.0,12.0,0.0,0.0,0.0,0.0,0.0,0.0,1.0,0.0,1.0,0.0,0.0,0.0,3.4166666666666665,37.0,0.0,1.0,0.0,0.0
jazzband/pip-tools,7e309583a0b1d2e00efa2b2bd9c09d7668921684,2025-11-12T10:11:48+00:00,0,1,1.0,4.0,4.0,2.1972245773362196,0.0,0.0,0.0,0.0,0.0,0.0,1.0,1.0,0.0,0.0,0.0,0.0,1.0,0.0,0.0,0.0,0.0,0.0,0.0,0.0,1.0,0.0,0.0
jazzband/pip-tools,aaf24ee8976a00ecc28b7ecb6ad5316e13d2751a,2025-11-14T23:04:34+00:00,0,1,1.0,3.0,0.0,1.3862943611198906,0.0,0.0,0.0,0.0,1.0,0.0,0.0,0.0,0.0,0.0,0.0,1.0,1.0,0.0,0.0,0.0,0.0,0.0,8.0,0.0,0.0,0.0,0.0
jazzband/pip-tools,7f4ac7458432e0a86942133336a4f6540537e0d2,2025-11-15T17:02:18+00:00,0,1,1.0,3.0,0.0,1.3862943611198906,0.0,0.0,0.0,0.0,1.0,0.0,0.0,0.0,0.0,0.0,0.0,1.0,1.0,0.0,0.0,0.0,0.0,1.0,9.0,0.0,0.0,0.0,0.0
jazzband/pip-tools,d367d9fba66d3a84772ef888426aa16344fe4731,2025-11-15T17:22:28+00:00,0,1,4.0,25.0,0.0,3.258096538021482,0.0,0.0,0.0,0.0,1.0,0.0,3.0,1.0,0.0,0.0,0.0,0.0,0.0,1.0,0.0,0.0,0.0,7.0,13.0,0.0,1.0,0.0,0.0
jazzband/pip-tools,2617afa74ee557db8a1f75ef6df80e92cd3f22df,2025-11-15T23:29:57+00:00,0,1,10.0,292.0,196.0,6.192362489474872,0.0,0.0,0.0,0.0,9.0,0.0,4.0,1.0,0.0,0.0,0.0,0.0,1.0,0.0,0.0,0.0,0.0,2.7,10.0,0.0,1.0,0.0,0.0
jazzband/pip-tools,8a84567323248d473f04ad054259865974d58fa3,2025-11-17T17:30:54+00:00,0,1,1.0,2.0,2.0,1.6094379124341003,0.0,0.0,0.0,0.0,0.0,0.0,1.0,0.0,0.0,0.0,0.0,0.0,1.0,0.0,0.0,0.0,0.0,15.0,5.0,0.0,1.0,0.0,0.0
jazzband/pip-tools,cf9f191844c34113fb7e3c09a544aae0a59f81ef,2025-11-17T19:05:02+00:00,0,1,1.0,2.0,0.0,1.0986122886681098,0.0,0.0,0.0,0.0,1.0,0.0,0.0,0.0,0.0,0.0,0.0,1.0,1.0,0.0,0.0,0.0,0.0,0.0,5.0,0.0,0.0,0.0,0.0
jazzband/pip-tools,418321b1e447f8f4a19a32243eb83b399f533b96,2025-11-18T07:08:27+00:00,0,1,1.0,1.0,1.0,1.0986122886681098,0.0,0.0,0.0,0.0,1.0,0.0,0.0,0.0,0.0,0.0,0.0,1.0,1.0,0.0,0.0,0.0,0.0,1.0,6.0,0.0,1.0,0.0,0.0
jazzband/pip-tools,ed995a68b39820282da09897fa5121b04ae727a6,2025-11-18T19:49:08+00:00,0,1,1.0,12.0,16.0,3.367295829986474,0.0,0.0,0.0,0.0,1.0,0.0,0.0,0.0,0.0,0.0,0.0,1.0,1.0,0.0,0.0,0.0,0.0,1.0,38.0,0.0,1.0,0.0,0.0
jazzband/pip-tools,524edd3db4cb5fdb5c8cf66901140285f403f9ca,2025-11-18T22:17:24+00:00,0,1,1.0,16.0,8.0,3.2188758248682006,0.0,0.0,0.0,0.0,1.0,0.0,0.0,0.0,0.0,0.0,0.0,1.0,1.0,0.0,0.0,0.0,0.0,2.0,39.0,0.0,1.0,0.0,0.0
jazzband/pip-tools,a2d936373f67eed3d39f69441f3ebb12c33f4803,2025-11-18T22:28:23+00:00,0,1,1.0,2.0,2.0,1.6094379124341003,0.0,0.0,0.0,0.0,0.0,0.0,1.0,0.0,0.0,0.0,0.0,0.0,0.0,1.0,0.0,0.0,0.0,16.0,14.0,0.0,1.0,0.0,0.0
jazzband/pip-tools,9b93058957c81ebdce06032539bc37d5e6a614b1,2025-11-18T23:01:39+00:00,0,1,1.0,5.0,4.0,2.302585092994046,0.0,0.0,0.0,0.0,1.0,0.0,0.0,0.0,0.0,0.0,0.0,1.0,1.0,0.0,0.0,0.0,0.0,3.0,40.0,0.0,1.0,0.0,0.0
jazzband/pip-tools,20710defd08b9637417ba9c29fb571f13b331d8f,2025-11-20T10:28:52+00:00,0,1,1.0,1.0,3.0,1.6094379124341003,1.0,1.0,1.0,0.0,0.0,0.0,0.0,0.0,0.0,0.0,1.0,0.0,1.0,0.0,1.0,0.0,0.0,3.0,6.0,0.0,0.0,0.0,0.0
jazzband/pip-tools,36d95ff9a426bb493c23f1e41bd68325fa4d6912,2025-11-20T11:07:03+00:00,0,1,1.0,1.0,3.0,1.6094379124341003,1.0,1.0,1.0,0.0,0.0,0.0,0.0,0.0,0.0,0.0,1.0,0.0,1.0,0.0,1.0,0.0,0.0,4.0,7.0,0.0,0.0,0.0,0.0
jazzband/pip-tools,62ab395b0f2e9dbd30fc7be4c21ea08e1b8b3a62,2025-11-20T17:00:46+00:00,0,1,1.0,19.0,9.0,3.367295829986474,0.0,0.0,0.0,0.0,1.0,0.0,0.0,0.0,0.0,0.0,0.0,1.0,1.0,0.0,0.0,0.0,0.0,4.0,41.0,0.0,1.0,0.0,0.0
jazzband/pip-tools,8eec2a1adc457e64e0f9d8db614347d678351f35,2025-11-24T14:22:35+00:00,0,1,2.0,6.0,0.0,1.9459101490553132,0.0,0.0,0.0,0.0,1.0,0.0,1.0,0.0,0.0,0.0,0.0,0.0,1.0,0.0,0.0,0.0,0.0,8.5,42.0,0.0,0.0,0.0,0.0
jazzband/pip-tools,c2581142a365f6f4c0893727e3054df8603d20d9,2025-11-24T17:14:46+00:00,0,1,2.0,6.0,0.0,1.9459101490553132,0.0,0.0,0.0,0.0,1.0,0.0,1.0,0.0,0.0,0.0,0.0,0.0,1.0,0.0,0.0,0.0,0.0,9.5,43.0,0.0,0.0,0.0,0.0
jazzband/pip-tools,f5b8848df938eb37b1bb1d689a9a2a4f0e828ed8,2025-11-24T17:29:28+00:00,0,1,3.0,2.0,2.0,1.6094379124341003,0.0,0.0,0.0,0.0,1.0,0.0,2.0,0.0,0.0,0.0,0.0,0.0,1.0,0.0,0.0,0.0,0.0,7.0,44.0,0.0,0.0,0.0,0.0
jazzband/pip-tools,0a01be6de32f7e8864b36079cb2292ebe6ec6a31,2025-11-24T17:36:11+00:00,0,1,1.0,3.0,3.0,1.9459101490553132,0.0,0.0,0.0,0.0,0.0,0.0,1.0,0.0,0.0,0.0,0.0,0.0,1.0,0.0,0.0,0.0,0.0,19.0,7.0,0.0,0.0,0.0,0.0
jazzband/pip-tools,130ba96f438d132cac167170b6b653ede072d9e1,2025-11-24T23:42:47+00:00,0,1,1.0,1.0,1.0,1.0986122886681098,0.0,0.0,0.0,0.0,0.0,0.0,1.0,1.0,0.0,0.0,0.0,0.0,1.0,0.0,0.0,0.0,0.0,1.0,1.0,0.0,1.0,0.0,0.0
jazzband/pip-tools,8c7702ed85ad554153fb3a683cd37645eaed5281,2025-11-24T23:48:13+00:00,0,1,3.0,2.0,2.0,1.6094379124341003,0.0,0.0,0.0,0.0,1.0,0.0,2.0,0.0,0.0,0.0,0.0,0.0,0.0,1.0,0.0,0.0,0.0,8.333333333333334,15.0,0.0,0.0,0.0,0.0
jazzband/pip-tools,2a021414da466c0865098afbe30db8c078fd544e,2025-11-25T00:19:04+00:00,0,1,4.0,11.0,5.0,2.833213344056216,0.0,0.0,0.0,0.0,1.0,0.0,3.0,1.0,0.0,0.0,0.0,0.0,0.0,1.0,1.0,0.0,0.0,9.75,16.0,0.0,1.0,0.0,0.0
jazzband/pip-tools,33778871bc04c81b4b53544608c6565ed61c9637,2025-11-25T01:05:14+00:00,0,1,17.0,34.0,43.0,4.356708826689592,4.0,3.0,12.0,0.0,1.0,1.0,3.0,1.0,0.0,0.0,1.0,0.0,1.0,0.0,0.0,0.0,0.0,3.8823529411764706,45.0,0.0,1.0,0.0,0.0
jazzband/pip-tools,72858e8055822e0e1a9b072cdbc3699f2069aed0,2025-11-25T01:10:06+00:00,0,1,2.0,4.0,4.0,2.1972245773362196,0.0,0.0,0.0,0.0,0.0,0.0,2.0,1.0,0.0,0.0,0.0,0.0,0.0,1.0,0.0,0.0,0.0,12.5,45.0,0.0,1.0,0.0,0.0
jazzband/pip-tools,b971038e32699253b267e5df1e1908a669fbd223,2025-11-25T01:32:59+00:00,0,1,17.0,34.0,43.0,4.356708826689592,4.0,3.0,12.0,0.0,1.0,1.0,3.0,1.0,0.0,0.0,1.0,0.0,1.0,0.0,0.0,0.0,0.0,4.9411764705882355,47.0,0.0,1.0,0.0,0.0
jazzband/pip-tools,aed0e18b9c558d91b14f9f7c6b99d5f5b8514010,2025-11-25T16:11:33+00:00,0,1,4.0,16.0,10.0,3.295836866004329,3.0,2.0,2.0,1.0,0.0,0.0,1.0,0.0,0.0,0.0,0.0,0.0,1.0,0.0,0.0,0.0,0.0,8.75,48.0,0.0,1.0,0.0,0.0
jazzband/pip-tools,195a39783442a9aac6de6928e7904ed8bd8f0a29,2025-11-25T16:30:41+00:00,0,1,18.0,50.0,53.0,4.6443908991413725,7.0,3.0,12.0,1.0,1.0,1.0,3.0,1.0,0.0,0.0,0.0,0.0,0.0,1.0,0.0,0.0,0.0,5.833333333333333,49.0,0.0,1.0,0.0,0.0
jazzband/pip-tools,cfd90f3fab6c9e8621303efb9a391f9329587b72,2025-11-25T22:35:10+00:00,0,1,11.0,149.0,102.0,5.529429087511423,14.0,5.0,9.0,2.0,0.0,0.0,0.0,0.0,0.0,0.0,0.0,0.0,1.0,0.0,0.0,0.0,0.0,4.0,49.0,0.0,0.0,0.0,0.0
jazzband/pip-tools,ad5f0b358da8828864671caed75967683e595015,2025-11-26T16:55:43+00:00,0,1,11.0,300.0,199.0,6.214608098422191,0.0,0.0,0.0,0.0,9.0,0.0,5.0,1.0,0.0,0.0,0.0,0.0,1.0,0.0,0.0,0.0,0.0,4.909090909090909,11.0,0.0,1.0,0.0,0.0
jazzband/pip-tools,23a17690636cdcbbc229c4b96c0e818e30410459,2025-11-28T18:38:13+00:00,0,1,1.0,2.0,2.0,1.6094379124341003,0.0,0.0,0.0,0.0,0.0,0.0,1.0,0.0,0.0,0.0,0.0,0.0,1.0,0.0,0.0,0.0,0.0,29.0,51.0,0.0,0.0,0.0,0.0
jazzband/pip-tools,63b0422bea4f78e3251e868520d6f252dbeddff1,2025-11-28T18:38:28+00:00,0,1,1.0,1.0,1.0,1.0986122886681098,0.0,0.0,0.0,0.0,1.0,0.0,0.0,0.0,0.0,0.0,0.0,1.0,1.0,0.0,1.0,0.0,0.0,3.0,12.0,0.0,1.0,0.0,0.0
jazzband/pip-tools,c5b5426efe8970130954e54e12fe9d3f87a457cd,2025-11-28T19:04:47+00:00,0,1,18.0,78.0,68.0,4.990432586778736,32.0,5.0,13.0,3.0,1.0,0.0,1.0,0.0,0.0,0.0,0.0,0.0,0.0,1.0,0.0,0.0,0.0,5.888888888888889,17.0,0.0,1.0,0.0,0.0
jazzband/pip-tools,2317649dd5555221d5c92021412f4ddc856879a1,2025-11-28T21:52:01+00:00,0,1,2.0,4.0,0.0,1.6094379124341003,0.0,0.0,0.0,0.0,1.0,0.0,1.0,1.0,0.0,0.0,0.0,0.0,0.0,1.0,0.0,0.0,0.0,0.0,18.0,0.0,1.0,0.0,0.0
jazzband/pip-tools,b5d03c9e20f85d67b1feaeffcc38f46d8cf5d0c6,2025-11-28T21:57:43+00:00,0,1,1.0,1.0,1.0,1.0986122886681098,0.0,0.0,0.0,0.0,1.0,0.0,0.0,0.0,0.0,0.0,0.0,1.0,0.0,1.0,1.0,0.0,0.0,4.0,18.0,0.0,0.0,0.0,0.0
jazzband/pip-tools,0d7c0845e5e135f06ac896e45e98a4a6d8105726,2025-11-28T22:06:41+00:00,0,1,1.0,6.0,0.0,1.9459101490553132,0.0,0.0,0.0,0.0,1.0,0.0,0.0,0.0,0.0,0.0,0.0,1.0,1.0,0.0,0.0,0.0,0.0,0.0,13.0,0.0,0.0,0.0,0.0
jazzband/pip-tools,449123a7ede5a20499fea91f91caacd4e43778c4,2025-11-29T06:54:15+00:00,0,1,1.0,110.0,0.0,4.709530201312334,4.0,0.0,0.0,1.0,0.0,0.0,0.0,0.0,0.0,0.0,0.0,0.0,1.0,0.0,0.0,0.0,0.0,0.0,52.0,0.0,1.0,0.0,0.0
jazzband/pip-tools,ef21a602c81731022b25aa5036ce421eee98b089,2025-11-29T16:26:01+00:00,0,1,1.0,1.0,1.0,1.0986122886681098,1.0,0.0,0.0,1.0,0.0,0.0,0.0,0.0,0.0,0.0,0.0,0.0,1.0,0.0,0.0,0.0,0.0,1.0,53.0,0.0,1.0,0.0,0.0
jazzband/pip-tools,21c9b84199f777f589d9c5b190a1ee1a3d2d565f,2025-11-29T19:03:34+00:00,0,1,1.0,110.0,0.0,4.709530201312334,4.0,0.0,0.0,1.0,0.0,0.0,0.0,0.0,0.0,0.0,0.0,0.0,0.0,1.0,0.0,0.0,0.0,2.0,20.0,0.0,1.0,0.0,0.0
jazzband/pip-tools,c0a3aa97d90acc1b8e9cdc0bc87e23748645b78e,2025-12-01T04:10:09+00:00,0,1,1.0,2.0,0.0,1.0986122886681098,0.0,0.0,0.0,0.0,1.0,0.0,0.0,0.0,0.0,0.0,0.0,1.0,1.0,0.0,0.0,0.0,0.0,0.0,14.0,0.0,0.0,0.0,0.0
jazzband/pip-tools,a9d5e561d86aecf21200304a5b3fa2df6652653e,2025-12-01T04:30:44+00:00,0,1,1.0,10.0,0.0,2.3978952727983707,0.0,0.0,0.0,0.0,1.0,0.0,0.0,0.0,0.0,0.0,0.0,1.0,1.0,0.0,0.0,0.0,0.0,0.0,15.0,0.0,0.0,0.0,0.0
jazzband/pip-tools,ac79f52dad0aef7e55a90b321348615bda46e7bd,2025-12-01T17:41:03+00:00,0,1,1.0,1.0,1.0,1.0986122886681098,0.0,0.0,0.0,0.0,0.0,0.0,1.0,0.0,0.0,0.0,0.0,0.0,1.0,0.0,0.0,0.0,0.0,31.0,8.0,0.0,1.0,0.0,0.0
jazzband/pip-tools,87255f5c8a310b3c88a5ea5bf55f81afdc83652f,2025-12-02T01:41:10+00:00,0,1,1.0,1.0,1.0,1.0986122886681098,0.0,0.0,0.0,0.0,0.0,0.0,1.0,0.0,0.0,0.0,0.0,0.0,0.0,1.0,0.0,0.0,0.0,32.0,21.0,0.0,1.0,0.0,0.0
jazzband/pip-tools,5fe77b4781416ff6ba08f5ce3011b895b737496b,2025-12-04T07:46:29+00:00,0,1,3.0,5.0,5.0,2.3978952727983707,5.0,1.0,3.0,0.0,0.0,0.0,0.0,0.0,0.0,0.0,1.0,0.0,1.0,0.0,0.0,0.0,0.0,6.666666666666667,8.0,0.0,1.0,0.0,0.0
jazzband/pip-tools,b10ff7ba9bdc2a8a0142fa00542f14ca6d56a7e9,2025-12-06T19:35:07+00:00,0,1,1.0,0.0,0.0,0.0,0.0,1.0,1.0,0.0,0.0,0.0,0.0,0.0,0.0,0.0,1.0,0.0,1.0,0.0,0.0,0.0,0.0,0.0,54.0,0.0,0.0,0.0,0.0
jazzband/pip-tools,30236792892e29bd6d29620d8bd437c5385533e4,2025-12-08T17:36:26+00:00,0,1,1.0,1.0,1.0,1.0986122886681098,0.0,0.0,0.0,0.0,0.0,0.0,1.0,0.0,0.0,0.0,0.0,0.0,1.0,0.0,0.0,0.0,0.0,33.0,9.0,0.0,1.0,0.0,0.0
jazzband/pip-tools,fa47496c63e56de71f86d728b882898d0da67e80,2025-12-10T15:34:51+00:00,0,1,1.0,1.0,1.0,1.0986122886681098,0.0,0.0,0.0,0.0,0.0,0.0,1.0,0.0,0.0,0.0,0.0,0.0,0.0,1.0,0.0,0.0,0.0,34.0,22.0,0.0,1.0,0.0,0.0
jazzband/pip-tools,d0743e5d0b14c89a9267dc5c7fb338c69d5a1870,2025-12-15T17:34:55+00:00,0,1,1.0,2.0,2.0,1.6094379124341003,0.0,0.0,0.0,0.0,0.0,0.0,1.0,0.0,0.0,0.0,0.0,0.0,1.0,0.0,0.0,0.0,0.0,35.0,10.0,0.0,1.0,0.0,0.0
jazzband/pip-tools,f3f8fd0f0a22a3697b624bb73725526b75eadead,2025-12-16T06:55:32+00:00,0,1,7.0,21.0,9.0,3.4339872044851463,3.0,3.0,7.0,0.0,0.0,0.0,0.0,0.0,0.0,0.0,1.0,0.0,1.0,0.0,1.0,0.0,0.0,6.714285714285714,9.0,0.0,0.0,0.0,0.0
jazzband/pip-tools,114c2f4de5678f66021cf5c62cd56b6c6b2b7a56,2025-12-24T15:52:34+00:00,0,1,1.0,0.0,0.0,0.0,0.0,1.0,1.0,0.0,0.0,0.0,0.0,0.0,0.0,0.0,1.0,0.0,1.0,0.0,0.0,0.0,0.0,1.0,55.0,0.0,0.0,0.0,0.0
jazzband/pip-tools,6b06dec046b4bb8708b254f0e8e5a79f645e84aa,2025-12-24T16:21:03+00:00,0,1,1.0,0.0,0.0,0.0,0.0,1.0,1.0,0.0,0.0,0.0,0.0,0.0,0.0,0.0,1.0,0.0,1.0,0.0,0.0,0.0,0.0,2.0,56.0,0.0,0.0,0.0,0.0
jazzband/pip-tools,e21fd303052c7493938bf391c6eb6721c16d7526,2025-12-24T16:25:25+00:00,0,1,1.0,2.0,2.0,1.6094379124341003,0.0,0.0,0.0,0.0,0.0,0.0,1.0,0.0,0.0,0.0,0.0,0.0,0.0,1.0,0.0,0.0,0.0,36.0,56.0,0.0,1.0,0.0,0.0
jazzband/pip-tools,9cf02429d7734914af47f4509bd6de9159e6b20c,2025-12-26T06:10:19+00:00,0,1,1.0,1.0,1.0,1.0986122886681098,0.0,0.0,0.0,0.0,0.0,0.0,1.0,1.0,0.0,0.0,0.0,0.0,1.0,0.0,0.0,0.0,0.0,3.0,0.0,0.0,1.0,0.0,0.0
jazzband/pip-tools,7cec40727aa025fa0db5db53f06fe140ea83a209,2025-12-31T20:38:55+00:00,0,1,7.0,26.0,14.0,3.713572066704308,8.0,3.0,7.0,0.0,0.0,0.0,0.0,0.0,0.0,0.0,1.0,0.0,0.0,1.0,0.0,0.0,0.0,7.714285714285714,58.0,0.0,1.0,0.0,0.0
jazzband/pip-tools,567f4ba85af82ba173369bd2ba863a1624fcf51d,2026-01-02T17:09:28+00:00,0,1,1.0,1.0,2.0,1.3862943611198906,0.0,0.0,0.0,0.0,0.0,1.0,0.0,0.0,0.0,0.0,0.0,0.0,1.0,0.0,0.0,0.0,0.0,2.0,0.0,0.0,1.0,0.0,0.0
jazzband/pip-tools,88693d480a06fb411215cc161172abdc68bff9c5,2026-01-02T17:29:54+00:00,0,1,1.0,1.0,0.0,0.6931471805599453,1.0,0.0,0.0,1.0,0.0,0.0,0.0,0.0,0.0,0.0,0.0,0.0,1.0,0.0,0.0,0.0,0.0,7.0,59.0,0.0,1.0,0.0,0.0
jazzband/pip-tools,538b4ff005d6973ba4fe9086a2e30967e88abd60,2026-01-02T17:49:42+00:00,0,1,1.0,2.0,2.0,1.6094379124341003,0.0,0.0,0.0,0.0,0.0,0.0,1.0,1.0,0.0,0.0,0.0,0.0,1.0,0.0,0.0,0.0,0.0,4.0,1.0,0.0,0.0,0.0,0.0
jazzband/pip-tools,ed71e2941126604c1c5fecbc009068507eb3d0b2,2026-01-02T18:30:33+00:00,0,1,1.0,2.0,2.0,1.6094379124341003,0.0,0.0,0.0,0.0,0.0,0.0,1.0,1.0,0.0,0.0,0.0,0.0,1.0,0.0,0.0,0.0,0.0,4.0,1.0,0.0,0.0,0.0,0.0
jazzband/pip-tools,24072bf39056af440845f52bbb37b7312d25b7a4,2026-01-02T18:31:00+00:00,0,1,1.0,1.0,0.0,0.6931471805599453,1.0,0.0,0.0,1.0,0.0,0.0,0.0,0.0,0.0,0.0,0.0,0.0,1.0,0.0,0.0,0.0,0.0,8.0,60.0,0.0,0.0,0.0,0.0
jazzband/pip-tools,15201fb4a27fc27abc1a99ecd0c20f4f77272ab4,2026-01-02T20:03:56+00:00,0,1,2.0,4.0,3.0,2.0794415416798357,0.0,0.0,0.0,0.0,1.0,0.0,1.0,1.0,0.0,0.0,0.0,0.0,0.0,1.0,1.0,0.0,0.0,3.0,61.0,0.0,0.0,0.0,0.0
jazzband/pip-tools,365498b7fc3f745770b59c36af1e20fffdffeb45,2026-01-03T02:32:07+00:00,0,1,1.0,0.0,0.0,0.0,0.0,1.0,1.0,0.0,0.0,0.0,0.0,0.0,0.0,0.0,1.0,0.0,1.0,0.0,0.0,0.0,0.0,3.0,62.0,0.0,0.0,0.0,0.0
jazzband/pip-tools,db9b3d875c39698548e554f8b09aa1e65090106f,2026-01-03T02:44:18+00:00,0,1,6.0,35.0,33.0,4.23410650459726,6.0,3.0,4.0,2.0,0.0,0.0,0.0,0.0,0.0,0.0,0.0,0.0,1.0,0.0,0.0,0.0,0.0,2.3333333333333335,63.0,0.0,1.0,0.0,0.0
jazzband/pip-tools,77cb79013b850604fb045dea708f3e4c30a52b74,2026-01-03T02:59:51+00:00,0,1,6.0,35.0,33.0,4.23410650459726,6.0,3.0,4.0,2.0,0.0,0.0,0.0,0.0,0.0,0.0,0.0,0.0,1.0,0.0,0.0,0.0,0.0,3.3333333333333335,64.0,0.0,0.0,0.0,0.0
jazzband/pip-tools,06eba03d88d3a20b3995f5be066bf2b8a6e04293,2026-01-03T03:17:38+00:00,0,1,25.0,261.0,191.0,6.115892125483034,39.0,6.0,15.0,9.0,1.0,0.0,0.0,0.0,0.0,0.0,0.0,0.0,0.0,1.0,0.0,0.0,0.0,4.36,65.0,0.0,1.0,0.0,0.0
jazzband/pip-tools,5d4c3a3947633540344743c0a11491923a84eb0e,2026-01-04T05:21:28+00:00,0,1,1.0,1.0,0.0,0.6931471805599453,1.0,0.0,0.0,1.0,0.0,0.0,0.0,0.0,0.0,0.0,0.0,0.0,0.0,1.0,0.0,0.0,0.0,10.0,66.0,0.0,1.0,0.0,0.0
jazzband/pip-tools,d9728ce1597eaa59c4782defa537d0bde493e7f3,2026-01-05T17:32:14+00:00,0,1,1.0,1.0,1.0,1.0986122886681098,0.0,0.0,0.0,0.0,0.0,0.0,1.0,0.0,0.0,0.0,0.0,0.0,1.0,0.0,0.0,0.0,0.0,37.0,11.0,0.0,1.0,0.0,0.0
jazzband/pip-tools,02c98ff964b156bea8732b2719798eec82bf6bac,2026-01-07T02:20:31+00:00,0,1,1.0,1.0,1.0,1.0986122886681098,0.0,0.0,0.0,0.0,0.0,0.0,1.0,0.0,0.0,0.0,0.0,0.0,0.0,1.0,0.0,0.0,0.0,38.0,67.0,0.0,1.0,0.0,0.0
jazzband/pip-tools,5a7031c2fcd7f78bde637b69f6568f1e0b557bfa,2026-01-07T04:40:15+00:00,0,1,4.0,71.0,7.0,4.3694478524670215,3.0,1.0,1.0,1.0,2.0,0.0,0.0,0.0,0.0,0.0,0.0,0.0,1.0,0.0,0.0,0.0,0.0,5.0,68.0,0.0,1.0,0.0,0.0
jazzband/pip-tools,d9c4e1b2b0d35c144b030526e7e3aece8146dc6b,2026-01-15T17:57:47+00:00,0,1,1.0,10.0,21.0,3.4657359027997265,0.0,0.0,0.0,0.0,1.0,0.0,0.0,0.0,0.0,0.0,0.0,1.0,1.0,0.0,0.0,0.0,0.0,2.0,0.0,0.0,0.0,0.0,0.0
jazzband/pip-tools,3ea2791e540c56149d82c3f4f01796d8847c4b87,2026-01-19T17:40:04+00:00,0,1,4.0,94.0,238.0,5.808142489980444,37.0,0.0,0.0,4.0,0.0,0.0,0.0,0.0,0.0,0.0,0.0,0.0,1.0,0.0,1.0,0.0,0.0,7.0,12.0,0.0,0.0,0.0,0.0
jazzband/pip-tools,cd92160957cf4492b92104016c00b117cb799988,2026-01-20T03:44:51+00:00,0,1,5.0,96.0,240.0,5.820082930352362,37.0,0.0,0.0,4.0,0.0,0.0,1.0,0.0,0.0,0.0,0.0,0.0,0.0,1.0,0.0,0.0,0.0,14.2,69.0,0.0,0.0,0.0,0.0
jazzband/pip-tools,fcf754388ce41828d1161999ddf24dee26012917,2026-01-26T17:31:54+00:00,0,1,1.0,1.0,1.0,1.0986122886681098,0.0,0.0,0.0,0.0,0.0,0.0,1.0,0.0,0.0,0.0,0.0,0.0,1.0,0.0,0.0,0.0,0.0,40.0,13.0,0.0,1.0,0.0,0.0
jazzband/pip-tools,c20766901d69e2d06619272f49a195bd02900947,2026-01-30T17:32:37+00:00,0,1,1.0,1.0,1.0,1.0986122886681098,0.0,0.0,0.0,0.0,0.0,0.0,1.0,1.0,0.0,0.0,0.0,0.0,1.0,0.0,0.0,0.0,0.0,15.0,70.0,0.0,1.0,0.0,0.0
jazzband/pip-tools,7cff312bc2fb3a492ce054ddab30d42f6c2dcea0,2026-01-30T19:41:21+00:00,0,1,1.0,1.0,1.0,1.0986122886681098,0.0,0.0,0.0,0.0,0.0,0.0,1.0,1.0,0.0,0.0,0.0,0.0,0.0,1.0,0.0,0.0,0.0,16.0,23.0,0.0,1.0,0.0,0.0
jazzband/pip-tools,68f7c52f0b8202659a6bc203069781a0b0d1bce4,2026-01-30T20:54:23+00:00,0,1,1.0,1.0,1.0,1.0986122886681098,0.0,0.0,0.0,0.0,0.0,0.0,1.0,0.0,0.0,0.0,0.0,0.0,0.0,1.0,0.0,0.0,0.0,41.0,71.0,0.0,1.0,0.0,0.0
jazzband/pip-tools,7130a1867a1fe01f5181d25a9161c1667340e0f4,2026-01-31T00:21:38+00:00,0,1,2.0,20.0,0.0,3.044522437723423,0.0,0.0,0.0,0.0,2.0,0.0,0.0,0.0,0.0,0.0,0.0,1.0,1.0,0.0,0.0,0.0,0.0,3.0,72.0,0.0,1.0,0.0,0.0
jazzband/pip-tools,d026fd2cbe2d668446eda717f62e00edc3386ba4,2026-01-31T00:25:33+00:00,0,1,1.0,2.0,2.0,1.6094379124341003,0.0,0.0,0.0,0.0,0.0,1.0,0.0,0.0,0.0,0.0,0.0,0.0,1.0,0.0,0.0,0.0,0.0,3.0,1.0,0.0,1.0,0.0,0.0
jazzband/pip-tools,9386c6bc66ead3dc7ba0d0ed6fb7706fa55888f3,2026-01-31T03:49:41+00:00,0,1,1.0,2.0,2.0,1.6094379124341003,0.0,0.0,0.0,0.0,0.0,1.0,0.0,0.0,0.0,0.0,0.0,0.0,0.0,1.0,0.0,0.0,0.0,4.0,73.0,0.0,1.0,0.0,0.0
jazzband/pip-tools,c5dec0550d172b3d9101898a8ebaa18bca164ab9,2026-02-02T05:03:07+00:00,0,1,5.0,66.0,7.0,4.30406509320417,3.0,1.0,1.0,1.0,3.0,0.0,0.0,0.0,0.0,0.0,0.0,0.0,1.0,0.0,0.0,0.0,0.0,5.2,74.0,0.0,1.0,0.0,0.0
jazzband/pip-tools,43b5ff2f10717bcf889d039d2972822bf70f7db1,2026-02-02T22:38:21+00:00,0,1,1.0,6.0,0.0,1.9459101490553132,0.0,0.0,0.0,0.0,1.0,0.0,0.0,0.0,0.0,0.0,0.0,1.0,1.0,0.0,0.0,0.0,0.0,1.0,16.0,0.0,0.0,0.0,0.0
jazzband/pip-tools,12667593cde5aee8450d0cd391babc67cf549ec6,2026-02-03T09:15:16+00:00,0,1,6.0,476.0,63.0,6.29156913955832,0.0,0.0,0.0,0.0,1.0,0.0,5.0,1.0,0.0,0.0,0.0,0.0,0.0,1.0,0.0,0.0,0.0,6.166666666666667,24.0,0.0,0.0,0.0,0.0
jazzband/pip-tools,3c864ddaaf796f88964d9adb2cd986761c1a1ef4,2026-02-03T11:25:34+00:00,0,1,1.0,2.0,0.0,1.0986122886681098,0.0,0.0,0.0,0.0,1.0,0.0,0.0,0.0,0.0,0.0,0.0,1.0,1.0,0.0,0.0,0.0,0.0,1.0,17.0,0.0,0.0,0.0,0.0
jazzband/pip-tools,8b2d6edaead694c631384bb8d05f784aa2238822,2026-02-03T11:44:56+00:00,0,1,18.0,406.0,213.0,6.429719478039138,0.0,0.0,0.0,0.0,16.0,0.0,5.0,1.0,0.0,0.0,0.0,0.0,0.0,1.0,0.0,0.0,0.0,4.833333333333333,25.0,0.0,1.0,0.0,0.0
jazzband/pip-tools,f8931c22a024338f88f36cc33d047d2bcb7ab076,2026-02-04T14:04:54+00:00,0,1,1.0,1.0,1.0,1.0986122886681098,0.0,0.0,0.0,0.0,1.0,0.0,0.0,0.0,0.0,0.0,0.0,1.0,1.0,0.0,1.0,0.0,0.0,3.0,0.0,0.0,1.0,0.0,0.0
jazzband/pip-tools,ae0919fdb2380b84f24edbe09a0ecc7e12df6cce,2026-02-04T14:16:33+00:00,0,1,1.0,43.0,40.0,4.430816798843313,0.0,0.0,0.0,0.0,0.0,1.0,0.0,0.0,0.0,0.0,0.0,0.0,1.0,0.0,0.0,0.0,0.0,5.0,18.0,0.0,1.0,0.0,0.0
jazzband/pip-tools,7969e510a77fc3e2a993f148ba1d2ad89290e225,2026-02-04T16:16:25+00:00,0,1,1.0,1.0,1.0,1.0986122886681098,0.0,0.0,0.0,0.0,1.0,0.0,0.0,0.0,0.0,0.0,0.0,1.0,0.0,1.0,0.0,0.0,0.0,4.0,75.0,0.0,1.0,0.0,0.0
jazzband/pip-tools,7ef9a298f7786cfdfb3f4674bfac427446780b91,2026-02-04T16:53:22+00:00,0,1,1.0,43.0,40.0,4.430816798843313,0.0,0.0,0.0,0.0,0.0,1.0,0.0,0.0,0.0,0.0,0.0,0.0,0.0,1.0,0.0,0.0,0.0,6.0,76.0,0.0,1.0,0.0,0.0
jazzband/pip-tools,6b6ff61bcc0078f10ff36ad9758ec77994b605c8,2026-02-05T05:05:02+00:00,0,1,2.0,2.0,0.0,1.0986122886681098,0.0,0.0,0.0,0.0,2.0,0.0,0.0,0.0,0.0,0.0,0.0,1.0,1.0,0.0,0.0,0.0,0.0,0.0,77.0,0.0,0.0,0.0,0.0
jazzband/pip-tools,cdb18edf1b09327bfa38902d79df9cd835d557bf,2026-02-05T07:47:31+00:00,0,1,15.0,146.0,10.0,5.056245805348308,15.0,4.0,6.0,6.0,2.0,0.0,2.0,0.0,0.0,0.0,0.0,0.0,0.0,1.0,0.0,0.0,0.0,3.6666666666666665,26.0,0.0,1.0,0.0,0.0
jazzband/pip-tools,7de7bc433f4e7c0836b4ed89af1b1f8d60b278dd,2026-02-05T15:01:14+00:00,0,1,1.0,1.0,1.0,1.0986122886681098,0.0,0.0,0.0,0.0,1.0,0.0,0.0,0.0,0.0,0.0,0.0,1.0,1.0,0.0,1.0,0.0,0.0,0.0,14.0,0.0,0.0,0.0,0.0
jazzband/pip-tools,cadf564a2131fe46209e848e475ffbc85f38d28f,2026-02-05T15:39:28+00:00,0,1,2.0,3.0,0.0,1.3862943611198906,0.0,0.0,0.0,0.0,2.0,0.0,0.0,0.0,0.0,0.0,0.0,1.0,1.0,0.0,0.0,0.0,0.0,0.0,19.0,0.0,0.0,0.0,0.0
jazzband/pip-tools,2756a0e455fc1d22410886c4b5b0deffa1b18b8a,2026-02-05T16:23:12+00:00,0,1,2.0,3.0,0.0,1.3862943611198906,0.0,0.0,0.0,0.0,2.0,0.0,0.0,0.0,0.0,0.0,0.0,1.0,1.0,0.0,0.0,0.0,0.0,1.0,20.0,0.0,0.0,0.0,0.0
jazzband/pip-tools,8f69978d7669ffa79402d27353865f16afa2a287,2026-02-05T16:36:58+00:00,0,1,4.0,5.0,0.0,1.791759469228055,0.0,0.0,0.0,0.0,4.0,0.0,0.0,0.0,0.0,0.0,0.0,1.0,1.0,0.0,0.0,0.0,0.0,1.0,21.0,0.0,0.0,0.0,0.0
jazzband/pip-tools,5e3de21e35fae225fec157564f728274e436c76c,2026-02-05T17:06:55+00:00,0,1,10.0,74.0,4.0,4.3694478524670215,0.0,1.0,1.0,0.0,6.0,0.0,3.0,0.0,0.0,0.0,1.0,0.0,0.0,1.0,0.0,0.0,0.0,5.9,27.0,0.0,1.0,0.0,0.0
jazzband/pip-tools,249511e2ceac1c5c4db30a5396ae32b581335f04,2026-02-05T22:24:05+00:00,0,1,1.0,2.0,2.0,1.6094379124341003,1.0,0.0,0.0,1.0,0.0,0.0,0.0,0.0,0.0,0.0,0.0,0.0,1.0,0.0,1.0,0.0,0.0,16.0,78.0,0.0,0.0,0.0,0.0
jazzband/pip-tools,9e93542b0a1085b8893d31b128fa1cfd9982f46f,2026-02-05T23:02:17+00:00,0,1,7.0,13.0,6.0,2.995732273553991,1.0,0.0,0.0,1.0,2.0,1.0,3.0,1.0,0.0,0.0,0.0,0.0,0.0,1.0,0.0,0.0,0.0,8.285714285714286,79.0,0.0,1.0,0.0,0.0
jazzband/pip-tools,6c275075a6030bf4399f7767408198103ce304b1,2026-02-06T23:17:04+00:00,0,1,3.0,44.0,16.0,4.110873864173311,5.0,2.0,2.0,1.0,0.0,0.0,0.0,0.0,0.0,0.0,0.0,0.0,1.0,0.0,0.0,0.0,0.0,9.666666666666666,80.0,0.0,0.0,0.0,0.0
jazzband/pip-tools,fc532650ac44c9f068a267f5002d5f8eac7d3381,2026-02-09T18:13:55+00:00,0,1,1.0,1.0,1.0,1.0986122886681098,0.0,0.0,0.0,0.0,0.0,0.0,1.0,0.0,0.0,0.0,0.0,0.0,1.0,0.0,0.0,0.0,0.0,44.0,15.0,0.0,1.0,0.0,0.0
jazzband/pip-tools,cc6a2b9e160ad8b5095eb72ed713f577843ca74d,2026-02-10T03:41:40+00:00,0,1,2.0,11.0,7.0,2.9444389791664403,1.0,1.0,1.0,0.0,1.0,0.0,0.0,0.0,0.0,0.0,1.0,0.0,1.0,0.0,0.0,0.0,0.0,0.5,81.0,0.0,1.0,0.0,0.0
jazzband/pip-tools,5b4d130e138553e09bec4476a93281e77533507b,2026-02-10T04:05:13+00:00,0,1,4.0,101.0,24.0,4.836281906951478,5.0,2.0,2.0,1.0,1.0,0.0,0.0,0.0,0.0,0.0,0.0,0.0,0.0,1.0,0.0,0.0,0.0,8.5,82.0,0.0,1.0,0.0,0.0
jazzband/pip-tools,08107abcc0d659ad788f74fe18118af5d377568d,2026-02-10T04:16:55+00:00,0,1,25.0,116.0,51.0,5.123963979403259,0.0,0.0,0.0,0.0,25.0,0.0,0.0,0.0,0.0,0.0,0.0,1.0,1.0,0.0,0.0,0.0,0.0,2.6,82.0,0.0,0.0,0.0,0.0
jazzband/pip-tools,e4bd31dfa39bdf6f9105dc6088de3efd4f99038e,2026-02-10T05:13:45+00:00,0,1,1.0,1.0,1.0,1.0986122886681098,0.0,0.0,0.0,0.0,0.0,0.0,1.0,0.0,0.0,0.0,0.0,0.0,0.0,1.0,0.0,0.0,0.0,45.0,84.0,0.0,1.0,0.0,0.0
jazzband/pip-tools,3a0f5edc02d2e385a0da014b23a581e0c3a33a4d,2026-02-10T16:55:11+00:00,0,1,25.0,116.0,51.0,5.123963979403259,0.0,0.0,0.0,0.0,25.0,0.0,0.0,0.0,0.0,0.0,0.0,1.0,0.0,1.0,0.0,0.0,0.0,3.64,85.0,0.0,1.0,0.0,0.0
jazzband/pip-tools,fd1441b72526ae6f132c2ef80d17765cc3cb3984,2026-02-10T18:17:53+00:00,0,1,1.0,38.0,2.0,3.713572066704308,0.0,0.0,0.0,0.0,0.0,0.0,1.0,1.0,0.0,0.0,0.0,0.0,1.0,0.0,1.0,0.0,0.0,8.0,86.0,0.0,1.0,0.0,0.0
jazzband/pip-tools,106f1d6b7e3486603dc96a317560d97dbb18484c,2026-02-10T22:59:38+00:00,0,1,1.0,26.0,16.0,3.7612001156935624,0.0,0.0,0.0,0.0,0.0,0.0,1.0,1.0,0.0,0.0,0.0,0.0,1.0,0.0,1.0,0.0,0.0,19.0,87.0,0.0,1.0,0.0,0.0
jazzband/pip-tools,5f31d8a79b5fd16305372cf700b01cc7f16c2ccf,2026-02-11T15:36:27+00:00,0,1,1.0,26.0,16.0,3.7612001156935624,0.0,0.0,0.0,0.0,0.0,0.0,1.0,1.0,0.0,0.0,0.0,0.0,0.0,1.0,1.0,0.0,0.0,20.0,88.0,0.0,1.0,0.0,0.0
jazzband/pip-tools,42e4bc2d523803d79524a21fd04d9396a6b99a8d,2026-02-12T00:51:21+00:00,0,1,1.0,43.0,17.0,4.110873864173311,7.0,1.0,1.0,0.0,0.0,0.0,0.0,0.0,0.0,0.0,1.0,0.0,1.0,0.0,0.0,0.0,0.0,7.0,89.0,0.0,1.0,0.0,0.0
jazzband/pip-tools,8a9bd97f3825a8c2d9da3b6de0f807760d687060,2026-02-12T05:51:05+00:00,0,1,1.0,19.0,3.0,3.1354942159291497,1.0,0.0,0.0,1.0,0.0,0.0,0.0,0.0,0.0,0.0,0.0,0.0,1.0,0.0,0.0,0.0,0.0,20.0,90.0,0.0,1.0,0.0,0.0
jazzband/pip-tools,e00a17cddf9c131c5934a12f569f05e879ad529c,2026-02-13T16:55:03+00:00,0,1,1.0,31.0,8.0,3.6888794541139363,3.0,0.0,0.0,1.0,0.0,0.0,0.0,0.0,0.0,0.0,0.0,0.0,1.0,0.0,0.0,0.0,0.0,21.0,91.0,0.0,1.0,0.0,0.0
jazzband/pip-tools,cdbcd370d0c13ab44d5eece752c75e1ef60cd99e,2026-02-13T17:02:02+00:00,0,1,1.0,7.0,7.0,2.70805020110221,5.0,0.0,0.0,1.0,0.0,0.0,0.0,0.0,0.0,0.0,0.0,0.0,1.0,0.0,0.0,0.0,0.0,21.0,91.0,0.0,1.0,0.0,0.0
jazzband/pip-tools,a996e3b17919c2be1050399954a82d10c28bd704,2026-02-13T20:39:49+00:00,0,1,1.0,42.0,3.0,3.828641396489095,3.0,0.0,0.0,1.0,0.0,0.0,0.0,0.0,0.0,0.0,0.0,0.0,0.0,1.0,0.0,0.0,0.0,23.0,93.0,0.0,1.0,0.0,0.0
jazzband/pip-tools,29e83cca4ebe1d3b69a0ba1f61d716f065271f11,2026-02-14T21:16:32+00:00,0,1,2.0,16.0,9.0,3.258096538021482,0.0,0.0,0.0,0.0,2.0,0.0,0.0,0.0,0.0,0.0,0.0,1.0,1.0,0.0,0.0,0.0,0.0,4.0,94.0,0.0,0.0,0.0,0.0
jazzband/pip-tools,1c359a3bff7fc9d1e9dfe16e09392d34d692d0c1,2026-02-16T17:29:44+00:00,0,1,1.0,2.0,2.0,1.6094379124341003,0.0,0.0,0.0,0.0,0.0,0.0,1.0,0.0,0.0,0.0,0.0,0.0,1.0,0.0,0.0,0.0,0.0,46.0,16.0,0.0,1.0,0.0,0.0
jazzband/pip-tools,da14bc6db9c7bb29f38e238de46adc66a4b584f9,2026-02-23T23:00:43+00:00,0,1,1.0,1.0,1.0,1.0986122886681098,0.0,0.0,0.0,0.0,1.0,0.0,0.0,0.0,0.0,0.0,0.0,1.0,1.0,0.0,0.0,0.0,0.0,9.0,95.0,0.0,0.0,0.0,0.0
jazzband/pip-tools,acb2f5ee3f2adbbf91bccaaf0e278505459b5d65,2026-02-24T19:28:00+00:00,0,1,1.0,1.0,1.0,1.0986122886681098,0.0,0.0,0.0,0.0,1.0,0.0,0.0,0.0,0.0,0.0,0.0,1.0,0.0,1.0,0.0,0.0,0.0,10.0,28.0,0.0,0.0,0.0,0.0
jazzband/pip-tools,bdfa5f812c7d26ae5ab6b011cbbb45278d25085a,2026-02-24T21:29:37+00:00,0,1,1.0,3.0,0.0,1.3862943611198906,0.0,0.0,0.0,0.0,1.0,0.0,0.0,0.0,0.0,0.0,0.0,1.0,1.0,0.0,0.0,0.0,0.0,0.0,22.0,0.0,0.0,0.0,0.0
jazzband/pip-tools,7d9d527f525083856067eef8a142f978a6755275,2026-02-24T21:30:39+00:00,0,1,1.0,1.0,1.0,1.0986122886681098,0.0,0.0,0.0,0.0,0.0,0.0,1.0,0.0,0.0,0.0,0.0,0.0,1.0,0.0,0.0,0.0,0.0,47.0,17.0,0.0,1.0,0.0,0.0
jazzband/pip-tools,ab6190225fc444c7a9b79e7a6fa4de209206ebe0,2026-02-24T22:01:55+00:00,0,1,2.0,12.0,0.0,2.5649493574615367,0.0,0.0,0.0,0.0,1.0,0.0,1.0,1.0,0.0,0.0,0.0,0.0,0.0,1.0,0.0,0.0,0.0,11.0,29.0,0.0,1.0,0.0,0.0
jazzband/pip-tools,8e0e0e29e7ce436266e4c0acc06e482d81e5af27,2026-02-24T22:19:12+00:00,0,1,1.0,1.0,1.0,1.0986122886681098,0.0,0.0,0.0,0.0,0.0,0.0,1.0,0.0,0.0,0.0,0.0,0.0,0.0,1.0,0.0,0.0,0.0,48.0,96.0,0.0,0.0,0.0,0.0
jazzband/pip-tools,e10b9350c3addaa9c11023345c13ebf47b3759bd,2026-02-25T13:30:35+00:00,0,1,1.0,2.0,2.0,1.6094379124341003,0.0,1.0,1.0,0.0,0.0,0.0,0.0,0.0,0.0,0.0,1.0,0.0,1.0,0.0,0.0,0.0,0.0,1.0,23.0,0.0,0.0,0.0,0.0
jazzband/pip-tools,f453d111e603690e0543e7a7b072a019f74ac257,2026-02-26T17:32:44+00:00,0,1,1.0,7.0,7.0,2.70805020110221,5.0,0.0,0.0,1.0,0.0,0.0,0.0,0.0,0.0,0.0,0.0,0.0,0.0,1.0,0.0,0.0,0.0,24.0,30.0,0.0,1.0,0.0,0.0
jazzband/pip-tools,387a971fd229cd8aec532c0367f272df4c6a5f26,2026-02-26T21:07:24+00:00,0,1,1.0,9.0,3.0,2.5649493574615367,2.0,1.0,1.0,0.0,0.0,0.0,0.0,0.0,0.0,0.0,1.0,0.0,1.0,0.0,0.0,0.0,0.0,8.0,97.0,0.0,1.0,0.0,0.0
jazzband/pip-tools,a8528dee1f714e7973ad688690e11ba562d93170,2026-02-26T23:39:42+00:00,0,1,1.0,49.0,17.0,4.204692619390966,7.0,1.0,1.0,0.0,0.0,0.0,0.0,0.0,0.0,0.0,1.0,0.0,0.0,1.0,0.0,0.0,0.0,9.0,98.0,0.0,1.0,0.0,0.0
jazzband/pip-tools,66abb38179dc76374c40349a8429db1edce53232,2026-02-27T18:29:02+00:00,0,1,2.0,28.0,18.0,3.8501476017100584,0.0,0.0,0.0,0.0,2.0,0.0,0.0,0.0,0.0,0.0,0.0,1.0,1.0,0.0,0.0,0.0,0.0,6.0,99.0,0.0,0.0,0.0,0.0
jazzband/pip-tools,20a8d9ca0b15d7b39c7316d3b4e8436897770ea0,2026-02-27T21:44:14+00:00,0,1,1.0,1.0,0.0,0.6931471805599453,0.0,0.0,0.0,0.0,1.0,0.0,0.0,0.0,0.0,0.0,0.0,1.0,1.0,0.0,0.0,0.0,0.0,0.0,100.0,0.0,1.0,0.0,0.0
jazzband/pip-tools,3747325ff140c562f68d0a496a8bf9c884e49a66,2026-02-27T21:52:39+00:00,0,1,1.0,2.0,0.0,1.0986122886681098,0.0,0.0,0.0,0.0,1.0,0.0,0.0,0.0,0.0,0.0,0.0,1.0,1.0,0.0,0.0,0.0,0.0,0.0,100.0,0.0,1.0,0.0,0.0
jazzband/pip-tools,c111ca1868e0aaea37dcbfe869f0f1b157cacd74,2026-02-27T22:14:33+00:00,0,1,6.0,50.0,16.0,4.204692619390966,0.0,2.0,2.0,0.0,3.0,1.0,0.0,0.0,0.0,0.0,1.0,0.0,0.0,1.0,0.0,0.0,0.0,3.3333333333333335,102.0,0.0,1.0,0.0,0.0
jazzband/pip-tools,ca37302759dafbd3092c2a192cb371de5a21fa1e,2026-02-27T22:28:18+00:00,0,1,1.0,2.0,3.0,1.791759469228055,0.0,0.0,0.0,0.0,1.0,0.0,0.0,0.0,0.0,0.0,0.0,1.0,1.0,0.0,0.0,0.0,0.0,12.0,103.0,0.0,0.0,0.0,0.0
jazzband/pip-tools,360ab0a0c9312ba832c462c5bba8c9b050f855b9,2026-02-27T23:29:27+00:00,0,1,1.0,5.0,4.0,2.302585092994046,0.0,0.0,0.0,0.0,1.0,0.0,0.0,0.0,0.0,0.0,0.0,1.0,1.0,0.0,0.0,0.0,0.0,2.0,104.0,0.0,1.0,0.0,0.0
jazzband/pip-tools,194edd6180ad669ba0952c97bb66112277d3c5d9,2026-02-28T17:20:41+00:00,0,1,1.0,3.0,2.0,1.791759469228055,0.0,0.0,0.0,0.0,1.0,0.0,0.0,0.0,0.0,0.0,0.0,1.0,1.0,0.0,0.0,0.0,0.0,13.0,105.0,0.0,1.0,0.0,0.0
jazzband/pip-tools,7cbd492ffca99436f57e038951a0c563f2511016,2026-02-28T18:39:07+00:00,0,1,4.0,58.0,0.0,4.07753744390572,0.0,0.0,0.0,0.0,4.0,0.0,0.0,0.0,0.0,0.0,0.0,1.0,0.0,1.0,0.0,0.0,0.0,4.5,106.0,0.0,1.0,0.0,0.0
jazzband/pip-tools,23fd50f2b18fb39613b5a2ee985d7f8103209f9f,2026-03-02T17:41:00+00:00,0,1,1.0,3.0,3.0,1.9459101490553132,0.0,0.0,0.0,0.0,0.0,0.0,1.0,0.0,0.0,0.0,0.0,0.0,1.0,0.0,0.0,0.0,0.0,49.0,18.0,0.0,1.0,0.0,0.0
jazzband/pip-tools,358db5fa6060599d7666b60926782a3467c73323,2026-03-05T01:21:42+00:00,0,1,1.0,3.0,3.0,1.9459101490553132,0.0,0.0,0.0,0.0,0.0,0.0,1.0,0.0,0.0,0.0,0.0,0.0,0.0,1.0,0.0,0.0,0.0,50.0,107.0,0.0,1.0,0.0,0.0
jazzband/pip-tools,a26f77161dba11140a17405f2469064f6a3a03a9,2026-03-05T01:44:28+00:00,0,1,14.0,105.0,22.0,4.852030263919617,15.0,6.0,9.0,3.0,1.0,0.0,1.0,0.0,0.0,0.0,0.0,0.0,1.0,0.0,0.0,0.0,0.0,6.642857142857143,108.0,0.0,0.0,0.0,0.0
jazzband/pip-tools,e75b3f7ef207cc1bc75e8c2dc6f8e3e725d65bda,2026-03-05T19:30:06+00:00,0,1,1.0,2.0,0.0,1.0986122886681098,0.0,1.0,1.0,0.0,0.0,0.0,0.0,0.0,0.0,0.0,1.0,0.0,1.0,0.0,0.0,0.0,0.0,1.0,109.0,0.0,1.0,0.0,0.0
jazzband/pip-tools,9050177d60be990936f4706b7aac5f3c4103c940,2026-03-06T01:41:03+00:00,0,1,10.0,55.0,38.0,4.543294782270004,14.0,5.0,7.0,3.0,0.0,0.0,0.0,0.0,0.0,0.0,0.0,0.0,1.0,0.0,0.0,0.0,0.0,7.9,110.0,0.0,1.0,0.0,0.0
jazzband/pip-tools,0d0be2be151c2afce49250785ab95346c94a5e73,2026-03-06T02:42:46+00:00,0,1,1.0,69.0,11.0,4.394449154672439,6.0,0.0,0.0,1.0,0.0,0.0,0.0,0.0,0.0,0.0,0.0,0.0,1.0,0.0,0.0,0.0,0.0,0.0,111.0,0.0,0.0,0.0,0.0
jazzband/pip-tools,b5743a18e3187e901f059171fe69a435738b8ab6,2026-03-06T04:19:14+00:00,0,1,1.0,5.0,1.0,1.9459101490553132,0.0,0.0,0.0,1.0,0.0,0.0,0.0,0.0,0.0,0.0,0.0,0.0,1.0,0.0,0.0,0.0,0.0,0.0,112.0,0.0,0.0,0.0,0.0
jazzband/pip-tools,9d3344530589f789a2e9cf82c60d2eb1262cc24b,2026-03-06T04:39:40+00:00,0,1,1.0,3.0,0.0,1.3862943611198906,0.0,0.0,0.0,0.0,0.0,0.0,1.0,0.0,0.0,0.0,0.0,0.0,1.0,0.0,0.0,0.0,0.0,1.0,113.0,0.0,1.0,0.0,0.0
jazzband/pip-tools,ca1b28e13242fa4815dc34c62e0b42aa272a256a,2026-03-06T05:08:39+00:00,0,1,2.0,8.0,2.0,2.3978952727983707,0.0,0.0,0.0,0.0,1.0,0.0,1.0,1.0,0.0,0.0,0.0,0.0,1.0,0.0,0.0,0.0,0.0,11.0,114.0,0.0,0.0,0.0,0.0
jazzband/pip-tools,f5df119e4f5a7495d5f96ef82c2a6ec8d31c9e81,2026-03-06T05:51:33+00:00,0,1,3.0,17.0,17.0,3.5553480614894135,2.0,2.0,3.0,0.0,0.0,0.0,0.0,0.0,0.0,0.0,1.0,0.0,1.0,0.0,0.0,0.0,0.0,10.0,115.0,0.0,1.0,0.0,0.0
jazzband/pip-tools,c8af2cefce9215c25e43857b2899ca9a4267e1a8,2026-03-09T16:02:43+00:00,0,1,4.0,16.0,16.0,3.4965075614664802,2.0,2.0,4.0,0.0,0.0,0.0,0.0,0.0,0.0,0.0,1.0,0.0,1.0,0.0,0.0,0.0,0.0,8.25,116.0,0.0,1.0,0.0,0.0
jazzband/pip-tools,fbcc4594922702471939b3d10788d4ebea95f3f8,2026-03-09T17:43:48+00:00,0,1,1.0,1.0,1.0,1.0986122886681098,0.0,0.0,0.0,0.0,0.0,0.0,1.0,0.0,0.0,0.0,0.0,0.0,1.0,0.0,0.0,0.0,0.0,51.0,19.0,0.0,1.0,0.0,0.0
jazzband/pip-tools,36313fc62f93c90a98674daa44781294829eaa1a,2026-03-09T18:46:05+00:00,0,1,1.0,1.0,1.0,1.0986122886681098,0.0,0.0,0.0,0.0,0.0,0.0,1.0,0.0,0.0,0.0,0.0,0.0,0.0,1.0,0.0,0.0,0.0,52.0,117.0,0.0,1.0,0.0,0.0
jazzband/pip-tools,ff0d7d44914f44f1c1385fdc5215cfb9974284fc,2026-03-10T01:07:57+00:00,0,1,3.0,17.0,17.0,3.5553480614894135,2.0,2.0,3.0,0.0,0.0,0.0,0.0,0.0,0.0,0.0,1.0,0.0,0.0,1.0,0.0,0.0,0.0,11.666666666666666,118.0,0.0,1.0,0.0,0.0
jazzband/pip-tools,932ccf20e887b6d2b00925f82f33c82204c2c097,2026-03-11T13:46:33+00:00,0,1,3.0,68.0,1.0,4.248495242049359,2.0,1.0,2.0,0.0,1.0,0.0,0.0,0.0,0.0,0.0,1.0,0.0,1.0,0.0,0.0,0.0,0.0,6.0,0.0,0.0,1.0,0.0,0.0
jazzband/pip-tools,720688b7cdf6cabcb91b04c5370065c67e5fe419,2026-03-11T15:58:13+00:00,0,1,3.0,10.0,2.0,2.5649493574615367,3.0,1.0,1.0,1.0,1.0,0.0,0.0,0.0,0.0,0.0,0.0,0.0,1.0,0.0,1.0,0.0,0.0,3.6666666666666665,0.0,0.0,1.0,0.0,0.0
jazzband/pip-tools,74ea4d0e36662be1dfd195f17e4c65aad40e265d,2026-03-12T02:41:39+00:00,0,1,3.0,31.0,55.0,4.465908118654584,0.0,1.0,2.0,0.0,1.0,0.0,0.0,0.0,0.0,0.0,1.0,0.0,1.0,0.0,1.0,0.0,0.0,7.0,1.0,0.0,1.0,0.0,0.0
jazzband/pip-tools,0fc7d064eb7ca88adbb11b242e7596a6765a7b63,2026-03-16T17:38:16+00:00,0,1,1.0,2.0,2.0,1.6094379124341003,0.0,0.0,0.0,0.0,0.0,0.0,1.0,0.0,0.0,0.0,0.0,0.0,1.0,0.0,0.0,0.0,0.0,53.0,20.0,0.0,1.0,0.0,0.0
jazzband/pip-tools,3f292ef8a707706b576fe88018829feaaf33ac5a,2026-03-20T05:30:01+00:00,0,1,1.0,2.0,2.0,1.6094379124341003,0.0,0.0,0.0,0.0,0.0,0.0,1.0,0.0,0.0,0.0,0.0,0.0,0.0,1.0,0.0,0.0,0.0,54.0,119.0,0.0,1.0,0.0,0.0
jazzband/pip-tools,524facfbe39a38de6bc684afc58bc45ff80a2478,2026-03-20T15:12:43+00:00,0,1,2.0,42.0,0.0,3.7612001156935624,4.0,0.0,0.0,2.0,0.0,0.0,0.0,0.0,0.0,0.0,0.0,0.0,1.0,0.0,0.0,0.0,0.0,14.0,120.0,0.0,0.0,0.0,0.0
jazzband/pip-tools,ea032fe82279877779f92bd57b851a85f3e1915b,2026-03-20T15:40:36+00:00,0,1,6.0,117.0,10.0,4.852030263919617,7.0,1.0,3.0,2.0,1.0,0.0,0.0,0.0,0.0,0.0,0.0,0.0,0.0,1.0,0.0,0.0,0.0,9.166666666666666,121.0,0.0,1.0,0.0,0.0
jazzband/pip-tools,3a8fd703354e298f5cd0236a413f547f8a30adb8,2026-03-21T03:32:18+00:00,0,1,2.0,7.0,0.0,2.0794415416798357,0.0,0.0,0.0,0.0,2.0,0.0,0.0,0.0,0.0,0.0,0.0,1.0,1.0,0.0,0.0,0.0,0.0,0.0,122.0,0.0,0.0,0.0,0.0
jazzband/pip-tools,0a44516df1eb97ac3245496351d940f3a538f5e7,2026-03-21T04:08:53+00:00,0,1,1.0,60.0,24.0,4.442651256490317,4.0,0.0,0.0,1.0,0.0,0.0,0.0,0.0,0.0,0.0,0.0,0.0,1.0,0.0,0.0,0.0,0.0,1.0,123.0,0.0,1.0,0.0,0.0
jazzband/pip-tools,99218164434d613d92539013efb602ec52f46336,2026-03-23T14:17:31+00:00,0,1,2.0,21.0,24.0,3.828641396489095,0.0,0.0,0.0,0.0,0.0,0.0,2.0,1.0,0.0,0.0,0.0,0.0,1.0,0.0,0.0,0.0,0.0,39.0,124.0,0.0,0.0,0.0,0.0
jazzband/pip-tools,7ea8d157f247615f0864f57d84bd8164b7c24338,2026-04-01T03:49:07+00:00,0,1,1.0,5.0,5.0,2.3978952727983707,3.0,0.0,0.0,1.0,0.0,0.0,0.0,0.0,0.0,0.0,0.0,0.0,1.0,0.0,1.0,0.0,0.0,29.0,125.0,0.0,1.0,0.0,0.0
jazzband/pip-tools,9de90fb0c5856cf742af4e8462a62531deb4fe9e,2026-04-01T18:03:07+00:00,0,1,1.0,10.0,24.0,3.5553480614894135,0.0,0.0,0.0,0.0,0.0,1.0,0.0,0.0,0.0,0.0,0.0,0.0,1.0,0.0,0.0,0.0,0.0,8.0,2.0,0.0,0.0,0.0,0.0
jazzband/pip-tools,ae87fc08e4065b9761a19b345e0d0ba66140d91c,2026-04-01T18:03:17+00:00,0,1,1.0,1.0,1.0,1.0986122886681098,0.0,0.0,0.0,0.0,0.0,0.0,1.0,0.0,0.0,0.0,0.0,0.0,1.0,0.0,0.0,0.0,0.0,56.0,21.0,0.0,1.0,0.0,0.0
jazzband/pip-tools,40281868a7070efbe711ffae990e44b68e190ab7,2026-04-01T18:04:15+00:00,0,1,2.0,5.0,2.0,2.0794415416798357,1.0,1.0,1.0,0.0,1.0,0.0,0.0,0.0,0.0,0.0,1.0,0.0,1.0,0.0,1.0,0.0,0.0,8.0,0.0,0.0,0.0,0.0,0.0
jazzband/pip-tools,5bc6feaf30412169742a5d7922373cc2999f7483,2026-04-01T18:51:28+00:00,0,1,1.0,23.0,9.0,3.4965075614664802,0.0,0.0,0.0,0.0,0.0,1.0,0.0,0.0,0.0,0.0,0.0,0.0,1.0,0.0,1.0,0.0,0.0,9.0,126.0,0.0,0.0,0.0,0.0
jazzband/pip-tools,a5da9744bbea26276c67d446b40cc676c87ed7a7,2026-04-01T18:56:26+00:00,0,1,1.0,1.0,1.0,1.0986122886681098,0.0,0.0,0.0,0.0,0.0,1.0,0.0,0.0,0.0,0.0,0.0,0.0,1.0,0.0,0.0,0.0,0.0,9.0,3.0,0.0,0.0,0.0,0.0
jazzband/pip-tools,1e231e1663252d3ebdead4ed748e37a7a7437a2e,2026-04-01T19:49:19+00:00,0,1,1.0,1.0,1.0,1.0986122886681098,0.0,0.0,0.0,0.0,0.0,0.0,1.0,0.0,0.0,0.0,0.0,0.0,0.0,1.0,0.0,0.0,0.0,57.0,126.0,0.0,0.0,0.0,0.0
jazzband/pip-tools,75970ebb7ec633e35303922621cc5d52f92f7c95,2026-04-02T17:02:26+00:00,0,1,1.0,1.0,1.0,1.0986122886681098,0.0,0.0,0.0,0.0,0.0,1.0,0.0,0.0,0.0,0.0,0.0,0.0,0.0,1.0,0.0,0.0,0.0,11.0,128.0,0.0,0.0,0.0,0.0
jazzband/pip-tools,a91be2fd9d7f91d5642a70aeb50216fed0e06107,2026-04-03T21:14:19+00:00,0,1,1.0,1.0,1.0,1.0986122886681098,0.0,0.0,0.0,0.0,0.0,0.0,1.0,1.0,0.0,0.0,0.0,0.0,1.0,0.0,0.0,0.0,0.0,24.0,129.0,0.0,1.0,0.0,0.0
jazzband/pip-tools,663029dc6fa01c81dfd097645e054ae27261edff,2026-04-03T23:11:46+00:00,0,1,1.0,3.0,0.0,1.3862943611198906,0.0,0.0,0.0,0.0,0.0,0.0,1.0,0.0,0.0,0.0,0.0,0.0,1.0,0.0,0.0,0.0,0.0,2.0,130.0,0.0,0.0,0.0,0.0
jazzband/pip-tools,7ae2040a0961c702abd2f35bb1d1aaf79b0dc26d,2026-04-03T23:15:51+00:00,0,1,6.0,158.0,5.0,5.099866427824199,2.0,0.0,0.0,3.0,0.0,0.0,3.0,1.0,0.0,0.0,0.0,0.0,1.0,0.0,0.0,0.0,0.0,7.333333333333333,130.0,0.0,0.0,0.0,0.0
jazzband/pip-tools,58f931404ab3920ab851b8f77f3c8278ff9047ac,2026-04-03T23:24:15+00:00,0,1,4.0,12.0,10.0,3.1354942159291497,0.0,0.0,0.0,0.0,1.0,0.0,3.0,1.0,0.0,0.0,0.0,0.0,1.0,0.0,0.0,0.0,0.0,9.75,130.0,0.0,1.0,0.0,0.0
jazzband/pip-tools,6a3ede2eff1e145cc458fdb0f8e19977f8844f24,2026-04-03T23:30:06+00:00,0,1,4.0,21.0,20.0,3.7376696182833684,0.0,0.0,0.0,0.0,1.0,0.0,3.0,1.0,0.0,0.0,0.0,0.0,1.0,0.0,0.0,0.0,0.0,9.75,130.0,0.0,1.0,0.0,0.0
jazzband/pip-tools,8323284b8c9724c1344cd752bf298359d87bad7e,2026-04-04T14:56:09+00:00,0,1,1.0,41.0,0.0,3.7376696182833684,0.0,0.0,0.0,0.0,1.0,0.0,0.0,0.0,0.0,0.0,0.0,1.0,1.0,0.0,0.0,0.0,0.0,4.0,0.0,0.0,1.0,0.0,0.0
jazzband/pip-tools,94bb4402ca57beed58d1f850164777597aac0080,2026-04-04T21:25:16+00:00,0,1,2.0,2.0,0.0,1.0986122886681098,0.0,0.0,0.0,0.0,2.0,0.0,0.0,0.0,0.0,0.0,0.0,1.0,1.0,0.0,0.0,0.0,0.0,0.5,134.0,0.0,0.0,0.0,0.0
jazzband/pip-tools,a4fd6b9f107e5fc8ff142ad933f43f120bd8ee5f,2026-04-05T07:40:39+00:00,0,1,2.0,2.0,0.0,1.0986122886681098,0.0,0.0,0.0,0.0,2.0,0.0,0.0,0.0,0.0,0.0,0.0,1.0,0.0,1.0,1.0,0.0,0.0,1.5,31.0,0.0,0.0,0.0,0.0
jazzband/pip-tools,7ef365fe76227d035437bbd8274a5cb19e4db617,2026-04-05T21:53:19+00:00,0,1,4.0,12.0,10.0,3.1354942159291497,0.0,0.0,0.0,0.0,1.0,0.0,3.0,1.0,0.0,0.0,0.0,0.0,0.0,1.0,0.0,0.0,0.0,11.75,32.0,0.0,1.0,0.0,0.0
jazzband/pip-tools,b41e47b9c862eba49ee457bbf30236b05bb9bf7e,2026-04-06T17:37:15+00:00,0,1,1.0,1.0,1.0,1.0986122886681098,0.0,0.0,0.0,0.0,0.0,0.0,1.0,0.0,0.0,0.0,0.0,0.0,1.0,0.0,0.0,0.0,0.0,58.0,22.0,0.0,1.0,0.0,0.0
jazzband/pip-tools,eed26c9aa8627d2a7006139642ede7b54a243bbb,2026-04-06T19:06:20+00:00,0,1,1.0,1.0,1.0,1.0986122886681098,0.0,0.0,0.0,0.0,0.0,0.0,1.0,0.0,0.0,0.0,0.0,0.0,0.0,1.0,0.0,0.0,0.0,59.0,135.0,0.0,1.0,0.0,0.0
jazzband/pip-tools,bebaa03fdb38f5e9b15124b5bde8ca0730835a6b,2026-04-13T17:28:39+00:00,0,1,1.0,1.0,1.0,1.0986122886681098,0.0,0.0,0.0,0.0,0.0,0.0,1.0,0.0,0.0,0.0,0.0,0.0,1.0,0.0,0.0,0.0,0.0,60.0,23.0,0.0,1.0,0.0,0.0
jazzband/pip-tools,2f9a90cabc9179be569c3a5079a599c85ce77e40,2026-04-14T01:49:39+00:00,0,1,1.0,1.0,1.0,1.0986122886681098,0.0,0.0,0.0,0.0,0.0,0.0,1.0,0.0,0.0,0.0,0.0,0.0,0.0,1.0,0.0,0.0,0.0,61.0,136.0,0.0,1.0,0.0,0.0
jazzband/pip-tools,87a1a1f8bce3e211eaee76cc7808945da3dffd4a,2026-04-14T18:16:09+00:00,0,1,4.0,21.0,20.0,3.7376696182833684,0.0,0.0,0.0,0.0,1.0,0.0,3.0,1.0,0.0,0.0,0.0,0.0,1.0,0.0,0.0,0.0,0.0,12.5,137.0,0.0,1.0,0.0,0.0
jazzband/pip-tools,0cf12bf089d9571a3e7bc02d52785e951da8c1c7,2026-04-15T16:56:44+00:00,0,1,1.0,1.0,1.0,1.0986122886681098,0.0,0.0,0.0,0.0,0.0,0.0,1.0,1.0,0.0,0.0,0.0,0.0,1.0,0.0,0.0,0.0,0.0,30.0,138.0,0.0,1.0,0.0,0.0
jazzband/pip-tools,8b72f776babb97e80d3b88e2a693fca5e7f19bfc,2026-04-15T17:03:28+00:00,0,1,4.0,21.0,20.0,3.7376696182833684,0.0,0.0,0.0,0.0,1.0,0.0,3.0,1.0,0.0,0.0,0.0,0.0,0.0,1.0,0.0,0.0,0.0,13.5,33.0,0.0,1.0,0.0,0.0
jazzband/pip-tools,6be966f0c1677bdf5a49f7a8d46544f7208353b0,2026-04-15T18:07:41+00:00,0,1,1.0,1.0,1.0,1.0986122886681098,0.0,0.0,0.0,0.0,0.0,0.0,1.0,1.0,0.0,0.0,0.0,0.0,0.0,1.0,0.0,0.0,0.0,32.0,34.0,0.0,1.0,0.0,0.0
jazzband/pip-tools,2aede94c577981b6fc5c6cc2f30a65105551f923,2026-04-27T17:38:35+00:00,0,1,1.0,2.0,2.0,1.6094379124341003,0.0,0.0,0.0,0.0,0.0,0.0,1.0,0.0,0.0,0.0,0.0,0.0,1.0,0.0,0.0,0.0,0.0,62.0,24.0,0.0,1.0,0.0,0.0
jazzband/pip-tools,ef924e9abad0c452cb367aae5257fb5536bc801c,2026-04-30T18:35:16+00:00,0,1,1.0,2.0,2.0,1.6094379124341003,0.0,0.0,0.0,0.0,0.0,0.0,1.0,0.0,0.0,0.0,0.0,0.0,0.0,1.0,0.0,0.0,0.0,63.0,35.0,0.0,1.0,0.0,0.0
jazzband/pip-tools,5dc25222396818d4eb6671ca555488e395efbe3e,2026-05-01T18:25:51+00:00,1,1,6.0,253.0,9.0,5.572154032177765,11.0,2.0,4.0,1.0,0.0,0.0,1.0,0.0,1.0,0.0,0.0,0.0,1.0,0.0,1.0,0.0,0.0,0.3333333333333333,0.0,0.0,0.0,0.0,0.0
jazzband/pip-tools,1106468ef08dae61eae4f6879954daf17343d1d7,2026-05-01T18:45:37+00:00,1,1,6.0,248.0,14.0,5.572154032177765,10.0,2.0,4.0,2.0,0.0,0.0,0.0,0.0,1.0,0.0,0.0,0.0,1.0,0.0,0.0,0.0,0.0,0.3333333333333333,0.0,0.0,0.0,0.0,0.0
jazzband/pip-tools,2bc04efb7c8e4e731b462d84cee103bdab231501,2026-05-04T17:30:40+00:00,0,1,1.0,2.0,2.0,1.6094379124341003,0.0,0.0,0.0,0.0,0.0,0.0,1.0,0.0,0.0,0.0,0.0,0.0,1.0,0.0,0.0,0.0,0.0,64.0,25.0,0.0,1.0,0.0,0.1
jazzband/pip-tools,65b4c59bba499ed27010800fd15917cb6166d9a4,2026-05-07T06:24:58+00:00,0,1,112.0,16695.0,92.0,9.728419624453482,656.0,11.0,54.0,49.0,5.0,1.0,3.0,1.0,0.0,0.0,0.0,0.0,1.0,0.0,0.0,1.0,0.1,2.5357142857142856,0.0,0.0,1.0,0.0,0.1
jazzband/pip-tools,f29540725a4019a51704dde786606f06aec701a8,2026-05-07T23:35:09+00:00,1,1,52.0,4616.0,759.0,8.589699882202986,1.0,2.0,2.0,0.0,48.0,1.0,1.0,0.0,1.0,0.0,1.0,0.0,1.0,0.0,0.0,0.0,0.0,0.5576923076923077,1.0,0.0,1.0,0.0,0.1
jazzband/pip-tools,d3429879f15ba5f4b7db2add392a25b831d5ee7b,2026-05-08T01:14:47+00:00,0,1,55.0,4980.0,759.0,8.655214489313613,1.0,2.0,2.0,0.0,51.0,1.0,1.0,0.0,1.0,0.0,1.0,0.0,1.0,0.0,0.0,0.0,0.0,0.5272727272727272,1.0,0.0,1.0,0.0,0.1
jazzband/pip-tools,e3c35f877644ca39c721fe1da733ed332ff67c80,2026-05-08T03:19:37+00:00,0,1,1.0,2.0,2.0,1.6094379124341003,0.0,0.0,0.0,0.0,0.0,0.0,1.0,0.0,0.0,0.0,0.0,0.0,0.0,1.0,0.0,0.0,0.0,65.0,139.0,0.0,1.0,0.0,0.15
jazzband/pip-tools,773dce410671a6759dff670fdaec23777115b34f,2026-05-08T04:10:25+00:00,0,1,2.0,1.0,82.0,4.430816798843313,0.0,0.0,0.0,0.0,2.0,0.0,0.0,0.0,0.0,0.0,0.0,1.0,1.0,0.0,0.0,0.5,0.3333333333333333,4.0,3.0,0.3333333333333333,0.0,0.0,0.15
jazzband/pip-tools,a1785b52c9d35b66c7a8aa6d71b5d5a9f86091c9,2026-05-08T05:33:04+00:00,1,1,3.0,76.0,6.0,4.418840607796598,9.0,1.0,1.0,1.0,1.0,0.0,0.0,0.0,0.0,0.0,0.0,0.0,1.0,0.0,1.0,0.0,0.0,4.0,4.0,0.25,1.0,0.0,0.15
jazzband/pip-tools,0173dc1f621b6242d899b4961f7be3e9ddfbe83c,2026-05-08T05:37:17+00:00,1,1,3.0,55.0,1.0,4.04305126783455,4.0,1.0,1.0,1.0,1.0,0.0,0.0,0.0,0.0,0.0,0.0,0.0,1.0,0.0,1.0,0.0,0.0,6.0,4.0,0.25,1.0,0.0,0.15
jazzband/pip-tools,2500ac7f431d7af0a01eaf1b1b33076f8485c11a,2026-05-08T05:51:31+00:00,1,1,2.0,6.0,2.0,2.1972245773362196,1.0,1.0,1.0,0.0,1.0,0.0,0.0,0.0,0.0,0.0,1.0,0.0,1.0,0.0,0.0,0.0,0.0,3.5,4.0,0.25,1.0,0.0,0.15
jazzband/pip-tools,a3cbcdf1a10033bb8cc146ae05762a55bae773be,2026-05-08T13:41:21+00:00,0,1,4.0,109.0,7.0,4.762173934797756,10.0,1.0,1.0,1.0,1.0,1.0,0.0,0.0,0.0,0.0,0.0,0.0,1.0,0.0,0.0,0.25,0.11666666666666665,5.25,7.0,0.5714285714285714,1.0,0.0,0.3
jazzband/pip-tools,48459f6255f737c74d12d485e0f4f4684827d4d0,2026-05-08T14:35:15+00:00,0,1,4.0,11.0,4.0,2.772588722239781,3.0,2.0,3.0,0.0,1.0,0.0,0.0,0.0,0.0,0.0,1.0,0.0,1.0,0.0,0.0,0.0,0.0,12.0,7.0,0.5714285714285714,1.0,0.0,0.3
jazzband/pip-tools,121a92e0dd56a5c059eaf25f9902e0422647485d,2026-05-08T15:16:16+00:00,0,1,2.0,15.0,3.0,2.9444389791664403,0.0,0.0,0.0,0.0,2.0,0.0,0.0,0.0,0.0,0.0,0.0,1.0,1.0,0.0,0.0,0.14285714285714285,0.14285714285714285,3.5,7.0,0.5714285714285714,1.0,0.0,0.3
jazzband/pip-tools,ddd020c119bac988e0ca162d72dd0234209e368b,2026-05-08T16:21:18+00:00,1,1,4.0,65.0,1.0,4.204692619390966,5.0,1.0,1.0,1.0,1.0,1.0,0.0,0.0,0.0,0.0,0.0,0.0,1.0,0.0,0.0,0.25,0.10416666666666667,6.75,8.0,0.5,1.0,0.0,0.3
jazzband/pip-tools,44856951a915b3cb12a7dc16fc5c19981ce99772,2026-05-08T18:25:51+00:00,0,1,4.0,11.0,4.0,2.772588722239781,3.0,2.0,3.0,0.0,1.0,0.0,0.0,0.0,0.0,0.0,1.0,0.0,0.0,1.0,0.0,0.0,0.0,13.0,140.0,0.0,1.0,0.0,0.35
jazzband/pip-tools,e716f3119c5953df0c33f2ee564ced3c935b2875,2026-05-08T19:15:59+00:00,1,1,2.0,15.0,3.0,2.9444389791664403,0.0,0.0,0.0,0.0,2.0,0.0,0.0,0.0,0.0,0.0,0.0,1.0,0.0,1.0,0.0,0.125,0.0625,4.5,141.0,0.0,1.0,0.0,0.35
jazzband/pip-tools,9e3bebaad7a2b3167825ffef041f20b095b16f43,2026-05-08T20:06:22+00:00,1,1,1.0,1.0,1.0,1.0986122886681098,0.0,1.0,1.0,0.0,0.0,0.0,0.0,0.0,0.0,0.0,1.0,0.0,1.0,0.0,0.0,0.0,0.0,3.0,11.0,0.45454545454545453,0.0,0.0,0.4
jazzband/pip-tools,aa6384ce9774dd3e00df37452b187294c76913c0,2026-05-08T20:58:09+00:00,0,1,3.0,11.0,6.0,2.8903717578961645,0.0,2.0,3.0,0.0,0.0,0.0,0.0,0.0,0.0,0.0,1.0,0.0,1.0,0.0,0.0,0.25,0.08333333333333333,11.333333333333334,12.0,0.5,1.0,0.0,0.45
jazzband/pip-tools,bfcd3761fac8172c3a3f5f0ae0064d59fb3a1baa,2026-05-08T21:56:15+00:00,0,1,3.0,11.0,6.0,2.8903717578961645,0.0,2.0,3.0,0.0,0.0,0.0,0.0,0.0,0.0,0.0,1.0,0.0,1.0,0.0,0.0,0.2,0.06666666666666667,12.333333333333334,13.0,0.46153846153846156,1.0,1.0,0.45
jazzband/pip-tools,4b623b5e1d069373650c0cb403f5ec3a84e121fb,2026-05-08T21:57:29+00:00,0,1,4.0,106.0,7.0,4.736198448394496,10.0,1.0,1.0,1.0,1.0,1.0,0.0,0.0,0.0,0.0,0.0,0.0,1.0,0.0,0.0,0.2,0.10050505050505051,6.5,13.0,0.46153846153846156,1.0,1.0,0.45
jazzband/pip-tools,7f6e67f0e87f4db6770125b29aa98bd7a5977f97,2026-05-08T21:57:38+00:00,0,1,4.0,64.0,1.0,4.189654742026425,5.0,1.0,1.0,1.0,1.0,1.0,0.0,0.0,0.0,0.0,0.0,0.0,1.0,0.0,0.0,0.4,0.20958605664488017,7.75,13.0,0.46153846153846156,1.0,1.0,0.45
jazzband/pip-tools,fa9b160a117f9e8f2ab395efbec335024d3e9251,2026-05-08T21:57:47+00:00,1,1,3.0,70.0,1.0,4.276666119016055,3.0,1.0,1.0,1.0,1.0,0.0,0.0,0.0,0.0,0.0,0.0,0.0,1.0,0.0,0.0,0.0,0.0,9.333333333333334,13.0,0.46153846153846156,1.0,1.0,0.45
jazzband/pip-tools,7aa438ec1013fae7ad3b5f0f165179a383080539,2026-05-08T21:57:57+00:00,0,1,1.0,1.0,2.0,1.3862943611198906,1.0,1.0,1.0,0.0,0.0,0.0,0.0,0.0,0.0,0.0,1.0,0.0,1.0,0.0,0.0,0.125,0.125,8.0,13.0,0.46153846153846156,1.0,1.0,0.45
jazzband/pip-tools,e23ea74b98db6ba56974f5f85a20ecd668f9aec4,2026-05-08T21:58:07+00:00,0,1,1.0,16.0,6.0,3.1354942159291497,0.0,1.0,1.0,0.0,0.0,0.0,0.0,0.0,0.0,0.0,1.0,0.0,1.0,0.0,0.0,0.4,0.4,5.0,13.0,0.46153846153846156,1.0,1.0,0.45
jazzband/pip-tools,c484caf0b7bdfeaa61db8db68f8a836c68fb383f,2026-05-08T21:58:17+00:00,0,1,1.0,9.0,1.0,2.3978952727983707,1.0,0.0,0.0,1.0,0.0,0.0,0.0,0.0,0.0,0.0,0.0,0.0,1.0,0.0,0.0,0.0,0.0,14.0,13.0,0.46153846153846156,1.0,1.0,0.45
jazzband/pip-tools,9b244271f370f1d781f2632b39ebc8f0f9a5b1f0,2026-05-08T21:58:27+00:00,0,1,1.0,2.0,0.0,1.0986122886681098,0.0,0.0,0.0,0.0,0.0,0.0,1.0,1.0,0.0,0.0,0.0,0.0,1.0,0.0,0.0,0.0,0.0,34.0,13.0,0.46153846153846156,1.0,1.0,0.45
jazzband/pip-tools,9e5907cd05acbf2859ab84430bbbae8ee0a3ba8d,2026-05-08T22:06:28+00:00,0,1,2.0,1.0,82.0,4.430816798843313,0.0,0.0,0.0,0.0,2.0,0.0,0.0,0.0,0.0,0.0,0.0,1.0,1.0,0.0,0.0,0.3333333333333333,0.2777777777777778,6.0,13.0,0.46153846153846156,0.0,0.0,0.45
jazzband/pip-tools,59c1f32d4d0bebe274031bc8b55062fc0c70a401,2026-05-09T04:57:37+00:00,0,1,1.0,16.0,6.0,3.1354942159291497,0.0,1.0,1.0,0.0,0.0,0.0,0.0,0.0,0.0,0.0,1.0,0.0,0.0,1.0,0.0,0.3333333333333333,0.3333333333333333,6.0,142.0,0.007042253521126761,1.0,1.0,0.35
jazzband/pip-tools,0e649d0e47f3cc44c53964eb4d43c1d18167463b,2026-05-09T19:38:37+00:00,0,1,3.0,70.0,1.0,4.276666119016055,3.0,1.0,1.0,1.0,1.0,0.0,0.0,0.0,0.0,0.0,0.0,0.0,1.0,0.0,0.0,1.0,0.40277777777777785,10.333333333333334,22.0,0.3181818181818182,1.0,0.0,0.3
jazzband/pip-tools,85b93f451762dbefdbf2e21f70104011f42a1586,2026-05-09T19:38:39+00:00,0,1,3.0,11.0,6.0,2.8903717578961645,0.0,2.0,3.0,0.0,0.0,0.0,0.0,0.0,0.0,0.0,1.0,0.0,1.0,0.0,0.0,0.16666666666666666,0.05555555555555555,13.333333333333334,22.0,0.3181818181818182,1.0,0.0,0.3
jazzband/pip-tools,dfb9a8a311c54a6254fa1ebdeb4cd5ce4cd5475b,2026-05-09T19:38:43+00:00,0,2,2.0,6.0,0.0,1.9459101490553132,0.0,0.0,0.0,0.0,1.0,0.0,1.0,1.0,0.0,0.0,0.0,0.0,1.0,0.0,0.0,0.0,0.0,17.5,22.0,0.3181818181818182,1.0,0.0,0.3
jazzband/pip-tools,cbe3c692f8977270e7ae6061c8159450a73c13fe,2026-05-09T19:40:54+00:00,0,1,5.0,107.0,8.0,4.7535901911063645,10.0,1.0,1.0,1.0,1.0,1.0,1.0,0.0,0.0,0.0,0.0,0.0,1.0,0.0,0.0,0.16666666666666666,0.06818181818181819,9.6,22.0,0.3181818181818182,1.0,0.0,0.3
jazzband/pip-tools,2a6030e645869554c1542988b57a015fa06d95b3,2026-05-09T19:42:25+00:00,0,1,4.0,65.0,1.0,4.204692619390966,5.0,1.0,1.0,1.0,1.0,1.0,0.0,0.0,0.0,0.0,0.0,0.0,1.0,0.0,0.0,0.3333333333333333,0.13383838383838384,9.0,22.0,0.3181818181818182,1.0,0.0,0.3
jazzband/pip-tools,55153971eed5c0215e5842185901e54b1fff05a7,2026-05-09T19:42:26+00:00,0,1,2.0,5.0,2.0,2.0794415416798357,1.0,1.0,1.0,0.0,1.0,0.0,0.0,0.0,0.0,0.0,1.0,0.0,1.0,0.0,0.0,0.1111111111111111,0.1111111111111111,4.5,22.0,0.3181818181818182,1.0,0.0,0.3
jazzband/pip-tools,a680239f65a1df8818c7b04a1bfa738882957f1c,2026-05-09T19:42:28+00:00,0,1,2.0,14.0,1.0,2.772588722239781,1.0,0.0,0.0,1.0,1.0,0.0,0.0,0.0,0.0,0.0,0.0,0.0,1.0,0.0,0.0,0.0,0.0,7.5,22.0,0.3181818181818182,1.0,0.0,0.3
jazzband/pip-tools,5633e74780a71186bfe09775b863732d52644b40,2026-05-09T19:46:15+00:00,0,1,1.0,1.0,4.0,1.791759469228055,0.0,1.0,1.0,0.0,0.0,0.0,0.0,0.0,0.0,0.0,1.0,0.0,1.0,0.0,1.0,0.1111111111111111,0.1111111111111111,18.0,22.0,0.3181818181818182,0.0,0.0,0.3
jazzband/pip-tools,4c7a0a6a6ed8669993ed721a21954ebe65422656,2026-05-11T15:31:45+00:00,0,1,1.0,1.0,0.0,0.6931471805599453,0.0,0.0,0.0,0.0,1.0,0.0,0.0,0.0,0.0,0.0,0.0,1.0,1.0,0.0,0.0,0.0,0.0,0.0,29.0,0.2413793103448276,1.0,0.0,0.15
jazzband/pip-tools,15aa2b66f1e491e99e667e28a6d71f29b4cacc89,2026-05-11T16:50:18+00:00,1,1,1.0,10.0,24.0,3.5553480614894135,0.0,0.0,0.0,0.0,0.0,1.0,0.0,0.0,0.0,0.0,0.0,0.0,1.0,0.0,0.0,0.07142857142857142,0.07142857142857142,14.0,4.0,0.0,1.0,0.0,0.1
jazzband/pip-tools,729819f49d7ff7f2d1a4bb0b2cd0520b3415619c,2026-05-11T17:29:34+00:00,0,1,1.0,1.0,1.0,1.0986122886681098,0.0,0.0,0.0,0.0,0.0,0.0,1.0,0.0,0.0,0.0,0.0,0.0,1.0,0.0,0.0,0.0,0.0,66.0,26.0,0.0,1.0,0.0,0.1
jazzband/pip-tools,7695edcc7884f7098953fff6664ff1b042b26edf,2026-05-11T17:38:05+00:00,1,2,1.0,2.0,0.0,1.0986122886681098,0.0,0.0,0.0,0.0,1.0,0.0,0.0,0.0,0.0,0.0,0.0,1.0,1.0,0.0,0.0,0.0,0.0,1.0,30.0,0.23333333333333334,1.0,0.0,0.1
jazzband/pip-tools,1376afb2be7034aa10e1b2b4f9468f721c5d106e,2026-05-12T02:52:49+00:00,1,1,5.0,107.0,8.0,4.7535901911063645,10.0,1.0,1.0,1.0,1.0,1.0,1.0,0.0,0.0,0.0,0.0,0.0,0.0,1.0,1.0,0.14285714285714285,0.05934065934065934,10.8,143.0,0.006993006993006993,1.0,0.0,0.1
jazzband/pip-tools,443ffd958236fef8d76e22f0b8a01bda2e96ed59,2026-05-12T14:41:59+00:00,0,1,2.0,25.0,1.0,3.295836866004329,1.0,0.0,0.0,1.0,1.0,0.0,0.0,0.0,0.0,0.0,0.0,0.0,1.0,0.0,0.0,0.0,0.0,8.5,30.0,0.23333333333333334,1.0,0.0,0.15
jazzband/pip-tools,30393b9b67461be79d3971f9cbc2067df2b78263,2026-05-12T14:51:55+00:00,0,1,1.0,1.0,4.0,1.791759469228055,0.0,1.0,1.0,0.0,0.0,0.0,0.0,0.0,0.0,0.0,1.0,0.0,1.0,0.0,1.0,0.1,0.1,20.0,30.0,0.23333333333333334,0.0,0.0,0.15
jazzband/pip-tools,73a99f1109b01e8816e1056f59a79b789df69ae9,2026-05-12T19:17:13+00:00,0,1,1.0,3.0,1.0,1.6094379124341003,1.0,0.0,0.0,1.0,0.0,0.0,0.0,0.0,0.0,0.0,0.0,0.0,1.0,0.0,1.0,0.0,0.0,1.0,27.0,0.0,0.0,0.0,0.1
jazzband/pip-tools,8f1e78cfc90737c0cf90dc0f3799bafd14f87933,2026-05-12T22:14:31+00:00,1,1,1.0,3.0,1.0,1.6094379124341003,1.0,0.0,0.0,1.0,0.0,0.0,0.0,0.0,0.0,0.0,0.0,0.0,1.0,0.0,1.0,0.0,0.0,31.0,28.0,0.0,0.0,0.0,0.1
jazzband/pip-tools,d3f65df66d4e495292a0f5dba8e53d64db87df6c,2026-05-13T00:02:07+00:00,1,1,12.0,419.0,218.0,6.45833828334479,54.0,3.0,7.0,5.0,0.0,0.0,0.0,0.0,0.0,0.0,0.0,0.0,1.0,0.0,0.0,0.2857142857142857,0.023809523809523808,1.5,32.0,0.21875,0.0,0.0,0.15
jazzband/pip-tools,e4c4daf8883d92c87b8ad5c331806a1f1827af39,2026-05-13T18:42:27+00:00,1,1,4.0,131.0,12.0,4.969813299576001,11.0,2.0,2.0,2.0,0.0,0.0,0.0,0.0,0.0,0.0,0.0,0.0,1.0,0.0,0.0,0.0,0.0,1.0,33.0,0.24242424242424243,0.0,0.0,0.2
jazzband/pip-tools,dd800647b63bee5d46d2342116317e12f2fdd3d5,2026-05-13T19:11:28+00:00,1,1,9.0,177.0,111.0,5.666426688112432,47.0,0.0,0.0,9.0,0.0,0.0,0.0,0.0,0.0,0.0,0.0,0.0,1.0,0.0,1.0,0.5,0.059027777777777776,5.222222222222222,34.0,0.2647058823529412,1.0,1.0,0.25
jazzband/pip-tools,fc6a4e97fc501e42b50ce4875d8a46450c154600,2026-05-13T20:22:58+00:00,1,1,108.0,18534.0,110.0,9.833333292612922,734.0,9.0,47.0,51.0,5.0,1.0,4.0,1.0,0.0,0.0,0.0,0.0,1.0,0.0,0.0,0.6666666666666666,0.14258185507057686,4.4907407407407405,35.0,0.2857142857142857,1.0,1.0,0.3
jazzband/pip-tools,23486b5eedf51bd2043cacaa44f5252237b849d1,2026-05-13T21:24:43+00:00,1,1,80.0,2088.0,1696.0,8.23880116587155,356.0,8.0,43.0,34.0,3.0,0.0,0.0,0.0,0.0,0.0,0.0,0.0,1.0,0.0,1.0,1.0,0.48905302545008433,4.2625,36.0,0.3055555555555556,1.0,1.0,0.35
jazzband/pip-tools,0e7ec9283337126c35bbb068a00f81ce63c2eeea,2026-05-13T22:17:18+00:00,1,1,1.0,9.0,0.0,2.302585092994046,1.0,0.0,0.0,1.0,0.0,0.0,0.0,0.0,0.0,0.0,0.0,0.0,1.0,0.0,1.0,0.11428571428571428,0.11428571428571428,35.0,37.0,0.32432432432432434,1.0,1.0,0.4
jazzband/pip-tools,e64043d0deaf1ec3277e5a226d0928d71b706396,2026-05-14T16:01:40+00:00,1,1,1.0,1.0,1.0,1.0986122886681098,0.0,0.0,0.0,0.0,0.0,0.0,1.0,0.0,0.0,0.0,0.0,0.0,0.0,1.0,0.0,0.014705882352941176,0.014705882352941176,68.0,36.0,0.0,1.0,1.0,0.45
jazzband/pip-tools,0dfc80c07aae416f168956041771d046ce47ef5e,2026-05-14T16:57:13+00:00,0,1,1.0,4.0,4.0,2.1972245773362196,0.0,0.0,0.0,0.0,1.0,0.0,0.0,0.0,0.0,0.0,0.0,1.0,1.0,0.0,0.0,0.0,0.0,1.0,38.0,0.34210526315789475,1.0,0.0,0.5
jazzband/pip-tools,f129240fe6e57c6592d8e8eddaf84da4ba7d41ac,2026-05-14T17:20:24+00:00,1,1,5.0,22.0,12.0,3.5553480614894135,2.0,1.0,1.0,1.0,2.0,1.0,0.0,0.0,0.0,0.0,0.0,0.0,1.0,0.0,1.0,1.0,0.34978260869565214,9.8,38.0,0.34210526315789475,0.0,0.0,0.5
jazzband/pip-tools,8c4ae05e395c08bf6f15e0fe37ceaedd98f293cb,2026-05-14T17:37:51+00:00,0,1,2.0,29.0,17.0,3.8501476017100584,1.0,0.0,0.0,1.0,1.0,0.0,0.0,0.0,0.0,0.0,0.0,0.0,1.0,0.0,0.0,0.10526315789473684,0.05263157894736842,10.5,38.0,0.34210526315789475,1.0,0.0,0.5
jazzband/pip-tools,b9979513822f025c13b121c05002dde59407dcae,2026-05-15T15:42:12+00:00,0,2,3.0,30.0,25.0,4.02535169073515,2.0,0.0,0.0,1.0,2.0,0.0,0.0,0.0,0.0,0.0,0.0,0.0,1.0,0.0,0.0,0.3333333333333333,0.14444444444444446,11.666666666666666,41.0,0.34146341463414637,1.0,0.0,0.55
jazzband/pip-tools,b58c4bbe030138807509998bd983fa1f3df73a45,2026-05-15T15:46:26+00:00,1,2,5.0,22.0,12.0,3.5553480614894135,2.0,1.0,1.0,1.0,2.0,1.0,0.0,0.0,0.0,0.0,0.0,0.0,1.0,0.0,1.0,1.0,0.44722222222222213,10.8,41.0,0.34146341463414637,0.0,0.0,0.55
jazzband/pip-tools,95e8d8edd9e4847eee81e948751f3a473e74d352,2026-05-15T16:55:23+00:00,1,1,3.0,13.0,15.0,3.367295829986474,0.0,0.0,0.0,0.0,3.0,0.0,0.0,0.0,0.0,0.0,0.0,1.0,1.0,0.0,1.0,0.5,0.16666666666666666,2.3333333333333335,144.0,0.013888888888888888,1.0,1.0,0.55
jazzband/pip-tools,a06e1fa99ba271e0672edabe5a19074c5b733c27,2026-05-15T16:58:56+00:00,0,1,2.0,5.0,2.0,2.0794415416798357,1.0,1.0,1.0,0.0,1.0,0.0,0.0,0.0,0.0,0.0,1.0,0.0,0.0,1.0,0.0,0.18181818181818182,0.09090909090909091,6.5,37.0,0.02702702702702703,1.0,1.0,0.55
jazzband/pip-tools,c638795157c799733fac432a05abf237c2afd663,2026-05-15T19:17:58+00:00,0,1,1.0,8.0,7.0,2.772588722239781,0.0,0.0,0.0,0.0,1.0,0.0,0.0,0.0,0.0,0.0,0.0,1.0,1.0,0.0,1.0,0.6666666666666666,0.6666666666666666,3.0,145.0,0.020689655172413793,1.0,1.0,0.6
jazzband/pip-tools,e7c1f7a4b93271a36e1c3be81b7e7878e05646c2,2026-05-15T20:04:27+00:00,1,1,1.0,23.0,9.0,3.4965075614664802,0.0,0.0,0.0,0.0,0.0,1.0,0.0,0.0,0.0,0.0,0.0,0.0,1.0,0.0,1.0,0.13333333333333333,0.13333333333333333,15.0,146.0,0.02054794520547945,1.0,1.0,0.6
jazzband/pip-tools,7f296310131911ed0d77f964e7ada69a86b32550,2026-05-16T12:15:33+00:00,1,1,1.0,23.0,9.0,3.4965075614664802,0.0,0.0,0.0,0.0,0.0,1.0,0.0,0.0,0.0,0.0,0.0,0.0,1.0,0.0,1.0,0.1875,0.1875,16.0,147.0,0.027210884353741496,0.0,0.0,0.6
jazzband/pip-tools,9568c65aa8bfe62c2ff8055646d41b8676fe3f58,2026-05-16T15:48:24+00:00,0,1,2.0,13.0,1.0,2.70805020110221,0.0,0.0,0.0,0.0,1.0,0.0,1.0,1.0,0.0,0.0,0.0,0.0,1.0,0.0,0.0,0.02702702702702703,0.013513513513513514,19.0,43.0,0.32558139534883723,1.0,0.0,0.55
jazzband/pip-tools,eb49cc304e18cddbf58111706b490c1e741726c2,2026-05-16T18:02:48+00:00,0,1,2.0,21.0,24.0,3.828641396489095,7.0,0.0,0.0,2.0,0.0,0.0,0.0,0.0,0.0,0.0,0.0,0.0,1.0,0.0,0.0,0.0,0.0,2.0,148.0,0.033783783783783786,0.0,0.0,0.6
jazzband/pip-tools,ea618ea0d37a1017be4b8718701f9416375e0e47,2026-05-16T18:28:33+00:00,0,1,1.0,3.0,2.0,1.791759469228055,0.0,0.0,0.0,0.0,1.0,0.0,0.0,0.0,0.0,0.0,0.0,1.0,1.0,0.0,0.0,0.25,0.25,4.0,148.0,0.033783783783783786,1.0,0.0,0.6
jazzband/pip-tools,6a3c1e6970dd273c2fec2d8cb2a247150c031005,2026-05-17T01:27:37+00:00,1,1,1.0,7.0,8.0,2.772588722239781,0.0,0.0,0.0,0.0,1.0,0.0,0.0,0.0,0.0,0.0,0.0,1.0,1.0,0.0,1.0,0.5,0.5,4.0,150.0,0.03333333333333333,1.0,0.0,0.55
jazzband/pip-tools,f9064b419b19e604c0ae5b7d41011fd381c7116f,2026-05-18T05:37:29+00:00,1,1,1.0,1.0,1.0,1.0986122886681098,0.0,0.0,0.0,0.0,0.0,0.0,1.0,1.0,0.0,0.0,0.0,0.0,1.0,0.0,0.0,0.02631578947368421,0.02631578947368421,38.0,151.0,0.039735099337748346,1.0,0.0,0.55
jazzband/pip-tools,7cd217623d758afe372c94436e166837062c0bed,2026-05-18T06:40:19+00:00,0,1,1.0,3.0,0.0,1.3862943611198906,0.0,0.0,0.0,0.0,0.0,0.0,1.0,0.0,0.0,0.0,0.0,0.0,1.0,0.0,0.0,0.1,0.1,20.0,152.0,0.046052631578947366,1.0,0.0,0.55
jazzband/pip-tools,09f18101998b792465aeae8756dd03651d437d0f,2026-05-18T17:39:57+00:00,1,1,1.0,2.0,2.0,1.6094379124341003,0.0,0.0,0.0,0.0,0.0,0.0,1.0,0.0,0.0,0.0,0.0,0.0,1.0,0.0,0.0,0.028985507246376812,0.028985507246376812,69.0,29.0,0.034482758620689655,1.0,0.0,0.5
jazzband/pip-tools,22b0eba9dad236fd6512a6f17787ba895f9e28e6,2026-05-18T22:12:07+00:00,0,1,2.0,5.0,1.0,1.9459101490553132,0.0,0.0,0.0,0.0,0.0,0.0,2.0,1.0,0.0,0.0,0.0,0.0,1.0,0.0,0.0,0.09523809523809523,0.07326007326007325,30.0,153.0,0.0457516339869281,1.0,0.0,0.5
jazzband/pip-tools,5ddf8ca4e29e21ae61b77730ba42ed2f1552389b,2026-05-19T21:33:12+00:00,1,1,1.0,10.0,24.0,3.5553480614894135,0.0,0.0,0.0,0.0,0.0,1.0,0.0,0.0,0.0,0.0,0.0,0.0,1.0,0.0,0.0,0.23529411764705882,0.23529411764705882,17.0,5.0,0.2,1.0,0.0,0.45
jazzband/pip-tools,a9028e8b67565ae3e137c6bdcfd96325908b8e92,2026-05-20T15:00:20+00:00,0,1,2.0,2.0,1.0,1.3862943611198906,0.0,0.0,0.0,0.0,1.0,0.0,1.0,1.0,0.0,0.0,0.0,0.0,1.0,0.0,0.0,0.05,0.05,20.0,154.0,0.045454545454545456,0.0,0.0,0.5
jazzband/pip-tools,05fd9e6e54159c37e4fa80aa67a1056c5345cdc4,2026-05-20T17:49:37+00:00,0,1,1.0,1.0,1.0,1.0986122886681098,0.0,0.0,0.0,0.0,0.0,0.0,1.0,1.0,0.0,0.0,0.0,0.0,1.0,0.0,0.0,0.04878048780487805,0.04878048780487805,41.0,155.0,0.04516129032258064,0.0,0.0,0.45
jazzband/pip-tools,946965a17a84d2be068e6461a6447452ac442001,2026-05-21T05:26:13+00:00,0,1,2.0,5.0,2.0,2.0794415416798357,0.0,0.0,0.0,0.0,1.0,0.0,1.0,1.0,0.0,0.0,0.0,0.0,1.0,0.0,0.0,0.047619047619047616,0.023809523809523808,21.5,156.0,0.04487179487179487,0.0,0.0,0.45
jazzband/pip-tools,8777948c73d3e29108b09ac31946447e7e4ead3b,2026-05-21T07:42:55+00:00,0,1,2.0,6.0,2.0,2.1972245773362196,0.0,0.0,0.0,0.0,1.0,0.0,1.0,1.0,0.0,0.0,0.0,0.0,0.0,1.0,0.0,0.046511627906976744,0.023255813953488372,22.5,157.0,0.044585987261146494,1.0,0.0,0.4
jazzband/pip-tools,d4ce6015ea48195043d39feec0aff098cf1d717c,2026-05-21T07:44:19+00:00,0,1,1.0,7.0,8.0,2.772588722239781,0.0,0.0,0.0,0.0,1.0,0.0,0.0,0.0,0.0,0.0,0.0,1.0,1.0,0.0,1.0,0.6,0.6,5.0,157.0,0.044585987261146494,0.0,0.0,0.4
jazzband/pip-tools,d534745ccc62d2aeaf8d902a1cc35c14d9c70aaa,2026-05-21T07:45:37+00:00,1,1,1.0,23.0,9.0,3.4965075614664802,0.0,0.0,0.0,0.0,0.0,1.0,0.0,0.0,0.0,0.0,0.0,0.0,1.0,0.0,1.0,0.2777777777777778,0.2777777777777778,18.0,157.0,0.044585987261146494,0.0,0.0,0.4
jazzband/pip-tools,d2119dbe7aa5d1a4d3bce7198d995fa26a822c65,2026-05-21T07:46:03+00:00,0,1,1.0,2.0,2.0,1.6094379124341003,0.0,0.0,0.0,0.0,0.0,0.0,1.0,0.0,0.0,0.0,0.0,0.0,1.0,0.0,0.0,0.04285714285714286,0.04285714285714286,70.0,30.0,0.06666666666666667,0.0,0.0,0.4
jazzband/pip-tools,09901984be6bed3223f0016ff4304214d913a527,2026-05-21T16:01:38+00:00,0,1,3.0,16.0,17.0,3.5263605246161616,0.0,0.0,0.0,0.0,3.0,0.0,0.0,0.0,0.0,0.0,0.0,1.0,0.0,1.0,0.0,0.5,0.3444444444444444,4.666666666666667,160.0,0.05,1.0,0.0,0.4
jazzband/pip-tools,f9113216700859ccbf5a2d07c149cbd2da38f47e,2026-05-21T16:59:35+00:00,0,1,1.0,2.0,2.0,1.6094379124341003,0.0,0.0,0.0,0.0,0.0,0.0,1.0,0.0,0.0,0.0,0.0,0.0,0.0,1.0,0.0,0.04225352112676056,0.04225352112676056,71.0,161.0,0.049689440993788817,1.0,0.0,0.4
jazzband/pip-tools,6800e98c5301f84c1278b006fe8c47d95d8ab9e7,2026-05-21T17:48:32+00:00,0,1,2.0,13.0,1.0,2.70805020110221,0.0,0.0,0.0,0.0,1.0,0.0,1.0,1.0,0.0,0.0,0.0,0.0,0.0,1.0,0.0,0.045454545454545456,0.022727272727272728,23.0,162.0,0.04938271604938271,1.0,0.0,0.35
jazzband/pip-tools,1cc5f07191c4b64d735bdbad60d9f8646f78162d,2026-05-22T01:32:51+00:00,0,1,14.0,149.0,32.0,5.204006687076795,11.0,2.0,2.0,1.0,7.0,1.0,3.0,1.0,0.0,0.0,0.0,0.0,1.0,1.0,0.0,0.42857142857142855,0.16256426813149502,15.857142857142858,163.0,0.049079754601226995,0.0,0.0,0.35
jazzband/pip-tools,0656d80adb6ae5024ac186927ee28623a467f4f4,2026-05-22T02:38:26+00:00,0,1,10.0,93.0,77.0,5.14166355650266,0.0,0.0,0.0,0.0,10.0,0.0,0.0,0.0,0.0,0.0,0.0,1.0,1.0,0.0,0.0,0.5,0.4166666666666667,2.5,163.0,0.049079754601226995,1.0,0.0,0.35
jazzband/pip-tools,b5d337ca8a317df173008d5147d6b6e57a1b52dd,2026-05-22T03:09:13+00:00,0,1,2.0,18.0,9.0,3.332204510175204,0.0,0.0,0.0,0.0,2.0,0.0,0.0,0.0,0.0,0.0,0.0,1.0,1.0,0.0,1.0,0.3076923076923077,0.3076923076923077,6.5,164.0,0.04878048780487805,0.0,0.0,0.35
jazzband/pip-tools,987b828872735bb556c4afdf5d8a295804dbf9ae,2026-05-22T14:28:21+00:00,0,1,3.0,22.0,13.0,3.58351893845611,0.0,0.0,0.0,0.0,2.0,1.0,0.0,0.0,0.0,0.0,0.0,0.0,0.0,1.0,1.0,0.3157894736842105,0.20050125313283207,11.333333333333334,166.0,0.04819277108433735,1.0,0.0,0.3
jazzband/pip-tools,a315fee5354b76afe2ff56240e84d4a66c7db971,2026-05-22T14:32:31+00:00,1,1,1.0,10.0,24.0,3.5553480614894135,0.0,0.0,0.0,0.0,0.0,1.0,0.0,0.0,0.0,0.0,0.0,0.0,1.0,0.0,0.0,0.3157894736842105,0.3157894736842105,19.0,6.0,0.3333333333333333,0.0,0.0,0.3
jazzband/pip-tools,edd1288c9ccce65ba0f63505cbf9c619763b1059,2026-05-22T19:14:27+00:00,0,1,1.0,8.0,15.0,3.1780538303479458,1.0,0.0,0.0,1.0,0.0,0.0,0.0,0.0,0.0,0.0,0.0,0.0,1.0,0.0,0.0,0.09523809523809523,0.09523809523809523,21.0,167.0,0.04790419161676647,1.0,0.0,0.25
jazzband/pip-tools,4934b039daec96b4434063389bc00acac78f5651,2026-05-22T19:33:22+00:00,0,1,1.0,1.0,1.0,1.0986122886681098,0.0,0.0,0.0,0.0,0.0,1.0,0.0,0.0,0.0,0.0,0.0,0.0,1.0,0.0,0.0,0.3333333333333333,0.3333333333333333,21.0,7.0,0.42857142857142855,1.0,0.0,0.25
jazzband/pip-tools,77f05a9790db2d0c6fc0d33d53b62b806e13a13a,2026-05-23T06:10:47+00:00,0,1,1.0,1.0,1.0,1.0986122886681098,0.0,0.0,0.0,0.0,0.0,1.0,0.0,0.0,0.0,0.0,0.0,0.0,0.0,1.0,0.0,0.3181818181818182,0.3181818181818182,22.0,168.0,0.047619047619047616,1.0,0.0,0.2
jazzband/pip-tools,346aebcbc0a5a6449cc5000f7485fec472f59d04,2026-05-23T15:26:28+00:00,0,1,1.0,5.0,0.0,1.791759469228055,0.0,1.0,1.0,0.0,0.0,0.0,0.0,0.0,0.0,0.0,1.0,0.0,1.0,0.0,0.0,0.25,0.25,8.0,169.0,0.047337278106508875,0.0,0.0,0.15
jazzband/pip-tools,b106b97c65461ce51a1d8b6923310b2c5ebee4f0,2026-05-23T15:30:47+00:00,0,1,1.0,2.0,2.0,1.6094379124341003,1.0,0.0,0.0,1.0,0.0,0.0,0.0,0.0,0.0,0.0,0.0,0.0,1.0,0.0,0.0,0.09090909090909091,0.09090909090909091,22.0,169.0,0.047337278106508875,1.0,0.0,0.15
jazzband/pip-tools,34d95f0e7739f504308e1ac15c816b9d31d4308a,2026-05-23T16:37:51+00:00,1,1,3.0,22.0,0.0,3.1354942159291497,1.0,0.0,0.0,1.0,2.0,0.0,0.0,0.0,0.0,0.0,0.0,0.0,0.0,1.0,0.0,0.26666666666666666,0.1178743961352657,14.0,170.0,0.047058823529411764,1.0,0.0,0.15
jazzband/pip-tools,f7ef19c5cb1dbf390fb57d1e318b2a6088099289,2026-05-24T13:15:02+00:00,0,1,4.0,13.0,4.0,2.8903717578961645,0.0,2.0,3.0,0.0,1.0,0.0,0.0,0.0,0.0,0.0,1.0,0.0,0.0,1.0,0.0,0.5,0.21798871063576947,12.5,38.0,0.02631578947368421,1.0,1.0,0.15
jazzband/pip-tools,122a4a6ff445e9dd893ea9e619898b75b04e2090,2026-05-24T20:12:31+00:00,0,1,1.0,1.0,1.0,1.0986122886681098,0.0,0.0,0.0,0.0,1.0,0.0,0.0,0.0,0.0,0.0,0.0,1.0,1.0,0.0,0.0,0.0,0.0,1.0,172.0,0.05232558139534884,0.0,0.0,0.15
jazzband/pip-tools,ea789ca0368bad1cbde3f3eb5de89aee42898733,2026-05-24T21:00:09+00:00,0,1,10.0,93.0,77.0,5.14166355650266,0.0,0.0,0.0,0.0,10.0,0.0,0.0,0.0,0.0,0.0,0.0,1.0,0.0,1.0,0.0,0.4,0.18393939393939393,3.6,173.0,0.05202312138728324,1.0,0.0,0.15
jazzband/pip-tools,58f3e369cb853cf64631a742951d229391732445,2026-05-25T01:46:23+00:00,0,1,5.0,64.0,23.0,4.477336814478207,0.0,0.0,0.0,0.0,5.0,0.0,0.0,0.0,0.0,0.0,0.0,1.0,1.0,0.0,0.0,0.5,0.2976190476190476,4.2,174.0,0.05172413793103448,0.0,0.0,0.15
jazzband/pip-tools,43da0f615ed3703df3480f5e70e3a0600e0993f7,2026-05-25T17:35:37+00:00,0,1,1.0,1.0,1.0,1.0986122886681098,0.0,0.0,0.0,0.0,0.0,0.0,1.0,0.0,0.0,0.0,0.0,0.0,1.0,0.0,0.0,0.0410958904109589,0.0410958904109589,73.0,31.0,0.06451612903225806,1.0,0.0,0.1
jazzband/pip-tools,37c4da721076ce966ddf89e816e553296a6a3473,2026-05-25T21:26:15+00:00,1,1,1.0,1.0,1.0,1.0986122886681098,0.0,0.0,0.0,0.0,0.0,0.0,1.0,0.0,0.0,0.0,0.0,0.0,0.0,1.0,0.0,0.04054054054054054,0.04054054054054054,74.0,175.0,0.05142857142857143,1.0,0.0,0.1
jazzband/pip-tools,189f41331964d29db8525450f4c1e44e514303eb,2026-06-08T19:04:50+00:00,1,1,1.0,1.0,1.0,1.0986122886681098,0.0,0.0,0.0,0.0,0.0,0.0,1.0,1.0,0.0,0.0,0.0,0.0,1.0,0.0,0.0,0.043478260869565216,0.043478260869565216,46.0,176.0,0.056818181818181816,1.0,1.0,0.15
jazzband/pip-tools,00c3017a11ab8a1540f50b512a84319827fb33a1,2026-06-09T00:51:19+00:00,0,1,1.0,2.0,2.0,1.6094379124341003,0.0,0.0,0.0,0.0,0.0,0.0,1.0,1.0,0.0,0.0,0.0,0.0,1.0,0.0,0.0,0.06382978723404255,0.06382978723404255,47.0,177.0,0.062146892655367235,1.0,1.0,0.2
jazzband/pip-tools,0b9c154dfca9209875022c559d2882152e128466,2026-06-09T01:38:19+00:00,0,1,1.0,3.0,3.0,1.9459101490553132,0.0,0.0,0.0,0.0,0.0,0.0,1.0,1.0,0.0,0.0,0.0,0.0,0.0,1.0,0.0,0.0625,0.0625,48.0,39.0,0.02564102564102564,1.0,1.0,0.2
jazzband/pip-tools,51fd70e02e90e0d48093a8191157688d97374067,2026-06-09T02:28:18+00:00,0,1,2.0,7.0,0.0,2.0794415416798357,0.0,0.0,0.0,0.0,0.0,0.0,2.0,1.0,0.0,0.0,0.0,0.0,1.0,0.0,0.0,0.061224489795918366,0.030612244897959183,29.5,178.0,0.06179775280898876,1.0,0.0,0.2
jazzband/pip-tools,91636f5a1b49f8ff55b96088e43aa1a3a5dd4b2b,2026-06-09T22:55:59+00:00,0,1,2.0,7.0,0.0,2.0794415416798357,0.0,0.0,0.0,0.0,0.0,0.0,2.0,1.0,0.0,0.0,0.0,0.0,0.0,1.0,0.0,0.06,0.03,30.5,40.0,0.025,1.0,0.0,0.2
jazzband/pip-tools,61d55936c72006293517792ec85e9a90349a5b22,2026-06-15T11:53:35+00:00,0,1,2.0,8.0,0.0,2.1972245773362196,0.0,0.0,0.0,0.0,0.0,0.0,2.0,1.0,0.0,0.0,0.0,0.0,1.0,0.0,0.0,0.0,0.0,10.0,24.0,0.0,1.0,0.0,0.2
jazzband/pip-tools,1b065ba4d25e5d20ab7a88be4d4b3558f5f1695d,2026-06-15T17:34:58+00:00,1,1,1.0,2.0,2.0,1.6094379124341003,0.0,0.0,0.0,0.0,0.0,0.0,1.0,0.0,0.0,0.0,0.0,0.0,1.0,0.0,0.0,0.05333333333333334,0.05333333333333334,75.0,32.0,0.0625,1.0,0.0,0.2
jazzband/pip-tools,056f4850f08bfbe7c6d483a4261b02e0f282fa53,2026-06-20T00:44:29+00:00,1,1,1.0,36.0,31.0,4.219507705176107,20.0,0.0,0.0,1.0,0.0,0.0,0.0,0.0,0.0,0.0,0.0,0.0,1.0,0.0,0.0,0.1388888888888889,0.1388888888888889,36.0,179.0,0.061452513966480445,1.0,0.0,0.25
jazzband/pip-tools,24f4230b0fc9c964100b73f81599b0cc4eaff79a,2026-06-20T01:27:07+00:00,0,1,2.0,8.0,0.0,2.1972245773362196,0.0,0.0,0.0,0.0,0.0,0.0,2.0,1.0,0.0,0.0,0.0,0.0,0.0,1.0,0.0,0.0,0.0,11.0,180.0,0.06666666666666667,1.0,0.0,0.25
jazzband/pip-tools,1c411cf6685b103ac92093b8a55b72d49b238ad5,2026-06-20T04:12:34+00:00,0,1,1.0,2.0,2.0,1.6094379124341003,0.0,0.0,0.0,0.0,0.0,0.0,1.0,0.0,0.0,0.0,0.0,0.0,1.0,0.0,0.0,0.06578947368421052,0.06578947368421052,76.0,33.0,0.09090909090909091,1.0,0.0,0.25
jazzband/pip-tools,0a3035c63152fa17b5dd0c6de5fb53a2efa259a6,2026-07-06T17:39:34+00:00,1,1,1.0,2.0,2.0,1.6094379124341003,0.0,0.0,0.0,0.0,0.0,0.0,1.0,0.0,0.0,0.0,0.0,0.0,1.0,0.0,0.0,0.06493506493506493,0.06493506493506493,77.0,34.0,0.08823529411764706,1.0,0.0,0.25
jazzband/pip-tools,54f9c770bd83ae4585fa07f104870f9779b3b738,2026-07-10T19:59:22+00:00,1,1,1.0,10.0,24.0,3.5553480614894135,0.0,0.0,0.0,0.0,0.0,1.0,0.0,0.0,0.0,0.0,0.0,0.0,1.0,0.0,0.0,0.30434782608695654,0.30434782608695654,23.0,8.0,0.375,1.0,0.0,0.3
jazzband/pip-tools,4695c37c231d27065688119a658e9c97ff04efc0,2026-07-11T18:47:46+00:00,0,1,1.0,2.0,4.0,1.9459101490553132,0.0,0.0,0.0,1.0,0.0,1.0,0.0,0.0,0.0,0.0,0.0,0.0,1.0,0.0,1.0,0.0,0.0,0.0,181.0,0.06629834254143646,1.0,0.0,0.35
jazzband/pip-tools,e4c6852172e45520b015497f25623f2a79d068ea,2026-07-13T17:55:56+00:00,1,1,1.0,4.0,4.0,2.1972245773362196,0.0,0.0,0.0,0.0,0.0,0.0,1.0,0.0,0.0,0.0,0.0,0.0,1.0,0.0,0.0,0.07692307692307693,0.07692307692307693,78.0,35.0,0.11428571428571428,1.0,0.0,0.3
jazzband/pip-tools,57637dbf08aeefe88fec7786bcd07cf111f9f662,2026-07-13T21:03:05+00:00,0,1,1.0,2.0,4.0,1.9459101490553132,0.0,0.0,0.0,1.0,0.0,1.0,0.0,0.0,0.0,0.0,0.0,0.0,0.0,1.0,1.0,0.0,0.0,1.0,182.0,0.06593406593406594,1.0,0.0,0.35
jazzband/pip-tools,3d1faf6ad56d649d04930199e6b94110cf7341af,2026-07-13T21:19:20+00:00,0,1,1.0,1.0,1.0,1.0986122886681098,0.0,0.0,0.0,0.0,0.0,1.0,0.0,0.0,0.0,0.0,0.0,0.0,1.0,0.0,0.0,0.3333333333333333,0.3333333333333333,24.0,9.0,0.4444444444444444,0.0,0.0,0.35
jazzband/pip-tools,5247a6bd4ee11e6b88c026b887a52e18a30ae36e,2026-07-13T21:21:10+00:00,0,1,1.0,4.0,4.0,2.1972245773362196,0.0,0.0,0.0,0.0,0.0,0.0,1.0,0.0,0.0,0.0,0.0,0.0,1.0,0.0,0.0,0.08860759493670886,0.08860759493670886,79.0,36.0,0.1388888888888889,0.0,0.0,0.35
jazzband/pip-tools,fc3f877b89c27a89adce4e60d2ed224bae34caff,2026-07-13T22:54:41+00:00,1,1,1.0,1.0,1.0,1.0986122886681098,0.0,0.0,0.0,0.0,0.0,1.0,0.0,0.0,0.0,0.0,0.0,0.0,0.0,1.0,0.0,0.32,0.32,25.0,183.0,0.06557377049180328,1.0,0.0,0.35
jazzband/pip-tools,9a2d2c12a798d1986807a718e2ab0c92f1f9f81c,2026-07-13T23:15:29+00:00,0,1,1.0,4.0,4.0,2.1972245773362196,0.0,0.0,0.0,0.0,0.0,0.0,1.0,0.0,0.0,0.0,0.0,0.0,0.0,1.0,0.0,0.0875,0.0875,80.0,183.0,0.06557377049180328,0.0,0.0,0.35
jazzband/pip-tools,015146e1a114a5b6aee00f1c8d3a23db7f5898b0,2026-07-15T09:17:31+00:00,0,1,24.0,134.0,70.0,5.3230099791384085,0.0,0.0,0.0,0.0,24.0,0.0,0.0,0.0,0.0,0.0,0.0,1.0,1.0,0.0,0.0,0.375,0.06910430839002267,3.375,185.0,0.07027027027027027,1.0,0.0,0.4
jazzband/pip-tools,cbe77f06a778a6ccf5cf338f8e0a62fe7b9847c0,2026-07-16T05:03:45+00:00,0,1,1.0,2.0,2.0,1.6094379124341003,0.0,0.0,0.0,0.0,1.0,0.0,0.0,0.0,0.0,0.0,0.0,1.0,1.0,0.0,0.0,0.0,0.0,13.0,186.0,0.06989247311827956,1.0,0.0,0.35
jazzband/pip-tools,27f6a968be04fa60c0873d9025bd5e1824e09082,2026-07-17T03:16:33+00:00,1,3,24.0,134.0,70.0,5.3230099791384085,0.0,0.0,0.0,0.0,24.0,0.0,0.0,0.0,0.0,0.0,0.0,1.0,0.0,1.0,0.0,0.3333333333333333,0.05034722222222222,4.416666666666667,187.0,0.06951871657754011,1.0,0.0,0.3
jazzband/pip-tools,482f92bcb2786e63f58e80fd41b6a01b0153539d,2026-07-22T15:06:44+00:00,0,1,1.0,1.0,0.0,0.6931471805599453,0.0,0.0,0.0,0.0,1.0,0.0,0.0,0.0,0.0,0.0,0.0,1.0,1.0,0.0,0.0,0.0,0.0,0.0,0.0,0.0,0.0,0.0,0.35
jazzband/pip-tools,a2035a13359c37a70d36f37645be6cd2fe4b4851,2026-07-24T13:07:32+00:00,0,1,2.0,3.0,0.0,1.3862943611198906,0.0,0.0,0.0,0.0,1.0,1.0,0.0,0.0,0.0,0.0,0.0,0.0,1.0,0.0,0.0,0.2777777777777778,0.2777777777777778,9.0,188.0,0.07446808510638298,1.0,1.0,0.35
jazzband/pip-tools,c5dd954e5ca0cc0accdf79330a0d1056417161b1,2026-07-24T14:27:32+00:00,1,1,3.0,72.0,8.0,4.394449154672439,4.0,1.0,1.0,1.0,1.0,0.0,0.0,0.0,0.0,0.0,0.0,0.0,1.0,0.0,0.0,0.24,0.24,8.333333333333334,189.0,0.07407407407407407,1.0,1.0,0.35
jazzband/pip-tools,02ac2fefa28e03984365c484c73428b635244de1,2026-07-24T15:21:55+00:00,0,1,3.0,72.0,8.0,4.394449154672439,4.0,1.0,1.0,1.0,1.0,0.0,0.0,0.0,0.0,0.0,0.0,0.0,1.0,0.0,0.0,1.0,0.7564102564102564,9.333333333333334,190.0,0.07894736842105263,1.0,1.0,0.4
jazzband/pip-tools,39e4dbcd8c9266447ff9fc395472acc7bc07c702,2026-07-24T15:27:35+00:00,0,1,1.0,1.0,1.0,1.0986122886681098,0.0,0.0,0.0,0.0,1.0,0.0,0.0,0.0,0.0,0.0,0.0,1.0,1.0,0.0,0.0,0.0,0.0,1.0,41.0,0.024390243902439025,1.0,0.0,0.4
jazzband/pip-tools,6bdd2abcaea3883949733b412c76ebb21945069d,2026-07-24T15:56:10+00:00,0,1,2.0,2.0,2.0,1.6094379124341003,0.0,0.0,0.0,0.0,1.0,0.0,1.0,1.0,0.0,0.0,0.0,0.0,1.0,0.0,1.0,0.058823529411764705,0.058823529411764705,25.5,191.0,0.07853403141361257,1.0,1.0,0.35
jazzband/pip-tools,d57cb5f60a5644b10222d0183c2286244d36b397,2026-07-24T18:29:02+00:00,0,1,1.0,2.0,1.0,1.3862943611198906,0.0,0.0,0.0,0.0,1.0,0.0,0.0,0.0,0.0,0.0,0.0,1.0,1.0,0.0,0.0,0.5,0.5,2.0,191.0,0.07853403141361257,1.0,0.0,0.35
jazzband/pip-tools,7696792d0d9241e754079cc0e857fb780186ab79,2026-07-24T20:04:24+00:00,0,1,2.0,3.0,0.0,1.3862943611198906,0.0,0.0,0.0,0.0,1.0,1.0,0.0,0.0,0.0,0.0,0.0,0.0,0.0,1.0,1.0,0.2631578947368421,0.13157894736842105,10.5,192.0,0.078125,1.0,1.0,0.3
jazzband/pip-tools,63a01f956c210819022ffc7f03154dcd815dbc11,2026-07-24T20:07:56+00:00,0,1,1.0,10.0,24.0,3.5553480614894135,0.0,0.0,0.0,0.0,0.0,1.0,0.0,0.0,0.0,0.0,0.0,0.0,1.0,0.0,0.0,0.34615384615384615,0.34615384615384615,26.0,10.0,0.4,0.0,0.0,0.3
jazzband/pip-tools,1710b92c9f2201bf5771daabc2d2336d34988f58,2026-07-24T21:12:51+00:00,0,1,1.0,1.0,1.0,1.0986122886681098,0.0,0.0,0.0,0.0,0.0,1.0,0.0,0.0,0.0,0.0,0.0,0.0,1.0,0.0,0.0,0.3333333333333333,0.3333333333333333,27.0,11.0,0.36363636363636365,1.0,0.0,0.3
jazzband/pip-tools,bccf97a64210a5951588608b6f33301c73ee8871,2026-07-24T21:40:44+00:00,0,1,2.0,2.0,2.0,1.6094379124341003,0.0,0.0,0.0,0.0,1.0,0.0,1.0,1.0,0.0,0.0,0.0,0.0,0.0,1.0,1.0,0.057692307692307696,0.028846153846153848,26.5,193.0,0.07772020725388601,1.0,0.0,0.3
jazzband/pip-tools,e84d7436b134c433efc9ea35082606cf7ad7dd30,2026-07-25T05:33:30+00:00,0,1,3.0,49.0,0.0,3.912023005428146,3.0,1.0,1.0,1.0,1.0,0.0,0.0,0.0,0.0,0.0,0.0,0.0,1.0,0.0,0.0,0.0,0.0,5.0,0.0,0.0,1.0,0.0,0.2
jazzband/pip-tools,82ff3904d07d681306b23fcfe090706af8474f12,2026-07-28T18:59:22+00:00,0,1,1.0,1.0,1.0,1.0986122886681098,0.0,0.0,0.0,0.0,0.0,1.0,0.0,0.0,0.0,0.0,0.0,0.0,0.0,1.0,0.0,0.32142857142857145,0.32142857142857145,28.0,42.0,0.023809523809523808,1.0,0.0,0.15
jazzband/pip-tools,8a7f3e8d5545f3e105588dfedc16fab4483a4440,2026-07-29T14:44:43+00:00,0,1,1.0,1.0,1.0,1.0986122886681098,0.0,0.0,0.0,0.0,0.0,0.0,1.0,1.0,0.0,0.0,0.0,0.0,1.0,0.0,1.0,0.0,0.0,0.0,195.0,0.07692307692307693,0.0,0.0,0.15
jazzband/pip-tools,e7f9099f5a87e5c08fbdd9b6e6d7b8f2132cb8d4,2026-07-29T15:38:59+00:00,0,1,3.0,51.0,29.0,4.394449154672439,0.0,0.0,0.0,0.0,2.0,0.0,2.0,1.0,0.0,0.0,0.0,0.0,0.0,1.0,1.0,0.0,0.0,1.6666666666666667,196.0,0.07653061224489796,1.0,0.0,0.15
jazzband/pip-tools,c0f0572ae026d784a7cf2a567bd06987114ee550,2026-07-30T20:36:38+00:00,1,1,3.0,3.0,1.0,1.6094379124341003,0.0,0.0,0.0,0.0,2.0,0.0,1.0,0.0,0.0,0.0,0.0,0.0,1.0,0.0,0.0,0.08695652173913043,0.08695652173913043,7.666666666666667,0.0,0.0,0.0,0.0,0.15
jazzband/pip-tools,0946c55381d9b81e51ebef667a19f634c6e29218,2026-07-31T03:48:34+00:00,0,1,1.0,6.0,10.0,2.833213344056216,1.0,0.0,0.0,1.0,0.0,0.0,0.0,0.0,0.0,0.0,0.0,0.0,1.0,0.0,1.0,0.5,0.5,10.0,1.0,1.0,1.0,1.0,0.15
jazzband/pip-tools,5b25569e9a9ed7a2f7f7603c61b15562b5d51f16,2026-07-31T04:31:49+00:00,0,1,1.0,1.0,0.0,0.6931471805599453,0.0,0.0,0.0,0.0,1.0,0.0,0.0,0.0,0.0,0.0,0.0,1.0,1.0,0.0,0.0,0.0,0.0,0.0,1.0,0.0,0.0,0.0,0.15
jazzband/pip-tools,2e89294937a038a54fe668472280263c52f24fe1,2026-07-31T16:19:42+00:00,0,1,6.0,137.0,2.0,4.941642422609304,0.0,1.0,1.0,0.0,4.0,1.0,0.0,0.0,0.0,0.0,1.0,0.0,1.0,0.0,0.0,0.3333333333333333,0.2579022988505747,8.666666666666666,2.0,0.5,0.0,0.0,0.15
jazzband/pip-tools,75869b8d7831577e54e1f3b840d13c50f8395d9a,2026-08-04T23:53:49+00:00,1,1,1.0,3.0,0.0,1.3862943611198906,3.0,0.0,0.0,1.0,0.0,0.0,0.0,0.0,0.0,0.0,0.0,0.0,1.0,0.0,1.0,0.125,0.125,24.0,3.0,0.3333333333333333,1.0,0.0,0.15
jazzband/pip-tools,d5ff77918eae77505aa41878f382f1e4975331ae,2026-08-07T01:54:58+00:00,0,1,2.0,14.0,10.0,3.2188758248682006,0.0,0.0,0.0,0.0,2.0,0.0,0.0,0.0,0.0,0.0,0.0,1.0,1.0,0.0,0.0,0.5,0.25,1.5,4.0,0.5,1.0,0.0,0.15
jazzband/pip-tools,61777e6bf86e0d8cd0909502a9f36af7d0f66b6a,2026-08-07T02:11:21+00:00,0,1,2.0,28.0,18.0,3.8501476017100584,3.0,1.0,1.0,1.0,0.0,0.0,0.0,0.0,0.0,0.0,0.0,0.0,1.0,0.0,0.0,0.5,0.37962962962962965,14.5,197.0,0.07614213197969544,1.0,0.0,0.15
jazzband/pip-tools,29e28ed670d7f98e55fda425bf5741b5c9d272ea,2026-08-07T03:12:13+00:00,0,1,11.0,239.0,23.0,5.572154032177765,0.0,1.0,1.0,0.0,9.0,1.0,0.0,0.0,0.0,0.0,1.0,0.0,0.0,1.0,0.0,0.3333333333333333,0.1848382010146716,8.0,198.0,0.07575757575757576,1.0,0.0,0.15
jazzband/pip-tools,958131d94baa57678e1a7bb29b57f4294b178e01,2026-08-07T04:04:52+00:00,0,1,2.0,2.0,2.0,1.6094379124341003,2.0,2.0,2.0,0.0,0.0,0.0,0.0,0.0,0.0,0.0,1.0,0.0,1.0,0.0,1.0,0.15384615384615385,0.14358974358974358,14.0,5.0,0.4,1.0,0.0,0.1
jazzband/pip-tools,a6a547ac6abe881b57261c560fb77bfa20a9c35d,2026-08-07T04:52:21+00:00,0,1,1.0,11.0,10.0,3.091042453358316,6.0,0.0,0.0,1.0,0.0,0.0,0.0,0.0,0.0,0.0,0.0,0.0,1.0,0.0,1.0,0.16,0.16,25.0,6.0,0.3333333333333333,1.0,0.0,0.1
jazzband/pip-tools,9675360a4bd01056be25e1f611e2f76d321e6384,2026-08-07T05:24:48+00:00,0,1,2.0,2.0,2.0,1.6094379124341003,2.0,2.0,2.0,0.0,0.0,0.0,0.0,0.0,0.0,0.0,1.0,0.0,0.0,1.0,1.0,0.14285714285714285,0.13392857142857142,15.0,199.0,0.07537688442211055,1.0,0.0,0.1
jazzband/pip-tools,3017e1883054acfc024c2f3985f2fec118f12bb3,2026-08-07T06:55:15+00:00,0,1,1.0,32.0,41.0,4.30406509320417,6.0,0.0,0.0,1.0,0.0,0.0,0.0,0.0,0.0,0.0,0.0,0.0,1.0,0.0,0.0,0.15384615384615385,0.15384615384615385,26.0,7.0,0.2857142857142857,0.0,0.0,0.1
jazzband/pip-tools,67dbce4c484fa34eb80679db3618b34ff712d2a8,2026-08-07T12:15:54+00:00,0,1,3.0,83.0,8.0,4.5217885770490405,3.0,1.0,1.0,1.0,1.0,0.0,0.0,0.0,0.0,0.0,0.0,0.0,0.0,1.0,1.0,0.3333333333333333,0.3055555555555555,11.333333333333334,200.0,0.075,1.0,0.0,0.1
jazzband/pip-tools,38f7cec5e58962a5eef516ddaff503f9eae432b9,2026-08-07T15:33:25+00:00,0,1,1.0,11.0,10.0,3.091042453358316,6.0,0.0,0.0,1.0,0.0,0.0,0.0,0.0,0.0,0.0,0.0,0.0,0.0,1.0,1.0,0.14814814814814814,0.14814814814814814,27.0,201.0,0.07462686567164178,1.0,0.0,0.1
jazzband/pip-tools,66bd44681a8855418cb51b0b817f22a9d7e039b3,2026-08-07T20:45:07+00:00,0,1,1.0,4.0,1.0,1.791759469228055,1.0,0.0,0.0,1.0,0.0,0.0,0.0,0.0,0.0,0.0,0.0,0.0,1.0,0.0,0.0,0.14285714285714285,0.14285714285714285,28.0,8.0,0.25,1.0,0.0,0.1
jazzband/pip-tools,be3feba19f990d0e54abe721b3b60a8169b91e8e,2026-08-07T21:35:43+00:00,0,1,7.0,128.0,126.0,5.541263545158426,56.0,0.0,0.0,7.0,0.0,0.0,0.0,0.0,0.0,0.0,0.0,0.0,0.0,1.0,1.0,0.45454545454545453,0.1674397751983959,13.142857142857142,202.0,0.07425742574257425,1.0,0.0,0.1
jazzband/pip-tools,e4c6ac5b48dc2f1e6447a85a116bad8f5690a61a,2026-08-09T19:55:05+00:00,0,1,1.0,10.0,0.0,2.3978952727983707,0.0,0.0,0.0,0.0,1.0,0.0,0.0,0.0,0.0,0.0,0.0,1.0,1.0,0.0,0.0,0.0,0.0,1.0,25.0,0.0,0.0,0.0,0.1
jazzband/pip-tools,d375eaec74c5817ba2544dc3b803e53fe65446e5,2026-08-10T17:34:46+00:00,1,1,7.0,39.0,11.0,3.9318256327243257,5.0,2.0,4.0,1.0,2.0,0.0,0.0,0.0,0.0,0.0,0.0,0.0,1.0,0.0,0.0,1.0,0.2482758620689655,5.142857142857143,9.0,0.2222222222222222,0.0,0.0,0.1
jazzband/pip-tools,d50abd79d4fb8a390c007e16ab8647d9c1abe495,2026-08-10T17:42:35+00:00,0,1,1.0,2.0,2.0,1.6094379124341003,0.0,0.0,0.0,0.0,0.0,0.0,1.0,0.0,0.0,0.0,0.0,0.0,1.0,0.0,0.0,0.08641975308641975,0.08641975308641975,81.0,37.0,0.13513513513513514,1.0,0.0,0.1
jazzband/pip-tools,041bf6f970b0a61cacc90c2d50bed375b9a30228,2026-08-10T20:35:22+00:00,0,1,2.0,3.0,2.0,1.791759469228055,3.0,1.0,1.0,1.0,0.0,0.0,0.0,0.0,0.0,0.0,0.0,0.0,1.0,0.0,0.0,0.5,0.3833333333333333,16.0,203.0,0.07389162561576355,0.0,0.0,0.15
jazzband/pip-tools,a37111927f6865add0baf1f143b072cf9ebf93a1,2026-08-10T21:24:34+00:00,0,1,1.0,6.0,3.0,2.302585092994046,1.0,1.0,1.0,0.0,0.0,0.0,0.0,0.0,0.0,0.0,1.0,0.0,1.0,0.0,0.0,0.25806451612903225,0.25806451612903225,31.0,10.0,0.3,1.0,0.0,0.15
jazzband/pip-tools,b62ac68053b87e810d73084663cd3edfbdeff198,2026-08-10T21:39:23+00:00,0,1,1.0,2.0,2.0,1.6094379124341003,0.0,0.0,0.0,0.0,0.0,0.0,1.0,0.0,0.0,0.0,0.0,0.0,0.0,1.0,0.0,0.08536585365853659,0.08536585365853659,82.0,43.0,0.023255813953488372,1.0,0.0,0.15
jazzband/pip-tools,2f62a446a6ff780ba10b8fda133c59b900fdd753,2026-08-10T22:41:23+00:00,0,1,17.0,167.0,52.0,5.393627546352362,12.0,5.0,10.0,4.0,2.0,0.0,1.0,0.0,0.0,0.0,0.0,0.0,0.0,1.0,0.0,1.0,0.2598173589611283,12.176470588235293,204.0,0.07352941176470588,1.0,0.0,0.1
jazzband/pip-tools,fcb5adc485304ea9c4e966af810d541a0cf4fcb0,2026-08-10T23:03:59+00:00,0,1,8.0,42.0,15.0,4.060443010546419,0.0,0.0,0.0,0.0,8.0,0.0,0.0,0.0,0.0,0.0,0.0,1.0,1.0,0.0,0.0,1.0,0.1880952380952381,3.75,11.0,0.2727272727272727,0.0,0.0,0.1
jazzband/pip-tools,bde325c946f4f8317782310b5607d9dba734ad63,2026-08-11T19:32:33+00:00,0,1,8.0,42.0,15.0,4.060443010546419,0.0,0.0,0.0,0.0,8.0,0.0,0.0,0.0,0.0,0.0,0.0,1.0,1.0,0.0,0.0,0.3333333333333333,0.07447916666666667,5.0,12.0,0.25,1.0,0.0,0.1
jazzband/pip-tools,5bc5ded0b685637d6dffb926c00829220b4c6834,2026-08-11T22:13:42+00:00,0,1,8.0,42.0,15.0,4.060443010546419,0.0,0.0,0.0,0.0,8.0,0.0,0.0,0.0,0.0,0.0,0.0,1.0,0.0,1.0,0.0,0.25,0.05943627450980392,6.0,205.0,0.07317073170731707,1.0,0.0,0.05
jazzband/pip-tools,86de5f1365717abea9ac7587e06d2f5027706a8c,2026-08-12T02:25:10+00:00,1,1,10.0,14.0,27.0,3.7376696182833684,7.0,3.0,4.0,1.0,1.0,1.0,3.0,1.0,0.0,0.0,0.0,0.0,1.0,0.0,0.0,0.25,0.09587276774209903,26.9,13.0,0.23076923076923078,1.0,0.0,0.05
jazzband/pip-tools,aed08778053c562bb6dd41f5ade4d969f46df9db,2026-08-12T03:11:25+00:00,1,1,1.0,1.0,7.0,2.1972245773362196,0.0,1.0,1.0,0.0,0.0,0.0,0.0,0.0,0.0,0.0,1.0,0.0,1.0,0.0,1.0,0.2,0.2,10.0,14.0,0.2857142857142857,0.0,0.0,0.1
jazzband/pip-tools,1301cf5214f2545ceb71e48b3d495e94568cd267,2026-08-12T04:10:41+00:00,0,1,2.0,8.0,3.0,2.4849066497880004,2.0,1.0,1.0,1.0,0.0,0.0,0.0,0.0,0.0,0.0,0.0,0.0,1.0,0.0,0.0,0.13333333333333333,0.12222222222222222,24.0,15.0,0.3333333333333333,0.0,0.0,0.15
jazzband/pip-tools,eac8fca937cd6713d9a33ff440dc2957f43e7564,2026-08-12T05:49:10+00:00,1,1,14.0,47.0,1143.0,7.0825485693553,57.0,3.0,4.0,6.0,4.0,0.0,0.0,0.0,0.0,0.0,0.0,0.0,1.0,0.0,0.0,0.5,0.2245966874256348,14.0,15.0,0.3333333333333333,1.0,0.0,0.15
jazzband/pip-tools,73603e7084ff00078e805626f8de8418b21a1533,2026-08-12T16:46:45+00:00,0,1,2.0,16.0,9.0,3.258096538021482,2.0,0.0,0.0,1.0,0.0,0.0,1.0,0.0,0.0,0.0,0.0,0.0,1.0,0.0,1.0,0.09523809523809523,0.047619047619047616,43.5,17.0,0.35294117647058826,1.0,0.0,0.2
jazzband/pip-tools,d0757135020b42f45282540a46f00289aee09246,2026-08-12T23:16:50+00:00,0,1,3.0,103.0,25.0,4.859812404361672,6.0,2.0,2.0,1.0,0.0,0.0,0.0,0.0,0.0,0.0,0.0,0.0,1.0,0.0,0.0,0.125,0.125,8.0,18.0,0.3333333333333333,1.0,0.0,0.2
jazzband/pip-tools,bf8d7e00a7952288112fa119d21d64f7b02ed214,2026-08-12T23:59:37+00:00,0,1,1.0,18.0,0.0,2.9444389791664403,1.0,0.0,0.0,1.0,0.0,0.0,0.0,0.0,0.0,0.0,0.0,0.0,1.0,0.0,0.0,0.3,0.3,10.0,19.0,0.3157894736842105,1.0,0.0,0.2
jazzband/pip-tools,9210b3377690116230134d8b43aee2db3f87b418,2026-08-13T00:16:51+00:00,0,1,1.0,1.0,0.0,0.6931471805599453,0.0,1.0,1.0,0.0,0.0,0.0,0.0,0.0,0.0,0.0,1.0,0.0,1.0,0.0,0.0,0.2727272727272727,0.2727272727272727,11.0,19.0,0.3157894736842105,1.0,0.0,0.2
jazzband/pip-tools,fb61ab44007d58095e7b944491cf7f3051a1e039,2026-08-13T00:40:05+00:00,0,1,2.0,2.0,2.0,1.6094379124341003,0.0,0.0,0.0,0.0,1.0,0.0,1.0,1.0,0.0,0.0,0.0,0.0,1.0,0.0,0.0,0.07407407407407407,0.07407407407407407,27.0,20.0,0.3,1.0,0.0,0.2
jazzband/pip-tools,360318f3b9cc770c8edc25a090b5668e58aa3286,2026-08-13T00:58:36+00:00,0,1,1.0,33.0,0.0,3.5263605246161616,2.0,0.0,0.0,1.0,0.0,0.0,0.0,0.0,0.0,0.0,0.0,0.0,1.0,0.0,0.0,0.0,0.0,0.0,22.0,0.2727272727272727,1.0,0.0,0.2
jazzband/pip-tools,5dc4e0d3b62a65c28292109120fdfe0085631cb3,2026-08-13T01:17:07+00:00,0,1,3.0,35.0,4.0,3.6888794541139363,3.0,1.0,2.0,1.0,0.0,0.0,0.0,0.0,0.0,0.0,0.0,0.0,1.0,0.0,0.0,0.5454545454545454,0.2954545454545454,11.0,22.0,0.2727272727272727,0.0,0.0,0.2
jazzband/pip-tools,ea3748292f9bd3d1a94da324559201cf6e700305,2026-08-14T15:27:29+00:00,1,1,1.0,18.0,0.0,2.9444389791664403,1.0,0.0,0.0,1.0,0.0,0.0,0.0,0.0,0.0,0.0,0.0,0.0,0.0,1.0,0.0,0.2727272727272727,0.2727272727272727,11.0,206.0,0.07281553398058252,0.0,0.0,0.2
jazzband/pip-tools,bada570bf3c47793355e694aa503c50bdeacfbf5,2026-08-14T15:36:25+00:00,0,1,1.0,1.0,0.0,0.6931471805599453,0.0,1.0,1.0,0.0,0.0,0.0,0.0,0.0,0.0,0.0,1.0,0.0,1.0,0.0,0.0,0.25,0.25,12.0,24.0,0.25,0.0,0.0,0.2
jazzband/pip-tools,38ab0369faf74718b9065a5ea40bdad8300fc920,2026-08-14T15:59:49+00:00,0,1,6.0,197.0,5.0,5.313205979041787,3.0,0.0,0.0,3.0,0.0,0.0,3.0,1.0,0.0,0.0,0.0,0.0,1.0,0.0,0.0,0.15384615384615385,0.03776223776223776,15.5,206.0,0.07281553398058252,0.0,0.0,0.2
jazzband/pip-tools,2a7bbe1f219fa2453c5c51b4c5a4eb4d6f6fa3eb,2026-08-14T16:05:36+00:00,0,1,6.0,197.0,5.0,5.313205979041787,3.0,0.0,0.0,3.0,0.0,0.0,3.0,1.0,0.0,0.0,0.0,0.0,1.0,0.0,0.0,0.15384615384615385,0.03776223776223776,15.5,207.0,0.07729468599033816,1.0,1.0,0.2
jazzband/pip-tools,8f2b7888ddbef793d4a3da977b5badf2298128a6,2026-08-14T18:51:05+00:00,0,1,1.0,1.0,0.0,0.6931471805599453,0.0,1.0,1.0,0.0,0.0,0.0,0.0,0.0,0.0,0.0,1.0,0.0,0.0,1.0,0.0,0.23076923076923078,0.23076923076923078,13.0,209.0,0.07655502392344497,1.0,1.0,0.2
jazzband/pip-tools,d7116c5f970d0f1995de6288f7391061a8ea85da,2026-08-15T00:17:33+00:00,0,1,1.0,9.0,0.0,2.302585092994046,2.0,0.0,0.0,1.0,0.0,0.0,0.0,0.0,0.0,0.0,0.0,0.0,1.0,0.0,0.0,0.0,0.0,2.0,25.0,0.24,0.0,0.0,0.2
jazzband/pip-tools,3a54d0cde32f9124122d16b789f14b5dd35ceb38,2026-08-15T01:32:07+00:00,0,1,1.0,42.0,0.0,3.7612001156935624,2.0,0.0,0.0,1.0,0.0,0.0,0.0,0.0,0.0,0.0,0.0,0.0,0.0,1.0,0.0,0.0,0.0,3.0,210.0,0.0761904761904762,1.0,0.0,0.2
jazzband/pip-tools,499432cac93f4b6003bec238aa1aeb76ede8c5ad,2026-08-15T01:39:35+00:00,0,1,1.0,1.0,1.0,1.0986122886681098,1.0,0.0,0.0,1.0,0.0,0.0,0.0,0.0,0.0,0.0,0.0,0.0,1.0,0.0,0.0,0.0,0.0,1.0,26.0,0.23076923076923078,1.0,0.0,0.2
jazzband/pip-tools,aa27edbd6ef9933bd564bb47952d781723fce8db,2026-08-15T01:40:08+00:00,0,1,6.0,9.0,22.0,3.4657359027997265,3.0,1.0,1.0,0.0,1.0,1.0,3.0,1.0,0.0,0.0,1.0,0.0,1.0,0.0,0.0,1.0,0.2854774190377905,36.166666666666664,26.0,0.23076923076923078,1.0,0.0,0.2
jazzband/pip-tools,d1ce0e103f31847ec539a5924e0e1752cd6e5318,2026-08-15T01:40:45+00:00,0,1,3.0,35.0,4.0,3.6888794541139363,3.0,1.0,2.0,1.0,0.0,0.0,0.0,0.0,0.0,0.0,0.0,0.0,1.0,0.0,0.0,0.5,0.18115942028985507,12.666666666666666,26.0,0.23076923076923078,0.0,0.0,0.2
jazzband/pip-tools,d9cc1f485c50d44c6c80b2f1d4213c3a609f7dd2,2026-08-15T02:18:37+00:00,0,1,1.0,4.0,4.0,2.1972245773362196,0.0,0.0,0.0,0.0,0.0,0.0,1.0,1.0,0.0,0.0,0.0,0.0,1.0,0.0,0.0,0.07017543859649122,0.07017543859649122,57.0,26.0,0.23076923076923078,1.0,0.0,0.2
jazzband/pip-tools,a758b28d715c01937d8b3e27ec8d96877a404503,2026-08-15T07:59:02+00:00,0,1,1.0,6.0,4.0,2.3978952727983707,1.0,1.0,1.0,0.0,0.0,0.0,0.0,0.0,0.0,0.0,1.0,0.0,1.0,0.0,0.0,0.041666666666666664,0.041666666666666664,24.0,30.0,0.2,1.0,0.0,0.1
jazzband/pip-tools,ee7a5327796fb32b14087a12714c8e7759dff010,2026-08-15T14:35:03+00:00,0,1,1.0,6.0,4.0,2.3978952727983707,1.0,1.0,1.0,0.0,0.0,0.0,0.0,0.0,0.0,0.0,1.0,0.0,0.0,1.0,0.0,0.04,0.04,25.0,44.0,0.022727272727272728,1.0,0.0,0.1
jazzband/pip-tools,9b918fdd80b414af64bddd83a074a37997a5d923,2026-08-15T19:27:46+00:00,0,1,49.0,1130.0,294.0,7.261927092702751,114.0,7.0,16.0,15.0,11.0,2.0,6.0,1.0,0.0,0.0,0.0,0.0,1.0,1.0,0.0,0.5,0.1577180911564559,13.653061224489797,0.0,0.0,0.0,0.0,0.05
jazzband/pip-tools,99943231de508af3a7232cd55be44805ccd7ea88,2026-08-15T21:56:05+00:00,0,1,2.0,2.0,0.0,1.0986122886681098,0.0,0.0,0.0,0.0,2.0,0.0,0.0,0.0,0.0,0.0,0.0,1.0,1.0,0.0,0.0,0.0,0.0,0.0,31.0,0.1935483870967742,1.0,0.0,0.05
jazzband/pip-tools,ce259da151be138de6a3c23f1bb506ef37970513,2026-08-17T17:51:32+00:00,0,1,1.0,2.0,2.0,1.6094379124341003,0.0,0.0,0.0,0.0,0.0,0.0,1.0,0.0,0.0,0.0,0.0,0.0,1.0,0.0,0.0,0.09195402298850575,0.09195402298850575,87.0,38.0,0.13157894736842105,1.0,0.0,0.05
jazzband/pip-tools,7b962c0a583e264df6ba52e6357c1654747d75d8,2026-08-19T08:11:07+00:00,0,1,1.0,2.0,2.0,1.6094379124341003,0.0,0.0,0.0,0.0,0.0,0.0,1.0,0.0,0.0,0.0,0.0,0.0,0.0,1.0,0.0,0.09090909090909091,0.09090909090909091,88.0,45.0,0.022222222222222223,1.0,0.0,0.05
jazzband/pip-tools,a1f3d88277063dccf65b1c5b7dfc29bc3b6ff7c8,2026-08-22T00:51:25+00:00,0,1,1.0,17.0,0.0,2.8903717578961645,1.0,0.0,0.0,1.0,0.0,0.0,0.0,0.0,0.0,0.0,0.0,0.0,1.0,0.0,0.0,0.2,0.2,5.0,32.0,0.1875,1.0,0.0,0.05
jazzband/pip-tools,bb80934a1b61ca0ac21f731f589fca12ff4afe25,2026-08-22T00:54:54+00:00,0,1,6.0,9.0,22.0,3.4657359027997265,3.0,1.0,1.0,0.0,1.0,1.0,3.0,1.0,0.0,0.0,1.0,0.0,1.0,0.0,0.0,0.5,0.1943569701752408,38.333333333333336,32.0,0.1875,0.0,0.0,0.05
jazzband/pip-tools,f30c84870e8751a7bea1e726c30a780e93909fd4,2026-08-22T01:41:04+00:00,0,1,1.0,28.0,1.0,3.4011973816621555,2.0,0.0,0.0,1.0,0.0,0.0,0.0,0.0,0.0,0.0,0.0,0.0,1.0,0.0,0.0,0.19047619047619047,0.19047619047619047,42.0,34.0,0.17647058823529413,1.0,0.0,0.05
jazzband/pip-tools,1cfbe8a2e06ca266b84d71a671277b9a50de5371,2026-08-22T06:21:36+00:00,0,1,1.0,27.0,3.0,3.4339872044851463,2.0,0.0,0.0,1.0,0.0,0.0,0.0,0.0,0.0,0.0,0.0,0.0,1.0,0.0,0.0,0.16666666666666666,0.16666666666666666,6.0,35.0,0.17142857142857143,1.0,0.0,0.05
jazzband/pip-tools,a1c6e0b8c6f9aa1105dc341b6f82e2deaa3ec69f,2026-08-22T09:58:36+00:00,0,1,1.0,28.0,1.0,3.4011973816621555,2.0,0.0,0.0,1.0,0.0,0.0,0.0,0.0,0.0,0.0,0.0,0.0,0.0,1.0,0.0,0.18604651162790697,0.18604651162790697,43.0,46.0,0.021739130434782608,1.0,0.0,0.0
jazzband/pip-tools,0de7144fe0c4a1d41ff9a5d4d2ab31872cf436e8,2026-08-22T10:26:41+00:00,0,1,1.0,1.0,1.0,1.0986122886681098,1.0,0.0,0.0,1.0,0.0,0.0,0.0,0.0,0.0,0.0,0.0,0.0,0.0,1.0,0.0,0.0,0.0,2.0,46.0,0.021739130434782608,0.0,0.0,0.0
jazzband/pip-tools,6f2efe19f29b6160c5b0866fa4ced6b1f1721c76,2026-08-22T14:53:14+00:00,0,1,1.0,7.0,5.0,2.5649493574615367,1.0,0.0,0.0,1.0,0.0,0.0,0.0,0.0,0.0,0.0,0.0,0.0,1.0,0.0,0.0,0.14285714285714285,0.14285714285714285,7.0,36.0,0.16666666666666666,1.0,0.0,0.0
jazzband/pip-tools,c58d5d945c0f20e9713e10f5fea2491a5c984f39,2026-08-22T15:40:19+00:00,0,1,1.0,44.0,1.0,3.828641396489095,2.0,0.0,0.0,1.0,0.0,0.0,0.0,0.0,0.0,0.0,0.0,0.0,0.0,1.0,0.0,0.125,0.125,8.0,211.0,0.07582938388625593,1.0,0.0,0.0
jazzband/pip-tools,4f8f3abdd7ba2585e905983afc08fc518d82d86a,2026-08-23T07:00:09+00:00,1,1,5.0,790.0,951.0,7.462789157412448,181.0,0.0,0.0,4.0,1.0,0.0,0.0,0.0,0.0,0.0,0.0,0.0,1.0,0.0,0.0,0.18181818181818182,0.08333333333333334,17.4,37.0,0.16216216216216217,1.0,0.0,0.0
jazzband/pip-tools,68093186081eb09219af5204bc05c3866f3afd30,2026-08-23T21:35:46+00:00,0,1,2.0,8.0,12.0,3.044522437723423,1.0,0.0,0.0,2.0,0.0,0.0,0.0,0.0,0.0,0.0,0.0,0.0,1.0,0.0,0.0,0.2,0.2,22.5,38.0,0.18421052631578946,1.0,1.0,0.05
jazzband/pip-tools,9bbcac913dbd5248dfc59aeeb3412734b8cabf42,2026-08-24T01:46:25+00:00,0,1,1.0,23.0,0.0,3.1780538303479458,1.0,0.0,0.0,1.0,0.0,0.0,0.0,0.0,0.0,0.0,0.0,0.0,1.0,0.0,0.0,0.0,0.0,0.0,39.0,0.1794871794871795,1.0,0.0,0.05
jazzband/pip-tools,06cbe8069d154870132a8f3dffcfe3760190f649,2026-08-24T03:58:21+00:00,0,1,2.0,35.0,0.0,3.58351893845611,2.0,0.0,0.0,2.0,0.0,0.0,0.0,0.0,0.0,0.0,0.0,0.0,1.0,0.0,0.0,0.1956521739130435,0.09782608695652174,23.5,40.0,0.175,1.0,0.0,0.05
jazzband/pip-tools,61b66729b6a43ec32c16398194f9f761b603f732,2026-08-31T17:47:24+00:00,1,1,1.0,1.0,1.0,1.0986122886681098,0.0,0.0,0.0,0.0,0.0,0.0,1.0,0.0,0.0,0.0,0.0,0.0,1.0,0.0,0.0,0.08888888888888889,0.08888888888888889,90.0,39.0,0.1282051282051282,1.0,0.0,0.05
jazzband/pip-tools,6c4358d94b9b9b6d21612e520f1e9c81031fd4b9,2026-09-07T11:13:05+00:00,1,1,3.0,16.0,2.0,2.9444389791664403,2.0,1.0,1.0,1.0,1.0,0.0,0.0,0.0,0.0,0.0,0.0,0.0,1.0,0.0,1.0,0.3076923076923077,0.2094017094017094,13.333333333333334,0.0,0.0,1.0,0.0,0.1
jazzband/pip-tools,925a01d1f3b7248961a45f167849be2e281ca2c9,2026-09-10T15:27:48+00:00,0,1,4.0,54.0,14.0,4.23410650459726,5.0,3.0,3.0,0.0,1.0,0.0,0.0,0.0,0.0,0.0,1.0,0.0,1.0,0.0,0.0,0.14285714285714285,0.08994708994708994,13.75,41.0,0.17073170731707318,1.0,1.0,0.15
jazzband/pip-tools,9d5291328df70c85bf11c12277d190e7e41dd6e6,2026-09-10T22:12:14+00:00,0,1,2.0,6.0,5.0,2.4849066497880004,2.0,1.0,1.0,0.0,1.0,0.0,0.0,0.0,0.0,0.0,1.0,0.0,1.0,0.0,0.0,0.0,0.0,1.0,42.0,0.16666666666666666,1.0,0.0,0.15
jazzband/pip-tools,6ac50ddd1e29fb02cf15f64465a6721e77209dca,2026-09-14T17:43:28+00:00,1,1,1.0,2.0,2.0,1.6094379124341003,0.0,0.0,0.0,0.0,0.0,0.0,1.0,0.0,0.0,0.0,0.0,0.0,1.0,0.0,0.0,0.0989010989010989,0.0989010989010989,91.0,40.0,0.15,1.0,0.0,0.15
jazzband/pip-tools,b500d51ff1e2d8e67a8e013a19a29c728c9c907f,2026-09-16T15:47:29+00:00,1,1,2.0,12.0,8.0,3.044522437723423,4.0,1.0,1.0,1.0,0.0,0.0,0.0,0.0,0.0,0.0,0.0,0.0,1.0,0.0,0.0,0.35714285714285715,0.17857142857142858,8.0,212.0,0.07547169811320754,1.0,0.0,0.2
jazzband/pip-tools,194d79a74cbee102c8268a37cd297f4b0d4f7b99,2026-09-18T01:30:37+00:00,1,1,1.0,11.0,25.0,3.6109179126442243,0.0,0.0,0.0,0.0,0.0,1.0,0.0,0.0,0.0,0.0,0.0,0.0,1.0,0.0,0.0,0.28125,0.28125,32.0,12.0,0.3333333333333333,1.0,0.0,0.25
jazzband/pip-tools,e4187bda8ba559e4bc1991db0635b76a86ab079c,2026-09-18T19:57:23+00:00,1,1,6.0,75.0,16.0,4.5217885770490405,6.0,3.0,3.0,1.0,2.0,0.0,0.0,0.0,0.0,0.0,0.0,0.0,0.0,1.0,0.0,1.0,0.3178297755883963,13.0,213.0,0.07981220657276995,1.0,0.0,0.3
jazzband/pip-tools,b1163e23ae1a7e471cae16deb9c2145d73fd7298,2026-09-19T01:26:50+00:00,1,1,1.0,2.0,2.0,1.6094379124341003,0.0,0.0,0.0,0.0,0.0,0.0,1.0,0.0,0.0,0.0,0.0,0.0,1.0,0.0,0.0,0.10869565217391304,0.10869565217391304,92.0,41.0,0.17073170731707318,1.0,1.0,0.35
jazzband/pip-tools,5b0f22581bd723fbeca390505a8a82edafbdebda,2026-09-19T02:21:15+00:00,1,1,1.0,2.0,2.0,1.6094379124341003,0.0,0.0,0.0,0.0,0.0,0.0,1.0,0.0,0.0,0.0,0.0,0.0,0.0,1.0,0.0,0.11827956989247312,0.11827956989247312,93.0,48.0,0.020833333333333332,1.0,1.0,0.4
jazzband/pip-tools,bc9eaf5264984ddf9b65c28ac472ffbf0cc74cfb,2026-09-19T06:05:21+00:00,1,1,2.0,1.0,3.0,1.6094379124341003,0.0,0.0,0.0,0.0,2.0,0.0,0.0,0.0,0.0,0.0,0.0,1.0,1.0,0.0,1.0,0.05263157894736842,0.02631578947368421,17.0,43.0,0.16279069767441862,1.0,1.0,0.45
jazzband/pip-tools,f98c3594290b7e9b11093333c3548699ed267edb,2026-09-19T06:21:56+00:00,0,1,2.0,16.0,16.0,3.4965075614664802,0.0,0.0,0.0,0.0,1.0,0.0,1.0,0.0,0.0,0.0,0.0,0.0,1.0,0.0,0.0,0.12903225806451613,0.12903225806451613,15.5,43.0,0.16279069767441862,0.0,0.0,0.45
jazzband/pip-tools,e43f5f009cc45dc89b21ccfc7b2b900355ee6e97,2026-09-22T16:06:10+00:00,0,1,4.0,56.0,2.0,4.07753744390572,0.0,0.0,0.0,0.0,2.0,1.0,1.0,0.0,0.0,0.0,0.0,0.0,0.0,1.0,1.0,0.25,0.125,14.25,49.0,0.04081632653061224,1.0,1.0,0.5
jazzband/pip-tools,f3b2f02f74a7e8498fdc7ca9a7d1785664d25552,2026-09-22T18:28:09+00:00,0,1,2.0,1.0,3.0,1.6094379124341003,0.0,0.0,0.0,0.0,2.0,0.0,0.0,0.0,0.0,0.0,0.0,1.0,1.0,0.0,1.0,0.1,0.08125,18.0,45.0,0.17777777777777778,1.0,0.0,0.5
jazzband/pip-tools,5b7e07c985e04b83f026dcde83dba3d42a718902,2026-09-22T20:46:25+00:00,0,1,6.0,9.0,22.0,3.4657359027997265,3.0,1.0,1.0,0.0,1.0,1.0,3.0,1.0,0.0,0.0,1.0,0.0,1.0,0.0,0.0,0.3333333333333333,0.16648165176940902,40.5,46.0,0.17391304347826086,0.0,0.0,0.5
jazzband/pip-tools,2c19c02a95585ca630923b397ba14bf852822dd3,2026-09-22T20:48:03+00:00,0,1,3.0,103.0,25.0,4.859812404361672,6.0,2.0,2.0,1.0,0.0,0.0,0.0,0.0,0.0,0.0,0.0,0.0,1.0,0.0,0.0,0.1111111111111111,0.037037037037037035,9.666666666666666,46.0,0.17391304347826086,0.0,0.0,0.5
jazzband/pip-tools,58854f545a493c1da58a1a73d67f9de224c89244,2026-09-28T17:52:47+00:00,0,1,1.0,2.0,2.0,1.6094379124341003,0.0,0.0,0.0,0.0,0.0,0.0,1.0,0.0,0.0,0.0,0.0,0.0,1.0,0.0,0.0,0.12631578947368421,0.12631578947368421,95.0,42.0,0.19047619047619047,0.0,0.0,0.5
jazzband/pip-tools,29e1ef3d50ed387ac122268602c5028ba3eee97b,2026-09-28T20:10:06+00:00,1,1,1.0,2.0,2.0,1.6094379124341003,0.0,0.0,0.0,0.0,0.0,0.0,1.0,0.0,0.0,0.0,0.0,0.0,0.0,1.0,0.0,0.125,0.125,96.0,50.0,0.04,0.0,0.0,0.45
jazzband/pip-tools,e2fd0a353e5a78252c8c3df80a11aba2a00e1025,2026-09-28T22:01:16+00:00,0,1,1.0,1.0,1.0,1.0986122886681098,0.0,0.0,0.0,0.0,0.0,1.0,0.0,0.0,0.0,0.0,0.0,0.0,1.0,0.0,0.0,0.30303030303030304,0.30303030303030304,33.0,13.0,0.38461538461538464,1.0,0.0,0.5
jazzband/pip-tools,28538e4385d270b8500cc5e2088294cf13456aee,2026-09-28T22:57:19+00:00,0,1,1.0,1.0,1.0,1.0986122886681098,0.0,0.0,0.0,0.0,0.0,1.0,0.0,0.0,0.0,0.0,0.0,0.0,0.0,1.0,0.0,0.29411764705882354,0.29411764705882354,34.0,214.0,0.08411214953271028,1.0,1.0,0.5
jazzband/pip-tools,b6ec68aa7897ddf661461365afac41c10f21bed4,2026-10-01T16:35:44+00:00,0,1,1.0,2.0,1.0,1.3862943611198906,0.0,0.0,0.0,0.0,1.0,0.0,0.0,0.0,0.0,0.0,0.0,1.0,1.0,0.0,0.0,0.0,0.0,0.0,0.0,0.0,0.0,0.0,0.5
jazzband/pip-tools,2190d1e0474747020eac9e814ae13ef1a989c5d6,2026-10-02T06:46:32+00:00,0,1,1.0,1.0,1.0,1.0986122886681098,0.0,0.0,0.0,0.0,1.0,0.0,0.0,0.0,0.0,0.0,0.0,1.0,1.0,0.0,0.0,0.0,0.0,1.0,0.0,0.0,1.0,0.0,0.45
