repo,sha,created_at,label,n_runs,n_files,lines_added,lines_deleted,log_churn,n_functions_changed,n_modules,n_src_files,n_test_files,n_docs_files,n_dependency_files,n_config_files,ci_config_changed,n_db_related,n_security_related,src_without_tests,docs_only,is_pull_request,is_merge,msg_mentions_fix,hist_file_max_failure_rate,hist_file_mean_failure_rate,hist_file_mean_prior_changes,author_prior_commits,author_failure_rate,parent_known,parent_failed,repo_recent_failure_rate
pallets/click,ff795b66ba945239c779b528171f5fe4536cf844,2026-03-15T05:51:28+00:00,0,1,1.0,2.0,2.0,1.6094379124341003,0.0,0.0,0.0,0.0,0.0,0.0,1.0,0.0,0.0,0.0,0.0,0.0,1.0,0.0,0.0,0.0,0.0,0.0,0.0,0.0,0.0,0.0,0.0
pallets/click,781d6a88bdd30229e72a84cd6753b0235f339679,2026-03-15T05:53:02+00:00,0,1,6.0,24.0,24.0,3.8918202981106265,0.0,0.0,0.0,0.0,0.0,0.0,6.0,1.0,0.0,0.0,0.0,0.0,0.0,1.0,0.0,0.0,0.0,0.16666666666666666,0.0,0.0,0.0,0.0,0.0
pallets/click,5540af65b0a7ff97a4252445ff103b59fcf1862f,2026-03-15T05:53:22+00:00,0,1,6.0,24.0,24.0,3.8918202981106265,0.0,0.0,0.0,0.0,0.0,0.0,6.0,1.0,0.0,0.0,0.0,0.0,1.0,1.0,0.0,0.0,0.0,0.16666666666666666,0.0,0.0,0.0,0.0,0.0
pallets/click,5db412ad777a40881c884dc0e17ade539dd58b67,2026-03-15T05:55:57+00:00,0,1,6.0,24.0,24.0,3.8918202981106265,0.0,0.0,0.0,0.0,0.0,0.0,6.0,1.0,0.0,0.0,0.0,0.0,1.0,1.0,0.0,0.0,0.0,2.1666666666666665,1.0,0.0,0.0,0.0,0.0
pallets/click,3a7c9d96ac4819c996917d9ff330c708cf6c6ffe,2026-03-18T18:29:26+00:00,0,1,2.0,29.0,0.0,3.4011973816621555,3.0,1.0,1.0,1.0,0.0,0.0,0.0,0.0,0.0,0.0,0.0,0.0,1.0,0.0,1.0,0.0,0.0,0.0,0.0,0.0,0.0,0.0,0.0
pallets/click,91a979d692f51881da6b598e6cd48542de639f72,2026-03-19T00:38:40+00:00,0,1,3.0,33.0,0.0,3.5263605246161616,5.0,2.0,2.0,1.0,0.0,0.0,0.0,0.0,0.0,0.0,0.0,0.0,1.0,0.0,0.0,0.0,0.0,0.0,0.0,0.0,0.0,0.0,0.0
pallets/click,6065e69bc249ab17bb1a38b1107e6f0dcbb8f14e,2026-03-19T00:39:14+00:00,0,1,2.0,4.0,0.0,1.6094379124341003,0.0,1.0,1.0,1.0,0.0,0.0,0.0,0.0,0.0,0.0,0.0,0.0,1.0,0.0,1.0,0.0,0.0,0.0,0.0,0.0,0.0,0.0,0.0
pallets/click,b9c7cbcb9e587739572a69a87dae3f885f3b6768,2026-03-19T11:52:23+00:00,0,1,1.0,3.0,3.0,1.9459101490553132,1.0,1.0,1.0,0.0,0.0,0.0,0.0,0.0,0.0,0.0,1.0,0.0,1.0,0.0,1.0,0.0,0.0,0.0,0.0,0.0,0.0,0.0,0.0
pallets/click,6439ba2b568e43f4e5771cab1ed243f1d3951032,2026-03-19T22:15:29+00:00,0,1,2.0,70.0,0.0,4.2626798770413155,7.0,1.0,1.0,1.0,0.0,0.0,0.0,0.0,0.0,0.0,0.0,0.0,1.0,0.0,0.0,0.0,0.0,0.5,0.0,0.0,0.0,0.0,0.0
pallets/click,42c0b7c0fd85434150185ca2da37f3dc771de024,2026-03-19T22:16:04+00:00,0,1,1.0,1.0,1.0,1.0986122886681098,0.0,0.0,0.0,1.0,0.0,0.0,0.0,0.0,0.0,0.0,0.0,0.0,1.0,0.0,1.0,0.0,0.0,0.0,1.0,0.0,0.0,0.0,0.0
pallets/click,94db5a48e78c1f319509f06d40884f83db1c7ebf,2026-03-19T23:41:03+00:00,0,1,2.0,16.0,1.0,2.8903717578961645,2.0,1.0,1.0,1.0,0.0,0.0,0.0,0.0,0.0,0.0,0.0,0.0,1.0,0.0,1.0,0.0,0.0,0.0,0.0,0.0,0.0,0.0,0.0
pallets/click,1af7bdbf3f061ca58c444d38841b5f5dfe2599ee,2026-03-19T23:55:30+00:00,0,1,2.0,40.0,2.0,3.7612001156935624,2.0,1.0,1.0,1.0,0.0,0.0,0.0,0.0,0.0,0.0,0.0,0.0,1.0,0.0,0.0,0.0,0.0,0.5,1.0,0.0,0.0,0.0,0.0
pallets/click,311aae10efac3dbf880f2005df158d28cd33e2d0,2026-03-21T00:52:13+00:00,0,1,2.0,28.0,2.0,3.4339872044851463,3.0,1.0,1.0,1.0,0.0,0.0,0.0,0.0,0.0,0.0,0.0,0.0,1.0,0.0,0.0,0.0,0.0,0.5,1.0,0.0,0.0,0.0,0.0
pallets/click,933c531d0cabad8af456b9b6debaafed2f637155,2026-03-21T00:52:51+00:00,0,1,1.0,1.0,1.0,1.0986122886681098,0.0,0.0,0.0,1.0,0.0,0.0,0.0,0.0,0.0,0.0,0.0,0.0,1.0,0.0,1.0,0.0,0.0,1.0,2.0,0.0,0.0,0.0,0.0
pallets/click,4d6140a8272e153ddf0e2f330b21b1aa58d8d741,2026-03-22T18:33:32+00:00,0,1,3.0,21.0,6.0,3.332204510175204,4.0,1.0,2.0,1.0,0.0,0.0,0.0,0.0,0.0,0.0,0.0,0.0,1.0,0.0,1.0,0.0,0.0,1.0,0.0,0.0,0.0,0.0,0.0
pallets/click,e7bcefd6e078d4d0f7c10e74495c00adee363a24,2026-03-22T18:34:11+00:00,0,1,1.0,1.0,0.0,0.6931471805599453,1.0,0.0,0.0,1.0,0.0,0.0,0.0,0.0,0.0,0.0,0.0,0.0,1.0,0.0,1.0,0.0,0.0,1.0,3.0,0.0,0.0,0.0,0.0
pallets/click,90dda27670e35b3f42d7d2bdc5176bdeebc2a34b,2026-03-23T03:09:24+00:00,0,1,1.0,3.0,0.0,1.3862943611198906,1.0,0.0,0.0,1.0,0.0,0.0,0.0,0.0,0.0,0.0,0.0,0.0,1.0,0.0,0.0,0.0,0.0,0.0,0.0,0.0,0.0,0.0,0.0
pallets/click,bc16d8a612ad7cd09e5a12711f44da1c7268ab34,2026-03-23T17:29:16+00:00,0,1,1.0,1.0,0.0,0.6931471805599453,1.0,1.0,1.0,0.0,0.0,0.0,0.0,0.0,0.0,0.0,1.0,0.0,1.0,0.0,1.0,0.0,0.0,2.0,0.0,0.0,0.0,0.0,0.0
pallets/click,cdaea104b2187a8481f3490c937616d8a03c9574,2026-03-25T02:22:16+00:00,0,1,3.0,20.0,1.0,3.091042453358316,2.0,1.0,1.0,1.0,1.0,0.0,0.0,0.0,0.0,0.0,0.0,0.0,1.0,0.0,1.0,0.0,0.0,1.3333333333333333,0.0,0.0,0.0,0.0,0.0
pallets/click,8bb35d752fa7b332b87886e7993b5a562a729e62,2026-03-25T17:54:28+00:00,0,1,1.0,3.0,3.0,1.9459101490553132,3.0,0.0,0.0,1.0,0.0,0.0,0.0,0.0,0.0,0.0,0.0,0.0,1.0,0.0,1.0,0.0,0.0,0.0,0.0,0.0,0.0,0.0,0.0
pallets/click,2007cd074d8f18eeb753fde575153b2c66403146,2026-03-25T17:57:44+00:00,0,1,1.0,2.0,1.0,1.3862943611198906,1.0,0.0,0.0,1.0,0.0,0.0,0.0,0.0,0.0,0.0,0.0,0.0,1.0,0.0,1.0,0.0,0.0,1.0,1.0,0.0,1.0,0.0,0.0
pallets/click,bf4b0bb0d6df347337935dcf763199cf75bc787b,2026-03-25T20:39:11+00:00,0,1,1.0,4.0,6.0,2.3978952727983707,1.0,1.0,1.0,0.0,0.0,0.0,0.0,0.0,0.0,0.0,1.0,0.0,1.0,0.0,0.0,0.0,0.0,1.0,0.0,0.0,0.0,0.0,0.0
pallets/click,f20eb46fc9cb5b197635336bbc9ee16b35ff44b2,2026-03-25T20:54:12+00:00,0,1,1.0,4.0,6.0,2.3978952727983707,1.0,1.0,1.0,0.0,0.0,0.0,0.0,0.0,0.0,0.0,1.0,0.0,1.0,0.0,0.0,0.0,0.0,2.0,1.0,0.0,0.0,0.0,0.0
pallets/click,5605c8e41cddba7716eb8ebea5aca94f81d92fe6,2026-03-28T14:48:51+00:00,0,1,1.0,1.0,0.0,0.6931471805599453,1.0,1.0,1.0,0.0,0.0,0.0,0.0,0.0,0.0,0.0,1.0,0.0,1.0,0.0,1.0,0.0,0.0,3.0,0.0,0.0,0.0,0.0,0.0
pallets/click,d514a5b648298b18399e8b90bb78b2c30c79ce87,2026-03-28T15:41:18+00:00,0,1,2.0,39.0,8.0,3.871201010907891,3.0,1.0,1.0,1.0,0.0,0.0,0.0,0.0,0.0,0.0,0.0,0.0,1.0,0.0,1.0,0.0,0.0,0.0,0.0,0.0,0.0,0.0,0.0
pallets/click,2126ee09d8a0cc7f39e28b60e6bb23e9f9446776,2026-03-29T13:12:36+00:00,0,1,3.0,42.0,7.0,3.912023005428146,5.0,1.0,2.0,1.0,0.0,0.0,0.0,0.0,0.0,0.0,0.0,0.0,1.0,0.0,1.0,0.0,0.0,2.3333333333333335,0.0,0.0,0.0,0.0,0.0
pallets/click,9401175a2857091ee6b40b1ad25b073c0fa93d62,2026-03-29T16:52:18+00:00,0,1,2.0,24.0,0.0,3.2188758248682006,2.0,1.0,1.0,1.0,0.0,0.0,0.0,0.0,0.0,0.0,0.0,0.0,1.0,0.0,0.0,0.0,0.0,2.0,0.0,0.0,0.0,0.0,0.0
pallets/click,bdddc4cd221fb82cfa49ebd71b7535f6f01eb3b3,2026-03-30T02:36:19+00:00,0,1,3.0,283.0,0.0,5.648974238161206,15.0,0.0,0.0,3.0,0.0,0.0,0.0,0.0,0.0,0.0,0.0,0.0,1.0,0.0,0.0,0.0,0.0,1.3333333333333333,0.0,0.0,0.0,0.0,0.0
pallets/click,10786ca7696185cec9110042684303215188847e,2026-03-30T02:36:53+00:00,0,1,1.0,1.0,0.0,0.6931471805599453,1.0,0.0,0.0,1.0,0.0,0.0,0.0,0.0,0.0,0.0,0.0,0.0,1.0,0.0,1.0,0.0,0.0,4.0,4.0,0.0,0.0,0.0,0.0
pallets/click,2706b09a7ffa1ac6e246da472883110b423f74dd,2026-03-30T02:50:41+00:00,0,1,3.0,384.0,213.0,6.393590753950631,46.0,0.0,0.0,3.0,0.0,0.0,0.0,0.0,0.0,0.0,0.0,0.0,1.0,0.0,0.0,0.0,0.0,2.6666666666666665,1.0,0.0,1.0,0.0,0.0
pallets/click,c141b14c2cc95a0e06e9acb4e894e22739705ef5,2026-03-30T02:51:20+00:00,0,1,1.0,1.0,3.0,1.6094379124341003,1.0,0.0,0.0,1.0,0.0,0.0,0.0,0.0,0.0,0.0,0.0,0.0,1.0,0.0,1.0,0.0,0.0,6.0,5.0,0.0,0.0,0.0,0.0
pallets/click,0ed833db0ce727ae9aa2aa0aa9415b6b3ce09f67,2026-03-30T03:06:53+00:00,0,1,3.0,333.0,136.0,6.152732694704104,33.0,0.0,0.0,3.0,0.0,0.0,0.0,0.0,0.0,0.0,0.0,0.0,1.0,0.0,0.0,0.0,0.0,3.0,2.0,0.0,1.0,0.0,0.0
pallets/click,89a20d79d210f0111c616c97611067c1542adbbd,2026-03-30T03:07:30+00:00,0,1,2.0,10.0,3.0,2.6390573296152584,3.0,0.0,0.0,2.0,0.0,0.0,0.0,0.0,0.0,0.0,0.0,0.0,1.0,0.0,1.0,0.0,0.0,4.5,6.0,0.0,0.0,0.0,0.0
pallets/click,933355753835dbef18440ad0c5dd2ee415a98c75,2026-03-30T08:25:13+00:00,0,1,1.0,3.0,0.0,1.3862943611198906,0.0,0.0,0.0,0.0,0.0,0.0,1.0,1.0,0.0,0.0,0.0,0.0,1.0,0.0,0.0,0.0,0.0,3.0,2.0,0.0,1.0,0.0,0.0
pallets/click,3c3d22f5ec9e2ea1118b64dc8afb7b0eb5d461f1,2026-03-30T08:29:02+00:00,0,1,1.0,12.0,4.0,2.833213344056216,1.0,1.0,1.0,0.0,0.0,0.0,0.0,0.0,0.0,0.0,1.0,0.0,1.0,0.0,1.0,0.0,0.0,4.0,0.0,0.0,0.0,0.0,0.0
pallets/click,0f3f4e3edc392a52f734c593fc2d1e48abe63e68,2026-03-30T08:31:07+00:00,0,1,1.0,1.0,0.0,0.6931471805599453,0.0,0.0,0.0,0.0,0.0,0.0,1.0,1.0,0.0,0.0,0.0,0.0,1.0,0.0,0.0,0.0,0.0,4.0,3.0,0.0,1.0,0.0,0.0
pallets/click,be06d27c461707bb438a9b765f974d88cf4988db,2026-04-01T04:56:36+00:00,0,1,1.0,41.0,0.0,3.7376696182833684,5.0,1.0,1.0,0.0,0.0,0.0,0.0,0.0,0.0,0.0,1.0,0.0,1.0,0.0,0.0,0.0,0.0,2.0,0.0,0.0,0.0,0.0,0.0
pallets/click,7320b4019eb7203f9e4a7e398f6811b4531dd8fb,2026-04-01T16:45:06+00:00,0,1,1.0,1.0,1.0,1.0986122886681098,1.0,1.0,1.0,0.0,0.0,0.0,0.0,0.0,0.0,0.0,1.0,0.0,1.0,0.0,1.0,0.0,0.0,5.0,2.0,0.0,1.0,0.0,0.0
pallets/click,19cfea79bad2de0a8954607969d5bd2c69e26712,2026-04-01T16:49:50+00:00,0,1,2.0,29.0,5.0,3.5553480614894135,4.0,1.0,1.0,1.0,0.0,0.0,0.0,0.0,0.0,0.0,0.0,0.0,1.0,0.0,1.0,0.0,0.0,8.0,3.0,0.0,1.0,0.0,0.0
pallets/click,67b64ce3bdb968ae32c26c907ee4e5ba868644bc,2026-04-03T05:59:25+00:00,0,1,1.0,21.0,12.0,3.5263605246161616,0.0,0.0,0.0,0.0,0.0,0.0,1.0,1.0,0.0,0.0,0.0,0.0,1.0,0.0,0.0,0.0,0.0,5.0,4.0,0.0,1.0,0.0,0.0
pallets/click,57be6fc2b40eb40279d022e6aabc983ee0dfb7a9,2026-04-03T06:09:03+00:00,0,1,1.0,21.0,8.0,3.4011973816621555,0.0,0.0,0.0,0.0,0.0,0.0,1.0,1.0,0.0,0.0,0.0,0.0,1.0,0.0,0.0,0.0,0.0,6.0,5.0,0.0,1.0,0.0,0.0
pallets/click,a0a37e411820861d48e21b131fdd840abaf746e0,2026-04-03T06:10:34+00:00,0,1,1.0,21.0,8.0,3.4011973816621555,0.0,0.0,0.0,0.0,0.0,0.0,1.0,1.0,0.0,0.0,0.0,0.0,0.0,1.0,0.0,0.0,0.0,7.0,2.0,0.0,1.0,0.0,0.0
pallets/click,93d3f9d22e90035bc2b51c2183c15bd4a021376f,2026-04-03T06:14:13+00:00,0,1,3.0,6.0,3.0,2.302585092994046,0.0,1.0,1.0,0.0,1.0,1.0,0.0,0.0,0.0,0.0,1.0,0.0,1.0,0.0,0.0,0.0,0.0,0.3333333333333333,6.0,0.0,0.0,0.0,0.0
pallets/click,502b7ce7b131473ef00a3586e60bb000f33b4c43,2026-04-03T06:15:03+00:00,0,1,6.0,41.0,28.0,4.248495242049359,0.0,0.0,0.0,0.0,0.0,0.0,6.0,1.0,0.0,0.0,0.0,0.0,1.0,1.0,0.0,0.0,0.0,4.0,7.0,0.0,1.0,0.0,0.0
pallets/click,052c006033729bbb422cbdad0c4fee988ecb5aa5,2026-04-03T06:19:01+00:00,0,1,1.0,1.0,1.0,1.0986122886681098,0.0,0.0,0.0,0.0,1.0,0.0,0.0,0.0,0.0,0.0,0.0,1.0,1.0,0.0,0.0,0.0,0.0,2.0,8.0,0.0,1.0,0.0,0.0
pallets/click,9b64eb3d2887aac45f0106deb5053f0f085fce4e,2026-04-03T11:36:03+00:00,0,1,1.0,1.0,1.0,1.0986122886681098,1.0,1.0,1.0,0.0,0.0,0.0,0.0,0.0,0.0,0.0,1.0,0.0,1.0,0.0,1.0,0.0,0.0,2.0,0.0,0.0,0.0,0.0,0.0
pallets/click,40fab56cf6603164538889a82c508c66cbc45dca,2026-04-03T11:36:47+00:00,0,1,1.0,3.0,1.0,1.6094379124341003,1.0,1.0,1.0,0.0,0.0,0.0,0.0,0.0,0.0,0.0,1.0,0.0,1.0,0.0,1.0,0.0,0.0,3.0,7.0,0.0,1.0,0.0,0.0
pallets/click,e4dbb3e8f4878a80a3a6b8380216f5f49eb7e6a7,2026-04-03T19:15:11+00:00,0,1,3.0,6.0,3.0,2.302585092994046,0.0,1.0,1.0,0.0,1.0,1.0,0.0,0.0,0.0,0.0,1.0,0.0,0.0,1.0,0.0,0.0,0.0,1.6666666666666667,0.0,0.0,1.0,0.0,0.0
pallets/click,feffea5ca2537ed36a1d699d3536a65c676fc5c1,2026-04-03T22:52:39+00:00,0,1,1.0,9.0,1.0,2.3978952727983707,0.0,0.0,0.0,1.0,0.0,0.0,0.0,0.0,0.0,0.0,0.0,0.0,0.0,0.0,1.0,0.0,0.0,0.0,1.0,0.0,0.0,0.0,0.0
pallets/click,04ef3a6f473deb2499721a8d11f92a7d2c0912f2,2026-04-03T22:55:28+00:00,0,2,6.0,660.0,419.0,6.984716320118266,0.0,1.0,1.0,0.0,0.0,0.0,5.0,1.0,0.0,0.0,1.0,0.0,0.0,0.0,0.0,0.0,0.0,4.0,2.0,0.0,1.0,0.0,0.0
pallets/click,6b28ec5bf392160bf88d3aded49cbf1b1a066911,2026-04-04T18:23:16+00:00,0,1,1.0,1.0,1.0,1.0986122886681098,1.0,1.0,1.0,0.0,0.0,0.0,0.0,0.0,0.0,0.0,1.0,0.0,1.0,0.0,1.0,0.0,0.0,4.0,0.0,0.0,1.0,0.0,0.0
pallets/click,db955d8f85c9d3fa0ada6d1a98f1b28357ccefcf,2026-04-05T02:12:54+00:00,0,1,3.0,32.0,6.0,3.6635616461296463,3.0,1.0,1.0,2.0,0.0,0.0,0.0,0.0,0.0,0.0,0.0,0.0,1.0,0.0,1.0,0.0,0.0,6.666666666666667,0.0,0.0,1.0,0.0,0.0
pallets/click,54eac5244449e3a40c844582cdb43c11f6b09f1d,2026-04-05T02:17:44+00:00,0,1,2.0,6.0,3.0,2.302585092994046,1.0,0.0,0.0,2.0,0.0,0.0,0.0,0.0,0.0,0.0,0.0,0.0,1.0,0.0,1.0,0.0,0.0,7.5,1.0,0.0,1.0,0.0,0.0
pallets/click,5679ca435067085c0f20b76e772022c3351ce8c7,2026-04-05T14:09:38+00:00,0,1,2.0,19.0,0.0,2.995732273553991,3.0,1.0,1.0,1.0,0.0,0.0,0.0,0.0,0.0,0.0,0.0,0.0,1.0,0.0,0.0,0.0,0.0,5.0,0.0,0.0,1.0,0.0,0.0
pallets/click,3d73bfad49c2cc215dd88a3b9c2fa2e599920393,2026-04-05T14:18:12+00:00,0,1,2.0,33.0,1.0,3.5553480614894135,2.0,1.0,1.0,1.0,0.0,0.0,0.0,0.0,0.0,0.0,0.0,0.0,1.0,0.0,0.0,0.0,0.0,2.5,1.0,0.0,1.0,0.0,0.0
pallets/click,7003c070828290bbe24c414d3bb3f9991555ee4a,2026-04-07T04:13:46+00:00,0,1,1.0,6.0,1.0,2.0794415416798357,1.0,1.0,1.0,0.0,0.0,0.0,0.0,0.0,0.0,0.0,1.0,0.0,1.0,0.0,1.0,0.0,0.0,3.0,0.0,0.0,1.0,0.0,0.0
pallets/click,d340b0c1202284a1b9d0ca892549208527d586ce,2026-04-08T14:29:14+00:00,0,1,2.0,29.0,5.0,3.5553480614894135,4.0,1.0,1.0,1.0,0.0,0.0,0.0,0.0,0.0,0.0,0.0,0.0,1.0,0.0,1.0,0.0,0.0,11.0,4.0,0.0,1.0,0.0,0.0
pallets/click,42b52e2af1622608385870a5c41d9602f47ca2b6,2026-04-08T14:30:47+00:00,0,1,12.0,789.0,530.0,7.1853870155804165,0.0,1.0,1.0,1.0,2.0,1.0,7.0,1.0,0.0,0.0,0.0,0.0,1.0,1.0,0.0,0.0,0.0,3.75,0.0,0.0,0.0,0.0,0.0
pallets/click,d7d41bbd8377d7e3acd37d6cec3c28dc089b6512,2026-04-08T14:31:26+00:00,0,1,3.0,54.0,13.0,4.219507705176107,3.0,1.0,2.0,0.0,1.0,0.0,0.0,0.0,0.0,0.0,1.0,0.0,1.0,0.0,0.0,0.0,0.0,3.3333333333333335,5.0,0.0,1.0,0.0,0.0
pallets/click,b96c2601af4e01341b4d2c0db494ebee4aef8f42,2026-04-08T14:31:46+00:00,0,1,3.0,170.0,14.0,5.220355825078324,10.0,1.0,1.0,1.0,1.0,0.0,0.0,0.0,0.0,0.0,0.0,0.0,1.0,0.0,1.0,0.0,0.0,4.666666666666667,5.0,0.0,1.0,0.0,0.0
pallets/click,02ee20a0907bac2ee4da4bc20140e540988d152a,2026-04-08T14:32:21+00:00,0,1,4.0,111.0,5.0,4.762173934797756,7.0,1.0,1.0,1.0,2.0,0.0,0.0,0.0,0.0,0.0,0.0,0.0,1.0,0.0,0.0,0.0,0.0,1.75,6.0,0.0,1.0,0.0,0.0
pallets/click,1df07fd9ef904c71875add1646caabf77b93a111,2026-04-08T14:33:05+00:00,0,1,1.0,22.0,25.0,3.871201010907891,2.0,1.0,1.0,0.0,0.0,0.0,0.0,0.0,0.0,0.0,1.0,0.0,1.0,0.0,0.0,0.0,0.0,11.0,8.0,0.0,0.0,0.0,0.0
pallets/click,95af7c63f8e0f785d9dde7d1864d1ae800fb6cf3,2026-04-08T14:34:15+00:00,0,1,5.0,129.0,1.0,4.875197323201151,0.0,1.0,1.0,0.0,3.0,1.0,0.0,0.0,0.0,0.0,1.0,0.0,1.0,0.0,0.0,0.0,0.0,2.8,9.0,0.0,1.0,0.0,0.0
pallets/click,3271451c0130969f4a2bca20713bda579c6d14c3,2026-04-08T14:35:51+00:00,0,1,3.0,96.0,0.0,4.574710978503383,4.0,1.0,1.0,1.0,0.0,0.0,1.0,0.0,0.0,0.0,0.0,0.0,1.0,0.0,1.0,0.0,0.0,3.6666666666666665,10.0,0.0,1.0,0.0,0.0
pallets/click,b1bc8c9c1d531c6e95576d61637796fc3a5fd462,2026-04-08T14:36:21+00:00,0,1,1.0,2.0,5.0,2.0794415416798357,1.0,0.0,0.0,1.0,0.0,0.0,0.0,0.0,0.0,0.0,0.0,0.0,1.0,0.0,1.0,0.0,0.0,2.0,10.0,0.0,1.0,0.0,0.0
pallets/click,c29e83f0c92739a424d0c9ceb9c379bcd8330df2,2026-04-08T14:52:44+00:00,0,2,1.0,4.0,6.0,2.3978952727983707,1.0,1.0,1.0,0.0,0.0,0.0,0.0,0.0,0.0,0.0,1.0,0.0,1.0,0.0,0.0,0.0,0.0,4.0,12.0,0.0,0.0,0.0,0.0
pallets/click,3eb5c5dbfab68a1b146ac93104e92d4d58a2cc8e,2026-04-08T15:10:34+00:00,0,1,1.0,67.0,6.0,4.30406509320417,0.0,0.0,0.0,0.0,1.0,0.0,0.0,0.0,0.0,0.0,0.0,1.0,1.0,0.0,0.0,0.0,0.0,1.0,12.0,0.0,0.0,0.0,0.0
pallets/click,d5a6a46674dd40f179aad41c3ce96b8bd65819a4,2026-04-08T15:20:03+00:00,0,1,1.0,70.0,5.0,4.330733340286331,0.0,0.0,0.0,0.0,1.0,0.0,0.0,0.0,0.0,0.0,0.0,1.0,1.0,0.0,0.0,0.0,0.0,2.0,13.0,0.0,0.0,0.0,0.0
pallets/click,30aca6b5ee96e7c8f3de8da8d6cd641abd9cf579,2026-04-08T15:28:21+00:00,0,1,1.0,70.0,5.0,4.330733340286331,0.0,0.0,0.0,0.0,1.0,0.0,0.0,0.0,0.0,0.0,0.0,1.0,1.0,0.0,0.0,0.0,0.0,3.0,14.0,0.0,0.0,0.0,0.0
pallets/click,1b1a5d4adca4e337556775af0d9b41fae3db8201,2026-04-08T15:50:34+00:00,0,1,5.0,90.0,2.0,4.532599493153256,0.0,1.0,1.0,0.0,3.0,1.0,0.0,0.0,0.0,0.0,1.0,0.0,1.0,0.0,0.0,0.0,0.0,3.8,16.0,0.0,1.0,0.0,0.0
pallets/click,4b2b5f28653dcf0bd5921bdced7be0a8ae86f451,2026-04-08T19:19:24+00:00,0,1,1.0,1.0,1.0,1.0986122886681098,1.0,1.0,1.0,0.0,0.0,0.0,0.0,0.0,0.0,0.0,1.0,0.0,1.0,0.0,1.0,0.0,0.0,12.0,1.0,0.0,1.0,0.0,0.0
pallets/click,1458800409ed12076f18451889b0857db36aa522,2026-04-08T21:30:50+00:00,0,1,2.0,29.0,5.0,3.5553480614894135,4.0,1.0,1.0,1.0,0.0,0.0,0.0,0.0,0.0,0.0,0.0,0.0,0.0,1.0,1.0,0.0,0.0,13.5,3.0,0.0,1.0,0.0,0.0
pallets/click,63ea71f9b0544b7c4ba21385a1164a7b29b17e42,2026-04-08T21:34:07+00:00,0,1,3.0,170.0,14.0,5.220355825078324,10.0,1.0,1.0,1.0,1.0,0.0,0.0,0.0,0.0,0.0,0.0,0.0,0.0,1.0,1.0,0.0,0.0,6.666666666666667,4.0,0.0,1.0,0.0,0.0
pallets/click,5df10013f7ed8bad94da1e82d58e3711eec1afb3,2026-04-08T21:35:55+00:00,0,1,1.0,2.0,5.0,2.0794415416798357,1.0,0.0,0.0,1.0,0.0,0.0,0.0,0.0,0.0,0.0,0.0,0.0,0.0,1.0,1.0,0.0,0.0,3.0,5.0,0.0,1.0,0.0,0.0
pallets/click,1339fd3323357119a9c7a6326c788f80295954ce,2026-04-09T09:07:14+00:00,0,1,1.0,16.0,5.0,3.091042453358316,0.0,0.0,0.0,0.0,1.0,0.0,0.0,0.0,0.0,0.0,0.0,1.0,0.0,0.0,0.0,0.0,0.0,10.0,17.0,0.0,1.0,0.0,0.0
pallets/click,ea636eb3bd36f5341eda87420501d02fab9ab7e4,2026-04-09T09:46:02+00:00,0,1,3.0,54.0,12.0,4.204692619390966,3.0,1.0,1.0,1.0,1.0,0.0,0.0,0.0,0.0,0.0,0.0,0.0,1.0,0.0,0.0,0.0,0.0,7.333333333333333,18.0,0.0,0.0,0.0,0.0
pallets/click,06e47c7f415523c675faaf78f7d8958a27cf14f9,2026-04-09T09:48:59+00:00,0,1,3.0,55.0,12.0,4.219507705176107,3.0,1.0,1.0,1.0,1.0,0.0,0.0,0.0,0.0,0.0,0.0,0.0,1.0,0.0,0.0,0.0,0.0,8.333333333333334,19.0,0.0,0.0,0.0,0.0
pallets/click,d44d711e625dacf23c169204785fe66cee8959a2,2026-04-09T12:00:17+00:00,0,1,4.0,57.0,13.0,4.2626798770413155,3.0,1.0,2.0,0.0,2.0,0.0,0.0,0.0,0.0,0.0,1.0,0.0,1.0,0.0,0.0,0.0,0.0,7.25,20.0,0.0,1.0,0.0,0.0
pallets/click,218872d02f06392db17dc6bc9110280dd38c8785,2026-04-09T12:13:35+00:00,0,1,2.0,5.0,1.0,1.9459101490553132,1.0,1.0,1.0,0.0,1.0,0.0,0.0,0.0,0.0,0.0,1.0,0.0,1.0,0.0,0.0,0.0,0.0,7.0,21.0,0.0,1.0,0.0,0.0
pallets/click,e84c7202b62846d6ee2fcd4a877c284fffe0f6ca,2026-04-09T12:14:31+00:00,0,1,2.0,5.0,1.0,1.9459101490553132,1.0,1.0,1.0,0.0,1.0,0.0,0.0,0.0,0.0,0.0,1.0,0.0,1.0,0.0,0.0,0.0,0.0,8.0,22.0,0.0,1.0,0.0,0.0
pallets/click,726d3b1ad814a8e7136dd18b067748fd59ec42ff,2026-04-09T12:22:30+00:00,0,1,4.0,112.0,6.0,4.77912349311153,7.0,1.0,1.0,1.0,2.0,0.0,0.0,0.0,0.0,0.0,0.0,0.0,1.0,0.0,0.0,0.0,0.0,5.75,23.0,0.0,1.0,0.0,0.0
pallets/click,6de212151893e4072ca21779b7b6f4cb82452f51,2026-04-09T12:46:55+00:00,0,1,3.0,47.0,12.0,4.0943445622221,5.0,1.0,1.0,1.0,1.0,0.0,0.0,0.0,0.0,0.0,0.0,0.0,1.0,0.0,0.0,0.0,0.0,10.666666666666666,24.0,0.0,1.0,0.0,0.0
pallets/click,d34f72b4b969d065d9d7b2344eec22254145ce84,2026-04-09T13:13:22+00:00,0,1,5.0,144.0,15.0,5.075173815233827,3.0,1.0,1.0,2.0,2.0,0.0,0.0,0.0,0.0,0.0,0.0,0.0,1.0,0.0,0.0,0.0,0.0,12.2,25.0,0.0,1.0,0.0,0.0
pallets/click,a8cff32b8bd42ee5e812a7a604ea747f10ed33c1,2026-04-09T14:06:20+00:00,0,1,3.0,96.0,0.0,4.574710978503383,4.0,1.0,1.0,1.0,0.0,0.0,1.0,0.0,0.0,0.0,0.0,0.0,1.0,0.0,1.0,0.0,0.0,5.333333333333333,26.0,0.0,1.0,0.0,0.0
pallets/click,4f9086bf8fd98aca1d804bf742f4f1ceb6c12295,2026-04-09T14:23:55+00:00,0,1,4.0,100.0,0.0,4.61512051684126,4.0,1.0,1.0,1.0,1.0,0.0,1.0,0.0,0.0,0.0,0.0,0.0,1.0,0.0,1.0,0.0,0.0,9.5,27.0,0.0,1.0,0.0,0.0
pallets/click,9e6c5e807e2ac9c3655cd47f70dfdc28c00a1a6f,2026-04-09T14:39:07+00:00,0,1,5.0,84.0,2.0,4.465908118654584,0.0,1.0,1.0,0.0,3.0,1.0,0.0,0.0,0.0,0.0,1.0,0.0,1.0,0.0,0.0,0.0,0.0,7.0,28.0,0.0,1.0,0.0,0.0
pallets/click,b55294797ef32e22eb41e7d9657edb8faefa4976,2026-04-10T16:17:51+00:00,0,1,2.0,119.0,32.0,5.0238805208462765,6.0,1.0,1.0,1.0,0.0,0.0,0.0,0.0,0.0,0.0,0.0,0.0,1.0,0.0,0.0,0.0,0.0,8.0,29.0,0.0,1.0,0.0,0.0
pallets/click,2af827e6a01dc6a136fb94c9453beee58342bd47,2026-04-11T00:12:35+00:00,0,1,1.0,1.0,1.0,1.0986122886681098,1.0,1.0,1.0,0.0,0.0,0.0,0.0,0.0,0.0,0.0,1.0,0.0,1.0,0.0,1.0,0.0,0.0,8.0,0.0,0.0,1.0,0.0,0.0
pallets/click,ae9c5a0a5bf37137f82933029ca241cb286e310a,2026-04-11T01:33:16+00:00,0,1,2.0,26.0,1.0,3.332204510175204,2.0,1.0,1.0,1.0,0.0,0.0,0.0,0.0,0.0,0.0,0.0,0.0,1.0,0.0,1.0,0.0,0.0,3.0,0.0,0.0,1.0,0.0,0.0
pallets/click,9a37737c5af44cd9a8ac2609e63c345a7eb4bac1,2026-04-11T01:39:31+00:00,0,1,1.0,6.0,1.0,2.0794415416798357,1.0,0.0,0.0,1.0,0.0,0.0,0.0,0.0,0.0,0.0,0.0,0.0,1.0,0.0,1.0,0.0,0.0,3.0,1.0,0.0,1.0,0.0,0.0
pallets/click,f8a0ce59539473b380ad797e132c1ddc2f672b16,2026-04-11T01:42:54+00:00,0,1,1.0,1.0,2.0,1.3862943611198906,1.0,0.0,0.0,1.0,0.0,0.0,0.0,0.0,0.0,0.0,0.0,0.0,1.0,0.0,1.0,0.0,0.0,4.0,2.0,0.0,1.0,0.0,0.0
pallets/click,ac2dd7aadf08aa0ce7f75bf0e96b95ad5e62d1b9,2026-04-11T08:32:06+00:00,0,1,4.0,100.0,0.0,4.61512051684126,4.0,1.0,1.0,1.0,1.0,0.0,1.0,0.0,0.0,0.0,0.0,0.0,0.0,1.0,0.0,0.0,0.0,10.75,6.0,0.0,1.0,0.0,0.0
pallets/click,c9e60ee1b3565ccf6ef206c69dcda75d96bd5772,2026-04-11T10:11:49+00:00,0,1,5.0,84.0,2.0,4.465908118654584,0.0,1.0,1.0,0.0,3.0,1.0,0.0,0.0,0.0,0.0,1.0,0.0,1.0,0.0,0.0,0.0,0.0,8.2,30.0,0.0,1.0,0.0,0.0
pallets/click,452935115a4073a074069d5428db998766886b8b,2026-04-12T02:57:22+00:00,0,1,2.0,119.0,32.0,5.0238805208462765,6.0,1.0,1.0,1.0,0.0,0.0,0.0,0.0,0.0,0.0,0.0,0.0,0.0,1.0,0.0,0.0,0.0,9.5,7.0,0.0,1.0,0.0,0.0
pallets/click,a5cb82f5df32a851a71ade3906e329f50b8cbc09,2026-04-12T03:00:17+00:00,0,1,5.0,84.0,2.0,4.465908118654584,0.0,1.0,1.0,0.0,3.0,1.0,0.0,0.0,0.0,0.0,1.0,0.0,0.0,1.0,0.0,0.0,0.0,9.2,8.0,0.0,1.0,0.0,0.0
pallets/click,3f00ccc7f3be13dcfdefd8669d7ea0247afb696e,2026-04-12T04:35:29+00:00,0,1,2.0,58.0,0.0,4.07753744390572,2.0,1.0,1.0,1.0,0.0,0.0,0.0,0.0,0.0,0.0,0.0,0.0,1.0,0.0,1.0,0.0,0.0,3.5,0.0,0.0,1.0,0.0,0.0
pallets/click,3da63b455b694c4e81f42b67b70bb189bf9eb5e7,2026-04-13T06:25:05+00:00,0,1,5.0,144.0,15.0,5.075173815233827,3.0,1.0,1.0,2.0,2.0,0.0,0.0,0.0,0.0,0.0,0.0,0.0,1.0,0.0,0.0,0.0,0.0,14.6,31.0,0.0,0.0,0.0,0.0
pallets/click,f9f669da77dd51e2fd20a14cb62b0aeea953f4fc,2026-04-13T07:11:49+00:00,0,1,2.0,34.0,13.0,3.871201010907891,1.0,1.0,1.0,0.0,1.0,0.0,0.0,0.0,0.0,0.0,1.0,0.0,1.0,0.0,0.0,0.0,0.0,12.0,32.0,0.0,1.0,0.0,0.0
pallets/click,c653ec820093ed1dda41aae8d35bff7834b0344a,2026-04-13T07:13:47+00:00,0,1,5.0,165.0,15.0,5.198497031265826,3.0,1.0,1.0,2.0,2.0,0.0,0.0,0.0,0.0,0.0,0.0,0.0,1.0,0.0,0.0,0.0,0.0,16.0,33.0,0.0,0.0,0.0,0.0
pallets/click,39413d9b1d782317e72e82ec09d437bef8359078,2026-04-13T18:30:50+00:00,0,1,3.0,55.0,12.0,4.219507705176107,3.0,1.0,1.0,1.0,1.0,0.0,0.0,0.0,0.0,0.0,0.0,0.0,1.0,0.0,0.0,0.0,0.0,15.333333333333334,34.0,0.0,0.0,0.0,0.0
pallets/click,8762c7752cf1632d082c76922b15fef06ac3a2f1,2026-04-14T07:55:25+00:00,0,1,4.0,137.0,6.0,4.969813299576001,7.0,1.0,1.0,1.0,2.0,0.0,0.0,0.0,0.0,0.0,0.0,0.0,1.0,0.0,0.0,0.0,0.0,10.75,35.0,0.0,0.0,0.0,0.0
pallets/click,790ebd665ce03f25990e037b3e9f16951a2723aa,2026-04-14T07:59:27+00:00,0,1,2.0,5.0,1.0,1.9459101490553132,1.0,1.0,1.0,0.0,1.0,0.0,0.0,0.0,0.0,0.0,1.0,0.0,1.0,0.0,0.0,0.0,0.0,15.0,36.0,0.0,0.0,0.0,0.0
pallets/click,fd5c641496c7793a46f7e94f1df80f227aa665fb,2026-04-14T08:24:21+00:00,0,1,3.0,32.0,16.0,3.8918202981106265,3.0,1.0,2.0,0.0,1.0,0.0,0.0,0.0,0.0,0.0,1.0,0.0,1.0,0.0,0.0,0.0,0.0,5.666666666666667,37.0,0.0,0.0,0.0,0.0
pallets/click,b8d3a07bded95b5b5bd98cab35b5cbeeb7a8fbee,2026-04-15T07:39:13+00:00,0,1,3.0,63.0,2.0,4.189654742026425,3.0,1.0,1.0,1.0,1.0,0.0,0.0,0.0,0.0,0.0,0.0,0.0,1.0,0.0,0.0,0.0,0.0,17.0,0.0,0.0,1.0,0.0,0.0
pallets/click,f6ee08e4dee5635372e68ce219a7309a6e82284a,2026-04-15T10:28:17+00:00,0,1,2.0,32.0,0.0,3.4965075614664802,2.0,1.0,1.0,1.0,0.0,0.0,0.0,0.0,0.0,0.0,0.0,0.0,1.0,0.0,1.0,0.0,0.0,12.0,0.0,0.0,1.0,0.0,0.0
pallets/click,89af4ae2d682e8ab9f14a036bad19e8990d828d4,2026-04-16T08:06:07+00:00,0,1,4.0,137.0,6.0,4.969813299576001,7.0,1.0,1.0,1.0,2.0,0.0,0.0,0.0,0.0,0.0,0.0,0.0,0.0,1.0,0.0,0.0,0.0,12.5,9.0,0.0,0.0,0.0,0.0
pallets/click,a931cfd59a040c4caa8300b41fd6f698e0548bf3,2026-04-16T08:10:00+00:00,0,1,8.0,658.0,348.0,6.914730892718563,32.0,1.0,1.0,1.0,6.0,0.0,0.0,0.0,0.0,0.0,0.0,0.0,1.0,1.0,0.0,0.0,0.0,7.625,10.0,0.0,1.0,0.0,0.0
pallets/click,60cad4ad6583bf885c62d6f4597f3555d1ee1a0f,2026-04-16T08:13:03+00:00,0,1,2.0,5.0,1.0,1.9459101490553132,1.0,1.0,1.0,0.0,1.0,0.0,0.0,0.0,0.0,0.0,1.0,0.0,0.0,1.0,0.0,0.0,0.0,17.5,11.0,0.0,0.0,0.0,0.0
pallets/click,a683017931b5bcb211e18685fa623e968727aa3b,2026-04-16T08:18:00+00:00,0,1,11.0,1100.0,777.0,7.537962659768208,61.0,1.0,2.0,1.0,8.0,0.0,0.0,0.0,0.0,0.0,0.0,0.0,1.0,1.0,1.0,0.0,0.0,6.7272727272727275,12.0,0.0,1.0,0.0,0.0
pallets/click,8c95c73bd5ef89eac638f85f1904a104ba4b1a32,2026-04-16T08:19:39+00:00,0,1,5.0,165.0,15.0,5.198497031265826,3.0,1.0,1.0,2.0,2.0,0.0,0.0,0.0,0.0,0.0,0.0,0.0,0.0,1.0,0.0,0.0,0.0,19.2,13.0,0.0,1.0,0.0,0.0
pallets/click,4d0a4dd42d1944c41de678bfe825e7c3c7c864a9,2026-04-16T08:21:04+00:00,0,1,4.0,56.0,13.0,4.248495242049359,3.0,1.0,2.0,0.0,2.0,0.0,0.0,0.0,0.0,0.0,1.0,0.0,1.0,0.0,0.0,0.0,0.0,15.0,38.0,0.0,1.0,0.0,0.0
pallets/click,8c452e00e6772931b7071d9316b82b77e5b8f280,2026-04-16T08:22:14+00:00,0,1,15.0,1265.0,792.0,7.629489916393995,64.0,1.0,3.0,3.0,9.0,0.0,0.0,0.0,0.0,0.0,0.0,0.0,1.0,1.0,0.0,0.0,0.0,10.333333333333334,14.0,0.0,1.0,0.0,0.0
pallets/click,ac5cec5fe54e5a691e7bac17f441ce9498e0744c,2026-04-16T08:23:14+00:00,0,1,4.0,56.0,13.0,4.248495242049359,3.0,1.0,2.0,0.0,2.0,0.0,0.0,0.0,0.0,0.0,1.0,0.0,1.0,0.0,0.0,0.0,0.0,16.75,39.0,0.0,1.0,0.0,0.0
pallets/click,76552ff1e8c85837f911fc34037e702ae4327eda,2026-04-16T08:23:23+00:00,0,1,5.0,82.0,5.0,4.477336814478207,5.0,1.0,2.0,2.0,1.0,0.0,0.0,0.0,0.0,0.0,0.0,0.0,0.0,1.0,0.0,0.0,0.0,21.2,15.0,0.0,1.0,0.0,0.0
pallets/click,c7e1ba8448cbcb2cdd9c1c7f4a592e863dcc3995,2026-04-16T08:28:22+00:00,0,1,4.0,56.0,13.0,4.248495242049359,3.0,1.0,2.0,0.0,2.0,0.0,0.0,0.0,0.0,0.0,1.0,0.0,0.0,1.0,0.0,0.0,0.0,18.25,16.0,0.0,1.0,0.0,0.0
pallets/click,c07bb936de43fd303f9cfbefe248ab23fd2199c8,2026-04-16T08:30:43+00:00,0,1,26.0,1940.0,1069.0,8.009695357742922,88.0,2.0,7.0,3.0,14.0,1.0,1.0,0.0,0.0,0.0,0.0,0.0,1.0,1.0,0.0,0.0,0.0,9.192307692307692,17.0,0.0,1.0,0.0,0.0
pallets/click,4a352253c9ff013e36d11e4a6820d36d00ff2cd4,2026-04-16T08:32:51+00:00,0,1,3.0,47.0,12.0,4.0943445622221,5.0,1.0,1.0,1.0,1.0,0.0,0.0,0.0,0.0,0.0,0.0,0.0,0.0,1.0,0.0,0.0,0.0,23.0,18.0,0.0,1.0,0.0,0.0
pallets/click,98437edbd5363ce12558bea4d71331891d6c2d58,2026-04-16T08:52:15+00:00,0,1,3.0,32.0,16.0,3.8918202981106265,3.0,1.0,2.0,0.0,1.0,0.0,0.0,0.0,0.0,0.0,1.0,0.0,1.0,0.0,0.0,0.0,0.0,9.0,40.0,0.0,1.0,0.0,0.0
pallets/click,bb59ba0fd279ca085d1113f0499b6a602ca31081,2026-04-16T09:30:00+00:00,0,1,9.0,178.0,82.0,5.564520407322694,7.0,1.0,3.0,0.0,6.0,0.0,0.0,0.0,0.0,0.0,1.0,0.0,1.0,0.0,0.0,0.0,0.0,14.333333333333334,41.0,0.0,1.0,0.0,0.0
pallets/click,138c0cd2ff0d7eccd96c7a918182e2b76f8c14f3,2026-04-16T11:56:32+00:00,0,1,1.0,8.0,1.0,2.302585092994046,1.0,1.0,1.0,0.0,0.0,0.0,0.0,0.0,0.0,0.0,1.0,0.0,1.0,0.0,1.0,0.0,0.0,1.0,0.0,0.0,1.0,0.0,0.0
pallets/click,6296ea015edcfa9cc58ccb3b8085e6ef72ce1f99,2026-04-16T20:32:02+00:00,0,1,3.0,36.0,2.0,3.6635616461296463,3.0,1.0,1.0,1.0,1.0,0.0,0.0,0.0,0.0,0.0,0.0,0.0,1.0,0.0,1.0,0.0,0.0,25.0,0.0,0.0,1.0,0.0,0.0
pallets/click,2744c5151e61492aa65cc6b9f461fe1ab009339e,2026-04-17T08:25:56+00:00,0,1,2.0,34.0,0.0,3.5553480614894135,2.0,1.0,1.0,1.0,0.0,0.0,0.0,0.0,0.0,0.0,0.0,0.0,1.0,0.0,1.0,0.0,0.0,5.0,0.0,0.0,1.0,0.0,0.0
pallets/click,f1f191ecd2c790b161187c78e7c88440e9524e5c,2026-04-17T21:43:17+00:00,0,1,9.0,178.0,82.0,5.564520407322694,7.0,1.0,3.0,0.0,6.0,0.0,0.0,0.0,0.0,0.0,1.0,0.0,0.0,1.0,0.0,0.0,0.0,15.555555555555555,19.0,0.0,1.0,0.0,0.0
pallets/click,c06d2d0a6aee6bcc50bd8257be2a4a592f4e75d0,2026-04-17T22:01:10+00:00,0,1,3.0,16.0,16.0,3.4965075614664802,0.0,1.0,1.0,0.0,1.0,1.0,0.0,0.0,0.0,0.0,1.0,0.0,1.0,0.0,0.0,0.0,0.0,21.333333333333332,0.0,0.0,1.0,0.0,0.0
pallets/click,902c27625f21a0d584edaebc16f80e95fcee86a9,2026-04-18T03:20:13+00:00,0,1,1.0,3.0,3.0,1.9459101490553132,0.0,0.0,0.0,1.0,0.0,0.0,0.0,0.0,0.0,0.0,0.0,0.0,1.0,0.0,0.0,0.0,0.0,19.0,0.0,0.0,0.0,0.0,0.0
pallets/click,e8a741125a38955377c321b517ab9da2ad5662f3,2026-04-19T11:44:51+00:00,1,1,2.0,80.0,3.0,4.430816798843313,9.0,1.0,1.0,1.0,0.0,0.0,0.0,0.0,0.0,0.0,0.0,0.0,1.0,0.0,0.0,0.0,0.0,0.0,0.0,0.0,0.0,0.0,0.0
pallets/click,058ecb180d377d35c78898f5c30b9a4148bacce5,2026-04-19T21:44:54+00:00,0,1,3.0,70.0,3.0,4.30406509320417,6.0,1.0,1.0,1.0,1.0,0.0,0.0,0.0,0.0,0.0,0.0,0.0,1.0,0.0,0.0,0.0,0.0,27.333333333333332,0.0,0.0,1.0,0.0,0.05
pallets/click,5c223eac7d64e1bb8dfab8b5a2ae24922f7ac61d,2026-04-20T12:34:43+00:00,0,1,3.0,188.0,2.0,5.25227342804663,24.0,1.0,1.0,2.0,0.0,0.0,0.0,0.0,0.0,0.0,0.0,0.0,1.0,0.0,0.0,0.0,0.0,11.666666666666666,0.0,0.0,1.0,0.0,0.05
pallets/click,2215d5d310fc38b8d7477cb26077d007a5b5919e,2026-04-20T21:41:37+00:00,0,1,2.0,68.0,7.0,4.330733340286331,4.0,1.0,1.0,1.0,0.0,0.0,0.0,0.0,0.0,0.0,0.0,0.0,1.0,0.0,0.0,0.0,0.0,12.0,0.0,0.0,1.0,0.0,0.05
pallets/click,d04d3679f3cc3f0850e7ff40bec0ea1072684097,2026-04-21T09:46:50+00:00,0,1,2.0,12.0,10.0,3.1354942159291497,1.0,1.0,1.0,0.0,1.0,0.0,0.0,0.0,0.0,0.0,1.0,0.0,1.0,0.0,0.0,0.0,0.0,31.5,42.0,0.0,1.0,0.0,0.05
pallets/click,758d9be3d03c17d7c4c285efed1ecdc9765cb615,2026-04-21T11:02:53+00:00,0,1,3.0,92.0,19.0,4.718498871295094,7.0,1.0,1.0,1.0,1.0,0.0,0.0,0.0,0.0,0.0,0.0,0.0,1.0,0.0,0.0,0.0,0.0,35.0,43.0,0.0,1.0,0.0,0.05
pallets/click,4e4c7a69b7953ccb8c14e92368ca65d9525f1d2b,2026-04-21T11:05:21+00:00,0,1,3.0,92.0,19.0,4.718498871295094,7.0,1.0,1.0,1.0,1.0,0.0,0.0,0.0,0.0,0.0,0.0,0.0,1.0,0.0,0.0,0.0,0.0,36.0,44.0,0.0,1.0,0.0,0.05
pallets/click,6fd012b5cf566a633478261db66dc6b3edf214d2,2026-04-21T14:28:53+00:00,0,1,1.0,47.0,2.0,3.912023005428146,2.0,0.0,0.0,1.0,0.0,0.0,0.0,0.0,0.0,0.0,0.0,0.0,1.0,0.0,0.0,0.0,0.0,0.0,45.0,0.0,1.0,0.0,0.05
pallets/click,e2784dcd4aa6eaff38562ea26bf66c4d5cb6e7b5,2026-04-21T15:07:22+00:00,0,1,3.0,40.0,0.0,3.713572066704308,2.0,1.0,1.0,1.0,1.0,0.0,0.0,0.0,0.0,0.0,0.0,0.0,1.0,0.0,0.0,0.0,0.0,28.666666666666668,46.0,0.0,1.0,0.0,0.05
pallets/click,cc5417f246fd24822a0dafd66d84bee43114f366,2026-04-21T15:08:44+00:00,0,1,3.0,40.0,0.0,3.713572066704308,2.0,1.0,1.0,1.0,1.0,0.0,0.0,0.0,0.0,0.0,0.0,0.0,1.0,0.0,0.0,0.0,0.0,29.666666666666668,47.0,0.0,1.0,0.0,0.05
pallets/click,63ee5ec6f6ae5190b18485afb7b436d8d70269d2,2026-04-21T15:12:32+00:00,0,1,3.0,45.0,0.0,3.828641396489095,2.0,1.0,1.0,1.0,1.0,0.0,0.0,0.0,0.0,0.0,0.0,0.0,1.0,0.0,0.0,0.0,0.0,30.666666666666668,48.0,0.0,1.0,0.0,0.05
pallets/click,10841e51fc2a8993a027072744e36402943899c9,2026-04-21T15:57:51+00:00,0,1,3.0,68.0,1.0,4.248495242049359,3.0,1.0,1.0,1.0,1.0,0.0,0.0,0.0,0.0,0.0,0.0,0.0,1.0,0.0,0.0,0.0,0.0,19.333333333333332,49.0,0.0,1.0,0.0,0.05
pallets/click,1241abaed4e441582a21f4bf90c8482de02b92df,2026-04-21T16:03:48+00:00,0,1,3.0,76.0,1.0,4.356708826689592,3.0,1.0,1.0,1.0,1.0,0.0,0.0,0.0,0.0,0.0,0.0,0.0,1.0,0.0,0.0,0.0,0.0,20.333333333333332,50.0,0.0,1.0,0.0,0.05
pallets/click,d3a4bbda4ac895e46ba495aa0416f67ce621498c,2026-04-21T19:30:39+00:00,0,1,3.0,20.0,1.0,3.091042453358316,2.0,1.0,1.0,1.0,1.0,0.0,0.0,0.0,0.0,0.0,0.0,0.0,1.0,0.0,1.0,0.0,0.0,20.0,0.0,0.0,1.0,0.0,0.05
pallets/click,56370d09c20edfa725f457a54a9067edc5ccecc1,2026-04-22T08:00:40+00:00,0,1,4.0,74.0,0.0,4.31748811353631,2.0,1.0,1.0,1.0,2.0,0.0,0.0,0.0,0.0,0.0,0.0,0.0,1.0,0.0,0.0,0.0,0.0,25.75,51.0,0.0,1.0,0.0,0.05
pallets/click,ab873181c1bf1ea39a6bbc872747cdedf98ddd5f,2026-04-22T13:52:47+00:00,0,1,3.0,78.0,21.0,4.605170185988092,6.0,1.0,1.0,1.0,1.0,0.0,0.0,0.0,0.0,0.0,0.0,0.0,1.0,0.0,1.0,0.0,0.0,23.666666666666668,0.0,0.0,1.0,0.0,0.05
pallets/click,a919b963d85a2a0e69bafd9e5fabaceae10386fd,2026-04-22T13:57:23+00:00,0,1,3.0,74.0,21.0,4.564348191467836,6.0,1.0,1.0,1.0,1.0,0.0,0.0,0.0,0.0,0.0,0.0,0.0,1.0,0.0,1.0,0.0,0.0,24.666666666666668,1.0,0.0,1.0,0.0,0.05
pallets/click,c18107abf919b38f48a09f30a408faed36ae33b1,2026-04-22T16:08:25+00:00,0,1,4.0,50.0,33.0,4.430816798843313,19.0,1.0,2.0,1.0,1.0,0.0,0.0,0.0,0.0,0.0,0.0,0.0,1.0,0.0,0.0,0.0,0.0,25.75,0.0,0.0,1.0,0.0,0.05
pallets/click,27562752152749b74b0df833db831ab7daac8a6d,2026-04-22T16:13:33+00:00,0,1,4.0,50.0,35.0,4.454347296253507,19.0,1.0,2.0,1.0,1.0,0.0,0.0,0.0,0.0,0.0,0.0,0.0,1.0,0.0,0.0,0.0,0.0,26.75,1.0,0.0,1.0,0.0,0.05
pallets/click,d777956105fde08e01dd895dde2b86ccdf558d59,2026-04-22T16:20:56+00:00,0,1,3.0,16.0,16.0,3.4965075614664802,0.0,1.0,1.0,0.0,1.0,1.0,0.0,0.0,0.0,0.0,1.0,0.0,0.0,1.0,0.0,0.0,0.0,27.333333333333332,3.0,0.0,1.0,0.0,0.05
pallets/click,ffe4a45b4a2f6f4fbc89208dbd3bc38b1e621775,2026-04-22T17:00:48+00:00,1,1,3.0,151.0,85.0,5.4680601411351315,37.0,1.0,1.0,1.0,1.0,0.0,0.0,0.0,0.0,0.0,0.0,0.0,1.0,0.0,0.0,0.0,0.0,24.0,2.0,0.0,1.0,0.0,0.05
pallets/click,37a90d509cee99ff48108fcf847bec1302f09aa9,2026-04-22T17:14:59+00:00,0,1,1.0,65.0,34.0,4.605170185988092,2.0,1.0,1.0,0.0,0.0,0.0,0.0,0.0,0.0,0.0,1.0,0.0,1.0,0.0,0.0,0.14285714285714285,0.14285714285714285,7.0,3.0,0.3333333333333333,1.0,0.0,0.05
pallets/click,5989375dc3953a5709c411e11f658c242319858e,2026-04-22T17:28:08+00:00,0,1,5.0,159.0,95.0,5.541263545158426,41.0,1.0,3.0,1.0,1.0,0.0,0.0,0.0,0.0,0.0,0.0,0.0,1.0,0.0,0.0,0.2,0.06817460317460318,25.6,4.0,0.25,1.0,0.0,0.05
pallets/click,e3c0898975a7e095a3f11fd2d13035872a55a3e5,2026-04-22T19:04:33+00:00,0,1,11.0,26.0,21.0,3.871201010907891,14.0,3.0,5.0,4.0,1.0,0.0,1.0,0.0,0.0,0.0,0.0,0.0,1.0,0.0,0.0,0.1111111111111111,0.01408179012345679,17.363636363636363,4.0,0.0,1.0,0.0,0.05
pallets/click,8bd8b4a074c55c03b6eb5666edc44a9c43df38a2,2026-04-22T19:07:33+00:00,0,2,11.0,26.0,21.0,3.871201010907891,14.0,3.0,5.0,4.0,1.0,0.0,1.0,0.0,0.0,0.0,0.0,0.0,0.0,1.0,0.0,0.1,0.01048951048951049,18.363636363636363,5.0,0.0,1.0,0.0,0.05
pallets/click,51e2d3a4352cf89c2a349e98b5fcfe458ce14ea8,2026-04-23T03:22:56+00:00,0,1,2.0,14.0,1.0,2.772588722239781,2.0,1.0,1.0,1.0,0.0,0.0,0.0,0.0,0.0,0.0,0.0,0.0,1.0,0.0,1.0,0.0,0.0,3.5,0.0,0.0,1.0,0.0,0.05
pallets/click,48687430bd69fd05375cfc3e3450f080084fea65,2026-04-23T09:14:20+00:00,0,1,2.0,47.0,18.0,4.189654742026425,4.0,1.0,1.0,1.0,0.0,0.0,0.0,0.0,0.0,0.0,0.0,0.0,1.0,0.0,1.0,0.0,0.0,4.5,0.0,0.0,1.0,0.0,0.05
pallets/click,4716000535af83574949e30be30770beb9fea616,2026-04-23T10:43:08+00:00,0,1,2.0,205.0,0.0,5.327876168789581,12.0,1.0,1.0,1.0,0.0,0.0,0.0,0.0,0.0,0.0,0.0,0.0,1.0,0.0,0.0,0.0,0.0,6.5,0.0,0.0,1.0,0.0,0.05
pallets/click,eadd6fda63bb9d81c9692cceb6122d9d93d10a62,2026-04-23T11:28:00+00:00,1,1,2.0,560.0,28.0,6.3784261836515865,54.0,1.0,1.0,1.0,0.0,0.0,0.0,0.0,0.0,0.0,0.0,0.0,1.0,0.0,0.0,0.0,0.0,21.0,1.0,0.0,1.0,0.0,0.05
pallets/click,78ad170e243d4cfbbd448a51dc5bf98e5db4e400,2026-04-24T00:13:15+00:00,0,1,1.0,17.0,13.0,3.4339872044851463,1.0,1.0,1.0,0.0,0.0,0.0,0.0,0.0,0.0,0.0,1.0,0.0,1.0,0.0,1.0,0.0,0.0,3.0,0.0,0.0,1.0,0.0,0.1
pallets/click,a252df0334607358687a5c0b484d1896b28740b7,2026-04-25T02:16:10+00:00,0,1,1.0,24.0,0.0,3.2188758248682006,1.0,1.0,1.0,0.0,0.0,0.0,0.0,0.0,0.0,0.0,1.0,0.0,1.0,0.0,1.0,0.0,0.0,8.0,0.0,0.0,1.0,0.0,0.1
pallets/click,12e9a96fc2e2bd1a2989a882a491017870dae4b1,2026-04-26T21:05:09+00:00,0,1,2.0,12.0,0.0,2.5649493574615367,2.0,1.0,1.0,1.0,0.0,0.0,0.0,0.0,0.0,0.0,0.0,0.0,1.0,0.0,1.0,0.0,0.0,6.0,0.0,0.0,1.0,0.0,0.1
pallets/click,4026eda4d2d7d113285b55c4185398029f244508,2026-04-27T03:17:47+00:00,1,1,5.0,520.0,0.0,6.255750041753367,27.0,2.0,4.0,1.0,0.0,0.0,0.0,0.0,0.0,0.0,0.0,0.0,1.0,0.0,0.0,0.0,0.0,3.8,0.0,0.0,1.0,0.0,0.1
pallets/click,78b2f2dc37ccc2e8cc9b17f7d9dacd6add9e26d2,2026-04-27T03:26:50+00:00,0,1,3.0,37.0,0.0,3.6375861597263857,4.0,1.0,1.0,1.0,1.0,0.0,0.0,0.0,0.0,0.0,0.0,0.0,1.0,0.0,1.0,0.015151515151515152,0.005050505050505051,26.666666666666668,0.0,0.0,1.0,0.0,0.15
pallets/click,f2f37ff2452819abb92c6e60aa827db26a1b1a31,2026-04-27T05:27:15+00:00,0,1,2.0,13.0,1.0,2.70805020110221,2.0,1.0,1.0,1.0,0.0,0.0,0.0,0.0,0.0,0.0,0.0,0.0,1.0,0.0,1.0,0.0,0.0,8.0,0.0,0.0,1.0,0.0,0.15
pallets/click,5bd448d8dd60ebb42c673e1305b7d4527472b796,2026-04-27T13:00:48+00:00,0,1,4.0,50.0,35.0,4.454347296253507,19.0,1.0,2.0,1.0,1.0,0.0,0.0,0.0,0.0,0.0,0.0,0.0,1.0,0.0,0.0,0.16666666666666666,0.051079828132066935,30.75,5.0,0.2,1.0,0.0,0.15
pallets/click,e3d0d372468fc0e02ef69292f1b127c46aab1744,2026-04-27T13:09:46+00:00,0,1,2.0,3.0,5.0,2.1972245773362196,4.0,1.0,2.0,0.0,0.0,0.0,0.0,0.0,0.0,0.0,1.0,0.0,1.0,0.0,0.0,0.022222222222222223,0.011111111111111112,24.0,52.0,0.0,1.0,0.0,0.15
pallets/click,854645fdd44798b13790fd14c16e272be06eba89,2026-04-27T13:12:36+00:00,0,1,2.0,3.0,9.0,2.5649493574615367,4.0,1.0,2.0,0.0,0.0,0.0,0.0,0.0,0.0,0.0,1.0,0.0,1.0,0.0,0.0,0.021739130434782608,0.010869565217391304,25.0,53.0,0.0,1.0,0.0,0.15
pallets/click,8e19856263f92424475a4cb055c7bc0d0dad4577,2026-04-27T13:36:26+00:00,0,1,1.0,10.0,8.0,2.9444389791664403,1.0,1.0,1.0,0.0,0.0,0.0,0.0,0.0,0.0,0.0,1.0,0.0,1.0,0.0,0.0,0.09090909090909091,0.09090909090909091,11.0,54.0,0.0,1.0,0.0,0.15
pallets/click,6e981edefaeafa6c16b478dc131fba4d936024f1,2026-04-27T13:37:11+00:00,0,1,1.0,10.0,8.0,2.9444389791664403,1.0,1.0,1.0,0.0,0.0,0.0,0.0,0.0,0.0,0.0,1.0,0.0,1.0,0.0,0.0,0.08333333333333333,0.08333333333333333,12.0,6.0,0.16666666666666666,1.0,0.0,0.15
pallets/click,3e2d92c590c34c92e116acdda71e7678ca50895e,2026-04-27T13:56:15+00:00,0,1,1.0,3.0,1.0,1.6094379124341003,1.0,1.0,1.0,0.0,0.0,0.0,0.0,0.0,0.0,0.0,1.0,0.0,1.0,0.0,0.0,0.07692307692307693,0.07692307692307693,13.0,55.0,0.0,1.0,0.0,0.15
pallets/click,0b5fdd7602f248c009d4fdb89307cb586ac94c89,2026-04-27T14:00:08+00:00,0,1,3.0,46.0,1.0,3.871201010907891,3.0,1.0,1.0,1.0,1.0,0.0,0.0,0.0,0.0,0.0,0.0,0.0,1.0,0.0,1.0,0.014705882352941176,0.004901960784313725,28.666666666666668,0.0,0.0,1.0,0.0,0.1
pallets/click,78a4efcdce1067566fa58771afbaeb18e2c1cf0f,2026-04-27T14:19:41+00:00,0,1,1.0,3.0,3.0,1.9459101490553132,2.0,1.0,1.0,0.0,0.0,0.0,0.0,0.0,0.0,0.0,1.0,0.0,1.0,0.0,0.0,0.07142857142857142,0.07142857142857142,14.0,56.0,0.0,1.0,0.0,0.1
pallets/click,ded5b692472629154ab5a2f63bd7cdd4deea3146,2026-04-27T14:37:25+00:00,0,1,4.0,25.0,6.0,3.4657359027997265,6.0,1.0,1.0,0.0,3.0,0.0,0.0,0.0,0.0,0.0,1.0,0.0,1.0,0.0,0.0,0.0,0.0,0.0,57.0,0.0,1.0,0.0,0.1
pallets/click,cf0c36d33734af1de9ecd5d3305970eb26ebba7f,2026-04-27T14:41:41+00:00,0,1,1.0,47.0,2.0,3.912023005428146,2.0,0.0,0.0,1.0,0.0,0.0,0.0,0.0,0.0,0.0,0.0,0.0,1.0,0.0,0.0,0.0,0.0,1.0,58.0,0.0,1.0,0.0,0.1
pallets/click,c314f9672ba40f386bfb5f5574b852563990da9f,2026-04-27T14:44:44+00:00,0,1,1.0,65.0,34.0,4.605170185988092,2.0,1.0,1.0,0.0,0.0,0.0,0.0,0.0,0.0,0.0,1.0,0.0,1.0,0.0,0.0,0.06666666666666667,0.06666666666666667,15.0,7.0,0.14285714285714285,1.0,0.0,0.1
pallets/click,dd4dc439f6a6559302e779ac20f4e153cc26b47f,2026-04-27T14:51:41+00:00,0,1,4.0,74.0,0.0,4.31748811353631,2.0,1.0,1.0,1.0,2.0,0.0,0.0,0.0,0.0,0.0,0.0,0.0,1.0,0.0,0.0,0.02127659574468085,0.008942337341967314,32.5,59.0,0.0,1.0,0.0,0.1
pallets/click,3a3e0350b6a2ea3e799440d48e779acabcf44de9,2026-04-27T14:56:08+00:00,0,1,5.0,75.0,0.0,4.330733340286331,2.0,1.0,1.0,1.0,3.0,0.0,0.0,0.0,0.0,0.0,0.0,0.0,1.0,0.0,0.0,0.020833333333333332,0.008779761904761905,26.8,60.0,0.0,1.0,0.0,0.1
pallets/click,2f72f4a1b4d24bc7b18845bf6dbe28f95f162a15,2026-04-27T23:30:53+00:00,0,1,2.0,24.0,1.0,3.258096538021482,4.0,1.0,1.0,1.0,0.0,0.0,0.0,0.0,0.0,0.0,0.0,0.0,1.0,0.0,1.0,0.0,0.0,10.0,0.0,0.0,1.0,0.0,0.05
pallets/click,a5c0af7f506b841b492408109a763024d32995f4,2026-04-28T20:23:45+00:00,0,1,3.0,80.0,6.0,4.465908118654584,4.0,1.0,1.0,1.0,1.0,0.0,0.0,0.0,0.0,0.0,0.0,0.0,1.0,0.0,0.0,0.014084507042253521,0.004694835680751174,33.666666666666664,0.0,0.0,1.0,0.0,0.05
pallets/click,daf6ca5d2b48f5b581af259cd9d706fac1a3d0c3,2026-04-28T21:05:21+00:00,0,1,3.0,60.0,1.0,4.127134385045092,3.0,1.0,1.0,1.0,1.0,0.0,0.0,0.0,0.0,0.0,0.0,0.0,1.0,0.0,0.0,0.013888888888888888,0.004629629629629629,31.333333333333332,1.0,0.0,1.0,0.0,0.05
pallets/click,8a2b48901a08b3d2ec3a9bbd151948a9765368c6,2026-04-29T06:31:28+00:00,0,1,9.0,196.0,109.0,5.723585101952381,49.0,2.0,4.0,1.0,4.0,0.0,0.0,0.0,0.0,0.0,0.0,0.0,0.0,1.0,0.0,0.14285714285714285,0.026607104028826142,18.0,20.0,0.0,0.0,0.0,0.05
pallets/click,a014796098fe79d61f8a78bc9dfd888adfd19c01,2026-04-29T06:38:02+00:00,0,1,9.0,205.0,113.0,5.765191102784844,49.0,2.0,4.0,1.0,4.0,0.0,0.0,0.0,0.0,0.0,0.0,0.0,1.0,1.0,1.0,0.125,0.022647058823529412,11.444444444444445,21.0,0.0,0.0,0.0,0.05
pallets/click,c8da1fcc2cb4523c1fb5bef7f0ca82394dde1efd,2026-04-29T06:41:22+00:00,0,1,5.0,75.0,0.0,4.330733340286331,2.0,1.0,1.0,1.0,3.0,0.0,0.0,0.0,0.0,0.0,0.0,0.0,0.0,1.0,0.0,0.0196078431372549,0.006624271330153683,28.8,22.0,0.0,1.0,0.0,0.0
pallets/click,235e03ee0cb8d575630427158393a9c6fce39b31,2026-04-29T06:43:49+00:00,0,1,1.0,26.0,5.0,3.4657359027997265,0.0,0.0,0.0,0.0,1.0,0.0,0.0,0.0,0.0,0.0,0.0,1.0,1.0,0.0,0.0,0.013333333333333334,0.013333333333333334,75.0,23.0,0.0,1.0,0.0,0.0
pallets/click,cf93868770f48556d2caa0a19c65e36302a71c6f,2026-04-29T06:45:14+00:00,0,1,22.0,339.0,149.0,6.192362489474872,64.0,5.0,8.0,5.0,7.0,1.0,1.0,0.0,0.0,0.0,0.0,0.0,1.0,1.0,0.0,0.1111111111111111,0.009047969574285364,14.545454545454545,24.0,0.0,1.0,0.0,0.0
pallets/click,b03f211e602d915f413068eba87ff08469b38477,2026-04-29T06:47:39+00:00,0,1,3.0,113.0,19.0,4.890349128221754,7.0,1.0,1.0,1.0,1.0,0.0,0.0,0.0,0.0,0.0,0.0,0.0,0.0,1.0,0.0,0.018867924528301886,0.010618312505104957,53.333333333333336,25.0,0.0,1.0,0.0,0.0
pallets/click,3ca8f96c7568ee8ec1ba604d603821d0762243f5,2026-04-29T06:50:16+00:00,0,1,1.0,0.0,21.0,3.091042453358316,0.0,0.0,0.0,0.0,1.0,0.0,0.0,0.0,0.0,0.0,0.0,1.0,1.0,0.0,1.0,0.01282051282051282,0.01282051282051282,78.0,26.0,0.0,1.0,0.0,0.0
pallets/click,8d3449517a97b6fd457a025bd9c3d2acfd301fa4,2026-04-29T06:50:59+00:00,0,1,1.0,0.0,21.0,3.091042453358316,0.0,0.0,0.0,0.0,1.0,0.0,0.0,0.0,0.0,0.0,0.0,1.0,0.0,1.0,1.0,0.012658227848101266,0.012658227848101266,79.0,27.0,0.0,1.0,0.0,0.0
pallets/click,a34f960488e777ae795c41de7d33ae3c6edeb6fb,2026-04-29T06:56:26+00:00,0,1,1.0,30.0,4.0,3.5553480614894135,0.0,0.0,0.0,0.0,1.0,0.0,0.0,0.0,0.0,0.0,0.0,1.0,1.0,0.0,0.0,0.0125,0.0125,80.0,28.0,0.0,1.0,0.0,0.0
pallets/click,2d0490b12ceebb5c68a6aa7a9a7bb2a7ad522e86,2026-04-29T07:00:24+00:00,0,1,22.0,406.0,169.0,6.3561076606958915,70.0,5.0,8.0,5.0,7.0,1.0,1.0,0.0,0.0,0.0,0.0,0.0,1.0,1.0,1.0,0.1,0.008340717112646938,15.818181818181818,29.0,0.0,1.0,0.0,0.0
pallets/click,0cd28d6548f92e46396e0ffdd19ec5ea75b4b5e4,2026-04-29T07:01:45+00:00,0,1,3.0,76.0,1.0,4.356708826689592,3.0,1.0,1.0,1.0,1.0,0.0,0.0,0.0,0.0,0.0,0.0,0.0,0.0,1.0,1.0,0.012195121951219513,0.0040650406504065045,34.333333333333336,30.0,0.0,1.0,0.0,0.0
pallets/click,25edc1e31360efba4f64c8c3c540bbbcfb7876da,2026-04-29T07:07:53+00:00,0,1,1.0,47.0,2.0,3.912023005428146,2.0,0.0,0.0,1.0,0.0,0.0,0.0,0.0,0.0,0.0,0.0,0.0,0.0,1.0,0.0,0.0,0.0,2.0,31.0,0.0,1.0,0.0,0.0
pallets/click,da7774b5ac228a78e0935bbdf45435cf7341de20,2026-04-29T08:53:32+00:00,0,1,2.0,3.0,9.0,2.5649493574615367,4.0,1.0,2.0,0.0,0.0,0.0,0.0,0.0,0.0,0.0,1.0,0.0,1.0,0.0,0.0,0.01818181818181818,0.00909090909090909,30.0,61.0,0.0,0.0,0.0,0.0
pallets/click,76472b1bd94cb15fd7f00d3fbde57c703878dab2,2026-04-29T09:14:36+00:00,0,1,2.0,12.0,10.0,3.1354942159291497,1.0,1.0,1.0,0.0,1.0,0.0,0.0,0.0,0.0,0.0,1.0,0.0,1.0,0.0,0.0,0.012048192771084338,0.006024096385542169,50.0,62.0,0.0,1.0,0.0,0.0
pallets/click,987174bb236f2ebf63d668e9edfe8a1ac4a23962,2026-04-29T09:20:56+00:00,0,1,3.0,74.0,21.0,4.564348191467836,6.0,1.0,1.0,1.0,1.0,0.0,0.0,0.0,0.0,0.0,0.0,0.0,1.0,0.0,1.0,0.011904761904761904,0.003968253968253968,36.0,2.0,0.0,1.0,0.0,0.0
pallets/click,6677867c207025465db42eda02013e86cbb014d4,2026-04-29T09:22:42+00:00,0,1,3.0,74.0,21.0,4.564348191467836,6.0,1.0,1.0,1.0,1.0,0.0,0.0,0.0,0.0,0.0,0.0,0.0,1.0,0.0,1.0,0.011764705882352941,0.00392156862745098,37.0,3.0,0.0,1.0,0.0,0.0
pallets/click,b2bfd55245721c47688605ac590646a96c85121d,2026-04-29T09:27:30+00:00,0,1,1.0,69.0,34.0,4.6443908991413725,2.0,1.0,1.0,0.0,0.0,0.0,0.0,0.0,0.0,0.0,1.0,0.0,1.0,0.0,0.0,0.05,0.05,20.0,8.0,0.125,1.0,0.0,0.0
pallets/click,b1a4103d90437c72b2042d02bfb1c7d602070215,2026-04-29T10:28:11+00:00,0,1,4.0,357.0,99.0,6.124683390894205,20.0,1.0,1.0,1.0,2.0,0.0,0.0,0.0,0.0,0.0,0.0,0.0,1.0,0.0,1.0,0.011627906976744186,0.0029069767441860465,32.0,63.0,0.0,1.0,0.0,0.0
pallets/click,aad0fd68b6e20e33438bba3e7fb9bb637822effc,2026-04-29T11:09:14+00:00,0,1,4.0,355.0,98.0,6.118097198041348,20.0,1.0,1.0,1.0,2.0,0.0,0.0,0.0,0.0,0.0,0.0,0.0,1.0,0.0,1.0,0.011494252873563218,0.0028735632183908046,33.0,64.0,0.0,1.0,0.0,0.0
pallets/click,d2e4a42ff410d92e88293f3552422a4a284c749b,2026-04-29T23:10:48+00:00,0,1,1.0,69.0,34.0,4.6443908991413725,2.0,1.0,1.0,0.0,0.0,0.0,0.0,0.0,0.0,0.0,1.0,0.0,0.0,0.0,0.0,0.047619047619047616,0.047619047619047616,21.0,1.0,0.0,1.0,0.0,0.0
pallets/click,ddede2147c9370ab8275f81db4826b6895d2e7dc,2026-04-29T23:11:50+00:00,0,1,4.0,46.0,44.0,4.51085950651685,23.0,1.0,3.0,0.0,1.0,0.0,0.0,0.0,0.0,0.0,1.0,0.0,0.0,0.0,0.0,0.017857142857142856,0.007305194805194805,39.5,9.0,0.1111111111111111,1.0,0.0,0.0
pallets/click,2468b70997a6ec27ced4b4867954c90da3f92075,2026-04-29T23:20:25+00:00,0,1,3.0,74.0,21.0,4.564348191467836,6.0,1.0,1.0,1.0,1.0,0.0,0.0,0.0,0.0,0.0,0.0,0.0,0.0,0.0,1.0,0.011235955056179775,0.003745318352059925,39.0,0.0,0.0,1.0,0.0,0.0
pallets/click,3dbe4f81197e670cb6082d4ed6e157b08610a7aa,2026-04-29T23:24:27+00:00,0,1,7.0,189.0,99.0,5.666426688112432,31.0,1.0,5.0,1.0,1.0,0.0,0.0,0.0,0.0,0.0,0.0,0.0,1.0,1.0,0.0,0.045454545454545456,0.010587073744968482,30.714285714285715,10.0,0.1,1.0,0.0,0.0
pallets/click,c5cced7b3096804567688df645194e3ed3dfa88b,2026-04-29T23:25:41+00:00,0,1,2.0,12.0,10.0,3.1354942159291497,1.0,1.0,1.0,0.0,1.0,0.0,0.0,0.0,0.0,0.0,1.0,0.0,0.0,0.0,1.0,0.01098901098901099,0.005494505494505495,54.5,0.0,0.0,1.0,0.0,0.0
pallets/click,9cbbf10782d555d6995ef8969276d6a89792bc0c,2026-04-29T23:32:47+00:00,0,1,54.0,5225.0,2225.0,8.916103530553727,269.0,5.0,14.0,12.0,21.0,1.0,6.0,1.0,0.0,0.0,0.0,0.0,1.0,1.0,0.0,0.14285714285714285,0.008329331005492924,11.203703703703704,11.0,0.09090909090909091,0.0,0.0,0.0
pallets/click,c69643b60cf971cd5d8e5d3902632807ceab9b8f,2026-04-29T23:33:46+00:00,0,1,7.0,138.0,74.0,5.3612921657094255,12.0,1.0,4.0,0.0,3.0,0.0,0.0,0.0,0.0,0.0,1.0,0.0,0.0,0.0,0.0,0.125,0.03393817204301075,20.428571428571427,0.0,0.0,1.0,0.0,0.0
pallets/click,8e1c9170168fcdb67f867df88d16e498673e26f3,2026-04-29T23:36:11+00:00,0,1,67.0,5989.0,2610.0,9.0595174822416,307.0,5.0,15.0,13.0,32.0,1.0,6.0,1.0,0.0,0.0,0.0,0.0,1.0,1.0,0.0,0.1111111111111111,0.00638067651799692,9.940298507462687,12.0,0.08333333333333333,0.0,0.0,0.0
pallets/click,19fd4d6e18bc9fce451f92f422696b11169faa57,2026-04-29T23:37:35+00:00,0,1,4.0,71.0,8.0,4.382026634673881,3.0,1.0,1.0,1.0,1.0,0.0,1.0,0.0,0.0,0.0,0.0,0.0,0.0,0.0,1.0,0.010526315789473684,0.0035087719298245615,28.0,0.0,0.0,1.0,0.0,0.0
pallets/click,f6da6a7470dcc222513675d47345707710596488,2026-04-29T23:39:02+00:00,0,1,6.0,84.0,22.0,4.672828834461906,13.0,1.0,4.0,2.0,0.0,0.0,0.0,0.0,0.0,0.0,0.0,0.0,1.0,0.0,0.0,0.2,0.05277777777777778,22.333333333333332,0.0,0.0,1.0,0.0,0.0
pallets/click,dc3e1e0294f7bee639fb170112f87d9ddbe51db5,2026-04-29T23:52:25+00:00,0,1,1.0,2.0,0.0,1.0986122886681098,0.0,0.0,0.0,0.0,1.0,0.0,0.0,0.0,0.0,0.0,0.0,1.0,1.0,0.0,0.0,0.010416666666666666,0.010416666666666666,96.0,0.0,0.0,1.0,0.0,0.0
pallets/click,831c8f0948af519e45b90801d7430ff25451f972,2026-04-29T23:53:17+00:00,0,1,7.0,86.0,22.0,4.6913478822291435,13.0,1.0,4.0,2.0,1.0,0.0,0.0,0.0,0.0,0.0,0.0,0.0,0.0,0.0,0.0,0.16666666666666666,0.04061121122131769,33.857142857142854,1.0,0.0,1.0,0.0,0.0
pallets/click,36a0badd92907f82dc967de90cece58267a3f925,2026-04-29T23:57:03+00:00,0,1,55.0,4088.0,1972.0,8.709630081951286,227.0,5.0,15.0,11.0,20.0,1.0,8.0,1.0,0.0,0.0,0.0,0.0,1.0,1.0,1.0,0.14285714285714285,0.008370104689333847,13.50909090909091,13.0,0.07692307692307693,0.0,0.0,0.0
pallets/click,3ea593e3e039303abd02ef1044ca84b6ef90d7ea,2026-04-30T00:34:17+00:00,0,1,43.0,4148.0,1630.0,8.661985936317778,168.0,4.0,11.0,10.0,14.0,1.0,7.0,1.0,0.0,0.0,0.0,0.0,1.0,1.0,0.0,0.08333333333333333,0.006886524328384792,16.023255813953487,14.0,0.07142857142857142,0.0,0.0,0.0
pallets/click,22aeb7bcd7c2a20c1a7acfcf4c63fb59bdb99de1,2026-04-30T00:36:59+00:00,0,1,1.0,8.0,2.0,2.3978952727983707,0.0,0.0,0.0,0.0,1.0,0.0,0.0,0.0,0.0,0.0,0.0,1.0,1.0,0.0,0.0,0.01,0.01,100.0,1.0,0.0,1.0,0.0,0.0
pallets/click,abde410a1c6bcb3541801b165e18360360013410,2026-04-30T05:38:49+00:00,0,1,1.0,3.0,0.0,1.3862943611198906,0.0,0.0,0.0,0.0,1.0,0.0,0.0,0.0,0.0,0.0,0.0,1.0,1.0,0.0,0.0,0.009900990099009901,0.009900990099009901,101.0,65.0,0.0,1.0,0.0,0.0
pallets/click,3694e9aeffb8d59370461c0e1b4a758187a4b6ef,2026-04-30T05:49:51+00:00,0,1,1.0,3.0,0.0,1.3862943611198906,0.0,0.0,0.0,0.0,1.0,0.0,0.0,0.0,0.0,0.0,0.0,1.0,1.0,0.0,0.0,0.00980392156862745,0.00980392156862745,102.0,66.0,0.0,1.0,0.0,0.0
pallets/click,c07cd75395c5597128a4c4525846958edd767da9,2026-04-30T06:15:50+00:00,0,1,3.0,11.0,10.0,3.091042453358316,1.0,1.0,1.0,0.0,1.0,0.0,1.0,0.0,0.0,0.0,1.0,0.0,1.0,0.0,0.0,0.009708737864077669,0.0032362459546925564,39.0,67.0,0.0,1.0,0.0,0.0
pallets/click,3dac31185776ddad4320b24a0de354387b3a9e52,2026-04-30T08:12:48+00:00,1,1,1.0,70.0,3.0,4.30406509320417,4.0,0.0,0.0,1.0,0.0,0.0,0.0,0.0,0.0,0.0,0.0,0.0,1.0,0.0,0.0,0.0,0.0,28.0,68.0,0.0,0.0,0.0,0.0
pallets/click,4a70df6b8addae298145efb34de4bb0f8b83d97d,2026-04-30T19:11:50+00:00,0,1,2.0,14.0,1.0,2.772588722239781,2.0,1.0,1.0,1.0,0.0,0.0,0.0,0.0,0.0,0.0,0.0,0.0,1.0,0.0,1.0,0.0,0.0,27.5,0.0,0.0,1.0,0.0,0.05
pallets/click,f27d80b067c1a6ad22a0c8422e56fad21162c9b5,2026-04-30T21:57:00+00:00,0,1,1.0,0.0,1.0,0.6931471805599453,0.0,0.0,0.0,0.0,1.0,0.0,0.0,0.0,0.0,0.0,0.0,1.0,1.0,0.0,0.0,0.009615384615384616,0.009615384615384616,104.0,15.0,0.06666666666666667,0.0,0.0,0.05
pallets/click,fed9049f7a07550d560a91b30c5b0b3e17d54981,2026-04-30T22:03:35+00:00,0,1,1.0,2.0,2.0,1.6094379124341003,0.0,0.0,0.0,0.0,1.0,0.0,0.0,0.0,0.0,0.0,0.0,1.0,0.0,0.0,0.0,0.009523809523809525,0.009523809523809525,105.0,2.0,0.0,1.0,0.0,0.05
pallets/click,9aecc0c7ee2dfd223bbd9e42cfef31edc3bc152c,2026-04-30T22:06:31+00:00,0,1,1.0,2.0,2.0,1.6094379124341003,0.0,0.0,0.0,0.0,1.0,0.0,0.0,0.0,0.0,0.0,0.0,1.0,1.0,1.0,0.0,0.009433962264150943,0.009433962264150943,106.0,16.0,0.0625,1.0,0.0,0.05
pallets/click,ca9698cf7d7eb104634cf368c86daaa9ec478b26,2026-05-01T01:12:26+00:00,0,1,1.0,11.0,11.0,3.1354942159291497,3.0,1.0,1.0,0.0,0.0,0.0,0.0,0.0,0.0,0.0,1.0,0.0,1.0,0.0,1.0,0.0,0.0,18.0,3.0,0.0,0.0,0.0,0.05
pallets/click,9e90ad93bddb5ce88e583734fac9d4d70848d51b,2026-05-01T04:12:46+00:00,0,1,60.0,5517.0,2327.0,8.967631665167133,294.0,5.0,15.0,14.0,23.0,1.0,7.0,1.0,0.0,0.0,0.0,0.0,1.0,1.0,0.0,0.125,0.007275148417809418,14.366666666666667,0.0,0.0,0.0,0.0,0.05
pallets/click,900acf28bdf6b98d0aa2862d84c350ac31f02fe0,2026-05-01T14:01:48+00:00,0,1,2.0,30.0,1.0,3.4657359027997265,2.0,1.0,1.0,1.0,0.0,0.0,0.0,0.0,0.0,0.0,0.0,0.0,1.0,0.0,1.0,0.07142857142857142,0.03571428571428571,15.0,0.0,0.0,1.0,0.0,0.05
pallets/click,3df4d601a5f1d1db50cbf0b33e5b0816189bc5a8,2026-05-01T14:33:03+00:00,0,1,2.0,2.0,1.0,1.3862943611198906,2.0,1.0,2.0,0.0,0.0,0.0,0.0,0.0,0.0,0.0,1.0,0.0,1.0,0.0,0.0,0.015384615384615385,0.007692307692307693,42.5,4.0,0.0,1.0,0.0,0.05
pallets/click,69120406d6a4fabda61f4afdef24cd64002a7b29,2026-05-01T14:46:49+00:00,0,1,2.0,3.0,4.0,2.0794415416798357,1.0,0.0,0.0,1.0,1.0,0.0,0.0,0.0,0.0,0.0,0.0,0.0,1.0,0.0,0.0,0.0,0.0,0.5,1.0,0.0,1.0,0.0,0.05
pallets/click,5e1d85babcbbe28afd3a30ff852d321773a960bd,2026-05-02T11:41:52+00:00,0,1,2.0,42.0,1.0,3.784189633918261,3.0,1.0,1.0,1.0,0.0,0.0,0.0,0.0,0.0,0.0,0.0,0.0,1.0,0.0,0.0,0.0,0.0,14.5,0.0,0.0,1.0,0.0,0.05
pallets/click,cbbf18f5179f979860f467aa3c9e528f85c32d8d,2026-05-03T13:33:33+00:00,0,1,2.0,8.0,1.0,2.302585092994046,2.0,1.0,1.0,1.0,0.0,0.0,0.0,0.0,0.0,0.0,0.0,0.0,1.0,0.0,1.0,0.0,0.0,15.5,0.0,0.0,1.0,0.0,0.05
pallets/click,4ec81c88dd628c69a279bf7331b615edbbe52c23,2026-05-04T13:33:53+00:00,0,1,4.0,391.0,98.0,6.194405391104672,21.0,1.0,1.0,1.0,2.0,0.0,0.0,0.0,0.0,0.0,0.0,0.0,1.0,0.0,1.0,0.009259259259259259,0.0023148148148148147,42.75,69.0,0.014492753623188406,1.0,0.0,0.05
pallets/click,b24a333522976deeaf675284e59de17887cf54b7,2026-05-04T14:52:20+00:00,1,1,1.0,28.0,0.0,3.367295829986474,1.0,0.0,0.0,1.0,0.0,0.0,0.0,0.0,0.0,0.0,0.0,0.0,1.0,0.0,0.0,0.0,0.0,40.0,70.0,0.014285714285714285,1.0,0.0,0.05
pallets/click,fee483d691a56616cdca46d91240358e02277f84,2026-05-04T19:33:35+00:00,0,1,1.0,160.0,0.0,5.081404364984463,11.0,0.0,0.0,1.0,0.0,0.0,0.0,0.0,0.0,0.0,0.0,0.0,1.0,0.0,0.0,0.03333333333333333,0.03333333333333333,30.0,5.0,0.0,1.0,0.0,0.1
pallets/click,73e155006526575548d143ef519995f540547e52,2026-05-04T20:03:04+00:00,0,1,3.0,17.0,16.0,3.5263605246161616,4.0,1.0,3.0,0.0,0.0,0.0,0.0,0.0,0.0,0.0,1.0,0.0,0.0,0.0,1.0,0.015151515151515152,0.007575757575757576,29.0,17.0,0.058823529411764705,1.0,0.0,0.1
pallets/click,a3c0a3e21b625e6d512fd7d1b9a31c9fbe209d62,2026-05-04T20:26:53+00:00,1,1,2.0,8.0,0.0,2.1972245773362196,1.0,1.0,1.0,0.0,1.0,0.0,0.0,0.0,0.0,0.0,1.0,0.0,1.0,0.0,0.0,0.009174311926605505,0.0045871559633027525,68.0,6.0,0.0,0.0,0.0,0.1
pallets/click,0b75b01ec37ea591d76a51d50604589c69163a43,2026-05-05T08:28:23+00:00,0,1,1.0,3.0,3.0,1.9459101490553132,1.0,1.0,1.0,0.0,0.0,0.0,0.0,0.0,0.0,0.0,1.0,0.0,1.0,0.0,0.0,0.03571428571428571,0.03571428571428571,28.0,1.0,0.0,0.0,0.0,0.15
pallets/click,dae9fcafffa4bd7691837c6f9e855615959dc9d3,2026-05-05T08:31:05+00:00,0,1,3.0,17.0,16.0,3.5263605246161616,4.0,1.0,3.0,0.0,0.0,0.0,0.0,0.0,0.0,0.0,1.0,0.0,1.0,1.0,0.0,0.014925373134328358,0.004975124378109453,30.0,2.0,0.0,1.0,0.0,0.15
pallets/click,7c71919cc0a854cbd4aa005ff10cf70d521e3033,2026-05-05T11:57:14+00:00,0,1,1.0,4.0,0.0,1.6094379124341003,1.0,1.0,1.0,0.0,0.0,0.0,0.0,0.0,0.0,0.0,1.0,0.0,1.0,0.0,1.0,0.0,0.0,12.0,0.0,0.0,1.0,0.0,0.15
pallets/click,3264a4ca3c87023786dfe596ec2a8e38b0d3782c,2026-05-05T14:09:49+00:00,0,1,2.0,27.0,0.0,3.332204510175204,2.0,1.0,1.0,1.0,0.0,0.0,0.0,0.0,0.0,0.0,0.0,0.0,1.0,0.0,1.0,0.0,0.0,17.0,1.0,0.0,1.0,0.0,0.15
pallets/click,352db9b056e3249d70c73f3faa0b4a53ff7f81c3,2026-05-05T16:39:31+00:00,1,1,1.0,2.0,2.0,1.6094379124341003,1.0,1.0,1.0,0.0,0.0,0.0,0.0,0.0,0.0,0.0,1.0,0.0,1.0,0.0,0.0,0.034482758620689655,0.034482758620689655,29.0,7.0,0.14285714285714285,0.0,0.0,0.1
pallets/click,c6eb223251d967f2b64066f45533e0f034d0ac92,2026-05-05T17:53:49+00:00,0,1,1.0,5.0,1.0,1.9459101490553132,2.0,1.0,1.0,0.0,0.0,0.0,0.0,0.0,0.0,0.0,1.0,0.0,1.0,0.0,1.0,0.0,0.0,14.0,0.0,0.0,1.0,0.0,0.15
pallets/click,c9954405e47e52bf02c8ac98c37deda3a4381471,2026-05-05T18:19:37+00:00,1,1,2.0,117.0,112.0,5.438079308923196,18.0,1.0,1.0,1.0,0.0,0.0,0.0,0.0,0.0,0.0,0.0,0.0,1.0,0.0,0.0,0.03225806451612903,0.016129032258064516,28.0,8.0,0.25,1.0,0.0,0.15
pallets/click,87ddb679f96ce01b9accaca1681fc27bbde6262a,2026-05-07T06:50:44+00:00,1,1,1.0,121.0,8.0,4.867534450455582,4.0,0.0,0.0,1.0,0.0,0.0,0.0,0.0,0.0,0.0,0.0,0.0,1.0,0.0,0.0,0.024390243902439025,0.024390243902439025,41.0,71.0,0.028169014084507043,1.0,1.0,0.2
pallets/click,a83dde072f37f0b4981b6b355ed0d9ed44816199,2026-05-07T08:16:38+00:00,1,1,1.0,63.0,0.0,4.1588830833596715,1.0,0.0,0.0,1.0,0.0,0.0,0.0,0.0,0.0,0.0,0.0,0.0,1.0,0.0,0.0,0.047619047619047616,0.047619047619047616,42.0,72.0,0.041666666666666664,1.0,1.0,0.25
pallets/click,effa02496846ef7944388b6a65e88c681f15c5a4,2026-05-07T08:21:20+00:00,1,1,1.0,278.0,1.0,5.634789603169249,2.0,0.0,0.0,1.0,0.0,0.0,0.0,0.0,0.0,0.0,0.0,0.0,1.0,0.0,0.0,0.06976744186046512,0.06976744186046512,43.0,73.0,0.0547945205479452,1.0,1.0,0.3
pallets/click,404bf350345524274ccedf13ac0a2965a536634f,2026-05-07T08:47:58+00:00,1,1,1.0,21.0,3.0,3.2188758248682006,0.0,0.0,0.0,0.0,1.0,0.0,0.0,0.0,0.0,0.0,0.0,1.0,1.0,0.0,0.0,0.0,0.0,18.0,74.0,0.06756756756756757,0.0,0.0,0.35
pallets/click,80c4ed0d4474c86193ed55388ff343d6bb274c4a,2026-05-07T08:50:31+00:00,1,1,1.0,64.0,0.0,4.174387269895637,1.0,0.0,0.0,1.0,0.0,0.0,0.0,0.0,0.0,0.0,0.0,0.0,1.0,0.0,0.0,0.09090909090909091,0.09090909090909091,44.0,75.0,0.08,0.0,0.0,0.4
pallets/click,fd50ce9c318bdcb0804eea25155a13087cb755e1,2026-05-07T08:57:04+00:00,1,1,1.0,23.0,0.0,3.1780538303479458,1.0,0.0,0.0,1.0,0.0,0.0,0.0,0.0,0.0,0.0,0.0,0.0,1.0,0.0,0.0,0.1111111111111111,0.1111111111111111,45.0,76.0,0.09210526315789473,1.0,1.0,0.45
pallets/click,2dc265e04dbb337a7e0d6f2824b7149243b57408,2026-05-07T09:00:18+00:00,0,1,1.0,34.0,11.0,3.828641396489095,1.0,1.0,1.0,0.0,0.0,0.0,0.0,0.0,0.0,0.0,1.0,0.0,1.0,0.0,0.0,0.014705882352941176,0.014705882352941176,68.0,77.0,0.1038961038961039,1.0,1.0,0.5
pallets/click,933ecf815ee7e5943c519b5824122bf71b148797,2026-05-07T10:05:36+00:00,0,1,1.0,8.0,0.0,2.1972245773362196,0.0,0.0,0.0,0.0,1.0,0.0,0.0,0.0,0.0,0.0,0.0,1.0,1.0,0.0,0.0,0.01818181818181818,0.01818181818181818,110.0,78.0,0.10256410256410256,0.0,0.0,0.5
pallets/click,d30cd2669ce8d44224e12f29c8756faf0aa89d73,2026-05-07T10:29:25+00:00,0,1,1.0,37.0,1.0,3.6635616461296463,0.0,0.0,0.0,0.0,1.0,0.0,0.0,0.0,0.0,0.0,0.0,1.0,1.0,0.0,0.0,0.05263157894736842,0.05263157894736842,19.0,79.0,0.10126582278481013,1.0,0.0,0.5
pallets/click,2817d99a18d2d25c2f27b7191f673f0510983e1f,2026-05-08T02:57:52+00:00,0,1,1.0,3.0,3.0,1.9459101490553132,1.0,1.0,1.0,0.0,0.0,0.0,0.0,0.0,0.0,0.0,1.0,0.0,1.0,0.0,1.0,0.06666666666666667,0.06666666666666667,30.0,3.0,0.0,1.0,0.0,0.5
pallets/click,5b9630f50fde938b72ad8c99542efe3a6f5717e2,2026-05-08T04:42:12+00:00,0,1,9.0,54.0,32.0,4.465908118654584,15.0,1.0,9.0,0.0,0.0,0.0,0.0,0.0,0.0,0.0,1.0,0.0,0.0,0.0,0.0,0.5,0.08998142168724217,23.22222222222222,4.0,0.0,1.0,0.0,0.45
pallets/click,1fd5b6f2215a76ee083d4a15c97d82e84bc47686,2026-05-08T04:53:06+00:00,0,1,1.0,62.0,0.0,4.143134726391533,0.0,0.0,0.0,0.0,1.0,0.0,0.0,0.0,0.0,0.0,0.0,1.0,1.0,0.0,0.0,0.05,0.05,20.0,80.0,0.1,1.0,0.0,0.45
pallets/click,516e141dd59b3e4a3dcd01c3e92d85e77e7d6733,2026-05-08T04:57:52+00:00,0,1,1.0,2.0,0.0,1.0986122886681098,0.0,0.0,0.0,0.0,1.0,0.0,0.0,0.0,0.0,0.0,0.0,1.0,1.0,0.0,0.0,0.018018018018018018,0.018018018018018018,111.0,81.0,0.09876543209876543,0.0,0.0,0.45
pallets/click,9a067e387eee19b9c5151cd7cf095e046973e2c9,2026-05-08T12:45:57+00:00,0,1,1.0,10.0,3.0,2.6390573296152584,1.0,0.0,0.0,1.0,0.0,0.0,0.0,0.0,0.0,0.0,0.0,0.0,1.0,0.0,0.0,0.0,0.0,15.0,0.0,0.0,1.0,0.0,0.4
pallets/click,fc6c7c47edd6110b6bd5a1a5297b2035214b0cd1,2026-05-08T13:47:51+00:00,0,1,3.0,30.0,6.0,3.6109179126442243,2.0,1.0,1.0,1.0,1.0,0.0,0.0,0.0,0.0,0.0,0.0,0.0,0.0,0.0,0.0,0.034482758620689655,0.01744663382594417,52.333333333333336,0.0,0.0,1.0,0.0,0.4
pallets/click,3c2fc3330369d6431eea0b3f9c23293a3e096344,2026-05-08T14:41:28+00:00,0,1,2.0,165.0,21.0,5.231108616854587,9.0,1.0,1.0,1.0,0.0,0.0,0.0,0.0,0.0,0.0,0.0,0.0,1.0,0.0,0.0,0.0625,0.0625,32.0,82.0,0.0975609756097561,0.0,0.0,0.4
pallets/click,c5d29670f806a10c02f47459dc1c08896d0233e4,2026-05-08T14:44:07+00:00,1,1,1.0,4.0,6.0,2.3978952727983707,1.0,0.0,0.0,1.0,0.0,0.0,0.0,0.0,0.0,0.0,0.0,0.0,1.0,0.0,0.0,0.06060606060606061,0.06060606060606061,33.0,83.0,0.0963855421686747,1.0,0.0,0.4
pallets/click,61bdc2ae81f6d0dc19bd247504544659245df056,2026-05-08T14:47:25+00:00,0,1,2.0,162.0,21.0,5.214935757608986,9.0,1.0,1.0,1.0,0.0,0.0,0.0,0.0,0.0,0.0,0.0,0.0,1.0,0.0,0.0,0.08823529411764706,0.07442067736185384,33.5,84.0,0.10714285714285714,0.0,0.0,0.45
pallets/click,be84142f7e8fe7ac27ac44ee62aa923a1242ce92,2026-05-08T21:22:05+00:00,0,1,5.0,17.0,8.0,3.258096538021482,1.0,2.0,2.0,1.0,1.0,1.0,0.0,0.0,0.0,0.0,0.0,0.0,1.0,0.0,0.0,0.0625,0.027804528891202496,40.0,9.0,0.3333333333333333,1.0,1.0,0.4
pallets/click,c1b419d4201c08ea76642ffb1d486aa2e6ab893d,2026-05-08T22:14:15+00:00,0,1,3.0,44.0,0.0,3.8066624897703196,0.0,1.0,1.0,0.0,0.0,1.0,1.0,1.0,0.0,0.0,1.0,0.0,1.0,0.0,0.0,0.0,0.0,16.666666666666668,10.0,0.3,1.0,0.0,0.4
pallets/click,d84a563cb9becb5047360d05b49f09090b5e728d,2026-05-09T02:59:42+00:00,0,1,2.0,10.0,1.0,2.4849066497880004,2.0,1.0,1.0,1.0,0.0,0.0,0.0,0.0,0.0,0.0,0.0,0.0,1.0,0.0,1.0,0.0,0.0,19.0,0.0,0.0,1.0,0.0,0.35
pallets/click,380bb8f459a4b8bf143f8031a476e33a38dd271a,2026-05-09T09:39:44+00:00,0,1,3.0,27.0,1.0,3.367295829986474,3.0,1.0,1.0,1.0,1.0,0.0,0.0,0.0,0.0,0.0,0.0,0.0,1.0,0.0,1.0,0.017543859649122806,0.005847953216374269,51.333333333333336,0.0,0.0,1.0,0.0,0.3
pallets/click,32448269ad89296e7659b2f4397bc0b4d149ca2d,2026-05-09T13:27:46+00:00,1,1,23.0,559.0,14.0,6.352629396319567,11.0,8.0,19.0,1.0,2.0,1.0,0.0,0.0,0.0,0.0,0.0,0.0,1.0,0.0,0.0,0.3333333333333333,0.039942160439054845,18.52173913043478,0.0,0.0,1.0,0.0,0.25
pallets/click,e316138a0555e87369726456c9832b59e648b5bf,2026-05-09T13:29:40+00:00,1,1,23.0,556.0,14.0,6.3473892096560105,11.0,8.0,19.0,1.0,2.0,1.0,0.0,0.0,0.0,0.0,0.0,0.0,1.0,0.0,0.0,1.0,0.44648600628770596,19.52173913043478,1.0,1.0,1.0,0.0,0.25
pallets/click,e6cfbbf0aa9f770db120fac5ab55499711e73395,2026-05-09T19:15:14+00:00,1,1,4.0,59.0,53.0,4.727387818712341,16.0,1.0,3.0,1.0,0.0,0.0,0.0,0.0,0.0,0.0,0.0,0.0,1.0,0.0,0.0,0.09375,0.052083333333333336,13.0,11.0,0.2727272727272727,0.0,0.0,0.25
pallets/click,fa1c3d946e447f62f2ba7e9adf79d7e9d17a7766,2026-05-10T01:14:22+00:00,0,1,2.0,20.0,7.0,3.332204510175204,2.0,1.0,1.0,1.0,0.0,0.0,0.0,0.0,0.0,0.0,0.0,0.0,1.0,0.0,1.0,0.1,0.05,22.0,0.0,0.0,1.0,0.0,0.25
pallets/click,f2cbc8573cfb97af40e1198cb55552020aac0c1c,2026-05-11T12:24:38+00:00,0,1,1.0,17.0,5.0,3.1354942159291497,3.0,0.0,0.0,1.0,0.0,0.0,0.0,0.0,0.0,0.0,0.0,0.0,1.0,0.0,0.0,0.08571428571428572,0.08571428571428572,35.0,85.0,0.10588235294117647,0.0,0.0,0.2
pallets/click,1a1e6f7a0a171ead1277a86597390a6736dee475,2026-05-12T02:55:15+00:00,0,1,2.0,11.0,0.0,2.4849066497880004,2.0,1.0,1.0,1.0,0.0,0.0,0.0,0.0,0.0,0.0,0.0,0.0,1.0,0.0,1.0,0.09523809523809523,0.047619047619047616,23.0,0.0,0.0,1.0,0.0,0.2
pallets/click,955ca47dba8f185bd2c58166ff2d55c323752a19,2026-05-12T07:00:09+00:00,1,1,4.0,168.0,1.0,5.135798437050262,14.0,1.0,1.0,1.0,2.0,0.0,0.0,0.0,0.0,0.0,0.0,0.0,1.0,0.0,0.0,0.041666666666666664,0.03792735042735043,47.25,0.0,0.0,1.0,0.0,0.2
pallets/click,2c5db5e4af9328d0da62136d864f71f3cd65e4f1,2026-05-12T15:06:54+00:00,1,1,2.0,202.0,2.0,5.3230099791384085,7.0,1.0,1.0,1.0,0.0,0.0,0.0,0.0,0.0,0.0,0.0,0.0,1.0,0.0,0.0,0.0,0.0,13.0,86.0,0.10465116279069768,1.0,0.0,0.25
pallets/click,a3eca6daf51bb50692f186f9fd2e8fd29c782222,2026-05-12T15:22:16+00:00,0,1,2.0,22.0,16.0,3.6635616461296463,2.0,1.0,1.0,1.0,0.0,0.0,0.0,0.0,0.0,0.0,0.0,0.0,1.0,0.0,0.0,1.0,0.5185185185185185,14.0,87.0,0.11494252873563218,1.0,1.0,0.3
pallets/click,e64601ad1e7d04b15612a3084cfa2197b17e65e4,2026-05-12T15:36:59+00:00,0,1,1.0,11.0,0.0,2.4849066497880004,1.0,1.0,1.0,0.0,0.0,0.0,0.0,0.0,0.0,0.0,1.0,0.0,1.0,0.0,1.0,0.07692307692307693,0.07692307692307693,26.0,0.0,0.0,1.0,0.0,0.3
pallets/click,558d88d35962351b996bb9a4b5a5df5784af7fa9,2026-05-12T15:45:33+00:00,0,1,1.0,48.0,52.0,4.61512051684126,5.0,0.0,0.0,1.0,0.0,0.0,0.0,0.0,0.0,0.0,0.0,0.0,1.0,0.0,0.0,0.03571428571428571,0.03571428571428571,28.0,88.0,0.11363636363636363,1.0,0.0,0.3
pallets/click,8906ae8b33755282cbf0244b3ee4fb8a5b9c6d75,2026-05-12T15:48:35+00:00,0,1,1.0,2.0,1.0,1.3862943611198906,0.0,1.0,1.0,0.0,0.0,0.0,0.0,0.0,0.0,0.0,1.0,0.0,1.0,0.0,0.0,0.5,0.5,2.0,89.0,0.11235955056179775,0.0,0.0,0.3
pallets/click,d946074a8fd4bd743dcde12e08e1561f062a2a68,2026-05-12T15:51:09+00:00,0,1,4.0,214.0,2.0,5.37989735354046,6.0,1.0,2.0,1.0,1.0,0.0,0.0,0.0,0.0,0.0,0.0,0.0,1.0,0.0,0.0,0.3333333333333333,0.1252745160547615,43.0,90.0,0.1111111111111111,1.0,0.0,0.3
pallets/click,279ce7b01666a57e61e94514b39312c02a3184d2,2026-05-12T20:14:03+00:00,0,1,1.0,12.0,4.0,2.833213344056216,2.0,1.0,1.0,0.0,0.0,0.0,0.0,0.0,0.0,0.0,1.0,0.0,1.0,0.0,0.0,0.11764705882352941,0.11764705882352941,17.0,0.0,0.0,1.0,0.0,0.3
pallets/click,63d18e61bca06ab6778323d1a319f4b6bb826806,2026-05-13T13:58:23+00:00,0,1,1.0,1.0,1.0,1.0986122886681098,1.0,1.0,1.0,0.0,0.0,0.0,0.0,0.0,0.0,0.0,1.0,0.0,1.0,0.0,0.0,0.0547945205479452,0.0547945205479452,73.0,0.0,0.0,1.0,0.0,0.3
pallets/click,61acdcc4ce718f1f6e49e79625c0a6b088bc8189,2026-05-13T14:00:00+00:00,0,1,1.0,5.0,1.0,1.9459101490553132,1.0,1.0,1.0,0.0,0.0,0.0,0.0,0.0,0.0,0.0,1.0,0.0,1.0,0.0,0.0,0.05405405405405406,0.05405405405405406,74.0,1.0,0.0,1.0,0.0,0.25
pallets/click,c943271a269e6941fcc51e3506ead074b9dda6be,2026-05-14T05:01:13+00:00,0,1,3.0,284.0,4.0,5.666426688112432,14.0,1.0,1.0,1.0,1.0,0.0,0.0,0.0,0.0,0.0,0.0,0.0,0.0,1.0,0.0,0.10810810810810811,0.07781941605471017,64.0,32.0,0.0,1.0,0.0,0.25
pallets/click,6cc592979cf91f23456be4f7b0eff78ee79680cd,2026-05-14T09:25:23+00:00,1,1,23.0,555.0,13.0,6.343880434126331,10.0,8.0,19.0,1.0,2.0,1.0,0.0,0.0,0.0,0.0,0.0,0.0,1.0,0.0,0.0,1.0,0.47341387022224796,21.043478260869566,2.0,1.0,1.0,0.0,0.25
pallets/click,7c57faf1b8d25b836ab57554f81651d6d4c02792,2026-05-14T12:42:40+00:00,0,1,2.0,38.0,1.0,3.6888794541139363,3.0,1.0,1.0,1.0,0.0,0.0,0.0,0.0,0.0,0.0,0.0,0.0,1.0,0.0,1.0,0.125,0.07916666666666666,27.0,0.0,0.0,1.0,0.0,0.3
pallets/click,5d9bf29aa65cccc3b69eb592316e160836044243,2026-05-14T13:53:42+00:00,0,1,2.0,26.0,2.0,3.367295829986474,2.0,1.0,1.0,1.0,0.0,0.0,0.0,0.0,0.0,0.0,0.0,0.0,1.0,0.0,0.0,0.13043478260869565,0.11878881987577639,37.0,0.0,0.0,1.0,0.0,0.3
pallets/click,300bf56c1c27396d8b50e0fa8dd7d16163d0cc07,2026-05-15T09:54:31+00:00,1,1,1.0,62.0,0.0,4.143134726391533,0.0,0.0,0.0,0.0,1.0,0.0,0.0,0.0,0.0,0.0,0.0,1.0,1.0,0.0,0.0,0.047619047619047616,0.047619047619047616,21.0,91.0,0.10989010989010989,0.0,0.0,0.3
pallets/click,0f71fe771ceefd5715b3b375c9b2e3a701c0648e,2026-05-15T09:58:31+00:00,0,1,4.0,991.0,15.0,6.914730892718563,12.0,1.0,1.0,1.0,2.0,0.0,0.0,0.0,0.0,0.0,0.0,0.0,1.0,0.0,1.0,0.1276595744680851,0.08348622898022268,66.5,92.0,0.11956521739130435,1.0,0.0,0.3
pallets/click,5dd4acdc7b8f99d29603404b3b8d25b1fe9e52e8,2026-05-15T10:07:07+00:00,0,1,1.0,2.0,0.0,1.0986122886681098,0.0,0.0,0.0,0.0,1.0,0.0,0.0,0.0,0.0,0.0,0.0,1.0,1.0,0.0,0.0,0.04918032786885246,0.04918032786885246,122.0,93.0,0.11827956989247312,0.0,0.0,0.25
pallets/click,0039359443e73ab1034c63a1f6d58aba22c0ebc8,2026-05-15T10:41:27+00:00,0,1,1.0,5.0,1.0,1.9459101490553132,1.0,1.0,1.0,0.0,0.0,0.0,0.0,0.0,0.0,0.0,1.0,0.0,0.0,0.0,0.0,0.06493506493506493,0.06493506493506493,77.0,2.0,0.0,1.0,0.0,0.2
pallets/click,c040135a74180d65c97c66614f234ea89c337ceb,2026-05-15T11:17:50+00:00,0,1,2.0,30.0,32.0,4.143134726391533,7.0,1.0,1.0,0.0,1.0,0.0,0.0,0.0,0.0,0.0,1.0,0.0,1.0,0.0,0.0,0.0641025641025641,0.056441525953721074,100.5,94.0,0.11702127659574468,1.0,0.0,0.2
pallets/click,bd3b2d6b0fb1f186afb9a3ad72909f0b95392f67,2026-05-15T11:28:36+00:00,0,1,2.0,45.0,0.0,3.828641396489095,1.0,0.0,0.0,0.0,2.0,0.0,0.0,0.0,0.0,0.0,0.0,1.0,1.0,0.0,0.0,0.08695652173913043,0.067671809256662,73.5,95.0,0.11578947368421053,1.0,0.0,0.2
pallets/click,ad39d749be85af02bf191636062eef51323ad5ab,2026-05-15T11:34:51+00:00,0,1,4.0,391.0,98.0,6.194405391104672,21.0,1.0,1.0,1.0,2.0,0.0,0.0,0.0,0.0,0.0,0.0,0.0,1.0,0.0,1.0,0.10714285714285714,0.038785714285714284,48.5,96.0,0.11458333333333333,1.0,0.0,0.2
pallets/click,63daae27b124b717cffa8b458e1a0a43525f2b34,2026-05-15T15:03:42+00:00,0,1,2.0,45.0,0.0,3.828641396489095,1.0,0.0,0.0,0.0,2.0,0.0,0.0,0.0,0.0,0.0,0.0,1.0,0.0,1.0,0.0,0.08333333333333333,0.06547619047619047,75.0,33.0,0.0,1.0,0.0,0.15
pallets/click,64fd2bda82f3c3cd21549c9a9daeca1cc6e110b6,2026-05-16T02:18:44+00:00,0,1,1.0,4.0,0.0,1.6094379124341003,1.0,1.0,1.0,0.0,0.0,0.0,0.0,0.0,0.0,0.0,1.0,0.0,1.0,0.0,1.0,0.12,0.12,25.0,0.0,0.0,1.0,0.0,0.1
pallets/click,843879880e94023317699ac2e85e5f7a44fb1b68,2026-05-16T04:36:34+00:00,1,1,2.0,45.0,0.0,3.828641396489095,1.0,0.0,0.0,0.0,2.0,0.0,0.0,0.0,0.0,0.0,0.0,1.0,1.0,1.0,0.0,0.08,0.06362204724409448,76.0,34.0,0.0,1.0,0.0,0.1
pallets/click,3619563d9bf8763360d3f0d95eb76e43f26dea5e,2026-05-16T04:38:42+00:00,0,1,2.0,30.0,32.0,4.143134726391533,7.0,1.0,1.0,0.0,1.0,0.0,0.0,0.0,0.0,0.0,1.0,0.0,0.0,1.0,0.0,0.06329113924050633,0.05898931962025317,103.5,35.0,0.02857142857142857,1.0,0.0,0.15
pallets/click,98cba78d0a567eca8f19620a5cb3bcad3f63dbe5,2026-05-16T04:44:00+00:00,0,1,3.0,75.0,28.0,4.6443908991413725,8.0,1.0,1.0,0.0,2.0,0.0,0.0,0.0,0.0,0.0,1.0,0.0,1.0,1.0,0.0,0.11538461538461539,0.07738272709202942,78.33333333333333,36.0,0.027777777777777776,1.0,0.0,0.15
pallets/click,ec8226954e2657324e7a25fec6657e4fbde33bcb,2026-05-16T04:44:52+00:00,0,1,4.0,991.0,15.0,6.914730892718563,12.0,1.0,1.0,1.0,2.0,0.0,0.0,0.0,0.0,0.0,0.0,0.0,0.0,1.0,0.0,0.125,0.08792141500474834,71.5,37.0,0.02702702702702703,1.0,0.0,0.15
pallets/click,84a42d35822ab3aa6607212fc993f37dced5e9ac,2026-05-16T04:46:46+00:00,0,1,4.0,1066.0,43.0,7.01211529430638,19.0,1.0,1.0,1.0,2.0,0.0,0.0,0.0,0.0,0.0,0.0,0.0,1.0,1.0,0.0,0.12244897959183673,0.08600064024865206,72.5,38.0,0.02631578947368421,1.0,0.0,0.15
pallets/click,ba745ac64037b7d4cdd0abce10446c0a2861935f,2026-05-16T04:48:06+00:00,0,1,3.0,16.0,10.0,3.295836866004329,1.0,1.0,1.0,0.0,1.0,0.0,1.0,0.0,0.0,0.0,1.0,0.0,0.0,1.0,0.0,0.17647058823529413,0.07650029708853238,51.0,39.0,0.02564102564102564,1.0,0.0,0.15
pallets/click,d65315cfc3577a0e9f1f4e77f8c9cebb0e570164,2026-05-16T04:56:59+00:00,0,1,6.0,1082.0,57.0,7.038783541388542,20.0,1.0,2.0,1.0,2.0,0.0,1.0,0.0,0.0,0.0,0.0,0.0,1.0,1.0,1.0,0.16666666666666666,0.08383124755525428,53.0,40.0,0.025,1.0,0.0,0.15
pallets/click,d959898db264aaf07e70ad4eafa254286f9a5185,2026-05-16T04:57:48+00:00,0,1,4.0,391.0,98.0,6.194405391104672,21.0,1.0,1.0,1.0,2.0,0.0,0.0,0.0,0.0,0.0,0.0,0.0,0.0,1.0,1.0,0.10344827586206896,0.038921770458054554,51.5,41.0,0.024390243902439025,1.0,0.0,0.15
pallets/click,587e3cc7f4804a4fa62f3dab8839a6e1f8954d7c,2026-05-16T05:03:43+00:00,0,1,11.0,1757.0,155.0,7.556427969440253,55.0,1.0,4.0,3.0,3.0,0.0,1.0,0.0,0.0,0.0,0.0,0.0,1.0,1.0,1.0,0.15789473684210525,0.07238215148431867,43.27272727272727,42.0,0.023809523809523808,1.0,0.0,0.15
pallets/click,7c99ebe23b931f27562d926814423cce85fd9766,2026-05-16T05:04:32+00:00,0,1,4.0,214.0,2.0,5.37989735354046,6.0,1.0,2.0,1.0,1.0,0.0,0.0,0.0,0.0,0.0,0.0,0.0,0.0,1.0,0.0,0.25,0.11227831703400962,49.25,43.0,0.023255813953488372,1.0,0.0,0.1
pallets/click,b761eda3bad977ec2f485451d85fd8ec365f0bf4,2026-05-16T05:34:26+00:00,0,1,1.0,17.0,5.0,3.1354942159291497,3.0,0.0,0.0,1.0,0.0,0.0,0.0,0.0,0.0,0.0,0.0,0.0,1.0,0.0,0.0,0.07894736842105263,0.07894736842105263,38.0,97.0,0.1134020618556701,0.0,0.0,0.1
pallets/click,fc41aa1d0b62494eb93e92ff3929601221e3abf4,2026-05-16T05:49:47+00:00,0,1,1.0,3.0,1.0,1.6094379124341003,1.0,1.0,1.0,0.0,0.0,0.0,0.0,0.0,0.0,0.0,1.0,0.0,1.0,0.0,0.0,0.1111111111111111,0.1111111111111111,18.0,98.0,0.11224489795918367,1.0,0.0,0.1
pallets/click,e5bfebd859f13e4a8c2bfd3748050151a766e3a2,2026-05-16T06:20:29+00:00,0,1,2.0,124.0,3.0,4.852030263919617,5.0,1.0,1.0,1.0,0.0,0.0,0.0,0.0,0.0,0.0,0.0,0.0,1.0,0.0,1.0,0.1111111111111111,0.07118055555555555,29.5,99.0,0.1111111111111111,1.0,0.0,0.05
pallets/click,9d43f96ed008d4c7589ffceb84afca920b4df637,2026-05-16T06:23:09+00:00,0,1,1.0,5.0,0.0,1.791759469228055,0.0,0.0,0.0,0.0,1.0,0.0,0.0,0.0,0.0,0.0,0.0,1.0,1.0,0.0,0.0,0.051094890510948905,0.051094890510948905,137.0,100.0,0.11,0.0,0.0,0.05
pallets/click,0551bf53588ae87f462d336f24f853a156fefe3a,2026-05-16T06:39:40+00:00,0,1,3.0,128.0,0.0,4.859812404361672,4.0,1.0,1.0,1.0,1.0,0.0,0.0,0.0,0.0,0.0,0.0,0.0,1.0,0.0,1.0,0.10714285714285714,0.06272350837568229,66.33333333333333,101.0,0.10891089108910891,1.0,0.0,0.05
pallets/click,63274a79d08fdc5c19220696144489f7144a8547,2026-05-16T15:50:49+00:00,0,1,3.0,253.0,13.0,5.58724865840025,15.0,1.0,1.0,1.0,1.0,0.0,0.0,0.0,0.0,0.0,0.0,0.0,0.0,1.0,0.0,0.13333333333333333,0.08687204082887535,69.33333333333333,44.0,0.022727272727272728,1.0,0.0,0.05
pallets/click,3bb230dcd5d751f8605b46e9df5a541639d5fd4e,2026-05-16T15:53:42+00:00,0,1,3.0,128.0,0.0,4.859812404361672,4.0,1.0,1.0,1.0,1.0,0.0,0.0,0.0,0.0,0.0,0.0,0.0,0.0,1.0,1.0,0.10344827586206896,0.060953346855983775,67.66666666666667,45.0,0.022222222222222223,1.0,0.0,0.05
pallets/click,e3e69e3bf8d749ac1a632f2ece4d38ec7f6588f5,2026-05-16T15:55:49+00:00,0,2,1.0,15.0,5.0,3.044522437723423,3.0,1.0,1.0,0.0,0.0,0.0,0.0,0.0,0.0,0.0,1.0,0.0,1.0,1.0,0.0,0.10526315789473684,0.10526315789473684,19.0,46.0,0.021739130434782608,1.0,0.0,0.05
pallets/click,41f410fb7528305d7e87c8cfa704f6c2456f57fc,2026-05-16T16:47:39+00:00,0,1,3.0,3.0,3.0,1.9459101490553132,0.0,1.0,1.0,0.0,1.0,1.0,0.0,0.0,0.0,0.0,1.0,0.0,1.0,0.0,0.0,0.13043478260869565,0.06002672422653921,61.666666666666664,1.0,0.0,0.0,0.0,0.05
pallets/click,752d5258268b4e57eda2b2a41a1209ac68e2459b,2026-05-17T00:42:21+00:00,0,1,3.0,25.0,2.0,3.332204510175204,2.0,1.0,1.0,1.0,1.0,0.0,0.0,0.0,0.0,0.0,0.0,0.0,1.0,0.0,1.0,0.12903225806451613,0.05944267757080115,63.333333333333336,0.0,0.0,0.0,0.0,0.05
pallets/click,219f91fd65fa063dc597b1ff6acde33613cb51a9,2026-05-17T00:46:27+00:00,0,1,3.0,40.0,1.0,3.7376696182833684,3.0,1.0,1.0,1.0,1.0,0.0,0.0,0.0,0.0,0.0,0.0,0.0,1.0,0.0,0.0,0.1,0.059174159174159184,69.33333333333333,0.0,0.0,0.0,0.0,0.05
pallets/click,cd4674a6de725e1d7cac7ea7b6cd27ea68b4094c,2026-05-17T05:15:14+00:00,0,1,39.0,3418.0,541.0,8.283999304248526,209.0,2.0,17.0,11.0,10.0,0.0,1.0,0.0,0.0,0.0,0.0,0.0,0.0,1.0,0.0,0.6666666666666666,0.07649089692245592,23.05128205128205,47.0,0.02127659574468085,0.0,0.0,0.0
pallets/click,c938ac0a9602350463bcac02a075900f45400cf8,2026-05-17T05:15:45+00:00,0,2,3.0,3.0,3.0,1.9459101490553132,0.0,1.0,1.0,0.0,1.0,1.0,0.0,0.0,0.0,0.0,1.0,0.0,1.0,1.0,0.0,0.125,0.05787037037037037,63.333333333333336,47.0,0.02127659574468085,1.0,0.0,0.0
pallets/click,e364f8b362e0dec197d0991950bac0383120b371,2026-05-17T05:20:52+00:00,0,1,3.0,3.0,3.0,1.9459101490553132,0.0,1.0,1.0,0.0,1.0,1.0,0.0,0.0,0.0,0.0,1.0,0.0,0.0,1.0,0.0,0.12,0.05598173515981735,64.66666666666667,49.0,0.02040816326530612,1.0,0.0,0.0
pallets/click,0c694e006c3a17ad9897f557a7cc3cc107c81572,2026-05-17T05:31:11+00:00,0,1,3.0,9.0,2.0,2.4849066497880004,0.0,1.0,1.0,0.0,1.0,1.0,0.0,0.0,0.0,0.0,1.0,0.0,1.0,0.0,0.0,0.11538461538461539,0.054334554334554336,65.66666666666667,9.0,0.0,1.0,0.0,0.0
pallets/click,613cb9a0c0b7ecf7455b3eefe7004c7839f2f231,2026-05-17T05:33:01+00:00,0,1,3.0,9.0,2.0,2.4849066497880004,0.0,1.0,1.0,0.0,1.0,1.0,0.0,0.0,0.0,0.0,1.0,0.0,0.0,1.0,0.0,0.1111111111111111,0.052802802802802806,66.66666666666667,50.0,0.02,1.0,0.0,0.0
pallets/click,4ed8bb2cc6a1bf5c3c8cfa8f224b13c370f63a84,2026-05-17T09:18:06+00:00,0,1,2.0,16.0,1.0,2.8903717578961645,2.0,1.0,1.0,1.0,0.0,0.0,0.0,0.0,0.0,0.0,0.0,0.0,1.0,0.0,0.0,0.12121212121212122,0.09719142645971915,37.0,0.0,0.0,1.0,0.0,0.0
pallets/click,37aa0c6568eb156749aea613dd78fe35bc5cfcef,2026-05-17T20:19:28+00:00,0,1,3.0,3.0,3.0,1.9459101490553132,0.0,1.0,1.0,0.0,1.0,1.0,0.0,0.0,0.0,0.0,1.0,0.0,1.0,0.0,1.0,0.10714285714285714,0.051374240971556406,67.66666666666667,2.0,0.0,1.0,0.0,0.0
pallets/click,c9e94136b39b1fad4a47ac0d4478fa372bd07ff8,2026-05-17T20:20:22+00:00,0,1,3.0,9.0,2.0,2.4849066497880004,0.0,1.0,1.0,0.0,1.0,1.0,0.0,0.0,0.0,0.0,1.0,0.0,0.0,1.0,1.0,0.10344827586206896,0.05003831417624521,68.66666666666667,51.0,0.0196078431372549,1.0,0.0,0.0
pallets/click,59f87d6e74d197a9f7fd0924e7c4009089bc4b09,2026-05-17T23:30:53+00:00,0,1,1.0,7.0,9.0,2.833213344056216,0.0,0.0,0.0,0.0,1.0,0.0,0.0,0.0,0.0,0.0,0.0,1.0,1.0,0.0,1.0,0.0,0.0,0.0,3.0,0.0,0.0,0.0,0.0
pallets/click,c732c6d11044ce0ad7c4062be6c86fabf443702a,2026-05-17T23:38:26+00:00,0,1,4.0,157.0,149.0,5.726847747587197,2.0,0.0,0.0,0.0,4.0,0.0,0.0,0.0,0.0,0.0,0.0,1.0,1.0,0.0,0.0,0.0,0.0,3.75,4.0,0.0,1.0,0.0,0.0
pallets/click,873846e3dd3c470c9d5e2be6bcf0c7ecf02a6221,2026-05-18T12:19:08+00:00,1,1,1.0,117.0,81.0,5.293304824724492,34.0,1.0,1.0,0.0,0.0,0.0,0.0,0.0,0.0,0.0,1.0,0.0,1.0,0.0,1.0,0.14285714285714285,0.14285714285714285,35.0,1.0,0.0,1.0,0.0,0.0
pallets/click,22ea58b6f568ca32fa4d069ee6e30c6045dc1797,2026-05-18T12:25:58+00:00,0,1,1.0,40.0,11.0,3.9512437185814275,3.0,1.0,1.0,0.0,0.0,0.0,0.0,0.0,0.0,0.0,1.0,0.0,1.0,0.0,1.0,0.16666666666666666,0.16666666666666666,36.0,2.0,0.5,1.0,1.0,0.05
pallets/click,c7e493d6f8c79f2022a803ddf302e3ae14281985,2026-05-18T12:57:30+00:00,0,1,1.0,48.0,15.0,4.1588830833596715,10.0,1.0,1.0,0.0,0.0,0.0,0.0,0.0,0.0,0.0,1.0,0.0,1.0,0.0,0.0,0.09375,0.09375,32.0,3.0,0.3333333333333333,1.0,0.0,0.05
pallets/click,bd0c361480ad9939821e38e8169cbdaa13c74edc,2026-05-18T13:09:09+00:00,0,1,1.0,5.0,1.0,1.9459101490553132,0.0,1.0,1.0,0.0,0.0,0.0,0.0,0.0,0.0,0.0,1.0,0.0,1.0,0.0,0.0,0.09090909090909091,0.09090909090909091,33.0,4.0,0.25,1.0,0.0,0.05
pallets/click,b8c8729bc22364d6aa4911f34e45d15af0e2fae4,2026-05-18T13:44:10+00:00,0,1,1.0,44.0,11.0,4.02535169073515,11.0,1.0,1.0,0.0,0.0,0.0,0.0,0.0,0.0,0.0,1.0,0.0,1.0,0.0,0.0,0.15,0.15,20.0,5.0,0.2,1.0,0.0,0.05
pallets/click,f416938cacd9f36d1b2600585437ed6d48680f5c,2026-05-18T13:55:54+00:00,0,1,1.0,11.0,6.0,2.8903717578961645,5.0,1.0,1.0,0.0,0.0,0.0,0.0,0.0,0.0,0.0,1.0,0.0,1.0,0.0,0.0,0.09375,0.09375,32.0,6.0,0.16666666666666666,1.0,0.0,0.05
pallets/click,49024c14cb26e5eed73393966336bcaf62796694,2026-05-18T14:06:22+00:00,0,1,1.0,11.0,6.0,2.8903717578961645,4.0,1.0,1.0,0.0,0.0,0.0,0.0,0.0,0.0,0.0,1.0,0.0,1.0,0.0,0.0,0.14285714285714285,0.14285714285714285,21.0,7.0,0.14285714285714285,1.0,0.0,0.05
pallets/click,9dac5675dd0c9cfdf46e24caa0b58f71c4370a9a,2026-05-18T14:40:29+00:00,0,1,2.0,62.0,12.0,4.31748811353631,4.0,1.0,1.0,1.0,0.0,0.0,0.0,0.0,0.0,0.0,0.0,0.0,1.0,0.0,1.0,0.13636363636363635,0.06818181818181818,16.5,0.0,0.0,1.0,0.0,0.05
pallets/click,cec42a6706b75757a31426f3194768785b0f7bb2,2026-05-18T15:03:41+00:00,0,1,3.0,18.0,0.0,2.9444389791664403,2.0,1.0,1.0,1.0,1.0,0.0,0.0,0.0,0.0,0.0,0.0,0.0,1.0,0.0,0.0,0.11764705882352941,0.07847774871538019,75.66666666666667,0.0,0.0,1.0,0.0,0.05
pallets/click,f97a24c01c3e6c9b3b158639cc8c07adbdd51da8,2026-05-18T15:07:44+00:00,0,1,3.0,24.0,1.0,3.258096538021482,3.0,1.0,1.0,1.0,1.0,0.0,0.0,0.0,0.0,0.0,0.0,0.0,1.0,0.0,0.0,0.05813953488372093,0.034730722154222765,79.66666666666667,1.0,0.0,1.0,0.0,0.05
pallets/click,064209507938f8bb7e1a39fccda537a0426644da,2026-05-18T15:49:42+00:00,0,1,1.0,40.0,16.0,4.04305126783455,11.0,1.0,1.0,0.0,0.0,0.0,0.0,0.0,0.0,0.0,1.0,0.0,1.0,0.0,0.0,0.13043478260869565,0.13043478260869565,23.0,8.0,0.125,1.0,0.0,0.05
pallets/click,0dc574607a684dde8a2dce1bf50b9d09da988048,2026-05-18T16:37:02+00:00,1,1,1.0,124.0,40.0,5.10594547390058,10.0,1.0,1.0,0.0,0.0,0.0,0.0,0.0,0.0,0.0,1.0,0.0,1.0,0.0,0.0,0.05747126436781609,0.05747126436781609,87.0,9.0,0.1111111111111111,1.0,0.0,0.05
pallets/click,038ef62cd16ce2ca2f9243d9751e9254542df4c1,2026-05-18T17:22:41+00:00,0,1,3.0,23.0,2.0,3.258096538021482,2.0,1.0,1.0,1.0,1.0,0.0,0.0,0.0,0.0,0.0,0.0,0.0,1.0,0.0,0.0,0.125,0.056917211328976036,63.0,0.0,0.0,1.0,0.0,0.1
pallets/click,4596ed4f3f9b30229f93932cae59ad4efa0325f8,2026-05-18T18:07:22+00:00,0,1,1.0,1.0,1.0,1.0986122886681098,0.0,0.0,0.0,0.0,0.0,1.0,0.0,0.0,0.0,0.0,0.0,0.0,1.0,0.0,0.0,0.1,0.1,30.0,0.0,0.0,0.0,0.0,0.1
pallets/click,25c7b786713da503458a6b29984df2721a5ac74d,2026-05-18T19:09:09+00:00,0,1,3.0,20.0,2.0,3.1354942159291497,2.0,1.0,1.0,1.0,1.0,0.0,0.0,0.0,0.0,0.0,0.0,0.0,1.0,0.0,0.0,0.12,0.05515151515151515,64.0,1.0,0.0,0.0,0.0,0.1
pallets/click,b8b9ffeb5d012f5d041685c81152636bf596cf72,2026-05-18T19:11:13+00:00,0,1,3.0,4.0,4.0,2.1972245773362196,0.0,1.0,1.0,0.0,1.0,1.0,0.0,0.0,0.0,0.0,1.0,0.0,0.0,0.0,1.0,0.0967741935483871,0.047311827956989246,71.33333333333333,6.0,0.0,0.0,0.0,0.1
pallets/click,4e869f3a172a58df077932dc80b130cdf4ba9774,2026-05-18T19:14:06+00:00,0,1,3.0,8.0,2.0,2.3978952727983707,0.0,1.0,1.0,0.0,1.0,1.0,0.0,0.0,0.0,0.0,1.0,0.0,0.0,0.0,0.0,0.09375,0.04620726495726496,72.33333333333333,7.0,0.0,0.0,0.0,0.1
pallets/click,a3321c9ca14ddb951f04ac981f275b0de2f46208,2026-05-18T19:14:07+00:00,0,1,3.0,20.0,2.0,3.1354942159291497,2.0,1.0,1.0,1.0,1.0,0.0,0.0,0.0,0.0,0.0,0.0,0.0,1.0,0.0,0.0,0.11538461538461539,0.05341880341880342,65.33333333333333,2.0,0.0,1.0,0.0,0.1
pallets/click,e0d1678ebc10cc663f2bc1973e0399b31415f8db,2026-05-18T19:19:18+00:00,1,1,3.0,20.0,2.0,3.1354942159291497,2.0,1.0,1.0,1.0,1.0,0.0,0.0,0.0,0.0,0.0,0.0,0.0,0.0,1.0,0.0,0.1111111111111111,0.05180496952648852,66.66666666666667,8.0,0.0,1.0,0.0,0.1
pallets/click,a96e27c4760b51fe6d65d16307c1b700b8d81f8d,2026-05-18T20:05:46+00:00,0,1,2.0,7.0,0.0,2.0794415416798357,1.0,1.0,1.0,1.0,0.0,0.0,0.0,0.0,0.0,0.0,0.0,0.0,1.0,0.0,1.0,0.16666666666666666,0.08333333333333333,12.5,0.0,0.0,1.0,1.0,0.15
pallets/click,46b1b1ce10245c6a1d81b052d788ab392e8522e9,2026-05-18T20:07:14+00:00,0,1,2.0,7.0,0.0,2.0794415416798357,1.0,1.0,1.0,1.0,0.0,0.0,0.0,0.0,0.0,0.0,0.0,0.0,1.0,0.0,1.0,0.14285714285714285,0.07142857142857142,13.5,1.0,0.0,1.0,1.0,0.15
pallets/click,351484da1a6d6fc6acfc239a92cf491166bc4d2c,2026-05-18T20:09:34+00:00,1,1,2.0,7.0,0.0,2.0794415416798357,1.0,1.0,1.0,1.0,0.0,0.0,0.0,0.0,0.0,0.0,0.0,0.0,1.0,0.0,1.0,0.125,0.0625,14.5,2.0,0.0,1.0,1.0,0.1
pallets/click,aa9442ce02607bf1100345d7314210c2128ae18b,2026-05-18T20:15:09+00:00,0,1,2.0,7.0,0.0,2.0794415416798357,1.0,1.0,1.0,1.0,0.0,0.0,0.0,0.0,0.0,0.0,0.0,0.0,1.0,0.0,1.0,0.2222222222222222,0.13383838383838384,15.5,3.0,0.3333333333333333,1.0,1.0,0.15
pallets/click,d15f3c23a177e80c324e1ee9681c9449c31ac965,2026-05-18T21:01:58+00:00,0,1,2.0,6.0,0.0,1.9459101490553132,1.0,1.0,1.0,1.0,0.0,0.0,0.0,0.0,0.0,0.0,0.0,0.0,1.0,0.0,1.0,0.2,0.12173913043478261,16.5,4.0,0.25,1.0,1.0,0.15
pallets/click,bee33141650ce7c91551f5fac9ebfb0c8fca473e,2026-05-18T21:02:57+00:00,0,1,2.0,6.0,0.0,1.9459101490553132,1.0,1.0,1.0,1.0,0.0,0.0,0.0,0.0,0.0,0.0,0.0,0.0,0.0,1.0,1.0,0.18181818181818182,0.11174242424242424,17.5,9.0,0.1111111111111111,1.0,1.0,0.15
pallets/click,d8bf3bc034610836a0842ef0c05e9db9b31e0be6,2026-05-18T21:26:19+00:00,1,1,2.0,3.0,2.0,1.791759469228055,1.0,1.0,1.0,1.0,0.0,0.0,0.0,0.0,0.0,0.0,0.0,0.0,1.0,0.0,1.0,0.16216216216216217,0.11233108108108109,26.5,0.0,0.0,0.0,0.0,0.15
pallets/click,a831c498d4b212e61ef2fc04715f788d25a4565d,2026-05-18T21:53:33+00:00,0,1,2.0,3.0,4.0,2.0794415416798357,2.0,1.0,1.0,1.0,0.0,0.0,0.0,0.0,0.0,0.0,0.0,0.0,1.0,0.0,1.0,0.18421052631578946,0.15092879256965944,27.5,1.0,1.0,0.0,0.0,0.2
pallets/click,105a044bf8a24fd6b2e6e7ab865395d683664be7,2026-05-18T21:54:46+00:00,0,1,2.0,3.0,3.0,1.9459101490553132,2.0,1.0,1.0,1.0,0.0,0.0,0.0,0.0,0.0,0.0,0.0,0.0,1.0,0.0,1.0,0.1794871794871795,0.14529914529914528,28.5,2.0,0.5,0.0,0.0,0.2
pallets/click,32ae2acd3474a57d2450ea849545b2e1258bf76a,2026-05-18T23:44:03+00:00,0,1,3.0,5.0,3.0,2.1972245773362196,2.0,1.0,1.0,1.0,1.0,0.0,0.0,0.0,0.0,0.0,0.0,0.0,1.0,0.0,0.0,0.175,0.11019254110118061,72.66666666666667,3.0,0.3333333333333333,1.0,0.0,0.2
pallets/click,3c12ce7050bf63c9fa522e5d7b95543037da0f63,2026-05-19T00:03:30+00:00,0,1,3.0,5.0,3.0,2.1972245773362196,2.0,1.0,1.0,1.0,1.0,0.0,0.0,0.0,0.0,0.0,0.0,0.0,0.0,1.0,0.0,0.17073170731707318,0.10691056910569108,73.66666666666667,10.0,0.1,1.0,0.0,0.2
pallets/click,9bfc3f6c2671c8239948aecb5cebe0a750c66c7b,2026-05-19T00:21:29+00:00,0,1,6.0,94.0,7.0,4.624972813284271,7.0,1.0,1.0,2.0,3.0,0.0,0.0,0.0,0.0,0.0,0.0,0.0,1.0,0.0,0.0,0.06818181818181818,0.019645209862601164,44.833333333333336,0.0,0.0,1.0,0.0,0.2
pallets/click,73e3c13aa134159310bfd5b473bbff574381d3e6,2026-05-19T01:48:10+00:00,1,1,6.0,94.0,7.0,4.624972813284271,7.0,1.0,1.0,2.0,3.0,0.0,0.0,0.0,0.0,0.0,0.0,0.0,1.0,0.0,0.0,0.06741573033707865,0.019466407731076895,45.833333333333336,1.0,0.0,1.0,0.0,0.2
pallets/click,20953fa7373514175bcb823692020df47450d613,2026-05-19T03:27:48+00:00,1,1,3.0,70.0,2.0,4.290459441148391,3.0,1.0,1.0,1.0,1.0,0.0,0.0,0.0,0.0,0.0,0.0,0.0,1.0,0.0,1.0,0.11428571428571428,0.0797559600241866,80.33333333333333,0.0,0.0,1.0,0.0,0.2
pallets/click,c2fbcf0cb66f6234450eceaaeacc279e465caf7d,2026-05-19T03:28:51+00:00,0,1,3.0,69.0,5.0,4.31748811353631,5.0,1.0,1.0,1.0,1.0,0.0,0.0,0.0,0.0,0.0,0.0,0.0,1.0,0.0,1.0,0.07777777777777778,0.04625112917795845,85.33333333333333,1.0,1.0,1.0,0.0,0.25
pallets/click,12dc81ead725e78208ca05a66bbf41a6a5d9d850,2026-05-19T10:23:29+00:00,0,1,2.0,67.0,4.0,4.276666119016055,5.0,1.0,1.0,1.0,0.0,0.0,0.0,0.0,0.0,0.0,0.0,0.0,1.0,0.0,1.0,0.07692307692307693,0.038461538461538464,47.0,0.0,0.0,1.0,0.0,0.25
pallets/click,c6bf75fa74bff6523375cf91f97af0a7aae85fce,2026-05-19T16:39:16+00:00,0,1,1.0,1.0,1.0,1.0986122886681098,1.0,1.0,1.0,0.0,0.0,0.0,0.0,0.0,0.0,0.0,1.0,0.0,1.0,0.0,1.0,0.1388888888888889,0.1388888888888889,36.0,0.0,0.0,1.0,0.0,0.25
pallets/click,9b327da8275bb63bd7bbd43ad8ff9862480da267,2026-05-19T16:46:36+00:00,0,2,1.0,1.0,1.0,1.0986122886681098,1.0,1.0,1.0,0.0,0.0,0.0,0.0,0.0,0.0,0.0,1.0,0.0,1.0,1.0,1.0,0.13513513513513514,0.13513513513513514,37.0,52.0,0.019230769230769232,1.0,0.0,0.25
pallets/click,dbf4d14c712750c31e15916b659925683150533b,2026-05-19T18:49:10+00:00,0,1,7.0,32.0,6.0,3.6635616461296463,6.0,1.0,4.0,2.0,1.0,0.0,0.0,0.0,0.0,0.0,0.0,0.0,0.0,1.0,0.0,0.16666666666666666,0.11480193991472186,47.285714285714285,53.0,0.018867924528301886,1.0,0.0,0.25
pallets/click,b145f9177fdd7b6f88e778e88f1045a079a95ec8,2026-05-19T18:55:10+00:00,0,1,1.0,15.0,10.0,3.258096538021482,3.0,1.0,1.0,0.0,0.0,0.0,0.0,0.0,0.0,0.0,1.0,0.0,1.0,0.0,0.0,0.07608695652173914,0.07608695652173914,92.0,2.0,0.5,0.0,0.0,0.25
pallets/click,6c6316e50f808bf1fd8e906015eb2b589bd75309,2026-05-19T19:45:44+00:00,1,1,1.0,1.0,0.0,0.6931471805599453,0.0,0.0,0.0,0.0,1.0,0.0,0.0,0.0,0.0,0.0,0.0,1.0,1.0,0.0,0.0,0.060240963855421686,0.060240963855421686,166.0,0.0,0.0,0.0,0.0,0.2
pallets/click,2cf8e0143878ccf055547f463b32459a502bfaac,2026-05-19T19:47:38+00:00,1,1,1.0,1.0,1.0,1.0986122886681098,1.0,1.0,1.0,0.0,0.0,0.0,0.0,0.0,0.0,0.0,1.0,0.0,1.0,0.0,1.0,0.1282051282051282,0.1282051282051282,39.0,1.0,1.0,1.0,1.0,0.25
pallets/click,71240f8c7f89bfe934b5d0b9f44d79bbf001147f,2026-05-19T20:02:59+00:00,0,1,6.0,99.0,7.0,4.672828834461906,9.0,1.0,1.0,2.0,3.0,0.0,0.0,0.0,0.0,0.0,0.0,0.0,1.0,0.0,0.0,0.25,0.13622125947797184,48.0,3.0,0.3333333333333333,1.0,0.0,0.3
pallets/click,ac2cd072555905176955eaf33909ebbcbd94b827,2026-05-19T22:39:21+00:00,0,1,1.0,5.0,0.0,1.791759469228055,0.0,0.0,0.0,0.0,0.0,1.0,0.0,0.0,0.0,0.0,0.0,0.0,1.0,0.0,0.0,0.09090909090909091,0.09090909090909091,33.0,0.0,0.0,1.0,0.0,0.25
pallets/click,4b24a6c8f6658ef89fd6db4dcaf8ee88eef75dfa,2026-05-19T23:16:14+00:00,0,1,1.0,5.0,0.0,1.791759469228055,0.0,0.0,0.0,0.0,0.0,1.0,0.0,0.0,0.0,0.0,0.0,0.0,0.0,1.0,0.0,0.08823529411764706,0.08823529411764706,34.0,54.0,0.018518518518518517,1.0,0.0,0.25
pallets/click,547d9a4b7f4e729235c773a69e463b562f853012,2026-05-20T00:09:18+00:00,0,1,4.0,196.0,5.0,5.308267697401205,8.0,1.0,1.0,2.0,1.0,0.0,0.0,0.0,0.0,0.0,0.0,0.0,1.0,0.0,1.0,0.11320754716981132,0.0632879556880962,83.5,4.0,0.25,1.0,0.0,0.25
pallets/click,9cfcc18a224c497529b76ef273fa8f8799d9e36b,2026-05-20T06:25:59+00:00,0,1,3.0,62.0,1.0,4.1588830833596715,4.0,1.0,1.0,1.0,1.0,0.0,0.0,0.0,0.0,0.0,0.0,0.0,1.0,0.0,1.0,0.1111111111111111,0.0832946930112922,106.0,0.0,0.0,1.0,0.0,0.25
pallets/click,cb2c28fedb4e17810fa788d96ee0c6b5d61816b5,2026-05-20T07:15:50+00:00,0,1,3.0,98.0,8.0,4.672828834461906,7.0,1.0,1.0,1.0,1.0,0.0,0.0,0.0,0.0,0.0,0.0,0.0,1.0,0.0,1.0,0.13793103448275862,0.09784866924826356,73.66666666666667,1.0,0.0,1.0,0.0,0.2
pallets/click,d816d4058bf27ccc4d88ca1f3030c93dbac78f72,2026-05-20T22:10:11+00:00,0,1,3.0,13.0,1.0,2.70805020110221,2.0,1.0,1.0,1.0,1.0,0.0,0.0,0.0,0.0,0.0,0.0,0.0,1.0,0.0,1.0,0.09523809523809523,0.06600903969325021,72.66666666666667,0.0,0.0,1.0,0.0,0.2
pallets/click,3b517a686eb5ed9e747895ac0bd55884f15c4ef5,2026-05-21T04:31:45+00:00,0,1,2.0,20.0,4.0,3.2188758248682006,2.0,1.0,1.0,1.0,0.0,0.0,0.0,0.0,0.0,0.0,0.0,0.0,1.0,0.0,1.0,0.09090909090909091,0.06397306397306397,24.5,0.0,0.0,1.0,0.0,0.2
pallets/click,6873ae38e3eba9a8e15f43c78aea01ad647c812d,2026-05-21T10:18:50+00:00,0,1,2.0,17.0,8.0,3.258096538021482,3.0,1.0,1.0,1.0,0.0,0.0,0.0,0.0,0.0,0.0,0.0,0.0,1.0,0.0,0.0,0.08695652173913043,0.06133540372670807,25.5,0.0,0.0,1.0,0.0,0.2
pallets/click,e6d8d88faa0458d0366095d0730ae8748da65f67,2026-05-21T10:26:01+00:00,0,1,1.0,6.0,0.0,1.9459101490553132,0.0,0.0,0.0,0.0,1.0,0.0,0.0,0.0,0.0,0.0,0.0,1.0,1.0,0.0,0.0,0.06395348837209303,0.06395348837209303,172.0,1.0,0.0,1.0,0.0,0.2
pallets/click,9f14364af54f891f5daf56860538c87705d4e090,2026-05-21T10:30:38+00:00,0,1,1.0,0.0,5.0,1.791759469228055,0.0,0.0,0.0,0.0,1.0,0.0,0.0,0.0,0.0,0.0,0.0,1.0,1.0,1.0,0.0,0.06358381502890173,0.06358381502890173,173.0,2.0,0.0,0.0,0.0,0.2
pallets/click,f261000073cd5e2c98086b152e6a9e064d4623d2,2026-05-21T10:34:53+00:00,0,1,1.0,2.0,2.0,1.6094379124341003,1.0,1.0,1.0,0.0,0.0,0.0,0.0,0.0,0.0,0.0,1.0,0.0,1.0,0.0,0.0,0.08333333333333333,0.08333333333333333,24.0,3.0,0.0,1.0,0.0,0.15
pallets/click,7a6020b8098ba16ee3741775686895b4dd708f0b,2026-05-21T12:50:25+00:00,0,1,2.0,19.0,0.0,2.995732273553991,2.0,1.0,1.0,1.0,0.0,0.0,0.0,0.0,0.0,0.0,0.0,0.0,1.0,0.0,1.0,0.15,0.075,33.5,0.0,0.0,1.0,0.0,0.1
pallets/click,0baa8db07736fc7ad3d3eed97d4c73b0059c63e1,2026-05-21T13:06:43+00:00,0,1,4.0,44.0,5.0,3.912023005428146,3.0,1.0,1.0,1.0,2.0,0.0,0.0,0.0,0.0,0.0,0.0,0.0,1.0,0.0,0.0,0.07291666666666667,0.04537835249042146,72.5,102.0,0.10784313725490197,0.0,0.0,0.1
pallets/click,1dd5d12c4061721c712c0934c9e7f54693cb50f0,2026-05-21T14:34:31+00:00,0,1,9.0,35.0,12.0,3.871201010907891,7.0,1.0,6.0,0.0,3.0,0.0,0.0,0.0,0.0,0.0,1.0,0.0,1.0,0.0,1.0,0.16279069767441862,0.09784595284410355,53.0,103.0,0.10679611650485436,1.0,0.0,0.1
pallets/click,d42f15b71757de791a5781fb179fd972da9169f5,2026-05-21T15:20:45+00:00,0,1,5.0,238.0,8.0,5.5093883366279774,10.0,1.0,1.0,2.0,2.0,0.0,0.0,0.0,0.0,0.0,0.0,0.0,0.0,1.0,1.0,0.10909090909090909,0.04860389610389611,70.2,11.0,0.09090909090909091,1.0,0.0,0.1
pallets/click,e6cea3607a8024a7a926f042db99e140c774c15b,2026-05-21T15:29:05+00:00,0,1,3.0,19.0,8.0,3.332204510175204,2.0,1.0,1.0,1.0,1.0,0.0,0.0,0.0,0.0,0.0,0.0,0.0,1.0,0.0,0.0,0.08,0.0588765504253523,77.0,4.0,0.0,1.0,0.0,0.1
pallets/click,e2f90b963d7860ef357eaf9f4dbe33910b61eafa,2026-05-21T22:37:49+00:00,0,1,3.0,19.0,8.0,3.332204510175204,2.0,1.0,1.0,1.0,1.0,0.0,0.0,0.0,0.0,0.0,0.0,0.0,1.0,0.0,0.0,0.07692307692307693,0.057351387688466336,78.0,5.0,0.0,1.0,0.0,0.1
pallets/click,4d3db84b251518e97299a38a5ca4bab3d01873a2,2026-05-21T22:43:44+00:00,0,1,3.0,15.0,8.0,3.1780538303479458,2.0,1.0,1.0,1.0,1.0,0.0,0.0,0.0,0.0,0.0,0.0,0.0,1.0,0.0,0.0,0.07407407407407407,0.05592821751889451,79.0,6.0,0.0,1.0,0.0,0.1
pallets/click,a5f5aa6d4012d256ccca24638f2642fc371e9f77,2026-05-21T22:46:03+00:00,0,1,3.0,15.0,8.0,3.1780538303479458,2.0,1.0,1.0,1.0,1.0,0.0,0.0,0.0,0.0,0.0,0.0,0.0,0.0,1.0,0.0,0.07142857142857142,0.054596560846560845,80.0,12.0,0.08333333333333333,1.0,0.0,0.05
pallets/click,becbde5cf416441627f779e8dd34e57738ee1c1f,2026-05-22T03:36:39+00:00,0,1,4.0,38.0,12.0,3.9318256327243257,8.0,1.0,1.0,2.0,1.0,0.0,0.0,0.0,0.0,0.0,0.0,0.0,1.0,0.0,0.0,0.14634146341463414,0.07450600874667712,73.5,2.0,1.0,1.0,0.0,0.0
pallets/click,5ee8e3123d8ddece6c47eff9a7a7d4ca478c4f37,2026-05-22T03:40:22+00:00,0,1,4.0,38.0,12.0,3.9318256327243257,8.0,1.0,1.0,2.0,1.0,0.0,0.0,0.0,0.0,0.0,0.0,0.0,0.0,1.0,1.0,0.14285714285714285,0.07304639804639805,74.5,13.0,0.07692307692307693,1.0,0.0,0.0
pallets/click,6cb34774f20598aa288332f8da02c5aee85448a6,2026-05-22T03:55:22+00:00,0,1,1.0,1.0,1.0,1.0986122886681098,1.0,0.0,0.0,1.0,0.0,0.0,0.0,0.0,0.0,0.0,0.0,0.0,0.0,0.0,1.0,0.030303030303030304,0.030303030303030304,33.0,14.0,0.07142857142857142,1.0,0.0,0.0
pallets/click,9c41f46a4015700489ad009266edf1f3893d01d1,2026-05-22T03:58:25+00:00,0,1,9.0,35.0,12.0,3.871201010907891,7.0,1.0,6.0,0.0,3.0,0.0,0.0,0.0,0.0,0.0,1.0,0.0,1.0,0.0,1.0,0.1590909090909091,0.09483279643533063,54.888888888888886,104.0,0.10576923076923077,1.0,0.0,0.0
pallets/click,67921d5b71584112eebcbf89596b5f0e6d14c49f,2026-05-22T03:59:46+00:00,0,1,9.0,35.0,12.0,3.871201010907891,7.0,1.0,6.0,0.0,3.0,0.0,0.0,0.0,0.0,0.0,1.0,0.0,0.0,1.0,1.0,0.15555555555555556,0.09233351071769756,55.888888888888886,15.0,0.06666666666666667,1.0,0.0,0.0
pallets/click,6eeb50e948ea136db145280f6f5dd52eca3fa7e5,2026-05-22T04:02:26+00:00,0,1,3.0,3.0,3.0,1.9459101490553132,0.0,1.0,1.0,0.0,1.0,1.0,0.0,0.0,0.0,0.0,1.0,0.0,1.0,0.0,0.0,0.08571428571428572,0.04839124839124839,83.33333333333333,16.0,0.0625,1.0,0.0,0.0
pallets/click,7064ccf0dbcad268e8f86773003c594f9449c63a,2026-05-22T04:09:13+00:00,0,1,3.0,3.0,3.0,1.9459101490553132,0.0,1.0,1.0,0.0,1.0,1.0,0.0,0.0,0.0,0.0,1.0,0.0,0.0,1.0,0.0,0.08333333333333333,0.047491039426523295,84.33333333333333,17.0,0.058823529411764705,1.0,0.0,0.0
pallets/click,a42300ab9eb032c986ad030fae65f1eb58518dae,2026-05-22T04:10:10+00:00,0,1,3.0,8.0,2.0,2.3978952727983707,0.0,1.0,1.0,0.0,1.0,1.0,0.0,0.0,0.0,0.0,1.0,0.0,0.0,0.0,0.0,0.08108108108108109,0.04663487016428194,85.33333333333333,18.0,0.05555555555555555,1.0,0.0,0.0
pallets/click,bc36cd1a2b3bc18f401a98476154dbc5a2d212c9,2026-05-22T04:11:21+00:00,0,1,18.0,338.0,41.0,5.940171252720432,28.0,1.0,8.0,5.0,4.0,1.0,0.0,0.0,0.0,0.0,0.0,0.0,0.0,1.0,0.0,0.15217391304347827,0.07332480549454198,45.27777777777778,19.0,0.05263157894736842,1.0,0.0,0.0
pallets/click,1339b17d51faa509b9f9adfd659756fd1a8b3915,2026-05-22T07:27:59+00:00,0,1,1.0,2.0,2.0,1.6094379124341003,0.0,0.0,0.0,0.0,1.0,0.0,0.0,0.0,0.0,0.0,0.0,1.0,1.0,0.0,1.0,0.0582010582010582,0.0582010582010582,189.0,105.0,0.10476190476190476,1.0,0.0,0.0
pallets/click,4c3024a49dc1b652c929e4a926af72c92d7b203f,2026-05-22T08:14:54+00:00,0,1,1.0,4.0,1.0,1.791759469228055,1.0,1.0,1.0,0.0,0.0,0.0,0.0,0.0,0.0,0.0,1.0,0.0,1.0,0.0,1.0,0.13636363636363635,0.13636363636363635,44.0,106.0,0.10377358490566038,1.0,0.0,0.0
pallets/click,86d6015f78f0ed854122d7b90bcebc6062288d93,2026-05-22T08:18:01+00:00,0,1,1.0,5.0,1.0,1.9459101490553132,0.0,0.0,0.0,0.0,1.0,0.0,0.0,0.0,0.0,0.0,0.0,1.0,1.0,0.0,0.0,0.0,0.0,2.0,107.0,0.102803738317757,1.0,0.0,0.0
pallets/click,13dd763a931cc095df1ed5e7e689c28013b67c40,2026-05-22T08:27:58+00:00,1,1,2.0,2.0,4.0,1.9459101490553132,0.0,0.0,0.0,0.0,2.0,0.0,0.0,0.0,0.0,0.0,0.0,1.0,1.0,0.0,0.0,0.0,0.0,6.0,108.0,0.10185185185185185,1.0,0.0,0.0
pallets/click,3978c7080f3501611c383b9d88f7eb762fa92b96,2026-05-22T08:34:20+00:00,0,1,1.0,1.0,1.0,1.0986122886681098,0.0,0.0,0.0,0.0,1.0,0.0,0.0,0.0,0.0,0.0,0.0,1.0,1.0,0.0,0.0,0.05789473684210526,0.05789473684210526,190.0,109.0,0.11009174311926606,1.0,1.0,0.05
pallets/click,8232903d1bac9f570854d0342d18fcd18933b5dc,2026-05-22T08:35:35+00:00,0,1,1.0,2.0,2.0,1.6094379124341003,0.0,0.0,0.0,0.0,1.0,0.0,0.0,0.0,0.0,0.0,0.0,1.0,1.0,0.0,0.0,0.05759162303664921,0.05759162303664921,191.0,110.0,0.10909090909090909,1.0,0.0,0.05
pallets/click,6733c128063bdb83245c523691161beea7461558,2026-05-22T08:40:46+00:00,0,1,1.0,2.0,0.0,1.0986122886681098,0.0,0.0,0.0,0.0,1.0,0.0,0.0,0.0,0.0,0.0,0.0,1.0,1.0,0.0,0.0,0.057291666666666664,0.057291666666666664,192.0,111.0,0.10810810810810811,1.0,0.0,0.05
pallets/click,ff88e1694fa5dd7d6a45b0f5c12022059e60ff5f,2026-05-22T09:46:53+00:00,0,1,2.0,35.0,2.0,3.6375861597263857,1.0,0.0,0.0,1.0,0.0,1.0,0.0,0.0,0.0,0.0,0.0,0.0,1.0,0.0,0.0,0.07692307692307693,0.05274725274725275,37.0,112.0,0.10714285714285714,0.0,0.0,0.05
pallets/click,49b23781e1f20abc77b4e9056c9eebe2d54a23c4,2026-05-22T10:00:33+00:00,0,1,3.0,38.0,3.0,3.7376696182833684,1.0,0.0,0.0,2.0,0.0,1.0,0.0,0.0,0.0,0.0,0.0,0.0,1.0,0.0,0.0,0.075,0.03425925925925926,26.666666666666668,113.0,0.10619469026548672,0.0,0.0,0.05
pallets/click,aa5a8dab430d23f4a5e6f518052b40afca5d54d0,2026-05-22T10:47:43+00:00,1,2,1.0,42.0,0.0,3.7612001156935624,0.0,0.0,0.0,0.0,0.0,0.0,1.0,1.0,0.0,0.0,0.0,0.0,1.0,0.0,0.0,0.0,0.0,0.0,114.0,0.10526315789473684,1.0,0.0,0.05
pallets/click,167069a9bdc23c6775aa76eb20657a2210950540,2026-05-22T11:38:10+00:00,0,1,1.0,40.0,0.0,3.713572066704308,2.0,0.0,0.0,1.0,0.0,0.0,0.0,0.0,0.0,0.0,0.0,0.0,1.0,0.0,0.0,0.02702702702702703,0.02702702702702703,37.0,115.0,0.11304347826086956,1.0,0.0,0.1
pallets/click,d4ed88f875107317c05a3586c319d464d682753e,2026-05-22T11:40:04+00:00,0,1,1.0,40.0,0.0,3.713572066704308,2.0,0.0,0.0,1.0,0.0,0.0,0.0,0.0,0.0,0.0,0.0,0.0,1.0,0.0,0.0,0.02631578947368421,0.02631578947368421,38.0,116.0,0.11206896551724138,1.0,0.0,0.1
pallets/click,56336e56d5d59a6f758e750794a24f0c1e638648,2026-05-22T11:59:53+00:00,0,1,1.0,7.0,0.0,2.0794415416798357,0.0,0.0,0.0,0.0,1.0,0.0,0.0,0.0,0.0,0.0,0.0,1.0,1.0,0.0,0.0,0.05699481865284974,0.05699481865284974,193.0,117.0,0.1111111111111111,1.0,0.0,0.1
pallets/click,5207f4324fe7ce83a923b07bc0597407102996c9,2026-05-22T14:21:33+00:00,0,1,1.0,1.0,1.0,1.0986122886681098,0.0,0.0,0.0,0.0,1.0,0.0,0.0,0.0,0.0,0.0,0.0,1.0,1.0,0.0,0.0,0.05670103092783505,0.05670103092783505,194.0,118.0,0.11016949152542373,1.0,0.0,0.1
pallets/click,82fdd69608bf7868dcc16ffd221320ec7f33f203,2026-05-22T16:30:02+00:00,0,1,1.0,6.0,1.0,2.0794415416798357,1.0,1.0,1.0,0.0,0.0,0.0,0.0,0.0,0.0,0.0,1.0,0.0,1.0,0.0,1.0,0.11764705882352941,0.11764705882352941,34.0,0.0,0.0,0.0,0.0,0.1
pallets/click,31eb1639bf5dd58166626ed77b13b7256e78fb0c,2026-05-22T16:35:24+00:00,0,1,1.0,6.0,1.0,2.0794415416798357,1.0,1.0,1.0,0.0,0.0,0.0,0.0,0.0,0.0,0.0,1.0,0.0,1.0,0.0,1.0,0.11428571428571428,0.11428571428571428,35.0,1.0,0.0,0.0,0.0,0.1
pallets/click,fd9d20625d9a0db9310da752e7e83dbd7158df7e,2026-05-23T04:45:47+00:00,0,1,10.0,26.0,95.0,4.804021044733257,3.0,3.0,5.0,1.0,3.0,1.0,0.0,0.0,0.0,0.0,0.0,0.0,1.0,0.0,0.0,1.0,0.16520510504250344,40.2,20.0,0.05,1.0,0.0,0.1
pallets/click,5b1aba82745cbde04c75e0bab995e5ddf0804196,2026-05-23T05:28:07+00:00,0,1,1.0,40.0,0.0,3.713572066704308,2.0,0.0,0.0,0.0,1.0,0.0,0.0,0.0,0.0,0.0,0.0,1.0,1.0,1.0,0.0,0.16666666666666666,0.16666666666666666,6.0,55.0,0.01818181818181818,1.0,1.0,0.1
pallets/click,3c77550b772b4cda83d70fabf01a223effb501e6,2026-05-23T05:31:05+00:00,0,1,5.0,73.0,1.0,4.31748811353631,4.0,1.0,1.0,2.0,2.0,0.0,0.0,0.0,0.0,0.0,0.0,0.0,1.0,0.0,0.0,0.14285714285714285,0.09852140856342537,64.6,119.0,0.1092436974789916,1.0,0.0,0.1
pallets/click,0d62e12217e896b48c57bfdf25a2d48dd91f8e1d,2026-05-23T05:34:35+00:00,0,1,5.0,73.0,1.0,4.31748811353631,4.0,1.0,1.0,2.0,2.0,0.0,0.0,0.0,0.0,0.0,0.0,0.0,1.0,0.0,0.0,0.125,0.09016378610410447,65.6,120.0,0.10833333333333334,1.0,0.0,0.1
pallets/click,c3535905c77a29afc84861b29d3ad366ce5451bd,2026-05-23T07:05:19+00:00,0,1,2.0,14.0,65.0,4.382026634673881,3.0,1.0,1.0,1.0,0.0,0.0,0.0,0.0,0.0,0.0,0.0,0.0,0.0,0.0,1.0,0.1111111111111111,0.09903381642512077,29.5,2.0,0.0,1.0,0.0,0.1
pallets/click,93dd2885dc3ff97d0d4a22a3ffb2b641766f3d07,2026-05-23T07:25:21+00:00,0,1,1.0,5.0,0.0,1.791759469228055,0.0,0.0,0.0,0.0,1.0,0.0,0.0,0.0,0.0,0.0,0.0,1.0,1.0,0.0,1.0,0.05555555555555555,0.05555555555555555,198.0,121.0,0.10743801652892562,0.0,0.0,0.1
pallets/click,ddf20d0673788ebe8ec28b6031a24a36cba92115,2026-05-23T08:15:25+00:00,0,1,3.0,17.0,3.0,3.044522437723423,2.0,1.0,1.0,1.0,1.0,0.0,0.0,0.0,0.0,0.0,0.0,0.0,1.0,0.0,1.0,0.10810810810810811,0.08223927445032973,86.66666666666667,122.0,0.10655737704918032,0.0,0.0,0.1
pallets/click,648d7c403829013ade629d63ddbfe808f6b2b770,2026-05-23T08:21:33+00:00,0,1,3.0,29.0,66.0,4.564348191467836,4.0,1.0,1.0,1.0,1.0,0.0,0.0,0.0,0.0,0.0,0.0,0.0,0.0,1.0,0.0,0.10526315789473684,0.08008771929824561,87.66666666666667,2.0,0.0,1.0,0.0,0.1
pallets/click,3a40e43e8f61761cb7bd4f3e27ae3060690a84eb,2026-05-23T08:49:02+00:00,0,1,5.0,99.0,3.0,4.634728988229636,4.0,1.0,1.0,1.0,2.0,0.0,1.0,1.0,0.0,0.0,0.0,0.0,0.0,1.0,0.0,1.0,0.2690649317514989,55.2,123.0,0.10569105691056911,1.0,0.0,0.05
pallets/click,b24f18c001474bd95a7fd412ade231f534851f87,2026-05-23T13:56:10+00:00,0,1,4.0,35.0,2.0,3.6375861597263857,4.0,1.0,1.0,2.0,1.0,0.0,0.0,0.0,0.0,0.0,0.0,0.0,1.0,0.0,1.0,0.10526315789473684,0.07758990727007924,93.75,124.0,0.10483870967741936,1.0,0.0,0.05
pallets/click,82f377c547e1867d073f02bb8f476214d07e245b,2026-05-23T13:59:52+00:00,0,1,4.0,35.0,2.0,3.6375861597263857,4.0,1.0,1.0,2.0,1.0,0.0,0.0,0.0,0.0,0.0,0.0,0.0,1.0,0.0,1.0,0.10344827586206896,0.0753063028925098,94.75,125.0,0.104,1.0,0.0,0.05
pallets/click,745464765a3fc9ddd5f9e445e5a2ca37efd63237,2026-05-23T14:31:38+00:00,0,1,10.0,26.0,95.0,4.804021044733257,3.0,3.0,5.0,1.0,3.0,1.0,0.0,0.0,0.0,0.0,0.0,0.0,1.0,0.0,0.0,0.5,0.09664190641193363,42.0,21.0,0.047619047619047616,1.0,0.0,0.05
pallets/click,c1067bb25471279184a73e81ce60d9c8f6284db7,2026-05-24T13:14:56+00:00,0,1,2.0,74.0,13.0,4.477336814478207,3.0,1.0,1.0,1.0,0.0,0.0,0.0,0.0,0.0,0.0,0.0,0.0,1.0,0.0,1.0,0.08823529411764706,0.04411764705882353,32.5,0.0,0.0,1.0,0.0,0.05
pallets/click,6a141c3681027e8124ce5a3c70e608dbbebffafb,2026-05-24T14:30:09+00:00,0,1,10.0,26.0,95.0,4.804021044733257,3.0,3.0,5.0,1.0,3.0,1.0,0.0,0.0,0.0,0.0,0.0,0.0,0.0,1.0,0.0,0.3333333333333333,0.0783365867738341,43.0,22.0,0.045454545454545456,1.0,0.0,0.05
pallets/click,a1a4e8ad2f2d92c20a24fc01354239f50ab550f8,2026-05-25T08:57:54+00:00,0,1,1.0,8.0,0.0,2.1972245773362196,2.0,0.0,0.0,1.0,0.0,0.0,0.0,0.0,0.0,0.0,0.0,0.0,1.0,0.0,1.0,0.0,0.0,18.0,0.0,0.0,1.0,0.0,0.0
pallets/click,9a2d169fcf5c3cce7b0cd5971ca2786e1f72c210,2026-05-25T09:59:38+00:00,0,1,1.0,40.0,11.0,3.9512437185814275,3.0,1.0,1.0,0.0,0.0,0.0,0.0,0.0,0.0,0.0,1.0,0.0,1.0,0.0,1.0,0.14893617021276595,0.14893617021276595,47.0,10.0,0.2,0.0,0.0,0.0
pallets/click,e39679ab8d0cf0a8ce203a881c5ae7f44fadaebc,2026-05-25T10:04:10+00:00,0,1,1.0,48.0,15.0,4.1588830833596715,10.0,1.0,1.0,0.0,0.0,0.0,0.0,0.0,0.0,0.0,1.0,0.0,1.0,0.0,0.0,0.08571428571428572,0.08571428571428572,35.0,11.0,0.18181818181818182,1.0,0.0,0.0
pallets/click,d5da63588cdef9bf16596d40ea39d1e69954e4f5,2026-05-25T10:12:10+00:00,0,1,1.0,124.0,40.0,5.10594547390058,10.0,1.0,1.0,0.0,0.0,0.0,0.0,0.0,0.0,0.0,1.0,0.0,1.0,0.0,0.0,0.0660377358490566,0.0660377358490566,106.0,12.0,0.16666666666666666,1.0,0.0,0.0
pallets/click,bb0cd175d574a06fb4a5a7276ebe9570bb5c083d,2026-05-25T10:39:51+00:00,0,1,1.0,40.0,16.0,4.04305126783455,11.0,1.0,1.0,0.0,0.0,0.0,0.0,0.0,0.0,0.0,1.0,0.0,1.0,0.0,0.0,0.1,0.1,40.0,13.0,0.15384615384615385,1.0,0.0,0.0
pallets/click,ea76281c3f5ad062e9f24eb5deaa961ac6a5c0e7,2026-05-25T10:42:34+00:00,0,1,1.0,11.0,6.0,2.8903717578961645,4.0,1.0,1.0,0.0,0.0,0.0,0.0,0.0,0.0,0.0,1.0,0.0,1.0,0.0,0.0,0.0975609756097561,0.0975609756097561,41.0,14.0,0.14285714285714285,1.0,0.0,0.0
pallets/click,9207bdc073181b0699938a7d7b4d0b7dde23fe4f,2026-05-25T10:46:07+00:00,0,1,1.0,42.0,11.0,3.9889840465642745,11.0,1.0,1.0,0.0,0.0,0.0,0.0,0.0,0.0,0.0,1.0,0.0,1.0,0.0,0.0,0.12,0.12,25.0,15.0,0.13333333333333333,1.0,0.0,0.0
pallets/click,82826b844807677260786174e99a1c12c8b3a644,2026-05-25T10:50:01+00:00,0,1,1.0,5.0,1.0,1.9459101490553132,0.0,1.0,1.0,0.0,0.0,0.0,0.0,0.0,0.0,0.0,1.0,0.0,1.0,0.0,0.0,0.08333333333333333,0.08333333333333333,36.0,16.0,0.125,1.0,0.0,0.0
pallets/click,aef225df47377a1bc3d967327b501f577dd5462c,2026-05-25T10:52:11+00:00,0,1,1.0,11.0,6.0,2.8903717578961645,5.0,1.0,1.0,0.0,0.0,0.0,0.0,0.0,0.0,0.0,1.0,0.0,1.0,0.0,0.0,0.08108108108108109,0.08108108108108109,37.0,17.0,0.11764705882352941,1.0,0.0,0.0
pallets/click,551e427d79e4cf14922eec144d207fdc6a000504,2026-05-25T16:05:35+00:00,0,1,1.0,0.0,0.0,0.0,0.0,0.0,0.0,0.0,0.0,1.0,0.0,0.0,0.0,0.0,0.0,0.0,1.0,0.0,1.0,0.0,0.0,0.0,0.0,0.0,1.0,0.0,0.0
pallets/click,350dd7c7061f9bf3b50d66d134d8b7dcb8f7fa3b,2026-05-25T19:13:37+00:00,0,1,1.0,4.0,6.0,2.3978952727983707,1.0,0.0,0.0,1.0,0.0,0.0,0.0,0.0,0.0,0.0,0.0,0.0,1.0,0.0,0.0,0.1016949152542373,0.1016949152542373,59.0,0.0,0.0,1.0,0.0,0.0
pallets/click,b86e60e752921abfa0f0ec9b74287dc72c4b0d5d,2026-05-25T20:12:41+00:00,0,1,3.0,64.0,0.0,4.174387269895637,10.0,1.0,1.0,1.0,1.0,0.0,0.0,0.0,0.0,0.0,0.0,0.0,1.0,0.0,1.0,0.10416666666666667,0.06045808290953922,98.66666666666667,0.0,0.0,1.0,0.0,0.0
pallets/click,12aa0385b2592a0a75ca652c37792b22d989da4f,2026-05-27T04:13:58+00:00,0,1,2.0,30.0,0.0,3.4339872044851463,0.0,0.0,0.0,0.0,2.0,0.0,0.0,0.0,0.0,0.0,0.0,1.0,1.0,0.0,0.0,0.05314009661835749,0.026570048309178744,104.0,0.0,0.0,1.0,0.0,0.0
pallets/click,29bacc773e817b2e49a75b6258399dc3e129b031,2026-05-27T04:53:15+00:00,0,1,4.0,35.0,2.0,3.6375861597263857,4.0,1.0,1.0,2.0,1.0,0.0,0.0,0.0,0.0,0.0,0.0,0.0,0.0,1.0,1.0,0.1,0.07243343689021259,97.25,56.0,0.017857142857142856,1.0,0.0,0.0
pallets/click,2b4d35bb8d83b220ae6f76e085c7501e76746e51,2026-05-27T05:13:27+00:00,0,1,1.0,42.0,11.0,3.9889840465642745,11.0,1.0,1.0,0.0,0.0,0.0,0.0,0.0,0.0,0.0,1.0,0.0,0.0,1.0,0.0,0.11538461538461539,0.11538461538461539,26.0,57.0,0.017543859649122806,0.0,0.0,0.0
pallets/click,9830b602440a04576d6a4b19717fd15b5cf4efc5,2026-05-27T05:15:41+00:00,0,1,1.0,48.0,15.0,4.1588830833596715,10.0,1.0,1.0,0.0,0.0,0.0,0.0,0.0,0.0,0.0,1.0,0.0,0.0,1.0,0.0,0.08108108108108109,0.08108108108108109,37.0,58.0,0.017241379310344827,0.0,0.0,0.0
pallets/click,7eb57cff7cd292fbd526eaf861c8f945ddeb07a3,2026-05-27T07:54:24+00:00,0,1,4.0,78.0,9.0,4.477336814478207,5.0,1.0,1.0,2.0,0.0,1.0,0.0,0.0,0.0,0.0,0.0,0.0,1.0,0.0,1.0,0.125,0.054109408033826634,27.0,126.0,0.10317460317460317,0.0,0.0,0.0
pallets/click,88b8e313f7ec09ddd16f33bded0b4c39d7935f58,2026-05-27T08:59:38+00:00,0,1,1.0,4.0,1.0,1.791759469228055,0.0,1.0,1.0,0.0,0.0,0.0,0.0,0.0,0.0,0.0,1.0,0.0,1.0,0.0,0.0,0.07894736842105263,0.07894736842105263,38.0,18.0,0.1111111111111111,0.0,0.0,0.0
pallets/click,665736bc85a19a7a2357c071394b4a545617faa3,2026-05-27T09:34:05+00:00,0,1,5.0,72.0,1.0,4.30406509320417,4.0,1.0,1.0,2.0,2.0,0.0,0.0,0.0,0.0,0.0,0.0,0.0,1.0,0.0,0.0,0.1,0.07682261208576997,70.4,127.0,0.10236220472440945,0.0,0.0,0.0
pallets/click,3dd3b66af121f99e16ae49d0d91e5242456609f3,2026-05-27T10:22:29+00:00,0,1,3.0,74.0,0.0,4.31748811353631,7.0,1.0,1.0,1.0,0.0,0.0,1.0,0.0,0.0,0.0,0.0,0.0,1.0,0.0,1.0,0.07894736842105263,0.039473684210526314,15.333333333333334,0.0,0.0,0.0,0.0,0.0
pallets/click,97210f24eb22399eb6db87d01bfef14f78862d01,2026-05-27T16:23:39+00:00,0,2,5.0,72.0,1.0,4.30406509320417,4.0,1.0,1.0,2.0,2.0,0.0,0.0,0.0,0.0,0.0,0.0,0.0,1.0,1.0,0.0,0.09090909090909091,0.07218386353707455,71.4,59.0,0.01694915254237288,0.0,0.0,0.0
pallets/click,21942ede1e9e00a90d027a689fe970dd3e3b0a6b,2026-05-27T22:20:17+00:00,0,1,5.0,84.0,12.0,4.574710978503383,10.0,1.0,1.0,2.0,2.0,0.0,0.0,0.0,0.0,0.0,0.0,0.0,1.0,0.0,0.0,0.2,0.10459228844549946,29.8,5.0,0.2,0.0,0.0,0.0
pallets/click,b66defb4fa8ed98a5c7316438a630a708cbbc764,2026-05-27T23:52:05+00:00,1,1,2.0,88.0,18.0,4.672828834461906,5.0,1.0,1.0,1.0,0.0,0.0,0.0,0.0,0.0,0.0,0.0,0.0,1.0,0.0,0.0,0.07692307692307693,0.038461538461538464,35.5,0.0,0.0,1.0,0.0,0.0
pallets/click,1a994adbb114d402275a614942e2f838a654e648,2026-05-28T03:55:21+00:00,0,1,12.0,232.0,58.0,5.673323267171493,40.0,1.0,5.0,3.0,4.0,0.0,0.0,0.0,0.0,0.0,0.0,0.0,0.0,1.0,0.0,0.1111111111111111,0.07440264334050868,51.083333333333336,60.0,0.016666666666666666,1.0,0.0,0.05
pallets/click,04cd2e4e698f00c70570a736786c0bd452d5902a,2026-05-28T07:24:01+00:00,0,1,6.0,184.0,7.0,5.2574953720277815,15.0,1.0,1.0,2.0,3.0,0.0,0.0,0.0,0.0,0.0,0.0,0.0,1.0,0.0,0.0,0.16666666666666666,0.08255652890086851,62.0,6.0,0.16666666666666666,1.0,0.0,0.05
pallets/click,684b3f5b5150761ec1c930bef300eb6169f483d8,2026-05-28T07:27:13+00:00,0,1,6.0,184.0,7.0,5.2574953720277815,15.0,1.0,1.0,2.0,3.0,0.0,0.0,0.0,0.0,0.0,0.0,0.0,1.0,0.0,0.0,0.14285714285714285,0.07607453966671217,63.0,7.0,0.14285714285714285,1.0,0.0,0.05
pallets/click,c48021040a50c659b74e24ac2b11c9c9c6620a21,2026-05-28T07:30:49+00:00,0,1,6.0,184.0,7.0,5.2574953720277815,15.0,1.0,1.0,2.0,3.0,0.0,0.0,0.0,0.0,0.0,0.0,0.0,0.0,1.0,0.0,0.125,0.07088422965513473,64.0,3.0,0.0,1.0,0.0,0.05
pallets/click,7450fb97e22e952dec6e73a327fbbca852239dea,2026-05-28T09:05:35+00:00,1,1,3.0,19.0,1.0,3.044522437723423,2.0,1.0,1.0,1.0,1.0,0.0,0.0,0.0,0.0,0.0,0.0,0.0,1.0,0.0,1.0,0.06060606060606061,0.04483204134366925,97.33333333333333,0.0,0.0,1.0,0.0,0.05
pallets/click,52d48d9de78edb2ec86a0ae064d3649e0762a4f0,2026-05-28T09:30:30+00:00,0,1,3.0,26.0,1.0,3.332204510175204,3.0,1.0,1.0,1.0,1.0,0.0,0.0,0.0,0.0,0.0,0.0,0.0,1.0,0.0,1.0,0.08823529411764706,0.06274509803921569,98.33333333333333,1.0,1.0,1.0,0.0,0.1
pallets/click,e0b04bc702bc50a45d1cabfdc771a1435594e430,2026-05-28T11:22:56+00:00,0,1,1.0,3.0,0.0,1.3862943611198906,0.0,0.0,0.0,0.0,1.0,0.0,0.0,0.0,0.0,0.0,0.0,1.0,1.0,0.0,1.0,0.055299539170506916,0.055299539170506916,217.0,0.0,0.0,0.0,0.0,0.1
pallets/click,9f9ae4538cea5ff672f6da51b2df184a4cd4304c,2026-05-28T12:28:30+00:00,0,1,1.0,15.0,6.0,3.091042453358316,1.0,0.0,0.0,1.0,0.0,0.0,0.0,0.0,0.0,0.0,0.0,0.0,1.0,0.0,0.0,0.0,0.0,19.0,128.0,0.1015625,1.0,0.0,0.1
pallets/click,b64b20657ebdeae545aee83733b3924955d9c560,2026-05-28T22:00:49+00:00,0,1,3.0,82.0,0.0,4.418840607796598,6.0,1.0,1.0,1.0,1.0,0.0,0.0,0.0,0.0,0.0,0.0,0.0,1.0,0.0,1.0,0.0967741935483871,0.07089654344180381,131.66666666666666,0.0,0.0,0.0,0.0,0.1
pallets/click,2728617033e5b62d18f26075a19dcd8bd4bb9bd3,2026-05-28T22:01:33+00:00,0,1,3.0,82.0,0.0,4.418840607796598,6.0,1.0,1.0,1.0,1.0,0.0,0.0,0.0,0.0,0.0,0.0,0.0,1.0,0.0,1.0,0.09523809523809523,0.07012581445741578,132.66666666666666,1.0,0.0,1.0,0.0,0.1
pallets/click,567d7e9220d6d6f52104ddbccd333d3f0c5b2d41,2026-05-29T03:42:17+00:00,0,1,1.0,15.0,6.0,3.091042453358316,1.0,0.0,0.0,1.0,0.0,0.0,0.0,0.0,0.0,0.0,0.0,0.0,0.0,1.0,0.0,0.0,0.0,20.0,61.0,0.01639344262295082,1.0,0.0,0.1
pallets/click,ed6b3963b88e9a075b655576adb5545f6d0c80ec,2026-05-29T04:17:40+00:00,0,1,1.0,2.0,0.0,1.0986122886681098,0.0,0.0,0.0,0.0,1.0,0.0,0.0,0.0,0.0,0.0,0.0,1.0,1.0,0.0,0.0,0.05454545454545454,0.05454545454545454,220.0,0.0,0.0,0.0,0.0,0.1
pallets/click,8c92b0eb43ccd39e231f3ce695f53257e347320b,2026-05-29T04:23:44+00:00,0,1,2.0,10.0,4.0,2.70805020110221,2.0,1.0,1.0,1.0,0.0,0.0,0.0,0.0,0.0,0.0,0.0,0.0,1.0,0.0,1.0,0.0975609756097561,0.0639320029563932,37.0,1.0,0.0,1.0,0.0,0.1
pallets/click,ffcc7494c991c9197902fdf4995e11b2da3e9762,2026-05-29T06:26:30+00:00,0,1,4.0,78.0,9.0,4.477336814478207,5.0,1.0,1.0,2.0,0.0,1.0,0.0,0.0,0.0,0.0,0.0,0.0,0.0,1.0,1.0,0.11764705882352941,0.056947996589940326,28.5,62.0,0.016129032258064516,1.0,0.0,0.1
pallets/click,534761cde3b1ae4877232c42feee063ca68f8480,2026-05-29T06:39:09+00:00,0,1,1.0,1.0,1.0,1.0986122886681098,0.0,0.0,0.0,0.0,1.0,0.0,0.0,0.0,0.0,0.0,0.0,1.0,1.0,0.0,0.0,0.05429864253393665,0.05429864253393665,221.0,129.0,0.10077519379844961,0.0,0.0,0.1
pallets/click,9a4792cac7cae88b7c470d5f9b0e75e8f092a059,2026-05-29T08:03:15+00:00,0,1,1.0,5.0,4.0,2.302585092994046,1.0,0.0,0.0,1.0,0.0,0.0,0.0,0.0,0.0,0.0,0.0,0.0,1.0,0.0,0.0,0.09375,0.09375,64.0,0.0,0.0,1.0,0.0,0.1
pallets/click,f5cb58825fafff912aae41e3c89bf538f5ad9786,2026-05-29T13:38:27+00:00,1,1,3.0,138.0,6.0,4.976733742420574,11.0,1.0,1.0,1.0,1.0,0.0,0.0,0.0,0.0,0.0,0.0,0.0,1.0,0.0,1.0,0.13333333333333333,0.09083125678870359,104.66666666666667,130.0,0.1,1.0,0.0,0.1
pallets/click,966cd0df6bb77f1512e9b27c9c8feea8591744fd,2026-05-29T13:51:31+00:00,0,1,1.0,1.0,1.0,1.0986122886681098,1.0,0.0,0.0,1.0,0.0,0.0,0.0,0.0,0.0,0.0,0.0,0.0,1.0,0.0,0.0,0.10416666666666667,0.10416666666666667,48.0,131.0,0.10687022900763359,1.0,1.0,0.15
pallets/click,d7d49c1c47ef13df71dc7cf2e789ed51429c5be5,2026-05-29T14:00:22+00:00,0,1,1.0,1.0,1.0,1.0986122886681098,0.0,0.0,0.0,0.0,1.0,0.0,0.0,0.0,0.0,0.0,0.0,1.0,1.0,0.0,0.0,0.05829596412556054,0.05829596412556054,223.0,132.0,0.10606060606060606,1.0,0.0,0.15
pallets/click,ba4ddcc24d71a0ec5ab9b6037b98b991b8e0578b,2026-05-29T14:10:35+00:00,0,1,1.0,3.0,3.0,1.9459101490553132,0.0,0.0,0.0,0.0,1.0,0.0,0.0,0.0,0.0,0.0,0.0,1.0,1.0,0.0,0.0,0.05803571428571429,0.05803571428571429,224.0,133.0,0.10526315789473684,0.0,0.0,0.1
pallets/click,72c07e8e4417c46e21b2c574a96fd81e243e04e7,2026-05-29T14:28:49+00:00,0,1,1.0,4.0,6.0,2.3978952727983707,1.0,1.0,1.0,0.0,0.0,0.0,0.0,0.0,0.0,0.0,1.0,0.0,1.0,0.0,0.0,0.15217391304347827,0.15217391304347827,46.0,134.0,0.1044776119402985,1.0,0.0,0.1
pallets/click,8b6441f1759b521eb1f09e4daf01c255c3d906b6,2026-05-29T14:32:08+00:00,0,1,4.0,112.0,27.0,4.941642422609304,11.0,1.0,2.0,1.0,1.0,0.0,0.0,0.0,0.0,0.0,0.0,0.0,1.0,0.0,0.0,0.14893617021276595,0.09861726250784,89.0,135.0,0.1037037037037037,1.0,0.0,0.1
pallets/click,a5326772e57d25c15d2bb972918bee425a8dcc90,2026-05-29T14:49:30+00:00,0,1,3.0,45.0,0.0,3.828641396489095,5.0,1.0,1.0,1.0,1.0,0.0,0.0,0.0,0.0,0.0,0.0,0.0,1.0,0.0,0.0,0.10204081632653061,0.08652098007344532,108.33333333333333,136.0,0.10294117647058823,1.0,0.0,0.1
pallets/click,399919f740bfd26cb30d544877fafd03cfcd9091,2026-05-29T14:51:49+00:00,0,1,3.0,45.0,0.0,3.828641396489095,5.0,1.0,1.0,1.0,1.0,0.0,0.0,0.0,0.0,0.0,0.0,0.0,1.0,0.0,0.0,0.1,0.0851026460510783,109.33333333333333,137.0,0.10218978102189781,1.0,0.0,0.1
pallets/click,e02a981c98cde14152ac38fe2b1d7daae7c37167,2026-05-30T06:12:39+00:00,0,1,4.0,15.0,8.0,3.1780538303479458,1.0,1.0,1.0,0.0,3.0,0.0,0.0,0.0,0.0,0.0,1.0,0.0,0.0,1.0,1.0,0.25,0.1382127192982456,72.5,63.0,0.015873015873015872,0.0,0.0,0.1
pallets/click,9be25a239b5a664ce1ef0f0c20f8be614feeb342,2026-05-30T06:22:53+00:00,0,1,1.0,4.0,1.0,1.791759469228055,0.0,1.0,1.0,0.0,0.0,0.0,0.0,0.0,0.0,0.0,1.0,0.0,0.0,1.0,0.0,0.09523809523809523,0.09523809523809523,42.0,64.0,0.015625,1.0,0.0,0.05
pallets/click,e34e526e4e4738f3c75d4bf7c792de8d302cf4e7,2026-05-30T06:40:59+00:00,0,1,1.0,124.0,40.0,5.10594547390058,10.0,1.0,1.0,0.0,0.0,0.0,0.0,0.0,0.0,0.0,1.0,0.0,0.0,1.0,0.0,0.05982905982905983,0.05982905982905983,117.0,4.0,0.0,1.0,0.0,0.05
pallets/click,b5da585798e61ceb1696271f528902df238b4da1,2026-05-30T10:17:46+00:00,0,1,3.0,51.0,4.0,4.02535169073515,6.0,1.0,1.0,1.0,1.0,0.0,0.0,0.0,0.0,0.0,0.0,0.0,1.0,0.0,1.0,0.07407407407407407,0.06338822230811474,124.66666666666667,0.0,0.0,1.0,0.0,0.05
pallets/click,65feb6127e33ce6339e0c0ae230a90ea6b3772bc,2026-05-30T19:28:29+00:00,0,1,1.0,148.0,83.0,5.44673737166631,34.0,1.0,1.0,0.0,0.0,0.0,0.0,0.0,0.0,0.0,1.0,0.0,0.0,1.0,1.0,0.14583333333333334,0.14583333333333334,48.0,65.0,0.015384615384615385,1.0,0.0,0.05
pallets/click,cd9bdd96a9dcc8e4ecabd45b5c244dbc70034484,2026-05-30T20:23:14+00:00,0,1,3.0,45.0,0.0,3.828641396489095,5.0,1.0,1.0,1.0,1.0,0.0,0.0,0.0,0.0,0.0,0.0,0.0,0.0,1.0,0.0,0.09803921568627451,0.08357160032351847,111.0,66.0,0.015151515151515152,1.0,0.0,0.05
pallets/click,f77c3931694d8bbfd2f1c392fbd13967a289319b,2026-05-31T06:52:40+00:00,0,1,2.0,42.0,7.0,3.912023005428146,3.0,1.0,1.0,1.0,0.0,0.0,0.0,0.0,0.0,0.0,0.0,0.0,1.0,0.0,1.0,0.09302325581395349,0.08222591362126246,35.5,0.0,0.0,1.0,0.0,0.05
pallets/click,a0987d25728e315316c5f4ab36fb18df9486b3a5,2026-05-31T07:17:23+00:00,0,1,2.0,20.0,1.0,3.091042453358316,2.0,1.0,1.0,1.0,0.0,0.0,0.0,0.0,0.0,0.0,0.0,0.0,1.0,0.0,0.0,0.06896551724137931,0.063894523326572,74.0,0.0,0.0,1.0,0.0,0.05
pallets/click,f13c20f015f6ed3b556c7660e15ad4ef2353bea4,2026-05-31T13:07:10+00:00,1,1,2.0,44.0,2.0,3.8501476017100584,5.0,1.0,1.0,1.0,0.0,0.0,0.0,0.0,0.0,0.0,0.0,0.0,1.0,0.0,0.0,0.09230769230769231,0.07532051282051283,92.5,0.0,0.0,1.0,0.0,0.05
pallets/click,eecb50670cca50c5253c4e5ed587c9584c7481cc,2026-05-31T13:08:38+00:00,1,1,3.0,29.0,1.0,3.4339872044851463,4.0,1.0,2.0,1.0,0.0,0.0,0.0,0.0,0.0,0.0,0.0,0.0,1.0,0.0,0.0,0.09302325581395349,0.0650167609469935,40.0,1.0,1.0,1.0,0.0,0.1
pallets/click,e46e6eb2b925f6db24d25373c078b317491834c3,2026-05-31T15:31:40+00:00,0,1,1.0,2.0,1.0,1.3862943611198906,1.0,1.0,1.0,0.0,0.0,0.0,0.0,0.0,0.0,0.0,1.0,0.0,1.0,0.0,0.0,0.14285714285714285,0.14285714285714285,49.0,0.0,0.0,1.0,0.0,0.15
pallets/click,50323143860bb82061eb852f48aa8d11ab888717,2026-06-01T10:21:24+00:00,0,1,1.0,7.0,5.0,2.5649493574615367,1.0,0.0,0.0,1.0,0.0,0.0,0.0,0.0,0.0,0.0,0.0,0.0,1.0,0.0,0.0,0.10606060606060606,0.10606060606060606,66.0,0.0,0.0,1.0,0.0,0.15
pallets/click,4bd3be6532783dbdb1f4b88edca895f0b26aedef,2026-06-01T11:23:42+00:00,0,1,3.0,77.0,0.0,4.356708826689592,5.0,1.0,1.0,1.0,1.0,0.0,0.0,0.0,0.0,0.0,0.0,0.0,1.0,0.0,0.0,0.1044776119402985,0.07562345689889788,139.66666666666666,0.0,0.0,1.0,0.0,0.15
pallets/click,6f9b9cb3a2c417ec6fa05a80f0b2a6f0d4f12242,2026-06-01T18:57:02+00:00,1,1,3.0,27.0,0.0,3.332204510175204,2.0,1.0,1.0,1.0,1.0,0.0,0.0,0.0,0.0,0.0,0.0,0.0,1.0,0.0,0.0,0.0975609756097561,0.06874234577191507,103.66666666666667,0.0,0.0,1.0,0.0,0.1
pallets/click,5e76b8626e54c47a926c8b97da1bcab58d01c866,2026-06-01T23:43:02+00:00,0,1,2.0,58.0,1.0,4.0943445622221,7.0,1.0,1.0,1.0,0.0,0.0,0.0,0.0,0.0,0.0,0.0,0.0,1.0,0.0,1.0,0.10294117647058823,0.08425747348119575,95.0,0.0,0.0,1.0,0.0,0.15
pallets/click,8ba07a5980f8c9ed22598db54a1a127744601552,2026-06-01T23:57:14+00:00,0,1,2.0,2.0,8.0,2.3978952727983707,2.0,1.0,1.0,1.0,0.0,0.0,0.0,0.0,0.0,0.0,0.0,0.0,1.0,0.0,0.0,0.10144927536231885,0.08324496288441147,96.0,0.0,0.0,1.0,0.0,0.15
pallets/click,78e0b430ab1d90992c7329ec7f2768c473ffa7f2,2026-06-03T03:28:44+00:00,1,1,1.0,1.0,1.0,1.0986122886681098,0.0,0.0,0.0,0.0,1.0,0.0,0.0,0.0,0.0,0.0,0.0,1.0,1.0,0.0,0.0,0.060085836909871244,0.060085836909871244,233.0,0.0,0.0,0.0,0.0,0.15
pallets/click,4663623184707d59432546a4e0af5bc2a7695cad,2026-06-03T06:49:26+00:00,0,1,3.0,71.0,3.0,4.31748811353631,6.0,1.0,1.0,1.0,1.0,0.0,0.0,0.0,0.0,0.0,0.0,0.0,1.0,0.0,1.0,0.09090909090909091,0.07389277389277389,102.66666666666667,0.0,0.0,1.0,0.0,0.2
pallets/click,051bb0f30b545cf7426deef819811815297c2798,2026-06-03T11:49:10+00:00,0,1,4.0,112.0,27.0,4.941642422609304,11.0,1.0,2.0,1.0,1.0,0.0,0.0,0.0,0.0,0.0,0.0,0.0,1.0,0.0,0.0,0.14285714285714285,0.09608997151650703,93.25,138.0,0.10144927536231885,1.0,0.0,0.2
pallets/click,cfb1cb9363fb8ba58f576694f74f139968cc9543,2026-06-03T14:19:59+00:00,0,1,3.0,32.0,1.0,3.5263605246161616,3.0,1.0,1.0,1.0,1.0,0.0,0.0,0.0,0.0,0.0,0.0,0.0,1.0,0.0,0.0,0.06451612903225806,0.06419719336613815,130.33333333333334,0.0,0.0,1.0,0.0,0.2
pallets/click,4df304c658666f34a5ca4335ab0da15832f02f9e,2026-06-03T16:04:46+00:00,0,1,4.0,112.0,27.0,4.941642422609304,11.0,1.0,2.0,1.0,1.0,0.0,0.0,0.0,0.0,0.0,0.0,0.0,0.0,1.0,0.0,0.14,0.09424120322854501,94.5,67.0,0.014925373134328358,1.0,0.0,0.2
pallets/click,5ec03bdba195737aeb8f5b3d9625607c41a35236,2026-06-04T12:52:32+00:00,0,1,1.0,7.0,5.0,2.5649493574615367,0.0,0.0,0.0,0.0,0.0,0.0,1.0,1.0,0.0,0.0,0.0,0.0,1.0,0.0,0.0,0.5,0.5,2.0,139.0,0.10071942446043165,1.0,0.0,0.2
pallets/click,832ca2231174bff71e0af600a52c1b18612573a2,2026-06-04T16:22:46+00:00,0,1,1.0,7.0,5.0,2.5649493574615367,0.0,0.0,0.0,0.0,0.0,0.0,1.0,1.0,0.0,0.0,0.0,0.0,0.0,1.0,0.0,0.3333333333333333,0.3333333333333333,3.0,68.0,0.014705882352941176,1.0,0.0,0.2
pallets/click,ef96f96efda377c531ad9e87c5b1251dec599135,2026-06-04T22:20:15+00:00,1,1,2.0,23.0,1.0,3.2188758248682006,3.0,1.0,1.0,1.0,0.0,0.0,0.0,0.0,0.0,0.0,0.0,0.0,1.0,0.0,0.0,0.07894736842105263,0.06075027995520717,42.5,0.0,0.0,1.0,0.0,0.2
pallets/click,356a6311b056ddc50aefeca1a4c171b9b0409efe,2026-06-04T22:22:03+00:00,0,1,1.0,1.0,1.0,1.0986122886681098,1.0,1.0,1.0,0.0,0.0,0.0,0.0,0.0,0.0,0.0,1.0,0.0,1.0,0.0,0.0,0.10256410256410256,0.10256410256410256,39.0,1.0,1.0,1.0,1.0,0.25
pallets/click,711e7a9e41ddc73f297418cbb4bee0c35dbc6dfd,2026-06-05T04:52:20+00:00,0,1,2.0,29.0,1.0,3.4339872044851463,2.0,1.0,1.0,1.0,0.0,0.0,0.0,0.0,0.0,0.0,0.0,0.0,1.0,0.0,1.0,0.13725490196078433,0.11408199643493762,53.0,0.0,0.0,1.0,0.0,0.25
pallets/click,a0ba4682fc5259f8e230c66cde9fb4c06df36501,2026-06-05T08:10:51+00:00,0,1,2.0,23.0,0.0,3.1780538303479458,1.0,0.0,0.0,1.0,1.0,0.0,0.0,0.0,0.0,0.0,0.0,0.0,1.0,0.0,0.0,0.07692307692307693,0.06997414350355527,138.5,0.0,0.0,0.0,0.0,0.25
pallets/click,26f0205eb82cf47990fcd114e75652389ac36cb4,2026-06-05T18:01:01+00:00,0,1,1.0,6.0,7.0,2.6390573296152584,1.0,0.0,0.0,1.0,0.0,0.0,0.0,0.0,0.0,0.0,0.0,0.0,1.0,0.0,1.0,0.1,0.1,70.0,0.0,0.0,1.0,0.0,0.25
pallets/click,a2c03e0a46233481f1c9cd63d248e00526f46f6f,2026-06-05T19:08:04+00:00,0,1,2.0,37.0,7.0,3.8066624897703196,3.0,1.0,1.0,1.0,0.0,0.0,0.0,0.0,0.0,0.0,0.0,0.0,1.0,0.0,0.0,0.09859154929577464,0.09859154929577464,35.5,0.0,0.0,1.0,0.0,0.25
pallets/click,a0232a8ffc75269dd10af67881538b12bdf95a9c,2026-06-06T05:32:18+00:00,0,1,2.0,2.0,1507.0,7.31986492980897,0.0,0.0,0.0,0.0,2.0,0.0,0.0,0.0,0.0,0.0,0.0,1.0,1.0,0.0,0.0,0.06276150627615062,0.03138075313807531,120.0,10.0,0.0,1.0,0.0,0.2
pallets/click,237be507dbe3e653f6b41b3ea53266805534e8cd,2026-06-06T05:52:23+00:00,0,1,1.0,1556.0,0.0,7.350516171833998,0.0,0.0,0.0,0.0,1.0,0.0,0.0,0.0,0.0,0.0,0.0,1.0,1.0,0.0,0.0,0.0,0.0,0.0,11.0,0.0,1.0,0.0,0.15
pallets/click,8929d392781c8113bc569f388c15c47b94f86581,2026-06-06T05:53:42+00:00,0,1,3.0,1558.0,1507.0,8.028129059431759,0.0,0.0,0.0,0.0,3.0,0.0,0.0,0.0,0.0,0.0,0.0,1.0,0.0,1.0,0.0,0.0625,0.020833333333333332,81.0,69.0,0.014492753623188406,1.0,0.0,0.15
pallets/click,03d3b8a313f2676380f6a34a080b3ca09423082e,2026-06-06T06:00:54+00:00,0,1,3.0,1557.0,1508.0,8.028129059431759,0.0,0.0,0.0,0.0,3.0,0.0,0.0,0.0,0.0,0.0,0.0,1.0,1.0,0.0,0.0,0.06224066390041494,0.02074688796680498,82.0,12.0,0.0,1.0,0.0,0.15
pallets/click,4fc0e90e1c19faf82bc18f8551eb1ed78dc738ac,2026-06-06T06:02:04+00:00,1,1,3.0,1557.0,1508.0,8.028129059431759,0.0,0.0,0.0,0.0,3.0,0.0,0.0,0.0,0.0,0.0,0.0,1.0,0.0,1.0,0.0,0.06198347107438017,0.02066115702479339,83.0,70.0,0.014285714285714285,1.0,0.0,0.15
pallets/click,2b657493fa8afae9731a7237c58d737ec3ccf2ae,2026-06-06T06:10:29+00:00,0,1,2.0,38.0,1.0,3.6888794541139363,3.0,1.0,1.0,1.0,0.0,0.0,0.0,0.0,0.0,0.0,0.0,0.0,1.0,0.0,1.0,0.09722222222222222,0.0806111111111111,98.5,0.0,0.0,1.0,1.0,0.15
pallets/click,bccc36b097f9e4240691076604bf3cd95ad49ebe,2026-06-06T06:13:04+00:00,0,1,17.0,550.0,180.0,6.594413459749778,66.0,1.0,7.0,4.0,4.0,1.0,1.0,1.0,0.0,0.0,0.0,0.0,1.0,0.0,0.0,0.25,0.11043256034424513,34.35294117647059,13.0,0.0,1.0,1.0,0.15
pallets/click,c3c14fad0ac09f37d05601b0cd55c93fc07ecb18,2026-06-06T14:35:32+00:00,1,1,1.0,5.0,4.0,2.302585092994046,1.0,0.0,0.0,1.0,0.0,0.0,0.0,0.0,0.0,0.0,0.0,0.0,1.0,0.0,0.0,0.0958904109589041,0.0958904109589041,73.0,0.0,0.0,1.0,1.0,0.15
pallets/click,5ef8c6abe4bec7747775602454f2c4b1995debc6,2026-06-06T21:36:54+00:00,0,1,1.0,12.0,0.0,2.5649493574615367,1.0,0.0,0.0,1.0,0.0,0.0,0.0,0.0,0.0,0.0,0.0,0.0,1.0,0.0,0.0,0.0,0.0,23.0,0.0,0.0,1.0,1.0,0.15
pallets/click,f1db3c63ecdf13ab9a7122ae609daf71265ff3ff,2026-06-06T21:38:21+00:00,0,1,1.0,1.0,0.0,0.6931471805599453,0.0,0.0,0.0,1.0,0.0,0.0,0.0,0.0,0.0,0.0,0.0,0.0,1.0,0.0,0.0,0.0,0.0,24.0,1.0,0.0,1.0,0.0,0.15
pallets/click,e1af24bdecb0d2bcbc37ddd31a26bb3b6df40796,2026-06-06T21:51:19+00:00,0,1,2.0,63.0,0.0,4.1588830833596715,5.0,1.0,1.0,1.0,0.0,0.0,0.0,0.0,0.0,0.0,0.0,0.0,1.0,0.0,1.0,0.08888888888888889,0.07569444444444445,38.5,0.0,0.0,1.0,1.0,0.15
pallets/click,1ca1cea0f034f370bb6d95cfc9096031d017125a,2026-06-07T03:40:23+00:00,0,1,17.0,549.0,180.0,6.593044534142437,66.0,1.0,7.0,4.0,4.0,1.0,1.0,1.0,0.0,0.0,0.0,0.0,1.0,1.0,0.0,0.2,0.09431593777504929,35.35294117647059,140.0,0.1,1.0,1.0,0.15
pallets/click,8a1b1a33d739be05b7e91251e3c0dde77c5e152f,2026-06-07T03:59:50+00:00,0,1,17.0,549.0,180.0,6.593044534142437,66.0,1.0,7.0,4.0,4.0,1.0,1.0,1.0,0.0,0.0,0.0,0.0,0.0,1.0,0.0,0.16666666666666666,0.08735834140675838,36.35294117647059,5.0,0.0,1.0,1.0,0.15
pallets/click,0f82e0e55abc412cf05ddb83caecf2dc63ba3e69,2026-06-07T17:14:16+00:00,0,1,1.0,1.0,0.0,0.6931471805599453,0.0,0.0,0.0,0.0,1.0,0.0,0.0,0.0,0.0,0.0,0.0,1.0,1.0,0.0,0.0,0.14285714285714285,0.14285714285714285,7.0,0.0,0.0,0.0,0.0,0.15
pallets/click,8e4dec84e9b00fb560a6e4c869b63bde51af6549,2026-06-07T20:27:46+00:00,0,1,1.0,1.0,1.0,1.0986122886681098,0.0,0.0,0.0,0.0,1.0,0.0,0.0,0.0,0.0,0.0,0.0,1.0,1.0,0.0,0.0,0.125,0.125,8.0,0.0,0.0,0.0,0.0,0.15
pallets/click,ffabf60c0935e577b6a559ff599ca252279b326a,2026-06-07T22:01:15+00:00,0,1,2.0,20.0,0.0,3.044522437723423,0.0,0.0,0.0,0.0,2.0,0.0,0.0,0.0,0.0,0.0,0.0,1.0,1.0,0.0,0.0,0.1111111111111111,0.1111111111111111,4.5,0.0,0.0,1.0,0.0,0.1
pallets/click,3df280c553158030ca36b9ffc74a4103a57308f2,2026-06-08T09:50:41+00:00,0,1,3.0,75.0,10.0,4.454347296253507,6.0,1.0,1.0,1.0,1.0,0.0,0.0,0.0,0.0,0.0,0.0,0.0,1.0,0.0,0.0,0.1,0.07420718816067653,57.333333333333336,0.0,0.0,1.0,0.0,0.1
pallets/click,4b4fe4fab740c9124fd9b88ed4e3306959c66548,2026-06-08T17:29:50+00:00,0,1,3.0,33.0,2.0,3.58351893845611,3.0,1.0,1.0,1.0,1.0,0.0,0.0,0.0,0.0,0.0,0.0,0.0,1.0,0.0,0.0,0.10638297872340426,0.07556794477945918,30.666666666666668,0.0,0.0,1.0,0.0,0.1
pallets/click,4f9a27226a8b0628a6888def9a1ddfc00acf5fe9,2026-06-08T17:36:19+00:00,0,1,3.0,36.0,2.0,3.6635616461296463,4.0,1.0,1.0,1.0,1.0,0.0,0.0,0.0,0.0,0.0,0.0,0.0,1.0,0.0,0.0,0.10416666666666667,0.07202380952380953,31.666666666666668,1.0,0.0,1.0,0.0,0.1
pallets/click,25f3773878308facf5deedac2c3749cbc2af43bb,2026-06-09T14:36:54+00:00,0,1,3.0,117.0,0.0,4.770684624465665,5.0,1.0,1.0,1.0,1.0,0.0,0.0,0.0,0.0,0.0,0.0,0.0,1.0,0.0,1.0,0.08695652173913043,0.07423437602465736,31.0,0.0,0.0,1.0,0.0,0.1
pallets/click,ff0d6d0fad7dafee001d716fba7f0b7bba21477d,2026-06-10T04:50:17+00:00,0,1,3.0,54.0,0.0,4.007333185232471,4.0,1.0,1.0,1.0,1.0,0.0,0.0,0.0,0.0,0.0,0.0,0.0,1.0,0.0,0.0,0.09090909090909091,0.08236114168317558,42.666666666666664,0.0,0.0,1.0,0.0,0.1
pallets/click,6fdd97666b315858f0c4f3cd5e025005eca42697,2026-06-10T13:28:33+00:00,0,1,3.0,50.0,1.0,3.9512437185814275,4.0,1.0,1.0,1.0,1.0,0.0,0.0,0.0,0.0,0.0,0.0,0.0,1.0,0.0,1.0,0.06666666666666667,0.04273504273504273,50.333333333333336,141.0,0.09929078014184398,1.0,0.0,0.1
pallets/click,b6407377c717cc1a924b6636cc1a42dc5de48588,2026-06-10T13:30:04+00:00,0,1,3.0,50.0,1.0,3.9512437185814275,4.0,1.0,1.0,1.0,1.0,0.0,0.0,0.0,0.0,0.0,0.0,0.0,1.0,0.0,1.0,0.0625,0.04118956743002544,51.333333333333336,142.0,0.09859154929577464,1.0,0.0,0.1
pallets/click,762c97eef7c1b3779678992f26a553a2a8c80793,2026-06-10T13:31:52+00:00,0,1,3.0,48.0,1.0,3.912023005428146,4.0,1.0,1.0,1.0,1.0,0.0,0.0,0.0,0.0,0.0,0.0,0.0,1.0,0.0,1.0,0.06060606060606061,0.0398098633392751,52.333333333333336,143.0,0.0979020979020979,1.0,0.0,0.1
pallets/click,a352605a17d45b23b755533f2ebbf84227ba5f4e,2026-06-10T14:56:28+00:00,0,1,2.0,4.0,4.0,2.1972245773362196,1.0,0.0,0.0,1.0,1.0,0.0,0.0,0.0,0.0,0.0,0.0,0.0,1.0,0.0,0.0,0.10810810810810811,0.08183183183183183,46.0,0.0,0.0,1.0,0.0,0.1
pallets/click,4fd56f47ad19b00442d169dd32c9f51a269a723e,2026-06-10T16:06:20+00:00,0,1,3.0,24.0,0.0,3.2188758248682006,3.0,1.0,1.0,1.0,1.0,0.0,0.0,0.0,0.0,0.0,0.0,0.0,1.0,0.0,0.0,0.08928571428571429,0.07508354218880535,45.0,1.0,0.0,1.0,0.0,0.05
pallets/click,6360211b80801b1b15a14c080ed5b883e501e1a1,2026-06-11T05:28:38+00:00,0,1,5.0,85.0,6.0,4.5217885770490405,4.0,1.0,2.0,1.0,2.0,0.0,0.0,0.0,0.0,0.0,0.0,0.0,1.0,0.0,0.0,0.5714285714285714,0.16639097744360903,12.8,144.0,0.09722222222222222,1.0,1.0,0.05
pallets/click,9a54d78af8713e5d2fad68c119b91b28864d7879,2026-06-11T05:30:20+00:00,0,1,5.0,84.0,0.0,4.442651256490317,4.0,1.0,2.0,1.0,2.0,0.0,0.0,0.0,0.0,0.0,0.0,0.0,1.0,0.0,0.0,0.5,0.14952380952380953,13.8,145.0,0.09655172413793103,1.0,1.0,0.05
pallets/click,dddd70303d9be6bd66cf08b82e360a78f06e11f0,2026-06-11T05:32:16+00:00,0,1,5.0,84.0,0.0,4.442651256490317,4.0,1.0,2.0,1.0,2.0,0.0,0.0,0.0,0.0,0.0,0.0,0.0,1.0,0.0,0.0,0.4444444444444444,0.13607503607503607,14.8,146.0,0.0958904109589041,1.0,1.0,0.0
pallets/click,002b2820a58d26ac2c13b07e50519b89f912b3bb,2026-06-11T06:09:43+00:00,0,1,3.0,115.0,6.0,4.804021044733257,7.0,1.0,1.0,1.0,1.0,0.0,0.0,0.0,0.0,0.0,0.0,0.0,1.0,0.0,1.0,0.4,0.14782608695652175,15.0,147.0,0.09523809523809523,1.0,0.0,0.0
pallets/click,ce308a920db6fca1268b25d1e7aa7be02bdc2bb8,2026-06-11T06:11:34+00:00,0,1,3.0,115.0,6.0,4.804021044733257,7.0,1.0,1.0,1.0,1.0,0.0,0.0,0.0,0.0,0.0,0.0,0.0,1.0,0.0,1.0,0.36363636363636365,0.1351010101010101,16.0,148.0,0.0945945945945946,1.0,0.0,0.0
pallets/click,1eaf6c459187558fefa75a9327be07620f06242a,2026-06-11T16:51:50+00:00,0,1,3.0,57.0,7.0,4.174387269895637,3.0,1.0,1.0,1.0,1.0,0.0,0.0,0.0,0.0,0.0,0.0,0.0,1.0,0.0,1.0,0.0851063829787234,0.06074974670719351,35.666666666666664,0.0,0.0,1.0,0.0,0.0
pallets/click,1226f53fb1a5dd3ebf6ca9d50e223bdb76baa3e2,2026-06-12T03:17:27+00:00,0,1,2.0,3.0,0.0,1.3862943611198906,1.0,1.0,1.0,0.0,1.0,0.0,0.0,0.0,0.0,0.0,1.0,0.0,1.0,0.0,1.0,0.10204081632653061,0.07025117739403454,37.5,0.0,0.0,1.0,0.0,0.0
pallets/click,a07f036e9b6af60c25683cb07aed8c337f27e7a9,2026-06-12T03:30:50+00:00,0,1,1.0,5.0,0.0,1.791759469228055,1.0,1.0,1.0,0.0,0.0,0.0,0.0,0.0,0.0,0.0,1.0,0.0,1.0,0.0,1.0,0.12727272727272726,0.12727272727272726,55.0,1.0,0.0,1.0,0.0,0.0
pallets/click,c5ea474a3f95205036b95b1703457cbefcee9c8b,2026-06-12T03:44:47+00:00,0,1,3.0,114.0,6.0,4.795790545596741,7.0,1.0,1.0,1.0,1.0,0.0,0.0,0.0,0.0,0.0,0.0,0.0,1.0,0.0,1.0,0.3333333333333333,0.12345679012345678,17.666666666666668,2.0,0.0,1.0,0.0,0.0
pallets/click,76c960a03a9d0d96393ea32191683c5a4bc98ff8,2026-06-12T03:50:22+00:00,0,1,1.0,1.0,0.0,0.6931471805599453,0.0,0.0,0.0,1.0,0.0,0.0,0.0,0.0,0.0,0.0,0.0,0.0,1.0,0.0,0.0,0.0,0.0,15.0,3.0,0.0,1.0,0.0,0.0
pallets/click,ffe0aff3d15aa2eae38decc907b0320e36ae343f,2026-06-12T03:56:30+00:00,0,1,1.0,7.0,4.0,2.4849066497880004,1.0,0.0,0.0,1.0,0.0,0.0,0.0,0.0,0.0,0.0,0.0,0.0,1.0,0.0,1.0,0.10666666666666667,0.10666666666666667,75.0,4.0,0.0,1.0,0.0,0.0
pallets/click,827d8539a49e01321e504c75e2e6b988c1efe136,2026-06-12T04:11:17+00:00,0,1,1.0,1.0,1.0,1.0986122886681098,1.0,0.0,0.0,1.0,0.0,0.0,0.0,0.0,0.0,0.0,0.0,0.0,1.0,0.0,1.0,0.10526315789473684,0.10526315789473684,76.0,5.0,0.0,1.0,0.0,0.0
pallets/click,931d0f92a5fe3a5945e765ac31968e77098f9ce7,2026-06-12T17:43:16+00:00,0,1,3.0,85.0,1.0,4.465908118654584,5.0,1.0,1.0,1.0,1.0,0.0,0.0,0.0,0.0,0.0,0.0,0.0,1.0,0.0,1.0,0.08333333333333333,0.0582010582010582,37.333333333333336,0.0,0.0,1.0,0.0,0.0
pallets/click,de09576e1f01339908798b02f905116f9deabea1,2026-06-12T17:57:12+00:00,0,1,2.0,19.0,2.0,3.091042453358316,3.0,1.0,1.0,1.0,0.0,0.0,0.0,0.0,0.0,0.0,0.0,0.0,1.0,0.0,0.0,0.10714285714285714,0.05357142857142857,22.0,0.0,0.0,1.0,0.0,0.0
pallets/click,febd7a13f547657fd4e6a3c3cb3f914fcd376489,2026-06-12T19:26:51+00:00,0,1,3.0,32.0,2.0,3.5553480614894135,4.0,1.0,1.0,1.0,1.0,0.0,0.0,0.0,0.0,0.0,0.0,0.0,1.0,0.0,0.0,0.08771929824561403,0.06034186209268946,45.666666666666664,0.0,0.0,1.0,0.0,0.0
pallets/click,d9ff13369ac78d9acff693faa79f26badd566ab3,2026-06-13T02:29:14+00:00,0,1,1.0,40.0,16.0,4.04305126783455,11.0,1.0,1.0,0.0,0.0,0.0,0.0,0.0,0.0,0.0,1.0,0.0,0.0,1.0,0.0,0.08163265306122448,0.08163265306122448,49.0,6.0,0.0,1.0,0.0,0.0
pallets/click,1557e265222c431b1e4d6c4dd6754006ed10dc02,2026-06-13T02:55:02+00:00,0,1,1.0,2.0,4.0,1.9459101490553132,1.0,0.0,0.0,1.0,0.0,0.0,0.0,0.0,0.0,0.0,0.0,0.0,1.0,0.0,0.0,0.1038961038961039,0.1038961038961039,77.0,149.0,0.09395973154362416,1.0,0.0,0.0
pallets/click,09195f6a92972c4e1bbb5493686456e6ba624520,2026-06-13T03:59:06+00:00,0,1,3.0,48.0,1.0,3.912023005428146,4.0,1.0,1.0,1.0,1.0,0.0,0.0,0.0,0.0,0.0,0.0,0.0,0.0,1.0,1.0,0.06015037593984962,0.031161236424394317,60.0,71.0,0.028169014084507043,1.0,0.0,0.0
pallets/click,916883afad450c0c9bbc4212817900949131adbd,2026-06-13T19:00:13+00:00,0,1,1.0,2.0,4.0,1.9459101490553132,1.0,0.0,0.0,1.0,0.0,0.0,0.0,0.0,0.0,0.0,0.0,0.0,0.0,1.0,1.0,0.10256410256410256,0.10256410256410256,78.0,72.0,0.027777777777777776,1.0,0.0,0.0
pallets/click,e01a478a218ae16a8536e047d796b6460248c625,2026-06-13T23:06:46+00:00,0,1,1.0,9.0,0.0,2.302585092994046,1.0,1.0,1.0,0.0,0.0,0.0,0.0,0.0,0.0,0.0,1.0,0.0,1.0,0.0,1.0,0.125,0.125,56.0,0.0,0.0,1.0,0.0,0.0
pallets/click,8a0d658b2e9ae70a5c296755ab8c76e12a7ca5ec,2026-06-14T01:40:09+00:00,0,1,2.0,56.0,8.0,4.174387269895637,3.0,1.0,1.0,1.0,0.0,0.0,0.0,0.0,0.0,0.0,0.0,0.0,1.0,0.0,1.0,0.08,0.06702702702702704,43.5,0.0,0.0,1.0,0.0,0.0
pallets/click,bec59289d8cf9b9b4010642b2fee483e5f8eeefc,2026-06-14T04:55:38+00:00,0,1,3.0,115.0,6.0,4.804021044733257,7.0,1.0,1.0,1.0,1.0,0.0,0.0,0.0,0.0,0.0,0.0,0.0,1.0,0.0,1.0,0.3076923076923077,0.11331679073614558,20.666666666666668,150.0,0.09333333333333334,1.0,0.0,0.0
pallets/click,7a16b20e8a8a9bb57c7b4f6f15f60f6597478a49,2026-06-14T20:30:18+00:00,0,1,3.0,115.0,6.0,4.804021044733257,7.0,1.0,1.0,1.0,1.0,0.0,0.0,0.0,0.0,0.0,0.0,0.0,0.0,1.0,1.0,0.2857142857142857,0.1056547619047619,21.666666666666668,73.0,0.0273972602739726,1.0,0.0,0.0
pallets/click,072a13aecb006d06be0a0b157ef9b67d713e88fb,2026-06-15T10:46:23+00:00,0,1,1.0,2.0,2.0,1.6094379124341003,1.0,0.0,0.0,1.0,0.0,0.0,0.0,0.0,0.0,0.0,0.0,0.0,1.0,0.0,1.0,0.0,0.0,20.0,0.0,0.0,1.0,0.0,0.0
pallets/click,0d340091df4acc6e21333ab6ffa20508540cadf6,2026-06-15T11:11:57+00:00,0,1,1.0,5.0,3.0,2.1972245773362196,1.0,0.0,0.0,1.0,0.0,0.0,0.0,0.0,0.0,0.0,0.0,0.0,1.0,0.0,1.0,0.0,0.0,21.0,1.0,0.0,1.0,0.0,0.0
pallets/click,2a3a205c0717b9176b482ab01f274aff8b248fac,2026-06-15T11:53:16+00:00,0,1,3.0,31.0,0.0,3.4657359027997265,2.0,1.0,1.0,1.0,1.0,0.0,0.0,0.0,0.0,0.0,0.0,0.0,1.0,0.0,1.0,0.12280701754385964,0.07835908698721468,50.333333333333336,0.0,0.0,1.0,0.0,0.0
pallets/click,4adc228e21aa587a427d89b549ea09f76d5b41e0,2026-06-16T03:19:34+00:00,1,1,1.0,108.0,0.0,4.6913478822291435,13.0,0.0,0.0,1.0,0.0,0.0,0.0,0.0,0.0,0.0,0.0,0.0,1.0,0.0,0.0,0.0,0.0,0.0,0.0,0.0,1.0,0.0,0.0
pallets/click,5bce59a3821ac17339efaa2294826c252b07a90c,2026-06-16T17:00:14+00:00,0,1,1.0,1.0,0.0,0.6931471805599453,0.0,0.0,0.0,0.0,1.0,0.0,0.0,0.0,0.0,0.0,0.0,1.0,1.0,0.0,0.0,0.029411764705882353,0.029411764705882353,34.0,1.0,1.0,0.0,0.0,0.05
pallets/click,cc4b0396c4e4bbe58070c57aa8fa5d0ab61d6030,2026-06-17T00:03:17+00:00,0,1,3.0,27.0,0.0,3.332204510175204,2.0,1.0,1.0,1.0,1.0,0.0,0.0,0.0,0.0,0.0,0.0,0.0,1.0,0.0,1.0,0.1206896551724138,0.07663541501138832,51.666666666666664,0.0,0.0,1.0,0.0,0.05
pallets/click,6cedea39bae818d6c8145067ddad4e8631c6fcea,2026-06-17T06:16:21+00:00,0,1,2.0,13.0,2.0,2.772588722239781,2.0,1.0,1.0,1.0,0.0,0.0,0.0,0.0,0.0,0.0,0.0,0.0,1.0,0.0,1.0,0.1320754716981132,0.09235352532274081,45.5,0.0,0.0,1.0,0.0,0.05
pallets/click,525baee8045eec8a612ec104322621817f44cd8f,2026-06-17T06:53:39+00:00,0,1,1.0,4.0,1.0,1.791759469228055,1.0,0.0,0.0,1.0,0.0,0.0,0.0,0.0,0.0,0.0,0.0,0.0,1.0,0.0,0.0,0.05128205128205128,0.05128205128205128,39.0,1.0,0.0,1.0,0.0,0.05
pallets/click,d6f4fab423cd5e0656dfdd245062ac6a14a61fbc,2026-06-17T11:19:20+00:00,0,1,3.0,80.0,0.0,4.394449154672439,4.0,1.0,1.0,1.0,1.0,0.0,0.0,0.0,0.0,0.0,0.0,0.0,1.0,0.0,1.0,0.11864406779661017,0.07526230831315577,52.666666666666664,0.0,0.0,1.0,0.0,0.05
pallets/click,f2d405afd94f992bb5ad0ed80132ccc198869208,2026-06-17T15:53:32+00:00,0,1,3.0,37.0,1.0,3.6635616461296463,3.0,1.0,1.0,1.0,1.0,0.0,0.0,0.0,0.0,0.0,0.0,0.0,1.0,0.0,1.0,0.11666666666666667,0.07393956456456456,53.666666666666664,0.0,0.0,1.0,0.0,0.05
pallets/click,85b338c8de66cb4225ecb2f02b01a321916888fa,2026-06-17T15:58:06+00:00,0,1,3.0,35.0,0.0,3.58351893845611,5.0,1.0,1.0,1.0,1.0,0.0,0.0,0.0,0.0,0.0,0.0,0.0,1.0,0.0,1.0,0.10126582278481013,0.06242770159860259,83.66666666666667,1.0,0.0,1.0,0.0,0.05
pallets/click,af31ba206be53de2ccad92498a5c648147e71ec7,2026-06-17T16:23:30+00:00,0,1,3.0,49.0,8.0,4.060443010546419,3.0,1.0,1.0,1.0,1.0,0.0,0.0,0.0,0.0,0.0,0.0,0.0,1.0,0.0,1.0,0.0784313725490196,0.05135746606334842,43.333333333333336,2.0,0.0,1.0,0.0,0.05
pallets/click,bace9435ee27f530554b3045e9fecbe2c0c8f9f5,2026-06-17T16:26:20+00:00,1,1,3.0,27.0,1.0,3.367295829986474,2.0,1.0,1.0,1.0,1.0,0.0,0.0,0.0,0.0,0.0,0.0,0.0,1.0,0.0,0.0,0.09302325581395349,0.05857185450208705,45.0,3.0,0.0,1.0,0.0,0.05
pallets/click,024017d8853fcd18a7534309d299bd33ad63b769,2026-06-17T16:30:35+00:00,0,1,3.0,70.0,7.0,4.356708826689592,6.0,1.0,1.0,1.0,1.0,0.0,0.0,0.0,0.0,0.0,0.0,0.0,1.0,0.0,0.0,0.07692307692307693,0.05023452157598499,44.333333333333336,3.0,0.0,1.0,0.0,0.05
pallets/click,121a0d6f4ab1155dc765934b579edf91927930e1,2026-06-17T18:42:25+00:00,0,1,2.0,20.0,0.0,3.044522437723423,2.0,1.0,1.0,1.0,0.0,0.0,0.0,0.0,0.0,0.0,0.0,0.0,1.0,0.0,1.0,0.11475409836065574,0.09583858764186634,63.0,0.0,0.0,1.0,0.0,0.1
pallets/click,2962de375559d70129f136811d0ce2b7d69bd846,2026-06-17T19:19:16+00:00,1,1,6.0,43.0,90.0,4.897839799950911,4.0,2.0,6.0,0.0,0.0,0.0,0.0,0.0,0.0,0.0,1.0,0.0,1.0,0.0,0.0,0.11904761904761904,0.10906298003072197,20.833333333333332,0.0,0.0,1.0,0.0,0.1
pallets/click,7c45834a18424b754ac559b72f9f5a884f5a8515,2026-06-17T19:58:42+00:00,1,1,4.0,0.0,90.0,4.51085950651685,4.0,1.0,4.0,0.0,0.0,0.0,0.0,0.0,0.0,0.0,1.0,0.0,1.0,0.0,0.0,1.0,0.3507206617671734,32.25,1.0,1.0,1.0,0.0,0.15
pallets/click,9acd6cd388d1d0c908daff85a3fa8c908d05a8a2,2026-06-17T20:02:54+00:00,1,1,2.0,69.0,0.0,4.248495242049359,2.0,1.0,2.0,0.0,0.0,0.0,0.0,0.0,0.0,0.0,1.0,0.0,1.0,0.0,0.0,1.0,0.5703125,33.0,2.0,1.0,1.0,1.0,0.2
pallets/click,75f3a814dc58fcb4d6f689b961f3d3c9a5722774,2026-06-18T09:50:50+00:00,0,1,1.0,6.0,0.0,1.9459101490553132,1.0,1.0,1.0,0.0,0.0,0.0,0.0,0.0,0.0,0.0,1.0,0.0,1.0,0.0,1.0,0.15384615384615385,0.15384615384615385,65.0,0.0,0.0,1.0,0.0,0.25
pallets/click,1475138ce92ad231db5618d4c2eddfa5d3d9ff02,2026-06-18T10:52:11+00:00,0,1,1.0,7.0,0.0,2.0794415416798357,1.0,1.0,1.0,0.0,0.0,0.0,0.0,0.0,0.0,0.0,1.0,0.0,1.0,0.0,1.0,0.15151515151515152,0.15151515151515152,66.0,0.0,0.0,1.0,0.0,0.25
pallets/click,9840b66b2f43d411dd5bac53a6b962e54e92e2cd,2026-06-18T11:28:07+00:00,0,1,2.0,19.0,0.0,2.995732273553991,2.0,1.0,1.0,1.0,0.0,0.0,0.0,0.0,0.0,0.0,0.0,0.0,1.0,0.0,0.0,0.14925373134328357,0.11250565355042966,66.5,0.0,0.0,1.0,0.0,0.25
pallets/click,f7dacf230e897ac60cb6628d7ce8bcb71ee01dfb,2026-06-18T15:22:58+00:00,0,1,2.0,71.0,0.0,4.276666119016055,4.0,1.0,1.0,1.0,0.0,0.0,0.0,0.0,0.0,0.0,0.0,0.0,1.0,0.0,0.0,0.14705882352941177,0.14705882352941177,34.0,0.0,0.0,1.0,0.0,0.25
pallets/click,d73ead593d24308c2ccf7165a2ed026828b8b741,2026-06-21T09:47:56+00:00,0,1,2.0,15.0,2.0,2.8903717578961645,2.0,1.0,1.0,1.0,0.0,0.0,0.0,0.0,0.0,0.0,0.0,0.0,1.0,0.0,0.0,0.12962962962962962,0.08862433862433862,48.0,0.0,0.0,1.0,0.0,0.25
pallets/click,a6b16590e2a4f549cfc8479cef8a22bc3e0b5997,2026-06-21T11:58:11+00:00,0,1,1.0,3.0,0.0,1.3862943611198906,1.0,1.0,1.0,0.0,0.0,0.0,0.0,0.0,0.0,0.0,1.0,0.0,1.0,0.0,1.0,0.14492753623188406,0.14492753623188406,69.0,0.0,0.0,1.0,0.0,0.25
pallets/click,9e05e2e7df43b2c8132a21151b87d045f0408ff8,2026-06-21T17:22:23+00:00,0,1,3.0,41.0,4.0,3.828641396489095,2.0,1.0,1.0,1.0,1.0,0.0,0.0,0.0,0.0,0.0,0.0,0.0,1.0,0.0,0.0,0.08620689655172414,0.06948426994747119,55.666666666666664,0.0,0.0,1.0,0.0,0.2
pallets/click,38f3f1b0e44f0c6bcc210b1f16c32078ec2faf89,2026-06-21T17:25:28+00:00,0,1,1.0,1.0,1.0,1.0986122886681098,0.0,0.0,0.0,0.0,1.0,0.0,0.0,0.0,0.0,0.0,0.0,1.0,1.0,0.0,0.0,0.046511627906976744,0.046511627906976744,43.0,1.0,0.0,1.0,0.0,0.2
pallets/click,e8a6ef1c21ebbff5164fcc7ba4e70f51e4b0e50c,2026-06-22T05:20:35+00:00,0,1,1.0,3.0,0.0,1.3862943611198906,1.0,1.0,1.0,0.0,0.0,0.0,0.0,0.0,0.0,0.0,1.0,0.0,1.0,0.0,1.0,0.14285714285714285,0.14285714285714285,70.0,0.0,0.0,1.0,0.0,0.2
pallets/click,0144d10fb186a74759275f96d08f2dc414f7d25d,2026-06-22T06:39:36+00:00,0,1,2.0,60.0,0.0,4.110873864173311,6.0,1.0,1.0,1.0,0.0,0.0,0.0,0.0,0.0,0.0,0.0,0.0,1.0,0.0,1.0,0.0847457627118644,0.08010873041253597,56.0,0.0,0.0,1.0,0.0,0.2
pallets/click,cd02b2c4be19458c437cd2893465a2868477934e,2026-06-23T02:47:25+00:00,0,1,1.0,4.0,0.0,1.6094379124341003,2.0,1.0,1.0,0.0,0.0,0.0,0.0,0.0,0.0,0.0,1.0,0.0,1.0,0.0,0.0,0.1,0.1,30.0,0.0,0.0,1.0,0.0,0.2
pallets/click,ffe0af0813cd590cff9a46c22c918003e2bfe4f6,2026-06-23T02:51:35+00:00,0,1,1.0,1.0,0.0,0.6931471805599453,0.0,0.0,0.0,0.0,1.0,0.0,0.0,0.0,0.0,0.0,0.0,1.0,1.0,0.0,0.0,0.045454545454545456,0.045454545454545456,44.0,1.0,0.0,1.0,0.0,0.2
pallets/click,748a34d01e0f4f2e5f75e293c1dd8480b16c2068,2026-06-23T03:35:33+00:00,1,1,1.0,1.0,2.0,1.3862943611198906,1.0,1.0,1.0,0.0,0.0,0.0,0.0,0.0,0.0,0.0,1.0,0.0,1.0,0.0,0.0,0.07547169811320754,0.07547169811320754,53.0,2.0,0.0,1.0,0.0,0.2
pallets/click,c4a6b57bb8a79556ceb6a91b1e756bbaf896ffae,2026-06-23T03:37:13+00:00,0,1,1.0,1.0,1.0,1.0986122886681098,1.0,1.0,1.0,0.0,0.0,0.0,0.0,0.0,0.0,0.0,1.0,0.0,1.0,0.0,0.0,0.09259259259259259,0.09259259259259259,54.0,3.0,0.3333333333333333,1.0,1.0,0.25
pallets/click,4d8810832fa1cc71eca2d6c1bfb7edeae685e9f3,2026-06-23T17:43:19+00:00,0,1,3.0,126.0,3.0,4.867534450455582,7.0,1.0,1.0,1.0,1.0,0.0,0.0,0.0,0.0,0.0,0.0,0.0,1.0,0.0,0.0,1.0,0.37283950617283956,34.0,0.0,0.0,1.0,0.0,0.25
pallets/click,dd73b88f86daea5c7c4ba6577aaeac9911b03a16,2026-06-23T17:49:49+00:00,0,1,3.0,46.0,0.0,3.8501476017100584,3.0,1.0,1.0,1.0,1.0,0.0,0.0,0.0,0.0,0.0,0.0,0.0,1.0,0.0,0.0,0.14084507042253522,0.08595091435226877,61.666666666666664,1.0,0.0,1.0,0.0,0.2
pallets/click,679a7a0eccbdded7a6e85680bdaaf08003765e01,2026-06-24T02:43:39+00:00,0,1,1.0,2.0,3.0,1.791759469228055,1.0,1.0,1.0,0.0,0.0,0.0,0.0,0.0,0.0,0.0,1.0,0.0,0.0,1.0,0.0,0.09090909090909091,0.09090909090909091,55.0,74.0,0.02702702702702703,1.0,0.0,0.2
pallets/click,b2e30a175449cfda909ee4fbf4a29a6a071cad53,2026-06-24T06:22:49+00:00,0,1,3.0,3.0,3.0,1.9459101490553132,0.0,1.0,1.0,0.0,1.0,1.0,0.0,0.0,0.0,0.0,1.0,0.0,1.0,0.0,0.0,0.061224489795918366,0.034592560428426684,44.0,14.0,0.0,1.0,0.0,0.2
pallets/click,d378c9083327c60254481135add4d67efbf60bb3,2026-06-24T17:12:20+00:00,0,1,3.0,23.0,0.0,3.1780538303479458,2.0,1.0,1.0,1.0,1.0,0.0,0.0,0.0,0.0,0.0,0.0,0.0,1.0,0.0,0.0,0.1388888888888889,0.08433977455716586,63.0,0.0,0.0,1.0,0.0,0.15
pallets/click,362ab1cd8c2f1f37db02a88e1a1f8518c403b25d,2026-06-25T12:37:39+00:00,0,1,1.0,3.0,0.0,1.3862943611198906,0.0,0.0,0.0,0.0,1.0,0.0,0.0,0.0,0.0,0.0,0.0,1.0,1.0,0.0,0.0,0.04081632653061224,0.04081632653061224,49.0,0.0,0.0,0.0,0.0,0.1
pallets/click,adc8addb3f9a700c48b6ddba1bbd85782d47664c,2026-06-25T20:11:58+00:00,0,1,2.0,25.0,0.0,3.258096538021482,2.0,1.0,1.0,1.0,0.0,0.0,0.0,0.0,0.0,0.0,0.0,0.0,1.0,0.0,1.0,0.136986301369863,0.10420743639921722,71.5,0.0,0.0,1.0,0.0,0.05
pallets/click,4ba44be1a01fddbd765be2c78ed2cbb55ab30b4f,2026-06-26T07:21:30+00:00,0,1,3.0,31.0,0.0,3.4657359027997265,3.0,1.0,1.0,1.0,1.0,0.0,0.0,0.0,0.0,0.0,0.0,0.0,1.0,0.0,0.0,0.08928571428571429,0.058599114064230344,49.666666666666664,0.0,0.0,1.0,0.0,0.05
pallets/click,27b3ee2633f80aeb04d6e15c2fb3c91542efa32b,2026-06-26T10:33:33+00:00,0,1,4.0,157.0,1.0,5.0689042022202315,5.0,1.0,1.0,1.0,2.0,0.0,0.0,0.0,0.0,0.0,0.0,0.0,1.0,0.0,0.0,0.08771929824561403,0.04309738249366732,40.5,0.0,0.0,1.0,0.0,0.05
pallets/click,1ac08db953684e10ed97adbbda81381efd82ce09,2026-06-26T10:37:02+00:00,0,2,1.0,5.0,3.0,2.1972245773362196,0.0,1.0,1.0,0.0,0.0,0.0,0.0,0.0,0.0,0.0,1.0,0.0,1.0,0.0,1.0,0.08620689655172414,0.08620689655172414,58.0,1.0,0.0,1.0,0.0,0.05
pallets/click,df2e5ed8c4e89f51ff4eddb9600d913083613e62,2026-06-26T16:08:05+00:00,0,1,3.0,3.0,3.0,1.9459101490553132,0.0,1.0,1.0,0.0,1.0,1.0,0.0,0.0,0.0,0.0,1.0,0.0,0.0,1.0,0.0,0.06,0.03282051282051282,46.333333333333336,75.0,0.02666666666666667,1.0,0.0,0.05
pallets/click,373814c9fb1d2fa9f575961fa2ee8f30522b75b2,2026-06-26T16:46:42+00:00,0,1,2.0,20.0,0.0,3.044522437723423,2.0,1.0,1.0,1.0,0.0,0.0,0.0,0.0,0.0,0.0,0.0,0.0,1.0,0.0,1.0,0.13513513513513514,0.10277883517320138,72.5,0.0,0.0,1.0,0.0,0.05
pallets/click,9ca44eccbf29c19151a1d14e36ad9efeffb285d7,2026-06-27T08:06:22+00:00,1,1,2.0,232.0,160.0,5.973809611869261,17.0,1.0,1.0,0.0,1.0,0.0,0.0,0.0,0.0,0.0,1.0,0.0,1.0,0.0,0.0,0.05925925925925926,0.04849755415793151,94.0,151.0,0.09271523178807947,1.0,0.0,0.05
pallets/click,3a9316a2b46b09ca5b8b32d17adafdde70afed22,2026-06-27T08:07:43+00:00,1,1,2.0,232.0,160.0,5.973809611869261,17.0,1.0,1.0,0.0,1.0,0.0,0.0,0.0,0.0,0.0,1.0,0.0,1.0,0.0,0.0,0.0661764705882353,0.060866013071895424,95.0,152.0,0.09868421052631579,1.0,0.0,0.1
pallets/click,3b743b83b5be181ef35e939906b71a9340fb4f93,2026-06-27T08:20:18+00:00,0,1,2.0,234.0,160.0,5.978885764901122,17.0,1.0,1.0,0.0,1.0,0.0,0.0,0.0,0.0,0.0,1.0,0.0,1.0,0.0,0.0,0.072992700729927,0.07285998672859986,96.0,153.0,0.10457516339869281,1.0,0.0,0.15
pallets/click,6f85d26dcd50c1745e81040ed4f2b61f8bf293cf,2026-06-27T08:50:15+00:00,0,1,2.0,27.0,1.0,3.367295829986474,2.0,1.0,1.0,1.0,0.0,0.0,0.0,0.0,0.0,0.0,0.0,0.0,1.0,0.0,0.0,0.12727272727272726,0.06363636363636363,39.5,154.0,0.1038961038961039,1.0,0.0,0.15
pallets/click,b2123e4bf181311033647469fef35510c6f8be6c,2026-06-27T18:33:04+00:00,0,1,3.0,42.0,7.0,3.912023005428146,3.0,1.0,1.0,1.0,1.0,0.0,0.0,0.0,0.0,0.0,0.0,0.0,1.0,0.0,1.0,0.0847457627118644,0.06687292619496009,53.333333333333336,0.0,0.0,1.0,0.0,0.15
pallets/click,4a2fb3b7106a472919cf5b6bc72a5719a658a656,2026-06-28T09:27:59+00:00,0,1,3.0,49.0,0.0,3.912023005428146,5.0,1.0,1.0,1.0,1.0,0.0,0.0,0.0,0.0,0.0,0.0,0.0,1.0,0.0,1.0,0.08333333333333333,0.07431773879142299,63.0,0.0,0.0,1.0,0.0,0.15
pallets/click,677242a454f0b67706bdb34310290b7666a52250,2026-06-28T18:36:34+00:00,0,1,2.0,28.0,0.0,3.367295829986474,4.0,1.0,1.0,1.0,0.0,0.0,0.0,0.0,0.0,0.0,0.0,0.0,1.0,0.0,1.0,0.13333333333333333,0.10091324200913242,74.0,0.0,0.0,1.0,0.0,0.15
pallets/click,10eed979adaa77a08215919e13e212ee4bec26b2,2026-06-28T23:35:06+00:00,0,1,1.0,5.0,0.0,1.791759469228055,0.0,1.0,1.0,0.0,0.0,0.0,0.0,0.0,0.0,0.0,1.0,0.0,1.0,0.0,1.0,0.08333333333333333,0.08333333333333333,60.0,0.0,0.0,1.0,0.0,0.1
pallets/click,81b128b12d9b9810a0958e1ebadfd99da06707b6,2026-06-29T01:57:07+00:00,0,1,2.0,21.0,0.0,3.091042453358316,2.0,1.0,1.0,1.0,0.0,0.0,0.0,0.0,0.0,0.0,0.0,0.0,1.0,0.0,1.0,0.13157894736842105,0.09957325746799431,75.0,0.0,0.0,1.0,0.0,0.1
pallets/click,8c6bc9b41c4e9a8cd0b4c0bdef979c00ff22fa5d,2026-06-29T10:42:25+00:00,0,1,3.0,36.0,5.0,3.7376696182833684,3.0,1.0,1.0,2.0,0.0,0.0,0.0,0.0,0.0,0.0,0.0,0.0,1.0,0.0,0.0,0.08196721311475409,0.04181515799477311,43.0,0.0,0.0,1.0,0.0,0.1
pallets/click,ac91883f6731ef4d7a337778ee1dec22fc008be4,2026-06-30T16:39:38+00:00,0,1,3.0,74.0,0.0,4.31748811353631,2.0,1.0,1.0,1.0,1.0,0.0,0.0,0.0,0.0,0.0,0.0,0.0,1.0,0.0,0.0,0.08196721311475409,0.07253313234093335,64.66666666666667,155.0,0.1032258064516129,1.0,0.0,0.1
pallets/click,e61ec9656da5a1f405276e7ce40ff6921a257b43,2026-06-30T18:20:52+00:00,0,1,2.0,21.0,1.0,3.1354942159291497,2.0,1.0,1.0,1.0,0.0,0.0,0.0,0.0,0.0,0.0,0.0,0.0,1.0,0.0,1.0,0.125,0.0625,40.5,0.0,0.0,1.0,0.0,0.1
pallets/click,0c7a36a76501be0735fe248546c89eebd9a8f26e,2026-06-30T18:29:49+00:00,0,1,1.0,2.0,0.0,1.0986122886681098,0.0,0.0,0.0,0.0,1.0,0.0,0.0,0.0,0.0,0.0,0.0,1.0,1.0,0.0,1.0,0.06779661016949153,0.06779661016949153,59.0,0.0,0.0,0.0,0.0,0.1
pallets/click,240603f240a9ff179d834fede836060d897c6980,2026-07-01T04:07:02+00:00,0,1,6.0,206.0,28.0,5.459585514144159,23.0,1.0,3.0,2.0,1.0,0.0,0.0,0.0,0.0,0.0,0.0,0.0,0.0,1.0,0.0,0.26666666666666666,0.09774037712326633,63.0,156.0,0.10256410256410256,1.0,0.0,0.1
pallets/click,dbfb10aba610605dc646bf9374e888905366c545,2026-07-01T04:57:31+00:00,0,1,17.0,218.0,108.0,5.7899601708972535,19.0,3.0,7.0,3.0,6.0,1.0,0.0,0.0,0.0,0.0,0.0,0.0,1.0,1.0,1.0,0.25,0.08554166857590811,36.23529411764706,7.0,0.0,1.0,0.0,0.1
pallets/click,13f5085f29ffd1c3ac890e81169a2edcf1c6e058,2026-07-01T05:10:53+00:00,0,1,5.0,84.0,0.0,4.442651256490317,4.0,1.0,2.0,1.0,2.0,0.0,0.0,0.0,0.0,0.0,0.0,0.0,1.0,0.0,0.0,0.25,0.09926686217008798,27.2,157.0,0.10191082802547771,1.0,0.0,0.1
pallets/click,93ba0075f4881b858b61f89a753c7c10e330027e,2026-07-01T05:19:23+00:00,0,1,3.0,68.0,0.0,4.23410650459726,2.0,1.0,1.0,1.0,1.0,0.0,0.0,0.0,0.0,0.0,0.0,0.0,1.0,0.0,0.0,0.07936507936507936,0.06954887218045112,67.33333333333333,158.0,0.10126582278481013,1.0,0.0,0.1
pallets/click,cbc676549ec50e391c75560a8e560f37aa3ab524,2026-07-01T07:45:52+00:00,0,1,6.0,207.0,29.0,5.4680601411351315,24.0,1.0,3.0,2.0,1.0,0.0,0.0,0.0,0.0,0.0,0.0,0.0,1.0,1.0,0.0,0.23529411764705882,0.09101885352906595,65.16666666666667,2.0,0.0,1.0,0.0,0.1
pallets/click,fa671f31c341a9b9afd330007f319dd9d7a0edad,2026-07-01T09:18:02+00:00,0,1,1.0,4.0,5.0,2.302585092994046,1.0,0.0,0.0,1.0,0.0,0.0,0.0,0.0,0.0,0.0,0.0,0.0,1.0,0.0,0.0,0.0,0.0,26.0,0.0,0.0,1.0,0.0,0.1
pallets/click,30749b45c50f4811a3487fc9d11da2b7afc6007f,2026-07-01T09:20:30+00:00,0,1,2.0,5.0,5.0,2.3978952727983707,1.0,0.0,0.0,1.0,1.0,0.0,0.0,0.0,0.0,0.0,0.0,0.0,1.0,0.0,0.0,0.06153846153846154,0.03076923076923077,46.0,1.0,0.0,1.0,0.0,0.1
pallets/click,6ec99f89261b32f8a50848786eca055e1967659f,2026-07-01T10:13:08+00:00,0,1,2.0,5.0,5.0,2.3978952727983707,1.0,0.0,0.0,1.0,1.0,0.0,0.0,0.0,0.0,0.0,0.0,0.0,0.0,1.0,0.0,0.06060606060606061,0.030303030303030304,47.0,8.0,0.0,1.0,0.0,0.1
pallets/click,916c4fe742491cb0233440cca8a825fec7992971,2026-07-01T14:11:40+00:00,0,1,2.0,30.0,0.0,3.4339872044851463,2.0,1.0,1.0,1.0,0.0,0.0,0.0,0.0,0.0,0.0,0.0,0.0,1.0,0.0,1.0,0.12987012987012986,0.0974025974025974,77.0,0.0,0.0,1.0,0.0,0.05
pallets/click,5f4d345b850e887abce6737f3c8dbc356e534c47,2026-07-01T20:26:57+00:00,0,1,2.0,19.0,0.0,2.995732273553991,2.0,1.0,1.0,1.0,0.0,0.0,0.0,0.0,0.0,0.0,0.0,0.0,1.0,0.0,1.0,0.1282051282051282,0.09615384615384615,78.0,0.0,0.0,1.0,0.0,0.0
pallets/click,4664daf6bf606e6a088d74f67f61be3b2ab3f0a1,2026-07-02T12:24:04+00:00,0,1,1.0,10.0,0.0,2.3978952727983707,2.0,1.0,1.0,0.0,0.0,0.0,0.0,0.0,0.0,0.0,1.0,0.0,1.0,0.0,0.0,0.1590909090909091,0.1590909090909091,44.0,0.0,0.0,1.0,0.0,0.0
pallets/click,6471c3bfb8ea98ae2cad6cdbda0cd359102a7832,2026-07-02T16:48:41+00:00,1,1,1.0,4.0,0.0,1.6094379124341003,2.0,1.0,1.0,0.0,0.0,0.0,0.0,0.0,0.0,0.0,1.0,0.0,1.0,0.0,1.0,0.1,0.1,50.0,0.0,0.0,1.0,0.0,0.0
pallets/click,8008ab93aa43c44a4008ac871571aa52ee0fffe1,2026-07-02T23:37:49+00:00,0,1,2.0,5.0,5.0,2.3978952727983707,1.0,0.0,0.0,1.0,1.0,0.0,0.0,0.0,0.0,0.0,0.0,0.0,1.0,1.0,1.0,0.05970149253731343,0.029850746268656716,48.0,76.0,0.02631578947368421,1.0,0.0,0.05
pallets/click,fe3ad76e5807e7a401ed7520f051071c6ae1fa6e,2026-07-02T23:39:12+00:00,0,1,3.0,68.0,0.0,4.23410650459726,2.0,1.0,1.0,1.0,1.0,0.0,0.0,0.0,0.0,0.0,0.0,0.0,0.0,1.0,0.0,0.078125,0.06674655621742369,70.33333333333333,77.0,0.025974025974025976,1.0,0.0,0.05
pallets/click,16fc00e2f4a2717a521084f193709a6058afc693,2026-07-03T01:11:50+00:00,0,1,2.0,27.0,1.0,3.367295829986474,2.0,1.0,1.0,1.0,0.0,0.0,0.0,0.0,0.0,0.0,0.0,0.0,0.0,1.0,0.0,0.12280701754385964,0.06140350877192982,41.5,78.0,0.02564102564102564,1.0,0.0,0.05
pallets/click,8115d6c931b92a4b6826aa0602b10ce0009c6628,2026-07-04T22:33:51+00:00,0,1,6.0,100.0,6.0,4.672828834461906,5.0,1.0,2.0,3.0,1.0,0.0,0.0,0.0,0.0,0.0,0.0,0.0,1.0,1.0,0.0,0.1206896551724138,0.05301395776470739,54.833333333333336,79.0,0.02531645569620253,1.0,0.0,0.05
pallets/click,07d20bf62c825b34f8485fc08f57d190e59939fd,2026-07-06T05:46:02+00:00,1,1,21.0,313.0,111.0,6.052089168924417,23.0,3.0,8.0,6.0,6.0,1.0,0.0,0.0,0.0,0.0,0.0,0.0,1.0,1.0,1.0,0.2,0.07149285470140199,40.23809523809524,0.0,0.0,0.0,0.0,0.05
pallets/click,169383ee98d8617bd3364716fe64e16820d712e1,2026-07-06T05:58:29+00:00,0,1,1.0,9.0,11.0,3.044522437723423,1.0,1.0,1.0,0.0,0.0,0.0,0.0,0.0,0.0,0.0,1.0,0.0,1.0,0.0,1.0,0.08955223880597014,0.08955223880597014,67.0,1.0,1.0,1.0,1.0,0.1
pallets/click,0c28f44ed1b679d0a919a10002b78062d607a390,2026-07-06T06:07:40+00:00,0,1,1.0,4.0,1.0,1.791759469228055,0.0,1.0,1.0,0.0,0.0,0.0,0.0,0.0,0.0,0.0,1.0,0.0,1.0,0.0,1.0,0.08823529411764706,0.08823529411764706,68.0,2.0,0.5,1.0,0.0,0.1
pallets/click,8361e425b141155eb0128d9db2468cf10ec81c84,2026-07-07T03:52:02+00:00,0,1,1.0,1.0,1.0,1.0986122886681098,0.0,0.0,0.0,0.0,1.0,0.0,0.0,0.0,0.0,0.0,0.0,1.0,1.0,0.0,0.0,0.07042253521126761,0.07042253521126761,71.0,0.0,0.0,0.0,0.0,0.1
pallets/click,e83d7033e22e332a50c8dc7738e8ca1855c745a7,2026-07-07T05:15:29+00:00,0,1,1.0,2.0,0.0,1.0986122886681098,1.0,1.0,1.0,0.0,0.0,0.0,0.0,0.0,0.0,0.0,1.0,0.0,1.0,0.0,1.0,0.12658227848101267,0.12658227848101267,79.0,0.0,0.0,1.0,0.0,0.1
pallets/click,e786f06ca79a76fbf4007b55bfaa48e31b9c8b1d,2026-07-07T06:18:56+00:00,0,1,3.0,9.0,2.0,2.4849066497880004,2.0,1.0,1.0,1.0,1.0,0.0,0.0,0.0,0.0,0.0,0.0,0.0,1.0,0.0,0.0,0.08771929824561403,0.0813734214763963,66.0,0.0,0.0,1.0,0.0,0.1
pallets/click,807f892aa7768358bea98b9ca29d5cc1fb26b089,2026-07-07T07:48:26+00:00,0,1,2.0,40.0,1.0,3.7376696182833684,5.0,1.0,1.0,1.0,0.0,0.0,0.0,0.0,0.0,0.0,0.0,0.0,1.0,0.0,0.0,0.2,0.1,16.5,1.0,0.0,1.0,0.0,0.1
pallets/click,be05c0670f0aedf3ad72c2accb6a56dd42373cd3,2026-07-07T11:05:35+00:00,0,1,3.0,84.0,18.0,4.634728988229636,4.0,1.0,1.0,1.0,1.0,0.0,0.0,0.0,0.0,0.0,0.0,0.0,1.0,0.0,0.0,0.08620689655172414,0.08013811098364712,67.0,159.0,0.10062893081761007,1.0,0.0,0.1
pallets/click,a2606e99218583b714a4a138bfe98e52755aafe3,2026-07-07T12:50:21+00:00,0,1,2.0,21.0,0.0,3.091042453358316,2.0,1.0,1.0,1.0,0.0,0.0,0.0,0.0,0.0,0.0,0.0,0.0,1.0,0.0,1.0,0.125,0.09908536585365854,81.0,0.0,0.0,1.0,0.0,0.1
pallets/click,445310365b3a0437d5e46bf57fa2a801b704c30d,2026-07-07T13:24:23+00:00,0,1,1.0,8.0,1.0,2.302585092994046,0.0,0.0,0.0,0.0,1.0,0.0,0.0,0.0,0.0,0.0,0.0,1.0,1.0,0.0,0.0,0.1,0.1,10.0,160.0,0.1,0.0,0.0,0.1
pallets/click,6e805fa410a54fd8c521470084fd7b28e4744b7a,2026-07-07T22:32:46+00:00,0,1,3.0,76.0,8.0,4.442651256490317,3.0,1.0,1.0,1.0,1.0,0.0,0.0,0.0,0.0,0.0,0.0,0.0,1.0,0.0,1.0,0.09090909090909091,0.06700994998867339,62.333333333333336,0.0,0.0,1.0,0.0,0.1
pallets/click,94c191ca6c9598865fc5672b85cf138845b337d5,2026-07-08T03:26:31+00:00,0,1,6.0,92.0,1.0,4.543294782270004,4.0,1.0,2.0,1.0,3.0,0.0,0.0,0.0,0.0,0.0,0.0,0.0,0.0,1.0,0.0,0.2222222222222222,0.09749350387937344,28.666666666666668,80.0,0.025,1.0,0.0,0.1
pallets/click,13f075c4bd2d1343eaac528994165750671da351,2026-07-08T04:53:23+00:00,0,1,3.0,5.0,10.0,2.772588722239781,2.0,1.0,2.0,0.0,1.0,0.0,0.0,0.0,0.0,0.0,1.0,0.0,1.0,0.0,0.0,0.13043478260869565,0.09942505273185002,43.0,161.0,0.09937888198757763,1.0,0.0,0.1
pallets/click,47cc96fb1fcaca88f55c1937afc50ba518d0ca8a,2026-07-08T05:53:45+00:00,0,1,26.0,898.0,894.0,7.491645473605133,78.0,0.0,0.0,26.0,0.0,0.0,0.0,0.0,0.0,0.0,0.0,0.0,1.0,0.0,0.0,0.0847457627118644,0.0847457627118644,2.269230769230769,15.0,0.0,0.0,0.0,0.1
pallets/click,9ab346f6b57f2c99388b4e9db58a0961bc3027c8,2026-07-08T05:55:06+00:00,0,1,15.0,898.0,861.0,7.473069088032197,78.0,0.0,0.0,15.0,0.0,0.0,0.0,0.0,0.0,0.0,0.0,0.0,0.0,1.0,0.0,0.08333333333333333,0.005555555555555555,4.933333333333334,81.0,0.024691358024691357,1.0,0.0,0.1
pallets/click,a44e9f05edbfcea04b5ec91d4403976a50381c59,2026-07-08T05:57:15+00:00,0,1,3.0,5.0,10.0,2.772588722239781,2.0,1.0,2.0,0.0,1.0,0.0,0.0,0.0,0.0,0.0,1.0,0.0,0.0,1.0,0.0,0.1276595744680851,0.0959719949081651,44.0,82.0,0.024390243902439025,1.0,0.0,0.1
pallets/click,ea811f9540a9117fd0edbfebb0589213bc9f7dc9,2026-07-08T06:26:24+00:00,0,1,23.0,406.0,112.0,6.251903883165888,26.0,3.0,10.0,5.0,7.0,1.0,0.0,0.0,0.0,0.0,0.0,0.0,1.0,1.0,0.0,0.3333333333333333,0.12036794694711628,38.56521739130435,16.0,0.0,1.0,0.0,0.05
pallets/click,7925a3410d7098c28cfca3b2baa6c852666bbd14,2026-07-08T06:27:43+00:00,0,1,15.0,898.0,857.0,7.470793774195062,78.0,0.0,0.0,15.0,0.0,0.0,0.0,0.0,0.0,0.0,0.0,0.0,0.0,1.0,0.0,0.08196721311475409,0.00546448087431694,5.933333333333334,83.0,0.024096385542168676,1.0,0.0,0.05
pallets/click,0576c5180cf551c00de39e6939941bd1df223a20,2026-07-08T08:10:55+00:00,0,1,3.0,33.0,0.0,3.5263605246161616,2.0,1.0,1.0,1.0,1.0,0.0,0.0,0.0,0.0,0.0,0.0,0.0,1.0,0.0,1.0,0.12345679012345678,0.08660680882903105,80.66666666666667,0.0,0.0,1.0,0.0,0.05
pallets/click,c52f43c8ba734545b222af36ac35d87579031870,2026-07-08T10:42:39+00:00,0,1,1.0,7.0,11.0,2.9444389791664403,1.0,0.0,0.0,1.0,0.0,0.0,0.0,0.0,0.0,0.0,0.0,0.0,1.0,0.0,0.0,0.0,0.0,3.0,162.0,0.09876543209876543,1.0,0.0,0.05
pallets/click,5f080f8bf743bc1f07240d84094b394bb64a84f2,2026-07-08T10:54:40+00:00,0,1,2.0,234.0,160.0,5.978885764901122,17.0,1.0,1.0,0.0,1.0,0.0,0.0,0.0,0.0,0.0,1.0,0.0,1.0,0.0,0.0,0.07692307692307693,0.07051282051282051,110.5,163.0,0.09815950920245399,1.0,0.0,0.05
pallets/click,a4e7f2be25b90e992dc8085e209ef98410ce17a0,2026-07-08T11:21:28+00:00,0,1,3.0,88.0,18.0,4.672828834461906,4.0,1.0,1.0,1.0,1.0,0.0,0.0,0.0,0.0,0.0,0.0,0.0,1.0,0.0,1.0,0.08108108108108109,0.04812407344052914,52.0,164.0,0.0975609756097561,1.0,0.0,0.0
pallets/click,d602e9f596b64f760bb3112c7498905bdee7ae34,2026-07-08T11:24:00+00:00,0,1,3.0,88.0,18.0,4.672828834461906,4.0,1.0,1.0,1.0,1.0,0.0,0.0,0.0,0.0,0.0,0.0,0.0,1.0,0.0,1.0,0.08,0.04750000000000001,53.0,165.0,0.09696969696969697,1.0,0.0,0.0
pallets/click,44f9b055420c396e8c987434216494d306b8ce3c,2026-07-08T12:19:15+00:00,0,1,4.0,86.0,2.0,4.48863636973214,3.0,1.0,1.0,1.0,2.0,0.0,0.0,0.0,0.0,0.0,0.0,0.0,1.0,0.0,1.0,0.1,0.0668822621641249,69.75,166.0,0.0963855421686747,1.0,0.0,0.0
pallets/click,bb8244c4697fd9d10948da2f8f007c6422ea5d82,2026-07-08T12:22:16+00:00,0,1,4.0,86.0,2.0,4.48863636973214,3.0,1.0,1.0,1.0,2.0,0.0,0.0,0.0,0.0,0.0,0.0,0.0,1.0,0.0,1.0,0.09523809523809523,0.06516180063278465,70.75,167.0,0.09580838323353294,1.0,0.0,0.0
pallets/click,775a1cf0497d47e4f82ea14be7fc73a63ac4f01e,2026-07-08T13:04:35+00:00,0,1,4.0,132.0,3.0,4.912654885736052,3.0,1.0,1.0,1.0,2.0,0.0,0.0,0.0,0.0,0.0,0.0,0.0,1.0,0.0,1.0,0.09090909090909091,0.06356757457392875,71.75,168.0,0.09523809523809523,1.0,0.0,0.0
pallets/click,4860fa974a079fef7ddccab1296afaf8762af73d,2026-07-08T13:29:02+00:00,1,1,3.0,88.0,18.0,4.672828834461906,4.0,1.0,1.0,1.0,1.0,0.0,0.0,0.0,0.0,0.0,0.0,0.0,1.0,0.0,1.0,0.07894736842105263,0.04615705931495404,55.0,169.0,0.09467455621301775,1.0,0.0,0.0
pallets/click,d088ed4a4a87112b66f7ec63aa8014386eb0101d,2026-07-08T13:30:46+00:00,0,1,3.0,88.0,18.0,4.672828834461906,4.0,1.0,1.0,1.0,1.0,0.0,0.0,0.0,0.0,0.0,0.0,0.0,1.0,0.0,1.0,0.16666666666666666,0.10938799762329172,56.0,170.0,0.1,1.0,0.0,0.05
pallets/click,b674be1194d9745852cbc86c7a6b3e60fef84e28,2026-07-08T13:31:42+00:00,0,1,3.0,88.0,18.0,4.672828834461906,4.0,1.0,1.0,1.0,1.0,0.0,0.0,0.0,0.0,0.0,0.0,0.0,1.0,0.0,1.0,0.14285714285714285,0.1007893914870659,57.0,171.0,0.09941520467836257,1.0,0.0,0.05
pallets/click,07c909f23f0f83b5ca137c167b9a134d66201f67,2026-07-08T14:46:50+00:00,0,1,3.0,88.0,15.0,4.6443908991413725,4.0,1.0,1.0,1.0,1.0,0.0,0.0,0.0,0.0,0.0,0.0,0.0,1.0,0.0,1.0,0.125,0.09419103739269606,58.0,172.0,0.09883720930232558,1.0,0.0,0.05
pallets/click,8dd4d60eb5ad4532abdd9b2809a7d9e2aa679b87,2026-07-08T15:57:41+00:00,0,1,1.0,7.0,11.0,2.9444389791664403,1.0,0.0,0.0,1.0,0.0,0.0,0.0,0.0,0.0,0.0,0.0,0.0,0.0,1.0,0.0,0.0,0.0,4.0,84.0,0.023809523809523808,1.0,0.0,0.05
pallets/click,8a4ce842564ae94ab050062db8525196ad476c19,2026-07-08T16:05:27+00:00,0,1,3.0,88.0,15.0,4.6443908991413725,4.0,1.0,1.0,1.0,1.0,0.0,0.0,0.0,0.0,0.0,0.0,0.0,0.0,1.0,0.0,0.1111111111111111,0.08893097643097643,59.0,85.0,0.023529411764705882,1.0,0.0,0.05
pallets/click,ee8a410b152fc05996175330bab9b7ac4a700480,2026-07-08T16:18:23+00:00,0,1,4.0,132.0,3.0,4.912654885736052,3.0,1.0,1.0,1.0,2.0,0.0,0.0,0.0,0.0,0.0,0.0,0.0,1.0,0.0,1.0,0.08695652173913043,0.06405730276900631,74.0,173.0,0.09826589595375723,1.0,0.0,0.05
pallets/click,4e99c30a18d0b4f49aaacda9fe8c7bad8cb8ba3f,2026-07-08T16:22:54+00:00,0,1,2.0,234.0,160.0,5.978885764901122,17.0,1.0,1.0,0.0,1.0,0.0,0.0,0.0,0.0,0.0,1.0,0.0,1.0,0.0,0.0,0.07432432432432433,0.0704954954954955,119.0,174.0,0.09770114942528736,1.0,0.0,0.05
pallets/click,c04cc898eb1868dfe55d301869832b9ba2e04d43,2026-07-08T18:08:59+00:00,0,1,2.0,18.0,0.0,2.9444389791664403,2.0,1.0,1.0,1.0,0.0,0.0,0.0,0.0,0.0,0.0,0.0,0.0,1.0,0.0,0.0,0.12195121951219512,0.09626972740315638,83.5,0.0,0.0,1.0,0.0,0.05
pallets/click,674fba90124d03226e8ffd2bf48c4c108a603b8a,2026-07-08T20:06:13+00:00,0,1,3.0,33.0,1.0,3.5553480614894135,2.0,1.0,1.0,1.0,1.0,0.0,0.0,0.0,0.0,0.0,0.0,0.0,1.0,0.0,1.0,0.08823529411764706,0.06527867557279322,69.0,0.0,0.0,1.0,0.0,0.05
pallets/click,5a4e928e6274b88beadf9e7614ef3a2739a71d23,2026-07-08T20:11:19+00:00,0,1,1.0,4.0,2.0,1.9459101490553132,1.0,1.0,1.0,0.0,0.0,0.0,0.0,0.0,0.0,0.0,1.0,0.0,1.0,0.0,1.0,0.08695652173913043,0.08695652173913043,69.0,1.0,0.0,1.0,0.0,0.05
pallets/click,3495fba163dd61dea837cd557095df6c21515ac8,2026-07-09T12:05:17+00:00,0,1,6.0,172.0,4.0,5.176149732573829,7.0,1.0,1.0,3.0,2.0,0.0,0.0,0.0,0.0,0.0,0.0,0.0,1.0,0.0,0.0,0.16666666666666666,0.08548660995724881,66.16666666666667,175.0,0.09714285714285714,1.0,0.0,0.05
pallets/click,71f2bafa541e7f798834e74076786ff4281ac83e,2026-07-09T14:06:46+00:00,0,1,5.0,254.0,2.0,5.54907608489522,12.0,1.0,1.0,3.0,1.0,0.0,0.0,0.0,0.0,0.0,0.0,0.0,1.0,0.0,0.0,0.18518518518518517,0.08494026284348866,35.8,176.0,0.09659090909090909,1.0,0.0,0.05
pallets/click,8c1a0a7abbc1c36f70d1f65f3604acc46c5ce6ab,2026-07-10T03:14:28+00:00,0,1,5.0,254.0,2.0,5.54907608489522,12.0,1.0,1.0,3.0,1.0,0.0,0.0,0.0,0.0,0.0,0.0,0.0,0.0,1.0,0.0,0.17857142857142858,0.08129620768437582,36.8,86.0,0.023255813953488372,1.0,0.0,0.05
pallets/click,a28d839d3e68bb81b77bcd862fb29e35dcf894f9,2026-07-10T03:23:10+00:00,0,1,5.0,254.0,2.0,5.54907608489522,12.0,1.0,1.0,3.0,1.0,0.0,0.0,0.0,0.0,0.0,0.0,0.0,1.0,1.0,1.0,0.1724137931034483,0.07806671852043903,37.8,87.0,0.022988505747126436,1.0,0.0,0.05
pallets/click,b67832c2167e5b0ff6764a8c04a0a9087e697b5a,2026-07-10T03:24:11+00:00,0,1,6.0,172.0,4.0,5.176149732573829,7.0,1.0,1.0,3.0,2.0,0.0,0.0,0.0,0.0,0.0,0.0,0.0,0.0,1.0,1.0,0.15384615384615385,0.08195100916486459,67.66666666666667,88.0,0.022727272727272728,1.0,0.0,0.05
pallets/click,5df48318ccbacda815b4dac88ac9797444a99020,2026-07-11T00:25:46+00:00,0,1,3.0,29.0,1.0,3.4339872044851463,2.0,1.0,1.0,1.0,1.0,0.0,0.0,0.0,0.0,0.0,0.0,0.0,1.0,0.0,0.0,0.12048192771084337,0.08403501322480043,88.66666666666667,0.0,0.0,1.0,0.0,0.05
pallets/click,8f300853dc5f33120d9872ea0e4c9e00318446b1,2026-07-11T14:01:11+00:00,0,1,2.0,234.0,160.0,5.978885764901122,17.0,1.0,1.0,0.0,1.0,0.0,0.0,0.0,0.0,0.0,1.0,0.0,1.0,0.0,0.0,0.0728476821192053,0.06703608595756183,124.5,177.0,0.096045197740113,1.0,0.0,0.05
pallets/click,3357e08ee5d7961e49c2a57d6b29f22155b19111,2026-07-12T11:20:10+00:00,0,1,5.0,40.0,5.0,3.828641396489095,3.0,1.0,2.0,2.0,1.0,0.0,0.0,0.0,0.0,0.0,0.0,0.0,1.0,0.0,0.0,0.11904761904761904,0.08375973749536969,70.2,0.0,0.0,1.0,0.0,0.05
pallets/click,b3a191bf58db2a4bd13706981af78d41b7b5a056,2026-07-12T16:59:10+00:00,0,2,1.0,1.0,1.0,1.0986122886681098,0.0,0.0,0.0,0.0,0.0,1.0,0.0,0.0,0.0,0.0,0.0,0.0,1.0,0.0,1.0,0.07407407407407407,0.07407407407407407,54.0,0.0,0.0,1.0,0.0,0.05
pallets/click,23056ca643c962934e41d300c25e3da48a279327,2026-07-12T21:34:29+00:00,0,2,2.0,21.0,0.0,3.091042453358316,2.0,1.0,1.0,1.0,0.0,0.0,0.0,0.0,0.0,0.0,0.0,0.0,1.0,0.0,1.0,0.11764705882352941,0.0929144385026738,86.5,0.0,0.0,1.0,0.0,0.05
pallets/click,355140efaf3634a4a14629c42a4b4ea42282eb8f,2026-07-15T12:59:25+00:00,0,1,3.0,40.0,0.0,3.713572066704308,2.0,1.0,1.0,1.0,1.0,0.0,0.0,0.0,0.0,0.0,0.0,0.0,1.0,0.0,0.0,0.11627906976744186,0.08123160003484016,91.66666666666667,0.0,0.0,1.0,0.0,0.0
pallets/click,27e252aa7558a1d17653d42c84a67f56e8dbfcba,2026-07-15T16:05:58+00:00,1,1,1.0,1.0,0.0,0.6931471805599453,0.0,1.0,1.0,0.0,0.0,0.0,0.0,0.0,0.0,0.0,1.0,0.0,1.0,0.0,1.0,0.11494252873563218,0.11494252873563218,87.0,0.0,0.0,1.0,0.0,0.0
pallets/click,b551fe85714c906565303fae98136d7c72b252ea,2026-07-16T04:54:45+00:00,0,1,2.0,234.0,160.0,5.978885764901122,17.0,1.0,1.0,0.0,1.0,0.0,0.0,0.0,0.0,0.0,1.0,0.0,0.0,1.0,0.0,0.07236842105263158,0.06588718082334549,126.5,89.0,0.02247191011235955,1.0,0.0,0.05
pallets/click,e8c928d94cd116123892fb08d2c93829e97ae75f,2026-07-16T06:02:35+00:00,0,1,9.0,174.0,61.0,5.4638318050256105,10.0,2.0,3.0,4.0,1.0,1.0,0.0,0.0,0.0,0.0,0.0,0.0,1.0,0.0,0.0,0.13114754098360656,0.05766791619656357,43.55555555555556,178.0,0.09550561797752809,0.0,0.0,0.05
pallets/click,51e6fa65fb63c5a77853e57d1c558a57a458d1a5,2026-07-16T08:15:24+00:00,0,1,3.0,46.0,0.0,3.8501476017100584,3.0,1.0,1.0,1.0,1.0,0.0,0.0,0.0,0.0,0.0,0.0,0.0,1.0,0.0,1.0,0.125,0.08330636461704423,93.66666666666667,0.0,0.0,1.0,0.0,0.05
pallets/click,425e8fd34780bdff36667a9b3d3488841d41f842,2026-07-16T08:22:02+00:00,0,1,6.0,626.0,0.0,6.440946540632921,14.0,1.0,2.0,0.0,3.0,1.0,0.0,0.0,0.0,0.0,1.0,0.0,1.0,0.0,0.0,0.2857142857142857,0.12698412698412698,17.5,0.0,0.0,1.0,0.0,0.05
pallets/click,6a319a2bc9c6f9af70d92dd848c6d5123da6bc63,2026-07-16T18:37:59+00:00,0,1,4.0,104.0,1.0,4.663439094112067,10.0,1.0,2.0,2.0,0.0,0.0,0.0,0.0,0.0,0.0,0.0,0.0,1.0,0.0,0.0,0.10344827586206896,0.07389544898419137,76.5,0.0,0.0,1.0,0.0,0.05
pallets/click,5ff6caf3ef9c53ddf2d1ae4ef9835e6fa2514374,2026-07-16T19:01:17+00:00,0,1,2.0,34.0,1.0,3.58351893845611,2.0,1.0,1.0,1.0,0.0,0.0,0.0,0.0,0.0,0.0,0.0,0.0,1.0,0.0,0.0,0.08571428571428572,0.06326530612244897,59.5,0.0,0.0,1.0,0.0,0.05
pallets/click,414deaf556c16fa27969484fd2f4a3c2a1d95ed4,2026-07-16T20:32:45+00:00,0,1,1.0,20.0,0.0,3.044522437723423,1.0,1.0,1.0,0.0,0.0,0.0,0.0,0.0,0.0,0.0,1.0,0.0,1.0,0.0,0.0,0.16,0.16,25.0,90.0,0.022222222222222223,1.0,0.0,0.05
pallets/click,770a5bd5871f263faec8442ca386398703f05adc,2026-07-16T21:45:44+00:00,0,1,2.0,86.0,4.0,4.51085950651685,7.0,1.0,2.0,0.0,0.0,0.0,0.0,0.0,0.0,0.0,1.0,0.0,1.0,0.0,0.0,0.15384615384615385,0.1381475667189953,37.5,91.0,0.02197802197802198,1.0,0.0,0.05
pallets/click,7e1989e6c3157432337e091d317c5bb018f05066,2026-07-16T22:14:15+00:00,0,1,4.0,113.0,40.0,5.0369526024136295,10.0,1.0,2.0,1.0,1.0,0.0,0.0,0.0,0.0,0.0,0.0,0.0,1.0,0.0,0.0,0.14814814814814814,0.09064814814814814,32.0,92.0,0.021739130434782608,1.0,0.0,0.05
pallets/click,0a563408d846edfb3458408b734a14e964db43de,2026-07-16T22:32:50+00:00,0,1,11.0,101.0,67.0,5.1298987149230735,26.0,1.0,6.0,4.0,1.0,0.0,0.0,0.0,0.0,0.0,0.0,0.0,1.0,0.0,0.0,0.14285714285714285,0.06894771938330498,48.09090909090909,93.0,0.021505376344086023,1.0,0.0,0.05
pallets/click,7a0a3447f6ddd2c15438c5d098e289323f9f9556,2026-07-16T22:50:24+00:00,0,1,13.0,109.0,68.0,5.181783550292085,26.0,1.0,6.0,4.0,3.0,0.0,0.0,0.0,0.0,0.0,0.0,0.0,1.0,0.0,0.0,0.13793103448275862,0.06663789174335809,49.53846153846154,94.0,0.02127659574468085,1.0,0.0,0.05
pallets/click,7df2f82305f20f1611a9668b38d26933b648d807,2026-07-16T23:56:46+00:00,0,1,4.0,159.0,1.0,5.081404364984463,5.0,1.0,1.0,1.0,2.0,0.0,0.0,0.0,0.0,0.0,0.0,0.0,0.0,1.0,0.0,0.08450704225352113,0.04541247484909457,59.25,95.0,0.021052631578947368,1.0,0.0,0.05
pallets/click,e0fbc725d11c99f05c3716eaf9855b9fda0254f0,2026-07-17T09:36:08+00:00,0,1,1.0,1.0,1.0,1.0986122886681098,0.0,0.0,0.0,0.0,1.0,0.0,0.0,0.0,0.0,0.0,0.0,1.0,1.0,0.0,0.0,0.05660377358490566,0.05660377358490566,106.0,179.0,0.09497206703910614,1.0,0.0,0.05
pallets/click,5948803728ef4e88089330dae567e5981738b372,2026-07-17T09:59:05+00:00,0,1,1.0,2.0,2.0,1.6094379124341003,0.0,0.0,0.0,0.0,1.0,0.0,0.0,0.0,0.0,0.0,0.0,1.0,1.0,0.0,0.0,0.056074766355140186,0.056074766355140186,107.0,180.0,0.09444444444444444,1.0,0.0,0.05
pallets/click,8855a4d1f7b580ffa43ebc40986bbe05f0fb7dde,2026-07-17T10:00:08+00:00,0,1,4.0,12.0,9.0,3.091042453358316,0.0,0.0,0.0,0.0,4.0,0.0,0.0,0.0,0.0,0.0,0.0,1.0,1.0,0.0,0.0,0.1,0.072008547008547,43.0,181.0,0.09392265193370165,1.0,0.0,0.05
pallets/click,953f1a559d6006396330f20bb39579837670db0d,2026-07-17T10:08:43+00:00,0,1,10.0,31.0,19.0,3.9318256327243257,4.0,1.0,4.0,0.0,6.0,0.0,0.0,0.0,0.0,0.0,1.0,0.0,1.0,0.0,0.0,0.11320754716981132,0.06959958466795628,55.4,182.0,0.09340659340659341,1.0,0.0,0.05
pallets/click,b4edf0a4b736047bef7e729f4117d5090dedb1fa,2026-07-17T10:28:34+00:00,0,1,18.0,96.0,84.0,5.198497031265826,14.0,1.0,4.0,8.0,6.0,0.0,0.0,0.0,0.0,0.0,0.0,0.0,1.0,0.0,0.0,0.1111111111111111,0.04368893228006221,32.22222222222222,183.0,0.09289617486338798,1.0,0.0,0.05
pallets/click,4b1f1a84196360d639f143c794b823273b25af8b,2026-07-17T10:34:49+00:00,0,1,19.0,98.0,86.0,5.220355825078324,15.0,1.0,5.0,8.0,6.0,0.0,0.0,0.0,0.0,0.0,0.0,0.0,1.0,0.0,1.0,0.16666666666666666,0.040237569514303566,33.05263157894737,184.0,0.09239130434782608,1.0,0.0,0.05
pallets/click,8674947e84481c3f51cd1c889c7d4dbf26783a52,2026-07-17T11:28:41+00:00,0,1,3.0,52.0,1.0,3.9889840465642745,2.0,0.0,0.0,1.0,2.0,0.0,0.0,0.0,0.0,0.0,0.0,0.0,1.0,0.0,1.0,0.05357142857142857,0.03092903828197946,55.0,0.0,0.0,1.0,0.0,0.05
pallets/click,051725fa7e0c69effc9107066d8791c5b99242c3,2026-07-17T19:21:38+00:00,0,1,5.0,48.0,25.0,4.30406509320417,13.0,1.0,2.0,2.0,1.0,0.0,0.0,0.0,0.0,0.0,0.0,0.0,1.0,0.0,0.0,0.13333333333333333,0.06652930402930403,25.2,96.0,0.020833333333333332,1.0,0.0,0.05
pallets/click,333c28d79cd982990ee98eef61ec20ab1a4f38ba,2026-07-17T19:25:01+00:00,0,1,14.0,134.0,70.0,5.3230099791384085,30.0,1.0,6.0,5.0,3.0,0.0,0.0,0.0,0.0,0.0,0.0,0.0,0.0,1.0,0.0,0.12903225806451613,0.053746733707730296,49.07142857142857,97.0,0.020618556701030927,1.0,0.0,0.0
pallets/click,8fdd4ca321e587bd0c62f35641ca9417c14b2123,2026-07-17T20:29:30+00:00,0,1,9.0,174.0,61.0,5.4638318050256105,10.0,2.0,3.0,4.0,1.0,1.0,0.0,0.0,0.0,0.0,0.0,0.0,1.0,0.0,0.0,0.12307692307692308,0.048075675936780776,47.0,185.0,0.0918918918918919,0.0,0.0,0.0
pallets/click,fbdd434028fe07ecf35084c945b43b938dfd639f,2026-07-17T20:38:38+00:00,0,2,9.0,292.0,165.0,6.126869184114185,25.0,1.0,1.0,5.0,3.0,0.0,0.0,0.0,0.0,0.0,0.0,0.0,1.0,0.0,0.0,0.11764705882352941,0.03967366645926936,38.44444444444444,186.0,0.0913978494623656,1.0,0.0,0.0
pallets/click,8ee83ddbf5a7a4c2eac5308c9599c5ee67ee005e,2026-07-17T21:33:49+00:00,0,1,9.0,165.0,292.0,6.126869184114185,25.0,1.0,1.0,5.0,3.0,0.0,0.0,0.0,0.0,0.0,0.0,0.0,0.0,0.0,1.0,0.11538461538461539,0.03863352724771073,39.44444444444444,187.0,0.09090909090909091,1.0,0.0,0.0
pallets/click,7afc4df43fbe2fbc00913ff845f75414ba6f0233,2026-07-17T21:38:41+00:00,0,1,9.0,292.0,165.0,6.126869184114185,25.0,1.0,1.0,5.0,3.0,0.0,0.0,0.0,0.0,0.0,0.0,0.0,1.0,0.0,0.0,0.11320754716981132,0.03766081714499637,40.44444444444444,188.0,0.09042553191489362,1.0,0.0,0.0
pallets/click,cbd34e93147dff0fa4a2091b975fe64bdaedc569,2026-07-17T21:38:53+00:00,0,1,3.0,18.0,2.0,3.044522437723423,2.0,1.0,1.0,1.0,1.0,0.0,0.0,0.0,0.0,0.0,0.0,0.0,1.0,0.0,1.0,0.07777777777777778,0.064997964997965,99.33333333333333,0.0,0.0,1.0,0.0,0.0
pallets/click,ea8140a605d0422f657790de6334e334d7637c0c,2026-07-17T21:40:05+00:00,0,1,9.0,292.0,165.0,6.126869184114185,25.0,1.0,1.0,5.0,3.0,0.0,0.0,0.0,0.0,0.0,0.0,0.0,1.0,0.0,0.0,0.1111111111111111,0.03670066474840558,41.55555555555556,189.0,0.08994708994708994,1.0,0.0,0.0
pallets/click,f944a8dd7f8f9c40a34965a9a938490e01891e60,2026-07-18T07:13:13+00:00,0,1,2.0,22.0,0.0,3.1354942159291497,2.0,1.0,1.0,1.0,0.0,0.0,0.0,0.0,0.0,0.0,0.0,0.0,1.0,0.0,0.0,0.11956521739130435,0.09239130434782608,92.0,0.0,0.0,1.0,0.0,0.0
pallets/click,f3fac46d4c3233d624acf2493117d00cc111d470,2026-07-18T09:05:15+00:00,0,1,2.0,55.0,3.0,4.07753744390572,3.0,1.0,1.0,1.0,0.0,0.0,0.0,0.0,0.0,0.0,0.0,0.0,1.0,0.0,0.0,0.16129032258064516,0.08064516129032258,18.0,1.0,0.0,1.0,0.0,0.0
pallets/click,05da45fde5c67516664de75dcc0ec32bc879cd08,2026-07-18T09:06:23+00:00,0,1,4.0,5.0,6.0,2.4849066497880004,3.0,1.0,1.0,2.0,1.0,0.0,0.0,0.0,0.0,0.0,0.0,0.0,1.0,0.0,0.0,0.05555555555555555,0.013888888888888888,7.75,2.0,0.0,1.0,0.0,0.0
pallets/click,715403bfb7a216968454f3493d5bdc002fdea2ba,2026-07-19T03:06:19+00:00,0,1,3.0,78.0,1.0,4.382026634673881,4.0,1.0,1.0,1.0,1.0,0.0,0.0,0.0,0.0,0.0,0.0,0.0,1.0,0.0,1.0,0.08,0.05523809523809523,83.66666666666667,0.0,0.0,1.0,0.0,0.0
pallets/click,a9d8cbecf1695d0a4f5bd285152dd81faae4a057,2026-07-19T04:27:11+00:00,0,1,2.0,21.0,0.0,3.091042453358316,2.0,1.0,1.0,1.0,0.0,0.0,0.0,0.0,0.0,0.0,0.0,0.0,1.0,0.0,1.0,0.11827956989247312,0.0913978494623656,93.0,0.0,0.0,1.0,0.0,0.0
pallets/click,348a77740c62dfd21a0bb32c31e6f0c73b9e65b1,2026-07-20T03:46:58+00:00,0,1,2.0,24.0,0.0,3.2188758248682006,2.0,1.0,1.0,1.0,0.0,0.0,0.0,0.0,0.0,0.0,0.0,0.0,1.0,0.0,1.0,0.11702127659574468,0.09042553191489361,94.0,0.0,0.0,1.0,0.0,0.0
pallets/click,c2ed41490baa08002714ab79afa4a41f2d67c02c,2026-07-20T12:20:09+00:00,0,1,10.0,291.0,165.0,6.124683390894205,25.0,1.0,1.0,6.0,3.0,0.0,0.0,0.0,0.0,0.0,0.0,0.0,1.0,0.0,0.0,0.10909090909090909,0.032154318302643654,38.7,190.0,0.08947368421052632,1.0,0.0,0.0
pallets/click,cfa01eeb7894a408af70b29d28c0b24f8680f9fb,2026-07-20T17:43:29+00:00,0,1,10.0,291.0,165.0,6.124683390894205,25.0,1.0,1.0,6.0,3.0,0.0,0.0,0.0,0.0,0.0,0.0,0.0,0.0,1.0,0.0,0.10714285714285714,0.03142842045019645,39.7,98.0,0.02040816326530612,1.0,0.0,0.0
pallets/click,723dd080d1192b45f71772ad64e9c3001146170a,2026-07-20T19:55:33+00:00,0,1,3.0,32.0,0.0,3.4965075614664802,2.0,1.0,1.0,1.0,1.0,0.0,0.0,0.0,0.0,0.0,0.0,0.0,1.0,0.0,0.0,0.11578947368421053,0.07590928540864357,104.33333333333333,0.0,0.0,1.0,0.0,0.0
pallets/click,1379cc59804c22d1c6a960a186f01467ceeabe7f,2026-07-21T01:34:20+00:00,0,1,2.0,102.0,5.0,4.68213122712422,3.0,1.0,1.0,1.0,0.0,0.0,0.0,0.0,0.0,0.0,0.0,0.0,1.0,0.0,1.0,0.11458333333333333,0.08854166666666666,96.0,0.0,0.0,1.0,0.0,0.0
pallets/click,3b16957cba718a6d77ef680114de8e0830c436ba,2026-07-22T18:35:28+00:00,0,1,9.0,174.0,61.0,5.4638318050256105,10.0,2.0,3.0,4.0,1.0,1.0,0.0,0.0,0.0,0.0,0.0,0.0,1.0,0.0,0.0,0.12121212121212122,0.04660723165311596,49.111111111111114,191.0,0.08900523560209424,0.0,0.0,0.0
pallets/click,debeedc73fbaa1f662d21360bbcde4dfeb65db07,2026-07-22T18:50:46+00:00,0,1,1.0,57.0,16.0,4.30406509320417,5.0,0.0,0.0,1.0,0.0,0.0,0.0,0.0,0.0,0.0,0.0,0.0,1.0,0.0,0.0,0.0,0.0,4.0,192.0,0.08854166666666667,1.0,0.0,0.0
pallets/click,10b43c211b825181cb81ef383e8091fd41750150,2026-07-22T18:55:42+00:00,0,1,1.0,57.0,15.0,4.290459441148391,5.0,0.0,0.0,1.0,0.0,0.0,0.0,0.0,0.0,0.0,0.0,0.0,1.0,0.0,0.0,0.0,0.0,5.0,193.0,0.08808290155440414,1.0,0.0,0.0
pallets/click,5e906a8afb67242dffdd91404dbf31f469054b15,2026-07-22T22:25:20+00:00,0,1,6.0,211.0,18.0,5.438079308923196,12.0,1.0,2.0,3.0,1.0,0.0,0.0,0.0,0.0,0.0,0.0,0.0,0.0,1.0,0.0,0.11940298507462686,0.04563216198323272,54.333333333333336,99.0,0.020202020202020204,1.0,0.0,0.0
pallets/click,398f9154317f6c54bf98fe3359672ad5cb851585,2026-07-22T22:29:13+00:00,0,1,1.0,57.0,15.0,4.290459441148391,5.0,0.0,0.0,1.0,0.0,0.0,0.0,0.0,0.0,0.0,0.0,0.0,0.0,1.0,0.0,0.0,0.0,6.0,100.0,0.02,1.0,0.0,0.0
pallets/click,519dc213440979288dfae7291a44cd0c2bf9a635,2026-07-23T05:50:50+00:00,1,1,1.0,37.0,0.0,3.6375861597263857,8.0,0.0,0.0,1.0,0.0,0.0,0.0,0.0,0.0,0.0,0.0,0.0,1.0,0.0,0.0,0.08064516129032258,0.08064516129032258,62.0,0.0,0.0,1.0,0.0,0.0
pallets/click,9d07dadfb47d9cdefc1e265a9bc8736e07fb9e73,2026-07-23T05:52:13+00:00,1,1,1.0,21.0,0.0,3.091042453358316,4.0,0.0,0.0,1.0,0.0,0.0,0.0,0.0,0.0,0.0,0.0,0.0,1.0,0.0,0.0,0.09523809523809523,0.09523809523809523,63.0,1.0,1.0,1.0,0.0,0.05
pallets/click,6ba2f7e04b647a7c294651c74f0be89ea97d3f13,2026-07-23T07:12:43+00:00,0,1,2.0,19.0,0.0,2.995732273553991,2.0,1.0,1.0,1.0,0.0,0.0,0.0,0.0,0.0,0.0,0.0,0.0,1.0,0.0,1.0,0.1134020618556701,0.08762886597938144,97.0,0.0,0.0,1.0,0.0,0.1
pallets/click,c9ec2e6d06b50aa2621e43759834f6f1dbec9b69,2026-07-23T07:36:07+00:00,0,1,1.0,1.0,1.0,1.0986122886681098,1.0,0.0,0.0,1.0,0.0,0.0,0.0,0.0,0.0,0.0,0.0,0.0,1.0,0.0,1.0,0.061224489795918366,0.061224489795918366,98.0,1.0,0.0,1.0,0.0,0.1
pallets/click,0c9e836c7c22f72492e82c448d1981b59a20795e,2026-07-23T11:39:05+00:00,0,1,6.0,22.0,30.0,3.970291913552122,0.0,0.0,0.0,0.0,0.0,0.0,6.0,1.0,0.0,0.0,0.0,0.0,1.0,0.0,1.0,0.14285714285714285,0.023809523809523808,10.5,194.0,0.08762886597938144,1.0,0.0,0.1
pallets/click,42235de05e38e3b9c9346662a3c6b6a36901b8a1,2026-07-23T11:45:20+00:00,0,1,1.0,1.0,1.0,1.0986122886681098,0.0,0.0,0.0,0.0,0.0,1.0,0.0,0.0,0.0,0.0,0.0,0.0,0.0,1.0,1.0,0.06779661016949153,0.06779661016949153,59.0,9.0,0.0,1.0,0.0,0.1
pallets/click,f59495a05b6ce94b2dcaa050843ae31367b34bcb,2026-07-23T17:41:48+00:00,0,1,2.0,24.0,0.0,3.2188758248682006,3.0,1.0,1.0,1.0,0.0,0.0,0.0,0.0,0.0,0.0,0.0,0.0,1.0,0.0,1.0,0.11224489795918367,0.08642547928262215,98.5,0.0,0.0,1.0,0.0,0.1
pallets/click,5aa8ac43527f91c4c801a50b485c09576715d340,2026-07-23T18:58:23+00:00,0,1,6.0,22.0,30.0,3.970291913552122,0.0,0.0,0.0,0.0,0.0,0.0,6.0,1.0,0.0,0.0,0.0,0.0,0.0,1.0,0.0,0.125,0.020833333333333332,11.5,101.0,0.019801980198019802,1.0,0.0,0.1
pallets/click,4a735fa183dbc44b6d4c89e26b946a432ed7df58,2026-07-23T19:38:54+00:00,0,1,19.0,98.0,86.0,5.220355825078324,15.0,1.0,5.0,8.0,6.0,0.0,0.0,0.0,0.0,0.0,0.0,0.0,1.0,0.0,1.0,0.15625,0.03809272473558081,35.473684210526315,195.0,0.08717948717948718,1.0,0.0,0.1
pallets/click,342a2493bfdaf2345a1f56347a88962a6b355957,2026-07-24T04:07:20+00:00,0,1,1.0,1.0,0.0,0.6931471805599453,1.0,1.0,1.0,0.0,0.0,0.0,0.0,0.0,0.0,0.0,1.0,0.0,1.0,0.0,0.0,0.11764705882352941,0.11764705882352941,68.0,0.0,0.0,1.0,0.0,0.1
pallets/click,e2002ccabeaee6faa67c6662087bcc444fef42b6,2026-07-24T05:55:51+00:00,0,1,3.0,21.0,1.0,3.1354942159291497,2.0,1.0,1.0,1.0,1.0,0.0,0.0,0.0,0.0,0.0,0.0,0.0,1.0,0.0,0.0,0.09411764705882353,0.06989490763782404,124.33333333333333,0.0,0.0,1.0,0.0,0.1
pallets/click,196a131074ac251147ecf0d004640b5c7a6b4432,2026-07-24T13:22:21+00:00,0,1,2.0,18.0,0.0,2.9444389791664403,2.0,1.0,1.0,1.0,0.0,0.0,0.0,0.0,0.0,0.0,0.0,0.0,1.0,0.0,1.0,0.1111111111111111,0.08555555555555555,99.5,0.0,0.0,1.0,0.0,0.1
pallets/click,0f4738df88e3ea47c40a4a442103596a61cfee79,2026-07-24T19:12:00+00:00,0,1,11.0,33.0,21.0,4.007333185232471,5.0,1.0,5.0,0.0,6.0,0.0,0.0,0.0,0.0,0.0,1.0,0.0,1.0,0.0,1.0,0.15151515151515152,0.06423266000587961,59.36363636363637,196.0,0.08673469387755102,1.0,0.0,0.1
pallets/click,00e592cea702e0b2caa0dee42489fdb1c22cd845,2026-07-24T20:26:42+00:00,0,1,11.0,33.0,21.0,4.007333185232471,5.0,1.0,5.0,0.0,6.0,0.0,0.0,0.0,0.0,0.0,1.0,0.0,0.0,1.0,1.0,0.14705882352941177,0.06282595258050411,60.36363636363637,102.0,0.0196078431372549,1.0,0.0,0.1
pallets/click,bba518d91618a257083b851416e0370bc03ba393,2026-07-25T09:16:19+00:00,0,1,2.0,22.0,0.0,3.1354942159291497,2.0,1.0,1.0,1.0,0.0,0.0,0.0,0.0,0.0,0.0,0.0,0.0,1.0,0.0,0.0,0.15555555555555556,0.11266149870801034,44.0,0.0,0.0,1.0,0.0,0.1
pallets/click,accdfedab65fa1832543e3362230818e9f40dd5c,2026-07-25T11:15:13+00:00,0,1,1.0,1.0,1.0,1.0986122886681098,1.0,1.0,1.0,0.0,0.0,0.0,0.0,0.0,0.0,0.0,1.0,0.0,1.0,0.0,0.0,0.06707317073170732,0.06707317073170732,164.0,0.0,0.0,1.0,0.0,0.1
pallets/click,f528327b46a40c143230bdff56f2b8d0579a8667,2026-07-25T22:28:17+00:00,0,1,3.0,34.0,0.0,3.5553480614894135,3.0,1.0,1.0,1.0,1.0,0.0,0.0,0.0,0.0,0.0,0.0,0.0,1.0,0.0,1.0,0.11,0.07185326224930184,110.33333333333333,0.0,0.0,1.0,0.0,0.1
pallets/click,aa220210f7f82381adad9d400448fb0e0d7ca303,2026-07-25T22:29:06+00:00,0,1,3.0,34.0,0.0,3.5553480614894135,3.0,1.0,1.0,1.0,1.0,0.0,0.0,0.0,0.0,0.0,0.0,0.0,1.0,0.0,1.0,0.10891089108910891,0.0711786490728103,111.33333333333333,1.0,0.0,1.0,0.0,0.1
pallets/click,6a973107a99c5c6f27e282c750a475c7a5aa09fd,2026-07-27T03:51:58+00:00,0,1,1.0,3.0,0.0,1.3862943611198906,0.0,0.0,0.0,0.0,1.0,0.0,0.0,0.0,0.0,0.0,0.0,1.0,1.0,0.0,0.0,0.045454545454545456,0.045454545454545456,132.0,0.0,0.0,0.0,0.0,0.1
pallets/click,cee3b03708236045d45bdddcbbcb6181971ca487,2026-07-29T12:54:53+00:00,0,1,1.0,5.0,0.0,1.791759469228055,1.0,1.0,1.0,0.0,0.0,0.0,0.0,0.0,0.0,0.0,1.0,0.0,1.0,0.0,1.0,0.10784313725490197,0.10784313725490197,102.0,0.0,0.0,1.0,0.0,0.1
pallets/click,0e646e9fd5d096567a87b15bf657e9562c6c4ae6,2026-07-30T11:19:14+00:00,0,1,2.0,66.0,4.0,4.2626798770413155,6.0,1.0,1.0,1.0,0.0,0.0,0.0,0.0,0.0,0.0,0.0,0.0,1.0,0.0,0.0,0.0759493670886076,0.05492383608667668,69.0,0.0,0.0,1.0,0.0,0.1
pallets/click,e1c646e7fa453c1ff5a8e288836448b7a06c9b64,2026-07-30T12:06:34+00:00,0,1,2.0,17.0,15.0,3.4965075614664802,4.0,1.0,1.0,1.0,0.0,0.0,0.0,0.0,0.0,0.0,0.0,0.0,1.0,0.0,0.0,0.075,0.05416666666666667,70.0,1.0,0.0,1.0,0.0,0.05
pallets/click,0508a6d3daf9ce147922312a51a9b336f9aa6e66,2026-07-30T18:47:29+00:00,0,1,2.0,16.0,0.0,2.833213344056216,2.0,1.0,1.0,1.0,0.0,0.0,0.0,0.0,0.0,0.0,0.0,0.0,1.0,0.0,0.0,0.11594202898550725,0.0726768968456948,51.5,0.0,0.0,1.0,0.0,0.0
pallets/click,047adef258fc25566163ffc3efd14effc0ef7352,2026-07-31T11:28:57+00:00,0,1,3.0,63.0,4.0,4.219507705176107,2.0,1.0,1.0,1.0,1.0,0.0,0.0,0.0,0.0,0.0,0.0,0.0,1.0,0.0,0.0,0.06666666666666667,0.05480367585630743,105.66666666666667,197.0,0.08629441624365482,1.0,0.0,0.0
pallets/click,91cb48aa2f52471feff600af3b054325470457cf,2026-07-31T13:25:04+00:00,0,1,2.0,2574.0,2557.0,8.543250725735527,116.0,1.0,1.0,1.0,0.0,0.0,0.0,0.0,0.0,0.0,0.0,0.0,1.0,0.0,1.0,0.10679611650485436,0.08252427184466019,103.0,0.0,0.0,1.0,0.0,0.0
pallets/click,d920ccf041289f6a2bd5e4dc3493a54a6a916c4d,2026-07-31T16:15:15+00:00,0,1,1.0,1.0,1.0,1.0986122886681098,1.0,1.0,1.0,0.0,0.0,0.0,0.0,0.0,0.0,0.0,1.0,0.0,1.0,0.0,0.0,0.10576923076923077,0.10576923076923077,104.0,0.0,0.0,1.0,0.0,0.0
pallets/click,1cd3456af38df8b1ea09bbf558db1c64eb48915c,2026-08-01T02:18:19+00:00,0,1,2.0,43.0,0.0,3.784189633918261,3.0,1.0,1.0,1.0,0.0,0.0,0.0,0.0,0.0,0.0,0.0,0.0,1.0,0.0,1.0,0.10476190476190476,0.08122710622710623,104.5,0.0,0.0,1.0,0.0,0.0
pallets/click,b954d83acdd5bc9266615e60c943cc7da30d6456,2026-08-01T09:46:46+00:00,1,1,2.0,154.0,0.0,5.043425116919247,0.0,0.0,0.0,1.0,1.0,0.0,0.0,0.0,0.0,0.0,0.0,0.0,1.0,0.0,1.0,0.06584362139917696,0.06584362139917696,121.5,0.0,0.0,1.0,0.0,0.0
pallets/click,44206affa7696f721a783249fb89ecbdea19bc1b,2026-08-02T12:30:43+00:00,0,1,1.0,19.0,1.0,3.044522437723423,1.0,1.0,1.0,0.0,0.0,0.0,0.0,0.0,0.0,0.0,1.0,0.0,1.0,0.0,1.0,0.07407407407407407,0.07407407407407407,81.0,0.0,0.0,1.0,0.0,0.05
pallets/click,874ceb00bfb72dc80538ad44202f26a9b098b33c,2026-08-02T14:43:12+00:00,0,1,5.0,23.0,5.0,3.367295829986474,3.0,1.0,1.0,2.0,2.0,0.0,0.0,0.0,0.0,0.0,0.0,0.0,1.0,0.0,0.0,0.04477611940298507,0.011194029850746268,30.0,0.0,0.0,1.0,0.0,0.05
pallets/click,3bb8d00bdb5688b15f78d912fc00f7a695601d06,2026-08-02T15:46:30+00:00,0,1,1.0,1.0,4.0,1.791759469228055,2.0,1.0,1.0,0.0,0.0,0.0,0.0,0.0,0.0,0.0,1.0,0.0,1.0,0.0,0.0,0.0967741935483871,0.0967741935483871,31.0,0.0,0.0,1.0,0.0,0.05
pallets/click,e5b33201b4d2278eb619e9a4f1397e0c67a8179c,2026-08-05T06:06:19+00:00,0,1,3.0,43.0,1.0,3.8066624897703196,3.0,1.0,1.0,1.0,1.0,0.0,0.0,0.0,0.0,0.0,0.0,0.0,1.0,0.0,0.0,0.15217391304347827,0.08826672522324697,75.0,0.0,0.0,1.0,0.0,0.05
pallets/click,275383c41e535bd94cefbecf53f9d67bd556a0de,2026-08-05T16:24:32+00:00,0,1,1.0,4.0,0.0,1.6094379124341003,1.0,1.0,1.0,0.0,0.0,0.0,0.0,0.0,0.0,0.0,1.0,0.0,1.0,0.0,1.0,0.10377358490566038,0.10377358490566038,106.0,0.0,0.0,1.0,0.0,0.05
pallets/click,7862b423bcd02367bc35b96abeb55969a34b1c8a,2026-08-07T18:52:07+00:00,0,1,2.0,54.0,0.0,4.007333185232471,5.0,1.0,1.0,1.0,0.0,0.0,0.0,0.0,0.0,0.0,0.0,0.0,1.0,0.0,1.0,0.06626506024096386,0.06626506024096386,83.0,0.0,0.0,1.0,0.0,0.05
pallets/click,63d1aea4857f4f4a3badf0a72205440235de0404,2026-08-08T11:53:13+00:00,0,1,2.0,43.0,0.0,3.784189633918261,5.0,1.0,1.0,1.0,0.0,0.0,0.0,0.0,0.0,0.0,0.0,0.0,1.0,0.0,0.0,0.1,0.1,15.0,0.0,0.0,1.0,0.0,0.05
pallets/click,f55c5d219a08d92d451b86232841e980eb23b992,2026-08-08T12:27:44+00:00,0,1,1.0,2.0,0.0,1.0986122886681098,0.0,0.0,0.0,0.0,1.0,0.0,0.0,0.0,0.0,0.0,0.0,1.0,1.0,0.0,0.0,0.04411764705882353,0.04411764705882353,136.0,0.0,0.0,0.0,0.0,0.05
pallets/click,e9a31ecd2a4e0940d71e9e23f8f778ad357879ca,2026-08-08T12:56:34+00:00,0,1,2.0,4.0,2.0,1.9459101490553132,1.0,1.0,1.0,0.0,1.0,0.0,0.0,0.0,0.0,0.0,1.0,0.0,1.0,0.0,0.0,0.102803738317757,0.07329967937785661,122.0,1.0,0.0,1.0,0.0,0.05
pallets/click,12b71c00fa09a4afce404975a1c9fcd404c5a46e,2026-08-08T13:01:18+00:00,0,1,1.0,1.0,2.0,1.3862943611198906,0.0,0.0,0.0,0.0,1.0,0.0,0.0,0.0,0.0,0.0,0.0,1.0,1.0,0.0,0.0,0.043478260869565216,0.043478260869565216,138.0,2.0,0.0,1.0,0.0,0.05
pallets/click,9c4dfdaebe0e6b2aabc566eb81f6f10eb5cd6ea1,2026-08-09T17:52:00+00:00,0,1,3.0,63.0,4.0,4.219507705176107,2.0,1.0,1.0,1.0,1.0,0.0,0.0,0.0,0.0,0.0,0.0,0.0,0.0,1.0,0.0,0.0658682634730539,0.053011243699651066,108.66666666666667,103.0,0.019417475728155338,1.0,0.0,0.05
pallets/click,b3516cb680cc11090e8f9c036b69052f3f34da4e,2026-08-11T06:49:33+00:00,0,1,3.0,93.0,1.0,4.553876891600541,5.0,1.0,1.0,1.0,1.0,0.0,0.0,0.0,0.0,0.0,0.0,0.0,1.0,0.0,0.0,0.14893617021276595,0.08615332657885849,77.33333333333333,0.0,0.0,1.0,0.0,0.05
pallets/click,2dfbfb5d29dc5bb040303d4e26fb928e5dbff89e,2026-08-12T13:32:14+00:00,0,1,2.0,13.0,0.0,2.6390573296152584,2.0,1.0,1.0,1.0,0.0,0.0,0.0,0.0,0.0,0.0,0.0,0.0,1.0,0.0,1.0,0.10185185185185185,0.0794973544973545,106.5,1.0,0.0,1.0,0.0,0.05
pallets/click,de4a0cf4debb0a07b7e65835ccb89abd66f44dae,2026-08-12T13:43:07+00:00,0,1,1.0,1.0,0.0,0.6931471805599453,1.0,1.0,1.0,0.0,0.0,0.0,0.0,0.0,0.0,0.0,1.0,0.0,1.0,0.0,1.0,0.14583333333333334,0.14583333333333334,48.0,0.0,0.0,1.0,0.0,0.05
pallets/click,02e09dca29244292c9cfae3a0b95309a0a85a3d6,2026-08-13T05:25:10+00:00,0,1,3.0,82.0,1.0,4.430816798843313,5.0,1.0,1.0,1.0,1.0,0.0,0.0,0.0,0.0,0.0,0.0,0.0,1.0,0.0,0.0,0.14285714285714285,0.0835425752169508,78.66666666666667,0.0,0.0,1.0,0.0,0.05
pallets/click,a2ac5839f29f61cf7f3f229c67b97d07988e479b,2026-08-13T09:20:28+00:00,0,1,3.0,77.0,1.0,4.3694478524670215,6.0,1.0,1.0,1.0,1.0,0.0,0.0,0.0,0.0,0.0,0.0,0.0,1.0,0.0,0.0,0.10091743119266056,0.06659157530144226,119.0,198.0,0.08585858585858586,1.0,0.0,0.05
pallets/click,77cb0b0e4847c238d9ece019e6243ac391d87f39,2026-08-13T09:44:00+00:00,1,1,3.0,74.0,0.0,4.31748811353631,4.0,1.0,1.0,1.0,1.0,0.0,0.0,0.0,0.0,0.0,0.0,0.0,1.0,0.0,0.0,0.1,0.06601093610439406,120.0,199.0,0.08542713567839195,1.0,0.0,0.05
pallets/click,cc0c676dd07e04afb71307a405fd5397e468334b,2026-08-13T09:45:56+00:00,1,1,3.0,74.0,0.0,4.31748811353631,4.0,1.0,1.0,1.0,1.0,0.0,0.0,0.0,0.0,0.0,0.0,0.0,1.0,0.0,0.0,0.10810810810810811,0.07384467801134469,121.0,200.0,0.09,1.0,0.0,0.1
pallets/click,5fc80840ec4de3e363bdca6873fb16b0b0c9f5eb,2026-08-14T01:03:36+00:00,0,1,2.0,26.0,0.0,3.295836866004329,2.0,1.0,1.0,1.0,0.0,0.0,0.0,0.0,0.0,0.0,0.0,0.0,1.0,0.0,1.0,0.09375,0.06326844262295082,46.5,0.0,0.0,1.0,0.0,0.15
pallets/click,8b44edfff7d9a6c895fa804148c16b3a0bc9efb5,2026-08-14T18:51:58+00:00,0,1,3.0,77.0,1.0,4.3694478524670215,6.0,1.0,1.0,1.0,1.0,0.0,0.0,0.0,0.0,0.0,0.0,0.0,0.0,1.0,0.0,0.11607142857142858,0.08154611259245868,122.0,104.0,0.019230769230769232,1.0,0.0,0.15
pallets/click,1c6c0a9b8f8cd9b09fe7f9af124b8a5118e5e8eb,2026-08-15T04:45:49+00:00,1,1,3.0,61.0,0.0,4.127134385045092,3.0,1.0,1.0,1.0,1.0,0.0,0.0,0.0,0.0,0.0,0.0,0.0,1.0,0.0,0.0,0.11504424778761062,0.08085534702094285,123.0,201.0,0.0945273631840796,1.0,0.0,0.1
pallets/click,7471aced828dc2c180ffc19c567a5425aedd8963,2026-08-15T06:20:04+00:00,0,1,5.0,113.0,80.0,5.267858159063328,24.0,1.0,2.0,2.0,1.0,0.0,0.0,0.0,0.0,0.0,0.0,0.0,1.0,0.0,0.0,0.14285714285714285,0.08159394625560039,82.0,202.0,0.09900990099009901,1.0,0.0,0.15
pallets/click,576a79d6c04464e765bfc1825af67c5ba13cd90b,2026-08-15T06:42:50+00:00,0,1,3.0,69.0,3.0,4.290459441148391,4.0,1.0,1.0,1.0,1.0,0.0,0.0,0.0,0.0,0.0,0.0,0.0,1.0,0.0,0.0,0.12173913043478261,0.08763569470091209,125.0,203.0,0.09852216748768473,1.0,0.0,0.15
pallets/click,3ee9309b9c1804528842392c461526760bff0035,2026-08-15T06:56:09+00:00,0,1,2.0,30.0,3.0,3.5263605246161616,0.0,0.0,0.0,0.0,1.0,0.0,1.0,1.0,0.0,0.0,0.0,0.0,1.0,0.0,0.0,0.17647058823529413,0.1437908496732026,13.0,204.0,0.09803921568627451,1.0,0.0,0.15
pallets/click,bfbfacde9547cdd6139dcf494fd5bcc43f8fc6d4,2026-08-15T07:12:18+00:00,0,1,3.0,43.0,0.0,3.784189633918261,2.0,1.0,1.0,1.0,1.0,0.0,0.0,0.0,0.0,0.0,0.0,0.0,1.0,0.0,0.0,0.1206896551724138,0.08691278581176241,126.0,205.0,0.0975609756097561,1.0,0.0,0.15
pallets/click,f316d5cb3aa89b57c14aee54da6ac9062ac5bec4,2026-08-15T07:14:33+00:00,0,1,3.0,43.0,0.0,3.784189633918261,2.0,1.0,1.0,1.0,1.0,0.0,0.0,0.0,0.0,0.0,0.0,0.0,1.0,0.0,0.0,0.11965811965811966,0.08620182935972409,127.0,206.0,0.0970873786407767,1.0,0.0,0.15
pallets/click,150d1071d69c5cdad7de78590013ffe56cf9e3bb,2026-08-15T17:57:00+00:00,0,1,3.0,43.0,0.0,3.784189633918261,2.0,1.0,1.0,1.0,1.0,0.0,0.0,0.0,0.0,0.0,0.0,0.0,0.0,1.0,0.0,0.11864406779661017,0.08550252878948335,128.0,105.0,0.01904761904761905,1.0,0.0,0.15
pallets/click,2b6dd5f1d8aa99127df8083d65cd4fb82c8a5caf,2026-08-15T19:21:48+00:00,0,1,5.0,113.0,80.0,5.267858159063328,24.0,1.0,2.0,2.0,1.0,0.0,0.0,0.0,0.0,0.0,0.0,0.0,1.0,0.0,0.0,0.1388888888888889,0.0786665361849519,85.4,207.0,0.0966183574879227,1.0,0.0,0.15
pallets/click,1f9cd54f686eb343cec714230ad825ce972739ab,2026-08-15T19:24:25+00:00,0,1,3.0,69.0,3.0,4.290459441148391,4.0,1.0,1.0,1.0,1.0,0.0,0.0,0.0,0.0,0.0,0.0,0.0,1.0,0.0,0.0,0.11666666666666667,0.08413775766716942,130.0,208.0,0.09615384615384616,1.0,0.0,0.15
pallets/click,5049c804dfcb7920b2281bb307724bbe6b788219,2026-08-16T12:11:47+00:00,0,1,3.0,53.0,1.0,4.007333185232471,3.0,1.0,1.0,1.0,1.0,0.0,0.0,0.0,0.0,0.0,0.0,0.0,1.0,0.0,0.0,0.14,0.087423781891867,83.66666666666667,0.0,0.0,1.0,0.0,0.15
pallets/click,50bace0908c14994010375ec92f042dba67293f9,2026-08-16T20:28:09+00:00,0,1,3.0,37.0,1.0,3.6635616461296463,3.0,1.0,1.0,1.0,1.0,0.0,0.0,0.0,0.0,0.0,0.0,0.0,1.0,0.0,0.0,0.13725490196078433,0.08593980602993885,84.66666666666667,0.0,0.0,1.0,0.0,0.15
pallets/click,20fff386596bc1a3d92e3b5c47c81e3f17083da6,2026-08-16T23:00:02+00:00,0,1,1.0,2.0,0.0,1.0986122886681098,1.0,1.0,1.0,0.0,0.0,0.0,0.0,0.0,0.0,0.0,1.0,0.0,1.0,0.0,1.0,0.16666666666666666,0.16666666666666666,6.0,0.0,0.0,1.0,0.0,0.15
pallets/click,fc5c7f45da0a4443f60ba2d322fe4bf829977739,2026-08-16T23:40:06+00:00,0,1,3.0,69.0,3.0,4.290459441148391,4.0,1.0,1.0,1.0,1.0,0.0,0.0,0.0,0.0,0.0,0.0,0.0,0.0,1.0,1.0,0.11570247933884298,0.08322199115727623,131.66666666666666,106.0,0.018867924528301886,1.0,0.0,0.15
pallets/click,cbd7a4109da16ce58f54c2a618b4c986e3041fcf,2026-08-16T23:43:44+00:00,0,1,2.0,30.0,3.0,3.5263605246161616,0.0,0.0,0.0,0.0,1.0,0.0,1.0,1.0,0.0,0.0,0.0,0.0,0.0,1.0,0.0,0.16666666666666666,0.13333333333333333,14.0,107.0,0.018691588785046728,1.0,0.0,0.15
pallets/click,bc32a92cd2ae77afb2352f79ebdf00997f35d333,2026-08-17T06:31:31+00:00,0,1,5.0,113.0,80.0,5.267858159063328,24.0,1.0,2.0,2.0,1.0,0.0,0.0,0.0,0.0,0.0,0.0,0.0,1.0,0.0,0.0,0.13513513513513514,0.07656886527219249,88.0,209.0,0.09569377990430622,1.0,0.0,0.15
pallets/click,56f6946c6445a04c07d3decb492a6b6e1f7edd06,2026-08-17T09:17:57+00:00,0,1,4.0,49.0,7.0,4.04305126783455,4.0,1.0,2.0,1.0,1.0,0.0,0.0,0.0,0.0,0.0,0.0,0.0,1.0,0.0,0.0,0.11382113821138211,0.07967495754862612,124.25,0.0,0.0,1.0,0.0,0.15
pallets/click,88a462131ff81910d797d2799d2641592fb0545f,2026-08-17T09:57:23+00:00,0,1,1.0,8.0,2.0,2.3978952727983707,1.0,1.0,1.0,0.0,0.0,0.0,0.0,0.0,0.0,0.0,1.0,0.0,1.0,0.0,0.0,0.07216494845360824,0.07216494845360824,97.0,1.0,0.0,1.0,0.0,0.15
pallets/click,f36d58bbd7f188178de2d4fe1d0292c510375ca7,2026-08-18T05:38:48+00:00,0,1,5.0,113.0,80.0,5.267858159063328,24.0,1.0,2.0,2.0,1.0,0.0,0.0,0.0,0.0,0.0,0.0,0.0,0.0,1.0,0.0,0.13157894736842105,0.07509322240980691,89.6,108.0,0.018518518518518517,1.0,0.0,0.1
pallets/click,9835b0f7612d1b1ea180a975fd6d24cf16791ba8,2026-08-18T07:20:02+00:00,0,1,1.0,64.0,87.0,5.0238805208462765,6.0,1.0,1.0,0.0,0.0,0.0,0.0,0.0,0.0,0.0,1.0,0.0,1.0,0.0,0.0,0.112,0.112,125.0,210.0,0.09523809523809523,1.0,0.0,0.05
pallets/click,86909b3ad601034fb3a6eb79245a4c6f2a2edfd1,2026-08-18T08:12:40+00:00,1,1,2.0,82.0,5.0,4.477336814478207,6.0,1.0,1.0,1.0,0.0,0.0,0.0,0.0,0.0,0.0,0.0,0.0,1.0,0.0,0.0,0.1111111111111111,0.0924408014571949,124.0,211.0,0.0947867298578199,1.0,0.0,0.05
pallets/click,f262de6874cb0c83551f7cc2ffee261f0b0e0b0b,2026-08-18T08:20:55+00:00,0,1,1.0,2.0,0.0,1.0986122886681098,2.0,0.0,0.0,1.0,0.0,0.0,0.0,0.0,0.0,0.0,0.0,0.0,1.0,0.0,1.0,0.08130081300813008,0.08130081300813008,123.0,212.0,0.09905660377358491,1.0,1.0,0.1
pallets/click,67e40511602e9bb2b8bb4d1747f3a962ab8970b4,2026-08-18T09:02:23+00:00,0,1,3.0,222.0,9.0,5.44673737166631,11.0,1.0,1.0,1.0,1.0,0.0,0.0,0.0,0.0,0.0,0.0,0.0,1.0,0.0,0.0,0.11811023622047244,0.08500179917026501,137.0,213.0,0.09859154929577464,1.0,0.0,0.05
pallets/click,2c457b503de9374f939f0478ea4d217adf7b9fc9,2026-08-18T09:06:58+00:00,0,1,3.0,222.0,9.0,5.44673737166631,11.0,1.0,1.0,1.0,1.0,0.0,0.0,0.0,0.0,0.0,0.0,0.0,1.0,0.0,0.0,0.1171875,0.08436270703933747,138.0,214.0,0.09813084112149532,1.0,0.0,0.05
pallets/click,61b69e967e525bd502f5bf42def4d551e761fe0e,2026-08-18T16:24:16+00:00,0,1,1.0,64.0,87.0,5.0238805208462765,6.0,1.0,1.0,0.0,0.0,0.0,0.0,0.0,0.0,0.0,1.0,0.0,0.0,1.0,0.0,0.11627906976744186,0.11627906976744186,129.0,109.0,0.01834862385321101,1.0,0.0,0.05
pallets/click,3f4cbf3f8035ea2c11bc0c4548af944c93efa6fb,2026-08-19T04:26:36+00:00,0,1,3.0,227.0,12.0,5.480638923341991,12.0,1.0,1.0,1.0,1.0,0.0,0.0,0.0,0.0,0.0,0.0,0.0,1.0,0.0,0.0,0.11538461538461539,0.08343508343508343,139.33333333333334,215.0,0.09767441860465116,1.0,0.0,0.05
pallets/click,a6256bfb5971d5e58585fe7b6c656134e1ade5a4,2026-08-19T04:31:11+00:00,0,1,3.0,227.0,12.0,5.480638923341991,12.0,1.0,1.0,1.0,1.0,0.0,0.0,0.0,0.0,0.0,0.0,0.0,1.0,0.0,0.0,0.11450381679389313,0.08281956606686282,140.33333333333334,216.0,0.09722222222222222,1.0,0.0,0.05
pallets/click,34164dc231896d7493fa51a34d37ed3f047ac319,2026-08-19T04:52:42+00:00,0,1,1.0,8.0,0.0,2.1972245773362196,1.0,0.0,0.0,1.0,0.0,0.0,0.0,0.0,0.0,0.0,0.0,0.0,1.0,0.0,0.0,0.0,0.0,6.0,0.0,0.0,1.0,0.0,0.05
pallets/click,e03ce61e1d0fdbaf4019e61d18612847be87a593,2026-08-19T05:47:30+00:00,0,1,2.0,32.0,0.0,3.4965075614664802,1.0,1.0,1.0,0.0,1.0,0.0,0.0,0.0,0.0,0.0,1.0,0.0,1.0,0.0,0.0,0.07142857142857142,0.03571428571428571,49.5,217.0,0.0967741935483871,1.0,0.0,0.05
pallets/click,d574c375c16dc0cfb8ba9f2218a9a11a07801208,2026-08-19T06:10:28+00:00,0,1,5.0,47.0,11.0,4.07753744390572,5.0,1.0,2.0,2.0,1.0,0.0,0.0,0.0,0.0,0.0,0.0,0.0,1.0,0.0,0.0,0.11363636363636363,0.07933662078098054,104.6,218.0,0.0963302752293578,1.0,0.0,0.05
pallets/click,d0ef8d5c9c92c26aceeb772d67e5fc33e3b218b1,2026-08-19T06:11:42+00:00,0,1,5.0,47.0,11.0,4.07753744390572,5.0,1.0,2.0,2.0,1.0,0.0,0.0,0.0,0.0,0.0,0.0,0.0,1.0,0.0,0.0,0.11278195488721804,0.06296935785552676,105.6,219.0,0.0958904109589041,1.0,0.0,0.05
pallets/click,a92dddb95d1fe01b8e2ace6e215aef690d369188,2026-08-19T09:18:26+00:00,0,1,3.0,76.0,1.0,4.356708826689592,5.0,1.0,1.0,1.0,1.0,0.0,0.0,0.0,0.0,0.0,0.0,0.0,1.0,0.0,0.0,0.1346153846153846,0.08335224729372749,89.0,0.0,0.0,1.0,0.0,0.05
pallets/click,2103e157683c5e4cadc8ee1838df526a54bde9a4,2026-08-19T15:20:30+00:00,0,1,3.0,227.0,12.0,5.480638923341991,12.0,1.0,1.0,1.0,1.0,0.0,0.0,0.0,0.0,0.0,0.0,0.0,0.0,1.0,0.0,0.11194029850746269,0.08091853033313397,143.66666666666666,110.0,0.01818181818181818,1.0,0.0,0.05
pallets/click,a1d87858abd77fa8e3ffc204670ccd75b96c4781,2026-08-19T15:39:24+00:00,0,1,5.0,47.0,11.0,4.07753744390572,5.0,1.0,2.0,2.0,1.0,0.0,0.0,0.0,0.0,0.0,0.0,0.0,1.0,0.0,0.0,0.1111111111111111,0.06206506964764088,107.4,220.0,0.09545454545454546,1.0,0.0,0.05
pallets/click,e1fd5946ab26aaf372009eaff1acf947140b40fb,2026-08-20T02:50:22+00:00,0,1,5.0,47.0,11.0,4.07753744390572,5.0,1.0,2.0,2.0,1.0,0.0,0.0,0.0,0.0,0.0,0.0,0.0,0.0,1.0,0.0,0.11029411764705882,0.061586716450969844,108.4,111.0,0.018018018018018018,1.0,0.0,0.05
pallets/click,bbc6ec2653235fa900ada1a32e6c93ef22dcf5fa,2026-08-20T16:27:03+00:00,0,1,2.0,65.0,1.0,4.204692619390966,4.0,1.0,1.0,1.0,0.0,0.0,0.0,0.0,0.0,0.0,0.0,0.0,1.0,0.0,0.0,0.1320754716981132,0.0960377358490566,51.5,0.0,0.0,0.0,0.0,0.05
pallets/click,5aff05aa82c0356b701a2e71827817f4e5f81a86,2026-08-21T10:22:06+00:00,1,1,3.0,28.0,2.0,3.4339872044851463,2.0,1.0,1.0,1.0,1.0,0.0,0.0,0.0,0.0,0.0,0.0,0.0,1.0,0.0,1.0,0.09836065573770492,0.05043394406943105,80.0,0.0,0.0,0.0,0.0,0.05
pallets/click,75f80e5843fbe217ee709a5e8b411930b9f63062,2026-08-21T10:25:02+00:00,0,1,1.0,9.0,1.0,2.3978952727983707,1.0,1.0,1.0,0.0,0.0,0.0,0.0,0.0,0.0,0.0,1.0,0.0,1.0,0.0,1.0,0.11290322580645161,0.11290322580645161,62.0,1.0,1.0,1.0,1.0,0.1
pallets/click,db06e3a62bb50c2c3e3b73b740e2f9de244e45a9,2026-08-21T10:41:59+00:00,0,1,2.0,2.0,2.0,1.6094379124341003,1.0,1.0,1.0,0.0,1.0,0.0,0.0,0.0,0.0,0.0,1.0,0.0,1.0,0.0,1.0,0.0,0.0,8.0,0.0,0.0,0.0,0.0,0.1
pallets/click,8b19813f2bfca99f1018a587a8cf54fc959f2e5d,2026-08-22T04:32:42+00:00,0,1,3.0,3.0,3.0,1.9459101490553132,0.0,1.0,1.0,0.0,1.0,1.0,0.0,0.0,0.0,0.0,1.0,0.0,1.0,0.0,0.0,0.06666666666666667,0.04912280701754385,92.0,17.0,0.0,0.0,0.0,0.1
pallets/click,eef038b768f6fcc8bcbd66b215a5e300f60c9ab8,2026-08-23T22:10:44+00:00,0,1,2.0,34.0,3.0,3.6375861597263857,2.0,1.0,1.0,1.0,0.0,0.0,0.0,0.0,0.0,0.0,0.0,0.0,1.0,0.0,1.0,0.06547619047619048,0.048867127496159755,115.0,0.0,0.0,1.0,0.0,0.1
pallets/click,2cc8ddfe8fbfd9c8670d95f9fd2bc1aab41c3650,2026-08-24T01:42:47+00:00,0,1,3.0,56.0,0.0,4.04305126783455,3.0,1.0,1.0,1.0,1.0,0.0,0.0,0.0,0.0,0.0,0.0,0.0,1.0,0.0,0.0,0.0650887573964497,0.056949113299739416,120.66666666666667,0.0,0.0,0.0,0.0,0.05
pallets/click,5c001a7046b83882ffbde46a04deb42f9c5fd420,2026-08-24T09:31:10+00:00,0,1,1.0,1.0,1.0,1.0986122886681098,0.0,0.0,0.0,0.0,1.0,0.0,0.0,0.0,0.0,0.0,0.0,1.0,1.0,0.0,0.0,0.057803468208092484,0.057803468208092484,173.0,0.0,0.0,0.0,0.0,0.05
pallets/click,68e7ea7228ca144c52e4d1d282cc09da59f7771f,2026-08-25T01:48:51+00:00,0,2,3.0,3.0,3.0,1.9459101490553132,0.0,1.0,1.0,0.0,1.0,1.0,0.0,0.0,0.0,0.0,1.0,0.0,1.0,1.0,0.0,0.06557377049180328,0.04826138843146732,93.66666666666667,112.0,0.017857142857142856,0.0,0.0,0.05
pallets/click,e4f73008b6edb73a5d53fc688ee92cbd2f3d5a05,2026-08-25T12:52:06+00:00,0,1,3.0,77.0,1.0,4.3694478524670215,4.0,1.0,1.0,1.0,1.0,0.0,0.0,0.0,0.0,0.0,0.0,0.0,1.0,0.0,1.0,0.12962962962962962,0.08197480780307015,93.0,0.0,0.0,0.0,0.0,0.05
pallets/click,e99efa5eb5280f9373bccc57a23ddfe40fc70133,2026-08-27T00:28:46+00:00,0,1,3.0,72.0,10.0,4.418840607796598,3.0,1.0,1.0,1.0,1.0,0.0,0.0,0.0,0.0,0.0,0.0,0.0,1.0,0.0,1.0,0.07317073170731707,0.054019873532068656,106.66666666666667,0.0,0.0,0.0,0.0,0.05
pallets/click,b608f6df7af3145f8bb1d05516651f8b8456ba01,2026-08-27T00:57:32+00:00,0,1,3.0,37.0,1.0,3.6635616461296463,3.0,1.0,1.0,1.0,1.0,0.0,0.0,0.0,0.0,0.0,0.0,0.0,1.0,0.0,1.0,0.12727272727272726,0.0805944055944056,94.33333333333333,1.0,0.0,0.0,0.0,0.05
pallets/click,cd7a2b902b22dc7b6b8c574a8bb0c9215ff71167,2026-08-27T01:39:10+00:00,0,1,3.0,55.0,1.0,4.04305126783455,3.0,1.0,1.0,1.0,1.0,0.0,0.0,0.0,0.0,0.0,0.0,0.0,1.0,0.0,0.0,0.125,0.0793669829087162,95.33333333333333,0.0,0.0,0.0,0.0,0.05
pallets/click,38c8961bfdcb07ad47bbd49d9eb564819b9bea78,2026-08-27T02:00:48+00:00,0,1,3.0,83.0,1.0,4.442651256490317,5.0,1.0,1.0,1.0,1.0,0.0,0.0,0.0,0.0,0.0,0.0,0.0,1.0,0.0,0.0,0.12280701754385964,0.07818078279343803,96.33333333333333,0.0,0.0,0.0,0.0,0.05
pallets/click,c50301aba8ebc0e0ed2b73af837f3ba9393a3b60,2026-08-27T02:07:39+00:00,0,1,3.0,66.0,1.0,4.219507705176107,4.0,1.0,1.0,1.0,1.0,0.0,0.0,0.0,0.0,0.0,0.0,0.0,1.0,0.0,0.0,0.06470588235294118,0.050607268046883556,137.66666666666666,1.0,0.0,0.0,0.0,0.05
pallets/click,420c8fb44eeadb537cae69d2fee3796e808558dd,2026-08-27T04:07:07+00:00,0,1,39.0,1371.0,429.0,7.496097345175956,94.0,2.0,9.0,13.0,10.0,1.0,6.0,1.0,0.0,0.0,0.0,0.0,0.0,1.0,0.0,0.15789473684210525,0.04193277582650106,42.794871794871796,113.0,0.017699115044247787,1.0,0.0,0.05
pallets/click,dda8db496c69db15d5146d68360f140c2515d6d0,2026-08-27T04:17:40+00:00,0,1,3.0,6.0,2.0,2.1972245773362196,0.0,1.0,1.0,0.0,1.0,1.0,0.0,0.0,0.0,0.0,1.0,0.0,1.0,0.0,0.0,0.06349206349206349,0.04642348392348392,97.66666666666667,114.0,0.017543859649122806,1.0,0.0,0.05
pallets/click,36baa15ff831b939a22bc527cd76ce653ef6f66d,2026-08-27T04:19:37+00:00,0,1,3.0,6.0,2.0,2.1972245773362196,0.0,1.0,1.0,0.0,1.0,1.0,0.0,0.0,0.0,0.0,1.0,0.0,0.0,1.0,0.0,0.0625,0.04585099066949184,98.66666666666667,115.0,0.017391304347826087,1.0,0.0,0.05
pallets/click,a06df1f4fce4b18b2823e7a035ff9695203c7e32,2026-08-27T14:31:58+00:00,0,1,2.0,32.0,0.0,3.4965075614664802,1.0,1.0,1.0,0.0,1.0,0.0,0.0,0.0,0.0,0.0,1.0,0.0,1.0,0.0,0.0,0.0673076923076923,0.03365384615384615,53.5,221.0,0.09502262443438914,1.0,0.0,0.05
pallets/click,9e882dbc9fda12387d7c55319209e8262fe5d3f0,2026-08-28T17:48:10+00:00,0,1,3.0,59.0,1.0,4.110873864173311,5.0,1.0,1.0,1.0,1.0,0.0,0.0,0.0,0.0,0.0,0.0,0.0,1.0,0.0,1.0,0.125,0.05978260869565217,78.66666666666667,116.0,0.017241379310344827,1.0,0.0,0.05
pallets/click,694e2a6acfa5d8d4cdf0614e4ef89be72bfbc343,2026-08-28T19:01:13+00:00,0,1,2.0,29.0,1.0,3.4339872044851463,3.0,1.0,1.0,1.0,0.0,0.0,0.0,0.0,0.0,0.0,0.0,0.0,1.0,0.0,1.0,0.1206896551724138,0.08761755485893417,56.5,0.0,0.0,1.0,0.0,0.05
pallets/click,b78745c6c4ea2cff7a24ba9c265652fca260672e,2026-08-28T19:05:43+00:00,0,1,1.0,3.0,3.0,1.9459101490553132,1.0,0.0,0.0,1.0,0.0,0.0,0.0,0.0,0.0,0.0,0.0,0.0,1.0,0.0,0.0,0.05357142857142857,0.05357142857142857,56.0,1.0,0.0,1.0,0.0,0.05
pallets/click,83d425ade9c44e89755017640c2e0189b33ba1d8,2026-08-28T21:43:51+00:00,0,1,3.0,60.0,0.0,4.110873864173311,5.0,1.0,1.0,1.0,1.0,0.0,0.0,0.0,0.0,0.0,0.0,0.0,1.0,0.0,1.0,0.05405405405405406,0.018018018018018018,63.666666666666664,222.0,0.0945945945945946,1.0,0.0,0.0
pallets/click,ce57b87ac490ac8744491658d092bd86f571bf58,2026-08-28T21:50:10+00:00,0,1,2.0,32.0,0.0,3.4965075614664802,1.0,1.0,1.0,0.0,1.0,0.0,0.0,0.0,0.0,0.0,1.0,0.0,1.0,0.0,0.0,0.06666666666666667,0.03333333333333333,54.5,223.0,0.09417040358744394,1.0,0.0,0.0
pallets/click,0a18c0c729c6ee7f8a696dbbe52ca6305d54c9ca,2026-08-29T03:46:03+00:00,0,1,3.0,36.0,1.0,3.6375861597263857,3.0,1.0,1.0,1.0,1.0,0.0,0.0,0.0,0.0,0.0,0.0,0.0,1.0,0.0,1.0,0.12195121951219512,0.08344717534801732,120.33333333333333,0.0,0.0,1.0,0.0,0.0
pallets/click,3cbcf9b11546f4cf10b36d3e2e531733ba6fe001,2026-08-29T04:45:59+00:00,0,1,2.0,32.0,0.0,3.4965075614664802,1.0,1.0,1.0,0.0,1.0,0.0,0.0,0.0,0.0,0.0,1.0,0.0,0.0,1.0,0.0,0.0660377358490566,0.0330188679245283,55.5,117.0,0.017094017094017096,1.0,0.0,0.0
pallets/click,01122aa7d3a8d41ae72dc241686ee39672e2a2f5,2026-08-29T05:30:46+00:00,0,1,1.0,2.0,1.0,1.3862943611198906,1.0,1.0,1.0,0.0,0.0,0.0,0.0,0.0,0.0,0.0,1.0,0.0,1.0,0.0,0.0,0.06542056074766354,0.06542056074766354,107.0,0.0,0.0,0.0,0.0,0.0
pallets/click,f58ca3e81424a35626c8a475eb59ab95589008ce,2026-08-29T06:54:06+00:00,0,1,3.0,60.0,0.0,4.110873864173311,5.0,1.0,1.0,1.0,1.0,0.0,0.0,0.0,0.0,0.0,0.0,0.0,1.0,0.0,1.0,0.053475935828877004,0.017825311942959002,65.0,224.0,0.09375,1.0,0.0,0.0
pallets/click,8dfff87cb5c91deffb3eeb41f6aa75877c6a693e,2026-08-29T10:30:33+00:00,0,1,3.0,146.0,7.0,5.0369526024136295,10.0,0.0,0.0,3.0,0.0,0.0,0.0,0.0,0.0,0.0,0.0,0.0,1.0,0.0,0.0,0.09302325581395349,0.040267011197243754,49.0,225.0,0.09333333333333334,1.0,0.0,0.0
pallets/click,b7ab896e48438ca2f79a8c3f2cbb356b4de34a5a,2026-08-29T12:04:54+00:00,0,1,2.0,12.0,0.0,2.5649493574615367,3.0,1.0,1.0,1.0,0.0,0.0,0.0,0.0,0.0,0.0,0.0,0.0,1.0,0.0,0.0,0.14285714285714285,0.10340531561461794,93.0,0.0,0.0,1.0,0.0,0.0
pallets/click,4295457ddc7b5ca9a733d59ca40d9651b02b9b1d,2026-08-29T15:12:39+00:00,0,1,3.0,60.0,0.0,4.110873864173311,5.0,1.0,1.0,1.0,1.0,0.0,0.0,0.0,0.0,0.0,0.0,0.0,0.0,1.0,1.0,0.05319148936170213,0.01773049645390071,66.0,118.0,0.01694915254237288,1.0,0.0,0.0
pallets/click,30e02aa1308b917d1ec5e0c4495894c5ddbfe2e6,2026-08-29T15:59:56+00:00,0,1,3.0,55.0,1.0,4.04305126783455,3.0,1.0,1.0,1.0,1.0,0.0,0.0,0.0,0.0,0.0,0.0,0.0,1.0,0.0,0.0,0.11864406779661017,0.07472856655134384,101.66666666666667,0.0,0.0,1.0,0.0,0.0
pallets/click,f1eb357b65906393cccb8a88da8a899295a15519,2026-08-29T20:21:40+00:00,0,1,3.0,45.0,0.0,3.828641396489095,3.0,1.0,1.0,1.0,1.0,0.0,0.0,0.0,0.0,0.0,0.0,0.0,1.0,0.0,0.0,0.11666666666666667,0.07367412784835652,102.66666666666667,0.0,0.0,1.0,0.0,0.0
pallets/click,829c9614fdd92e42ff132b82035b1fa6bdd0be2a,2026-08-30T16:03:26+00:00,0,1,3.0,44.0,2.0,3.8501476017100584,4.0,1.0,1.0,1.0,1.0,0.0,0.0,0.0,0.0,0.0,0.0,0.0,1.0,0.0,0.0,0.06358381502890173,0.0386466119904367,124.0,0.0,0.0,1.0,0.0,0.0
pallets/click,17c58f104aa08462400d7667e1fb58e02d2de5c7,2026-08-30T16:18:09+00:00,0,1,3.0,42.0,1.0,3.784189633918261,3.0,1.0,1.0,1.0,1.0,0.0,0.0,0.0,0.0,0.0,0.0,0.0,1.0,0.0,0.0,0.11475409836065574,0.07256162977370258,104.0,0.0,0.0,1.0,0.0,0.0
pallets/click,0f45ceb908a81ca53b82148bbd982273c974e5d5,2026-08-30T16:52:18+00:00,0,1,3.0,42.0,8.0,3.9318256327243257,3.0,1.0,1.0,1.0,1.0,0.0,0.0,0.0,0.0,0.0,0.0,0.0,1.0,0.0,1.0,0.07142857142857142,0.05118169107806413,114.33333333333333,0.0,0.0,0.0,0.0,0.0
pallets/click,d1c1fd6b8b70100e060ff98bf2ff54a0717d5c38,2026-08-30T17:29:55+00:00,0,1,3.0,35.0,2.0,3.6375861597263857,3.0,1.0,1.0,1.0,1.0,0.0,0.0,0.0,0.0,0.0,0.0,0.0,1.0,0.0,0.0,0.13333333333333333,0.08269937196350279,127.66666666666667,0.0,0.0,1.0,0.0,0.0
pallets/click,f97a0a9d91331cf2ed1ffcc936fd9580444a0cf1,2026-08-30T17:43:36+00:00,0,1,1.0,1.0,3.0,1.6094379124341003,0.0,0.0,0.0,1.0,0.0,0.0,0.0,0.0,0.0,0.0,0.0,0.0,1.0,0.0,0.0,0.125,0.125,16.0,1.0,0.0,1.0,0.0,0.0
pallets/click,94f17e276fbdd7348b88b05170923ecacb7b32bf,2026-08-31T08:56:43+00:00,0,1,1.0,0.0,5.0,1.791759469228055,0.0,1.0,1.0,0.0,0.0,0.0,0.0,0.0,0.0,0.0,1.0,0.0,1.0,0.0,0.0,0.0,0.0,2.0,226.0,0.09292035398230089,1.0,0.0,0.0
pallets/click,f423c16a21b025a887d61bf6ac31c1b3bc199241,2026-08-31T09:20:27+00:00,0,1,3.0,146.0,7.0,5.0369526024136295,10.0,0.0,0.0,3.0,0.0,0.0,0.0,0.0,0.0,0.0,0.0,0.0,1.0,0.0,0.0,0.09195402298850575,0.03966035000517759,50.0,227.0,0.09251101321585903,0.0,0.0,0.0
pallets/click,9b9596f626c19320b8063b01090e032869d41af1,2026-08-31T10:51:52+00:00,0,1,6.0,255.0,9.0,5.579729825986222,13.0,0.0,0.0,3.0,3.0,0.0,0.0,0.0,0.0,0.0,0.0,0.0,1.0,0.0,0.0,0.09090909090909091,0.0399892505155663,64.33333333333333,228.0,0.09210526315789473,0.0,0.0,0.0
pallets/click,1864be1d6510ab0ca1c1d377d02ac1f33fb70d07,2026-08-31T11:15:12+00:00,0,1,6.0,255.0,9.0,5.579729825986222,13.0,0.0,0.0,3.0,3.0,0.0,0.0,0.0,0.0,0.0,0.0,0.0,1.0,0.0,0.0,0.0898876404494382,0.039252431915851406,65.33333333333333,229.0,0.09170305676855896,0.0,0.0,0.0
pallets/click,cbb5b2df1ee3492115f8c2ee5cbb09e2271fc714,2026-08-31T13:25:03+00:00,0,1,1.0,0.0,5.0,1.791759469228055,0.0,1.0,1.0,0.0,0.0,0.0,0.0,0.0,0.0,0.0,1.0,0.0,0.0,1.0,0.0,0.0,0.0,3.0,119.0,0.01680672268907563,0.0,0.0,0.0
pallets/click,de7ad0c7f7263352ba0b1c0a4e0084c991eabb7f,2026-08-31T15:12:56+00:00,0,1,3.0,360.0,24.0,5.953243334287785,20.0,1.0,1.0,1.0,1.0,0.0,0.0,0.0,0.0,0.0,0.0,0.0,1.0,0.0,1.0,0.06285714285714286,0.05680928208846991,124.0,230.0,0.09130434782608696,0.0,0.0,0.0
pallets/click,038450ff754217023a3f3cc4b03ac5fee8515e15,2026-08-31T20:30:58+00:00,0,1,4.0,272.0,37.0,5.736572297479192,16.0,1.0,1.0,1.0,2.0,0.0,0.0,0.0,0.0,0.0,0.0,0.0,1.0,0.0,1.0,0.0625,0.028251262626262624,94.0,231.0,0.09090909090909091,0.0,0.0,0.0
pallets/click,fc518e41218b447e875fe27244ae692c269bcb77,2026-08-31T20:34:47+00:00,0,1,4.0,273.0,37.0,5.739792912179234,16.0,1.0,1.0,1.0,2.0,0.0,0.0,0.0,0.0,0.0,0.0,0.0,1.0,0.0,1.0,0.062146892655367235,0.028099537234193568,95.0,232.0,0.09051724137931035,0.0,0.0,0.0
pallets/click,fe8128a00cafb1774f390156dc5fb85a24bb09b7,2026-08-31T23:01:37+00:00,0,1,3.0,42.0,4.0,3.8501476017100584,3.0,1.0,1.0,1.0,1.0,0.0,0.0,0.0,0.0,0.0,0.0,0.0,1.0,0.0,0.0,0.08888888888888889,0.06689554723262588,156.0,233.0,0.09012875536480687,1.0,0.0,0.0
pallets/click,9d5b878f808708063b4396788b3bf1dad3f15192,2026-08-31T23:03:16+00:00,0,1,3.0,42.0,4.0,3.8501476017100584,3.0,1.0,1.0,1.0,1.0,0.0,0.0,0.0,0.0,0.0,0.0,0.0,1.0,0.0,0.0,0.08791208791208792,0.06637194855322097,157.0,234.0,0.08974358974358974,1.0,0.0,0.0
pallets/click,00f257bb8e714064bea16425007543bbc0800445,2026-08-31T23:42:30+00:00,0,1,4.0,273.0,37.0,5.739792912179234,16.0,1.0,1.0,1.0,2.0,0.0,0.0,0.0,0.0,0.0,0.0,0.0,0.0,1.0,1.0,0.06111111111111111,0.027654015401540152,97.0,120.0,0.016666666666666666,0.0,0.0,0.0
pallets/click,869d0a7a251af87a1dbbc6e55bf5f446bf96ee41,2026-09-01T00:22:57+00:00,0,1,3.0,54.0,11.0,4.189654742026425,3.0,1.0,1.0,1.0,1.0,0.0,0.0,0.0,0.0,0.0,0.0,0.0,1.0,0.0,0.0,0.11267605633802817,0.08096857004093527,91.33333333333333,0.0,0.0,1.0,0.0,0.0
pallets/click,394088a09a210c152a4295e4a493ffdebd4c5047,2026-09-01T06:49:03+00:00,0,1,6.0,255.0,9.0,5.579729825986222,13.0,0.0,0.0,3.0,3.0,0.0,0.0,0.0,0.0,0.0,0.0,0.0,1.0,0.0,0.0,0.08695652173913043,0.03794046604148906,67.83333333333333,235.0,0.08936170212765958,1.0,0.0,0.0
pallets/click,8a1ab4a759a7e3280886cf303cacc890a421f55b,2026-09-01T06:56:10+00:00,0,1,3.0,42.0,4.0,3.8501476017100584,3.0,1.0,1.0,1.0,1.0,0.0,0.0,0.0,0.0,0.0,0.0,0.0,1.0,0.0,0.0,0.08602150537634409,0.06519182461473519,159.66666666666666,236.0,0.08898305084745763,1.0,0.0,0.0
pallets/click,0891cde54092f0ac3968bcd8956567fdcb98f0e0,2026-09-01T10:19:02+00:00,1,1,2.0,101.0,1.0,4.634728988229636,5.0,1.0,1.0,1.0,0.0,0.0,0.0,0.0,0.0,0.0,0.0,0.0,1.0,0.0,1.0,0.11904761904761904,0.05952380952380952,26.0,0.0,0.0,1.0,0.0,0.0
pallets/click,592026304e34f50b7a7bf01a2bc94044f46a98f1,2026-09-01T11:34:35+00:00,0,1,1.0,2.0,1.0,1.3862943611198906,1.0,0.0,0.0,1.0,0.0,0.0,0.0,0.0,0.0,0.0,0.0,0.0,1.0,0.0,0.0,0.09090909090909091,0.09090909090909091,11.0,1.0,1.0,1.0,1.0,0.05
pallets/click,254d9e44196760929a9dada2c7c645657045dfaa,2026-09-01T14:22:26+00:00,1,1,4.0,668.0,6.0,6.51471269087253,28.0,0.0,0.0,2.0,2.0,0.0,0.0,0.0,0.0,0.0,0.0,0.0,1.0,0.0,0.0,0.0851063829787234,0.07619441679153416,47.25,237.0,0.08860759493670886,1.0,0.0,0.05
pallets/click,49a5f5a704b8876a4f5b44186fa78dec645fb591,2026-09-01T14:43:12+00:00,0,1,4.0,718.0,4.0,6.583409222158765,30.0,0.0,0.0,2.0,2.0,0.0,0.0,0.0,0.0,0.0,0.0,0.0,1.0,0.0,0.0,0.10714285714285714,0.10022321428571429,48.25,238.0,0.09243697478991597,1.0,0.0,0.1
pallets/click,e5cb12ba5e81ca382062a4b513daddb535a576e3,2026-09-01T18:22:01+00:00,0,1,6.0,255.0,9.0,5.579729825986222,13.0,0.0,0.0,3.0,3.0,0.0,0.0,0.0,0.0,0.0,0.0,0.0,0.0,1.0,0.0,0.09375,0.04293217068865305,69.83333333333333,121.0,0.01652892561983471,1.0,0.0,0.1
pallets/click,98ef54023353250f6ed0f4d6339f3616a10b3900,2026-09-01T18:55:17+00:00,1,1,2.0,74.0,12.0,4.465908118654584,3.0,1.0,1.0,1.0,0.0,0.0,0.0,0.0,0.0,0.0,0.0,0.0,1.0,0.0,0.0,0.1111111111111111,0.05555555555555555,38.5,0.0,0.0,1.0,0.0,0.1
pallets/click,f07e69547f889286ce27de41b57c5f6107c21a43,2026-09-01T18:57:54+00:00,0,1,2.0,75.0,12.0,4.477336814478207,3.0,1.0,1.0,1.0,0.0,0.0,0.0,0.0,0.0,0.0,0.0,0.0,1.0,0.0,0.0,0.16666666666666666,0.1449771689497717,39.5,1.0,1.0,1.0,0.0,0.15
pallets/click,ad8601c1702ecfe68e895e7e835161f174fb6791,2026-09-01T22:16:01+00:00,0,1,6.0,789.0,19.0,6.695798917058491,35.0,1.0,1.0,2.0,3.0,0.0,0.0,0.0,0.0,0.0,0.0,0.0,1.0,0.0,0.0,0.10344827586206896,0.08262998614699658,98.0,239.0,0.09205020920502092,1.0,0.0,0.15
pallets/click,3e5301bc2009909bd68fc083cd3894e9e4f6bee8,2026-09-01T22:22:20+00:00,0,1,6.0,789.0,19.0,6.695798917058491,35.0,1.0,1.0,2.0,3.0,0.0,0.0,0.0,0.0,0.0,0.0,0.0,1.0,0.0,0.0,0.1,0.08095620551709544,99.0,240.0,0.09166666666666666,0.0,0.0,0.15
pallets/click,a51dc7d0ef0351ae72531325a64dfa3fa05007f7,2026-09-02T03:08:46+00:00,0,1,8.0,362.0,10.0,5.921578419643816,16.0,0.0,0.0,3.0,5.0,0.0,0.0,0.0,0.0,0.0,0.0,0.0,1.0,1.0,0.0,0.09090909090909091,0.03512840542915731,54.625,122.0,0.01639344262295082,1.0,0.0,0.15
pallets/click,271effb3d96da5575eb527216ce3552bd7628fab,2026-09-02T06:41:08+00:00,0,1,3.0,42.0,4.0,3.8501476017100584,3.0,1.0,1.0,1.0,1.0,0.0,0.0,0.0,0.0,0.0,0.0,0.0,1.0,0.0,0.0,0.09,0.06580055210489993,164.66666666666666,241.0,0.0912863070539419,0.0,0.0,0.15
pallets/click,05c44398a0ff4d2ce598757abc766cf19e3d24b6,2026-09-02T09:36:17+00:00,0,1,6.0,821.0,19.0,6.734591659972948,37.0,1.0,1.0,2.0,3.0,0.0,0.0,0.0,0.0,0.0,0.0,0.0,1.0,0.0,0.0,0.0975609756097561,0.07856299758644714,101.0,242.0,0.09090909090909091,0.0,0.0,0.15
pallets/click,5458973777e7c7e1218161842082f4a2fe0f7187,2026-09-02T10:47:33+00:00,0,1,3.0,74.0,3.0,4.356708826689592,6.0,1.0,1.0,1.0,1.0,0.0,0.0,0.0,0.0,0.0,0.0,0.0,1.0,0.0,1.0,0.05913978494623656,0.052103198755663764,152.66666666666666,0.0,0.0,1.0,0.0,0.15
pallets/click,3d4142fface31653ec217790edd8a4e31162396d,2026-09-02T11:03:45+00:00,0,1,6.0,843.0,29.0,6.771935555839602,40.0,1.0,1.0,2.0,3.0,0.0,0.0,0.0,0.0,0.0,0.0,0.0,1.0,0.0,0.0,0.09523809523809523,0.07699044066601189,102.33333333333333,243.0,0.09053497942386832,0.0,0.0,0.15
pallets/click,b4606f9295ec638b227de1a112329cd24a0e6d32,2026-09-02T12:43:57+00:00,0,1,6.0,897.0,32.0,6.835184586147301,40.0,1.0,1.0,2.0,3.0,0.0,0.0,0.0,0.0,0.0,0.0,0.0,1.0,0.0,0.0,0.09302325581395349,0.07557894578055159,103.33333333333333,244.0,0.09016393442622951,0.0,0.0,0.15
pallets/click,00aca23ee9135eedc651c6929c7bc1d39e522431,2026-09-02T13:01:42+00:00,0,1,3.0,42.0,4.0,3.8501476017100584,3.0,1.0,1.0,1.0,1.0,0.0,0.0,0.0,0.0,0.0,0.0,0.0,0.0,1.0,0.0,0.08653846153846154,0.06375038254883215,169.33333333333334,123.0,0.016260162601626018,0.0,0.0,0.15
pallets/click,ff79a3c235bd8f52d03e066b84576661e08effc8,2026-09-02T13:11:23+00:00,0,1,6.0,895.0,32.0,6.833031732786201,40.0,1.0,1.0,2.0,3.0,0.0,0.0,0.0,0.0,0.0,0.0,0.0,1.0,0.0,0.0,0.09090909090909091,0.07400828397990421,104.83333333333333,245.0,0.08979591836734693,0.0,0.0,0.15
pallets/click,6f9943ed5613d6d4e8ff3d54ec7377e2366c6463,2026-09-02T13:32:19+00:00,0,1,6.0,895.0,32.0,6.833031732786201,40.0,1.0,1.0,2.0,3.0,0.0,0.0,0.0,0.0,0.0,0.0,0.0,1.0,0.0,0.0,0.08888888888888889,0.07272568983887585,105.83333333333333,246.0,0.08943089430894309,0.0,0.0,0.15
pallets/click,349162a0a820f79f0231581dba4fa0e2d60f4785,2026-09-03T12:19:01+00:00,1,1,3.0,3.0,3.0,1.9459101490553132,3.0,1.0,2.0,1.0,0.0,0.0,0.0,0.0,0.0,0.0,0.0,0.0,1.0,0.0,1.0,0.12162162162162163,0.08741554054054053,100.66666666666667,0.0,0.0,1.0,0.0,0.15
pallets/click,922eae7633ef1c3b42828b6d94bc09e66ee3ee26,2026-09-03T12:32:54+00:00,1,1,1.0,1.0,1.0,1.0986122886681098,1.0,1.0,1.0,0.0,0.0,0.0,0.0,0.0,0.0,0.0,1.0,0.0,1.0,0.0,0.0,0.13333333333333333,0.13333333333333333,75.0,1.0,1.0,1.0,1.0,0.2
pallets/click,e50f62cdbdcd26ca19889fcc3ad741628e63a922,2026-09-03T13:21:00+00:00,1,1,3.0,94.0,14.0,4.6913478822291435,3.0,1.0,1.0,1.0,1.0,0.0,0.0,0.0,0.0,0.0,0.0,0.0,1.0,0.0,0.0,0.14473684210526316,0.06353613391276357,98.33333333333333,0.0,0.0,1.0,0.0,0.25
pallets/click,f2c71b09eb719765d816511c4b3f5bdaf1f6fcf4,2026-09-03T13:36:45+00:00,0,1,1.0,1.0,1.0,1.0986122886681098,1.0,0.0,0.0,1.0,0.0,0.0,0.0,0.0,0.0,0.0,0.0,0.0,1.0,0.0,0.0,0.020833333333333332,0.020833333333333332,48.0,2.0,1.0,1.0,1.0,0.25
pallets/click,edaea2ca2089330e32e83cfd94967bc395d4d9b2,2026-09-03T21:35:32+00:00,0,1,1.0,3.0,0.0,1.3862943611198906,0.0,0.0,0.0,0.0,1.0,0.0,0.0,0.0,0.0,0.0,0.0,1.0,1.0,0.0,0.0,0.0502283105022831,0.0502283105022831,219.0,0.0,0.0,0.0,0.0,0.25
pallets/click,3eb79ca7a684608e0148709c9b37762d712d1abd,2026-09-04T14:42:18+00:00,0,1,3.0,38.0,1.0,3.6888794541139363,3.0,1.0,1.0,1.0,1.0,0.0,0.0,0.0,0.0,0.0,0.0,0.0,1.0,0.0,1.0,0.11290322580645161,0.07069451789176802,114.33333333333333,0.0,0.0,1.0,0.0,0.2
pallets/click,7429ffdb0d00c28db5cda454030e1e9d37c6cec3,2026-09-04T15:04:49+00:00,0,1,2.0,49.0,1.0,3.9318256327243257,4.0,1.0,1.0,1.0,0.0,0.0,0.0,0.0,0.0,0.0,0.0,0.0,1.0,0.0,1.0,0.1111111111111111,0.07974910394265233,62.5,0.0,0.0,1.0,0.0,0.2
pallets/click,a1414604cad59d57a2a4b31e6adf92dfbdc93f2e,2026-09-04T15:06:04+00:00,0,1,1.0,0.0,1.0,0.6931471805599453,0.0,0.0,0.0,1.0,0.0,0.0,0.0,0.0,0.0,0.0,0.0,0.0,1.0,0.0,0.0,0.047619047619047616,0.047619047619047616,63.0,1.0,0.0,1.0,0.0,0.2
pallets/click,affce0838d7de6e4d43d69c4d8e9ddb29a504add,2026-09-04T15:09:39+00:00,0,1,2.0,48.0,1.0,3.912023005428146,4.0,1.0,1.0,1.0,0.0,0.0,0.0,0.0,0.0,0.0,0.0,0.0,1.0,0.0,1.0,0.109375,0.078125,64.0,2.0,0.0,1.0,0.0,0.15
pallets/click,e3e17c3da602cf097f5d20cbcdb8a6c849e07f7b,2026-09-04T15:54:39+00:00,0,1,3.0,51.0,1.0,3.970291913552122,4.0,1.0,1.0,1.0,1.0,0.0,0.0,0.0,0.0,0.0,0.0,0.0,1.0,0.0,1.0,0.1076923076923077,0.06787330316742081,117.0,3.0,0.0,1.0,0.0,0.15
pallets/click,2bbd8b899a820f86d3041613b42074fdbf9f30fb,2026-09-05T07:02:06+00:00,0,1,2.0,13.0,1.0,2.70805020110221,2.0,1.0,1.0,1.0,0.0,0.0,0.0,0.0,0.0,0.0,0.0,0.0,1.0,0.0,0.0,0.08411214953271028,0.07314415766790955,150.0,0.0,0.0,1.0,0.0,0.15
pallets/click,e8c4533998dc95747834b68f3bca169ada855edc,2026-09-05T21:54:36+00:00,0,1,3.0,76.0,0.0,4.343805421853684,3.0,1.0,1.0,1.0,1.0,0.0,0.0,0.0,0.0,0.0,0.0,0.0,1.0,0.0,1.0,0.08333333333333333,0.06491285099532522,174.66666666666666,0.0,0.0,1.0,0.0,0.15
pallets/click,96b53b770ae348f16d5f983108f3dc3b5997a9f9,2026-09-05T21:59:25+00:00,0,2,3.0,45.0,0.0,3.828641396489095,2.0,1.0,1.0,1.0,1.0,0.0,0.0,0.0,0.0,0.0,0.0,0.0,1.0,0.0,0.0,0.08256880733944955,0.06447820771266692,175.66666666666666,1.0,0.0,1.0,0.0,0.15
pallets/click,47c878239f560eb636beacf7e0f090784aefbb1f,2026-09-05T23:42:22+00:00,0,1,4.0,149.0,2.0,5.0238805208462765,8.0,1.0,3.0,1.0,0.0,0.0,0.0,0.0,0.0,0.0,0.0,0.0,1.0,0.0,0.0,0.75,0.2482457898957498,28.0,0.0,0.0,1.0,0.0,0.15
pallets/click,5aecbff7cf2965122322b4112faefd75027f6763,2026-09-06T01:05:52+00:00,0,1,3.0,9.0,3.0,2.5649493574615367,2.0,1.0,1.0,1.0,1.0,0.0,0.0,0.0,0.0,0.0,0.0,0.0,1.0,0.0,1.0,0.15584415584415584,0.07511982065553494,116.66666666666667,0.0,0.0,1.0,0.0,0.15
pallets/click,b8a4486d52083981babc1642449420db6b09662e,2026-09-06T01:23:18+00:00,0,1,13.0,487.0,438.0,6.8308742346461795,46.0,0.0,0.0,13.0,0.0,0.0,0.0,0.0,0.0,0.0,0.0,0.0,1.0,0.0,0.0,0.023255813953488372,0.021627906976744188,7.153846153846154,124.0,0.016129032258064516,0.0,0.0,0.15
pallets/click,7ecc8d7ee4a2e5c0732d6551baeb7597b7a73ade,2026-09-06T01:24:22+00:00,0,1,13.0,487.0,438.0,6.8308742346461795,46.0,0.0,0.0,13.0,0.0,0.0,0.0,0.0,0.0,0.0,0.0,0.0,0.0,1.0,0.0,0.022727272727272728,0.003256547374194433,8.153846153846153,125.0,0.016,0.0,0.0,0.15
pallets/click,7944461a80b780d060899c8835acab3c273a04a6,2026-09-06T01:27:36+00:00,0,2,2.0,2.0,2.0,1.6094379124341003,0.0,1.0,1.0,0.0,0.0,1.0,0.0,0.0,0.0,0.0,1.0,0.0,1.0,1.0,0.0,0.06153846153846154,0.04076923076923077,57.5,126.0,0.015873015873015872,1.0,0.0,0.15
pallets/click,6aabf099bfdd4c1e75fe8d0e0d4241372b988ab1,2026-09-06T01:28:45+00:00,0,1,30.0,1203.0,394.0,7.37650812632622,80.0,1.0,4.0,17.0,9.0,0.0,0.0,0.0,0.0,0.0,0.0,0.0,0.0,1.0,0.0,0.08181818181818182,0.013555499174546794,30.933333333333334,127.0,0.015748031496062992,1.0,0.0,0.15
pallets/click,1ea2896fe68a287e8ced2519a27debfe93e1a49d,2026-09-06T04:59:20+00:00,0,1,8.0,50.0,26.0,4.343805421853684,20.0,1.0,3.0,4.0,1.0,0.0,0.0,0.0,0.0,0.0,0.0,0.0,1.0,0.0,0.0,0.15384615384615385,0.055662458513919946,80.125,0.0,0.0,1.0,0.0,0.15
pallets/click,21c454e55a66865487b993a68a0f377feb62a7dc,2026-09-07T07:52:49+00:00,0,1,1.0,1.0,1.0,1.0986122886681098,0.0,0.0,0.0,0.0,1.0,0.0,0.0,0.0,0.0,0.0,0.0,1.0,1.0,0.0,0.0,0.048458149779735685,0.048458149779735685,227.0,0.0,0.0,0.0,0.0,0.15
pallets/click,3068b299db706b947165d3fe3bb56aaad256ff3c,2026-09-07T16:43:17+00:00,1,1,2.0,78.0,4.0,4.418840607796598,5.0,1.0,1.0,1.0,0.0,0.0,0.0,0.0,0.0,0.0,0.0,0.0,1.0,0.0,1.0,0.10869565217391304,0.09138486312399355,136.5,0.0,0.0,1.0,0.0,0.1
pallets/click,0a74041fb0c03eb70570c1e824f2f3cedf9e0745,2026-09-07T16:54:12+00:00,0,1,1.0,3.0,2.0,1.791759469228055,1.0,1.0,1.0,0.0,0.0,0.0,0.0,0.0,0.0,0.0,1.0,0.0,1.0,0.0,1.0,0.11510791366906475,0.11510791366906475,139.0,1.0,1.0,1.0,1.0,0.1
pallets/click,8848d0d597e57c3ce5591dba8c2ce30ffc2e6042,2026-09-08T10:07:23+00:00,1,1,3.0,80.0,10.0,4.51085950651685,5.0,1.0,1.0,1.0,1.0,0.0,0.0,0.0,0.0,0.0,0.0,0.0,1.0,0.0,1.0,0.11428571428571428,0.08113789375399283,168.0,0.0,0.0,1.0,0.0,0.05
pallets/click,7f683984c634abb0844f4dd255025fdb4502f5e6,2026-09-08T10:36:07+00:00,0,1,4.0,69.0,14.0,4.430816798843313,4.0,1.0,1.0,2.0,1.0,0.0,0.0,0.0,0.0,0.0,0.0,0.0,1.0,0.0,0.0,0.5,0.17607512022552652,78.25,247.0,0.08906882591093117,1.0,0.0,0.1
pallets/click,4c04e98f2636705907bf5932eecdbb71debfc1b7,2026-09-08T10:37:57+00:00,0,1,4.0,69.0,14.0,4.430816798843313,4.0,1.0,1.0,2.0,1.0,0.0,0.0,0.0,0.0,0.0,0.0,0.0,1.0,0.0,0.0,0.3333333333333333,0.1338768115942029,79.25,248.0,0.08870967741935484,1.0,0.0,0.1
pallets/click,22177f857a34e3c35ba957553853a37f23feb37e,2026-09-08T10:43:27+00:00,0,1,4.0,70.0,14.0,4.442651256490317,4.0,1.0,1.0,2.0,1.0,0.0,0.0,0.0,0.0,0.0,0.0,0.0,1.0,0.0,0.0,0.25,0.11252405002405003,80.25,249.0,0.08835341365461848,1.0,0.0,0.1
pallets/click,8ff784ea5075acdb20dd0d8149593198fb56a917,2026-09-08T14:24:51+00:00,0,1,6.0,53.0,5.0,4.07753744390572,5.0,2.0,5.0,0.0,0.0,1.0,0.0,0.0,0.0,0.0,1.0,0.0,1.0,0.0,0.0,0.14634146341463414,0.08354360767475844,72.0,0.0,0.0,1.0,0.0,0.1
pallets/click,86949d19b930ef68a45566544cb4b9508d895d0d,2026-09-08T19:48:13+00:00,0,1,4.0,70.0,14.0,4.442651256490317,4.0,1.0,1.0,2.0,1.0,0.0,0.0,0.0,0.0,0.0,0.0,0.0,0.0,1.0,0.0,0.2,0.09907561279601163,81.5,128.0,0.015625,1.0,0.0,0.1
pallets/click,67ed980dfd0a4c781f72c9ceb3de6094091e2cd5,2026-09-09T09:31:28+00:00,0,1,5.0,62.0,4.0,4.204692619390966,3.0,1.0,1.0,1.0,3.0,0.0,0.0,0.0,0.0,0.0,0.0,0.0,1.0,0.0,0.0,0.10810810810810811,0.06976145718182906,109.0,250.0,0.088,1.0,0.0,0.1
pallets/click,28c7ae0dac397f955069d5b7a64e36d842ecd779,2026-09-09T09:33:02+00:00,0,1,5.0,62.0,4.0,4.204692619390966,3.0,1.0,1.0,1.0,3.0,0.0,0.0,0.0,0.0,0.0,0.0,0.0,1.0,0.0,0.0,0.10526315789473684,0.06843427840783037,110.0,251.0,0.08764940239043825,1.0,0.0,0.1
pallets/click,0698ea4978255813763e5ce1cf328f4d0e708fcd,2026-09-10T08:11:26+00:00,0,1,5.0,99.0,9.0,4.6913478822291435,5.0,1.0,1.0,1.0,3.0,0.0,0.0,0.0,0.0,0.0,0.0,0.0,1.0,0.0,0.0,0.10256410256410256,0.06717003091471177,111.0,252.0,0.0873015873015873,1.0,0.0,0.1
pallets/click,f25f697a439acc2b0d84aa8f5413330f4e2e75cf,2026-09-10T08:18:56+00:00,0,1,5.0,99.0,9.0,4.6913478822291435,5.0,1.0,1.0,1.0,3.0,0.0,0.0,0.0,0.0,0.0,0.0,0.0,1.0,0.0,0.0,0.1,0.06596407910456678,112.0,253.0,0.08695652173913043,1.0,0.0,0.1
pallets/click,6d0236685caac4fd28ab009c76e87e76f35a3021,2026-09-10T08:59:21+00:00,0,1,3.0,59.0,31.0,4.51085950651685,9.0,1.0,1.0,1.0,1.0,0.0,0.0,0.0,0.0,0.0,0.0,0.0,1.0,0.0,0.0,0.1111111111111111,0.07371665436585852,152.33333333333334,254.0,0.08661417322834646,1.0,0.0,0.1
pallets/click,b08790b8ee253dfc2a3134e90a8373a0d9340827,2026-09-10T09:02:14+00:00,0,1,3.0,60.0,31.0,4.5217885770490405,9.0,1.0,1.0,1.0,1.0,0.0,0.0,0.0,0.0,0.0,0.0,0.0,1.0,0.0,0.0,0.10526315789473684,0.07159887548485819,153.33333333333334,255.0,0.08627450980392157,1.0,0.0,0.1
pallets/click,405a5481e4dbd5022799993d787bd8446137d9a3,2026-09-10T09:05:56+00:00,0,1,3.0,61.0,31.0,4.532599493153256,9.0,1.0,1.0,1.0,1.0,0.0,0.0,0.0,0.0,0.0,0.0,0.0,1.0,0.0,0.0,0.1,0.06967757814422841,154.33333333333334,256.0,0.0859375,1.0,0.0,0.1
pallets/click,05f6fd0df4ecbd104eb7a229f9f185c2484dee69,2026-09-10T09:14:02+00:00,0,1,3.0,29.0,8.0,3.6375861597263857,3.0,1.0,1.0,1.0,1.0,0.0,0.0,0.0,0.0,0.0,0.0,0.0,1.0,0.0,0.0,0.0975609756097561,0.06869918699186993,162.0,257.0,0.08560311284046693,1.0,0.0,0.1
pallets/click,bc7c613afcec1dc8600628f885b812cca4a3dc0b,2026-09-10T18:21:13+00:00,0,1,3.0,36.0,1.0,3.6375861597263857,2.0,1.0,1.0,1.0,1.0,0.0,0.0,0.0,0.0,0.0,0.0,0.0,1.0,0.0,1.0,0.07058823529411765,0.05007717089436877,131.0,0.0,0.0,1.0,0.0,0.1
pallets/click,6d5bac5c712195cbfa9666ba0ecbf0573cdea356,2026-09-10T19:29:53+00:00,0,1,3.0,61.0,31.0,4.532599493153256,9.0,1.0,1.0,1.0,1.0,0.0,0.0,0.0,0.0,0.0,0.0,0.0,0.0,1.0,0.0,0.09523809523809523,0.0676924330940218,156.33333333333334,129.0,0.015503875968992248,1.0,0.0,0.1
pallets/click,486f1aabcb9579739dbd7c39d0f01fc7bbcbb6c4,2026-09-10T23:15:13+00:00,0,1,3.0,51.0,5.0,4.04305126783455,6.0,1.0,1.0,1.0,1.0,0.0,0.0,0.0,0.0,0.0,0.0,0.0,1.0,0.0,0.0,0.09090909090909091,0.06608760715040908,157.33333333333334,0.0,0.0,1.0,0.0,0.1
pallets/click,644deb0ba3cc792a242b784347f5ac2b80a406df,2026-09-11T06:25:55+00:00,0,1,3.0,25.0,2.0,3.332204510175204,2.0,1.0,1.0,1.0,1.0,0.0,0.0,0.0,0.0,0.0,0.0,0.0,1.0,0.0,1.0,0.1076923076923077,0.05229087852038672,105.0,258.0,0.08527131782945736,1.0,0.0,0.1
pallets/click,a3b049392ae0463aeb8780782463e2072c5a1443,2026-09-11T06:31:25+00:00,0,1,3.0,25.0,2.0,3.332204510175204,2.0,1.0,1.0,1.0,1.0,0.0,0.0,0.0,0.0,0.0,0.0,0.0,1.0,0.0,1.0,0.10606060606060606,0.05168006596578025,106.0,259.0,0.08494208494208494,1.0,0.0,0.1
pallets/click,d1d7126640ee34af2983ee0e892776608564d03e,2026-09-11T06:41:52+00:00,0,1,3.0,48.0,33.0,4.406719247264253,2.0,1.0,1.0,1.0,1.0,0.0,0.0,0.0,0.0,0.0,0.0,0.0,1.0,0.0,1.0,0.1044776119402985,0.05108603324839219,107.0,260.0,0.08461538461538462,1.0,0.0,0.05
pallets/click,f67c2bb6c2f055c1c7a57cd46c3697fc26a7742e,2026-09-11T07:01:22+00:00,0,1,3.0,49.0,34.0,4.430816798843313,2.0,1.0,1.0,1.0,1.0,0.0,0.0,0.0,0.0,0.0,0.0,0.0,1.0,0.0,1.0,0.10294117647058823,0.05050805747400174,108.0,261.0,0.0842911877394636,1.0,0.0,0.05
pallets/click,127ed655cd825016135e1de84ddc0308cd7eb65d,2026-09-11T08:55:02+00:00,0,1,8.0,868.0,69.0,6.843749949006225,51.0,1.0,2.0,2.0,4.0,0.0,0.0,0.0,0.0,0.0,0.0,0.0,1.0,0.0,0.0,0.09523809523809523,0.06551174758349268,92.25,262.0,0.08396946564885496,1.0,0.0,0.0
pallets/click,e2bddbc801dabc4efc3c3c1e32b53b3f938d3efc,2026-09-11T13:03:21+00:00,0,1,6.0,804.0,8.0,6.70073110954781,46.0,1.0,1.0,3.0,2.0,0.0,0.0,0.0,0.0,0.0,0.0,0.0,0.0,0.0,0.0,0.09302325581395349,0.046498239616336236,105.0,263.0,0.08365019011406843,1.0,0.0,0.0
pallets/click,d036881798e34289a49b18a5c550c7cf687e5a7a,2026-09-11T13:18:33+00:00,0,1,6.0,8.0,804.0,6.70073110954781,46.0,1.0,1.0,3.0,2.0,0.0,0.0,0.0,0.0,0.0,0.0,0.0,0.0,0.0,1.0,0.09090909090909091,0.04594966095851052,106.0,264.0,0.08333333333333333,1.0,0.0,0.0
pallets/click,62cff1d6e27f7556c328f7a8d928982c1fac7e98,2026-09-11T13:26:16+00:00,0,1,6.0,802.0,4.0,6.693323668269949,46.0,1.0,1.0,3.0,2.0,0.0,0.0,0.0,0.0,0.0,0.0,0.0,1.0,0.0,0.0,0.08888888888888889,0.04541951002747876,107.0,265.0,0.0830188679245283,1.0,0.0,0.0
pallets/click,3c5be86e8dd74b811e1bb0a9310a126e4c72c02c,2026-09-11T13:35:43+00:00,0,1,6.0,802.0,4.0,6.693323668269949,46.0,1.0,1.0,3.0,2.0,0.0,0.0,0.0,0.0,0.0,0.0,0.0,1.0,0.0,0.0,0.08695652173913043,0.044906702084716844,108.0,266.0,0.08270676691729323,1.0,0.0,0.0
pallets/click,eb37beaa493344e9fe6ef5ef7619d0c25c030177,2026-09-11T14:24:06+00:00,0,1,6.0,804.0,4.0,6.695798917058491,46.0,1.0,1.0,3.0,2.0,0.0,0.0,0.0,0.0,0.0,0.0,0.0,1.0,0.0,0.0,0.0851063829787234,0.04441024134730248,109.0,267.0,0.08239700374531835,1.0,0.0,0.0
pallets/click,0054c44e5547afccc66957311deff3a9df11174b,2026-09-11T14:24:39+00:00,0,1,8.0,871.0,69.0,6.846943139585379,51.0,1.0,2.0,2.0,4.0,0.0,0.0,0.0,0.0,0.0,0.0,0.0,1.0,0.0,0.0,0.08823529411764706,0.06278789064752317,95.25,267.0,0.08239700374531835,1.0,0.0,0.0
pallets/click,70689853e39c30e36eb0d83d586cc914a74db9d3,2026-09-12T02:35:10+00:00,0,1,3.0,49.0,34.0,4.430816798843313,2.0,1.0,1.0,1.0,1.0,0.0,0.0,0.0,0.0,0.0,0.0,0.0,0.0,1.0,1.0,0.10144927536231885,0.04950269963057687,111.33333333333333,130.0,0.015384615384615385,1.0,0.0,0.0
pallets/click,e87809d434994ca574bf10a08fb202bac2d0f6e2,2026-09-13T00:08:28+00:00,1,1,1.0,29.0,0.0,3.4011973816621555,2.0,0.0,0.0,1.0,0.0,0.0,0.0,0.0,0.0,0.0,0.0,0.0,1.0,0.0,0.0,0.0,0.0,0.0,0.0,0.0,1.0,0.0,0.0
pallets/click,425104296015c9ffb63fbbe4d9db12d3ae0ef12a,2026-09-13T12:53:47+00:00,0,1,2.0,85.0,5.0,4.51085950651685,5.0,1.0,1.0,1.0,0.0,0.0,0.0,0.0,0.0,0.0,0.0,0.0,1.0,0.0,1.0,0.12056737588652482,0.10407930838121862,139.0,0.0,0.0,1.0,0.0,0.05
pallets/click,52cce63927b28c475be0949336924485b6ae6d8d,2026-09-15T10:07:54+00:00,0,1,2.0,17.0,1.0,2.9444389791664403,2.0,0.0,0.0,2.0,0.0,0.0,0.0,0.0,0.0,0.0,0.0,0.0,1.0,0.0,0.0,0.07627118644067797,0.07627118644067797,59.0,0.0,0.0,1.0,0.0,0.05
pallets/click,e05912a7c97628477b6cecb3cb3afbdacd6761d6,2026-09-16T08:21:21+00:00,1,1,1.0,2.0,1.0,1.3862943611198906,2.0,1.0,1.0,0.0,0.0,0.0,0.0,0.0,0.0,0.0,1.0,0.0,1.0,0.0,0.0,0.14285714285714285,0.14285714285714285,84.0,0.0,0.0,1.0,0.0,0.05
pallets/click,38c657ba5d5372cd57d3878af655e9b183e77141,2026-09-16T12:55:10+00:00,1,1,1.0,1.0,1.0,1.0986122886681098,1.0,1.0,1.0,0.0,0.0,0.0,0.0,0.0,0.0,0.0,1.0,0.0,1.0,0.0,0.0,0.15294117647058825,0.15294117647058825,85.0,1.0,1.0,1.0,1.0,0.1
pallets/click,b8db3a92329608f5ed15936827a18ee5f4011c36,2026-09-16T13:08:38+00:00,1,1,1.0,1.0,1.0,1.0986122886681098,1.0,1.0,1.0,0.0,0.0,0.0,0.0,0.0,0.0,0.0,1.0,0.0,1.0,0.0,0.0,0.16279069767441862,0.16279069767441862,86.0,2.0,1.0,1.0,1.0,0.15
pallets/click,86851b5691d3c14f7db41f259496808483632236,2026-09-16T13:17:49+00:00,1,1,1.0,1.0,1.0,1.0986122886681098,1.0,1.0,1.0,0.0,0.0,0.0,0.0,0.0,0.0,0.0,1.0,0.0,1.0,0.0,0.0,0.1724137931034483,0.1724137931034483,87.0,3.0,1.0,1.0,1.0,0.2
pallets/click,40abfa72f8bf110ef6232d37de8a3cab0dc13351,2026-09-16T13:47:39+00:00,1,1,2.0,51.0,2.0,3.9889840465642745,4.0,1.0,1.0,1.0,0.0,0.0,0.0,0.0,0.0,0.0,0.0,0.0,1.0,0.0,1.0,0.11971830985915492,0.10333741579914268,140.0,0.0,0.0,1.0,0.0,0.25
pallets/click,a5af540376a08413a6ae27ae3b7e8df444f01c21,2026-09-21T10:57:14+00:00,0,1,6.0,870.0,5.0,6.775366090936392,46.0,1.0,1.0,3.0,2.0,0.0,0.0,0.0,0.0,0.0,0.0,0.0,1.0,0.0,0.0,0.08163265306122448,0.04332530977507282,111.0,269.0,0.08178438661710037,1.0,0.0,0.3
pallets/click,bb695aaecdef95832d167fc1d508921745aa824e,2026-09-21T18:31:03+00:00,0,2,5.0,124.0,13.0,4.927253685157205,7.0,1.0,1.0,1.0,3.0,0.0,0.0,0.0,0.0,0.0,0.0,0.0,1.0,1.0,0.0,0.08,0.059220846260546675,122.0,131.0,0.015267175572519083,1.0,0.0,0.3
pallets/click,3cbaa76b6014be7427d1ab06b4af40f01e7c278e,2026-09-21T18:54:51+00:00,0,1,11.0,304.0,92.0,5.983936280687191,22.0,1.0,3.0,5.0,3.0,0.0,0.0,0.0,0.0,0.0,0.0,0.0,0.0,1.0,0.0,0.18181818181818182,0.07517872373932122,74.54545454545455,132.0,0.015151515151515152,1.0,0.0,0.3
pallets/click,b90faad1788bc030bb3320938f07c9189f42d7d0,2026-09-22T06:48:17+00:00,0,1,6.0,871.0,5.0,6.776506992372183,46.0,1.0,1.0,3.0,2.0,0.0,0.0,0.0,0.0,0.0,0.0,0.0,1.0,0.0,0.0,0.07692307692307693,0.042216832469126046,113.0,270.0,0.08148148148148149,0.0,0.0,0.3
pallets/click,06b2a678741131fd577ce170e23e5ca0aeba0309,2026-09-23T04:07:21+00:00,0,1,8.0,877.0,7.0,6.785587645007929,46.0,2.0,2.0,3.0,2.0,1.0,0.0,0.0,0.0,0.0,0.0,0.0,0.0,1.0,0.0,0.07547169811320754,0.041216561484042215,100.375,133.0,0.015037593984962405,1.0,0.0,0.3
pallets/click,3dcde39d73f31093bc6abcac8087f772ed0ce93b,2026-09-23T07:43:55+00:00,0,1,9.0,390.0,385.0,6.654152520183219,50.0,1.0,2.0,3.0,4.0,0.0,0.0,0.0,0.0,0.0,0.0,0.0,1.0,0.0,0.0,0.08571428571428572,0.052915353375160436,90.33333333333333,271.0,0.08118081180811808,1.0,0.0,0.3
pallets/click,d8a0c46cb78efedf59182cd95eb1875b6d1f107f,2026-09-23T07:53:09+00:00,0,1,9.0,385.0,384.0,6.646390514847729,50.0,1.0,2.0,3.0,4.0,0.0,0.0,0.0,0.0,0.0,0.0,0.0,1.0,0.0,0.0,0.08333333333333333,0.05207294086366103,91.33333333333333,272.0,0.08088235294117647,1.0,0.0,0.3
pallets/click,509933e4898a9e770879c7c0132ea0eaf2f5e297,2026-09-23T16:40:48+00:00,0,1,7.0,242.0,19.0,5.568344503761097,21.0,1.0,1.0,3.0,3.0,0.0,0.0,0.0,0.0,0.0,0.0,0.0,1.0,0.0,0.0,0.07258064516129033,0.034812949581395906,101.0,273.0,0.08058608058608059,1.0,0.0,0.3
pallets/click,9ccb32e9a18fd810a97bcdb5bb9686ed7fce4561,2026-09-23T16:44:51+00:00,0,1,7.0,242.0,19.0,5.568344503761097,21.0,1.0,1.0,3.0,3.0,0.0,0.0,0.0,0.0,0.0,0.0,0.0,1.0,0.0,0.0,0.072,0.03449166332055169,102.0,274.0,0.08029197080291971,1.0,0.0,0.3
pallets/click,9f0bcdf0d868edfc71435cd0aac2dcc08cf94828,2026-09-23T16:52:17+00:00,0,1,7.0,266.0,26.0,5.680172609017068,23.0,1.0,1.0,3.0,3.0,0.0,0.0,0.0,0.0,0.0,0.0,0.0,1.0,0.0,0.0,0.07142857142857142,0.03417836230132912,103.0,275.0,0.08,1.0,0.0,0.3
pallets/click,7e772e4af67ff43bd29fde65541d44332b8edc4f,2026-09-24T06:46:28+00:00,0,1,4.0,53.0,1.0,4.007333185232471,4.0,1.0,1.0,1.0,2.0,0.0,0.0,0.0,0.0,0.0,0.0,0.0,1.0,0.0,0.0,0.1,0.04148652882205514,100.75,276.0,0.07971014492753623,1.0,0.0,0.3
pallets/click,ee489c2270ba8542d4d3c7bf61265e45e936ee84,2026-09-24T06:48:05+00:00,0,1,4.0,54.0,1.0,4.02535169073515,4.0,1.0,1.0,1.0,2.0,0.0,0.0,0.0,0.0,0.0,0.0,0.0,1.0,0.0,0.0,0.09836065573770492,0.04092815980693253,101.75,277.0,0.07942238267148015,1.0,0.0,0.3
pallets/click,2a4c68a3e1ca6c5775a074022adf483fb3d5c611,2026-09-24T15:09:08+00:00,0,1,6.0,200.0,23.0,5.4116460518550396,13.0,1.0,4.0,1.0,1.0,0.0,0.0,0.0,0.0,0.0,0.0,0.0,1.0,0.0,0.0,0.13636363636363635,0.07838441722622125,114.16666666666667,278.0,0.07913669064748201,1.0,0.0,0.3
pallets/click,d2a4dc2c838c668fb9668fba87f65d543648d15a,2026-09-24T15:23:53+00:00,0,1,6.0,200.0,23.0,5.4116460518550396,13.0,1.0,4.0,1.0,1.0,0.0,0.0,0.0,0.0,0.0,0.0,0.0,1.0,0.0,0.0,0.13333333333333333,0.07746094314322748,115.16666666666667,279.0,0.07885304659498207,1.0,0.0,0.25
