repo,sha,created_at,label,n_runs,n_files,lines_added,lines_deleted,log_churn,n_functions_changed,n_modules,n_src_files,n_test_files,n_docs_files,n_dependency_files,n_config_files,ci_config_changed,n_db_related,n_security_related,src_without_tests,docs_only,is_pull_request,is_merge,msg_mentions_fix,hist_file_max_failure_rate,hist_file_mean_failure_rate,hist_file_mean_prior_changes,author_prior_commits,author_failure_rate,parent_known,parent_failed,repo_recent_failure_rate
python-poetry/poetry,c956178b4c9a92781003782941b8a9bb4de3c084,2026-02-13T13:39:29+00:00,0,1,5.0,92.0,0.0,4.532599493153256,4.0,1.0,1.0,4.0,0.0,1.0,0.0,0.0,0.0,0.0,0.0,0.0,1.0,0.0,0.0,0.0,0.0,0.0,0.0,0.0,0.0,0.0,0.0
python-poetry/poetry,e53e64f057edc41c0d618862b91f2ebe88c57050,2026-02-13T21:03:58+00:00,0,1,1.0,1.0,1.0,1.0986122886681098,1.0,1.0,1.0,0.0,0.0,0.0,0.0,0.0,0.0,0.0,1.0,0.0,1.0,0.0,1.0,0.0,0.0,0.0,0.0,0.0,0.0,0.0,0.0
python-poetry/poetry,913d9a9c9553d0a643b5ffb7ab12ced1d0f8a6c8,2026-02-14T09:02:18+00:00,0,1,1.0,3.0,2.0,1.791759469228055,0.0,0.0,0.0,0.0,1.0,0.0,0.0,0.0,0.0,0.0,0.0,1.0,1.0,0.0,0.0,0.0,0.0,0.0,0.0,0.0,0.0,0.0,0.0
python-poetry/poetry,3b9b705e0fbd2f87d2531da011622c29af48eecf,2026-02-14T09:08:20+00:00,0,1,1.0,11.0,11.0,3.1354942159291497,0.0,0.0,0.0,0.0,1.0,0.0,0.0,0.0,0.0,0.0,0.0,1.0,1.0,0.0,0.0,0.0,0.0,1.0,0.0,0.0,1.0,0.0,0.0
python-poetry/poetry,197571e5831bc4fae45124e490093308f1678d7d,2026-02-14T09:11:33+00:00,0,1,1.0,25.0,9.0,3.5553480614894135,0.0,0.0,0.0,0.0,1.0,0.0,0.0,0.0,0.0,0.0,0.0,1.0,0.0,0.0,0.0,0.0,0.0,2.0,0.0,0.0,0.0,0.0,0.0
python-poetry/poetry,c042d81331fc339231e1a61456d111fc92346520,2026-02-14T09:57:19+00:00,0,1,1.0,4.0,4.0,2.1972245773362196,2.0,0.0,0.0,1.0,0.0,0.0,0.0,0.0,0.0,0.0,0.0,0.0,1.0,0.0,1.0,0.0,0.0,0.0,1.0,0.0,0.0,0.0,0.0
python-poetry/poetry,2234234696ba8164d6b2d30fb2629ce7b85ff56f,2026-02-14T10:05:25+00:00,0,1,2.0,147.0,2.0,5.0106352940962555,4.0,1.0,1.0,1.0,0.0,0.0,0.0,0.0,0.0,0.0,0.0,0.0,0.0,0.0,1.0,0.0,0.0,0.5,0.0,0.0,1.0,0.0,0.0
python-poetry/poetry,89c52a8b041cf6293df8fd4b277052160e26f410,2026-02-14T12:20:02+00:00,0,1,1.0,13.0,2.0,2.772588722239781,0.0,0.0,0.0,0.0,1.0,0.0,0.0,0.0,0.0,0.0,0.0,1.0,1.0,0.0,1.0,0.0,0.0,0.0,2.0,0.0,0.0,0.0,0.0
python-poetry/poetry,896d9de0f60489d84723907b75d76accfb675a0f,2026-02-14T12:20:15+00:00,0,1,1.0,13.0,2.0,2.772588722239781,0.0,0.0,0.0,0.0,1.0,0.0,0.0,0.0,0.0,0.0,0.0,1.0,1.0,0.0,1.0,0.0,0.0,1.0,3.0,0.0,0.0,0.0,0.0
python-poetry/poetry,ad7d8f32251334c62916b7a4ba46506f45816762,2026-02-14T12:21:11+00:00,0,1,1.0,11.0,5.0,2.833213344056216,0.0,0.0,0.0,0.0,1.0,0.0,0.0,0.0,0.0,0.0,0.0,1.0,0.0,0.0,0.0,0.0,0.0,2.0,0.0,0.0,1.0,0.0,0.0
python-poetry/poetry,ca443812b5297769c38c1f9a76d8e5889b360f10,2026-02-14T12:26:46+00:00,0,1,1.0,1.0,1.0,1.0986122886681098,0.0,0.0,0.0,0.0,1.0,0.0,0.0,0.0,0.0,0.0,0.0,1.0,1.0,0.0,0.0,0.0,0.0,3.0,0.0,0.0,0.0,0.0,0.0
python-poetry/poetry,7cb8b4cfcf00b213a9dfbd1ed5e72b257118cb73,2026-02-14T12:27:27+00:00,0,1,1.0,1.0,1.0,1.0986122886681098,0.0,0.0,0.0,0.0,1.0,0.0,0.0,0.0,0.0,0.0,0.0,1.0,1.0,0.0,0.0,0.0,0.0,4.0,4.0,0.0,1.0,0.0,0.0
python-poetry/poetry,295a7a02522d183e6d46fecd2bef27a2df7bc60c,2026-02-14T12:28:31+00:00,0,1,1.0,9.0,4.0,2.6390573296152584,0.0,0.0,0.0,0.0,1.0,0.0,0.0,0.0,0.0,0.0,0.0,1.0,0.0,0.0,0.0,0.0,0.0,5.0,1.0,0.0,1.0,0.0,0.0
python-poetry/poetry,42d9cabbe1110846dc14eae37b5f60aacb248db9,2026-02-15T10:02:51+00:00,0,1,1.0,1.0,1.0,1.0986122886681098,1.0,0.0,0.0,1.0,0.0,0.0,0.0,0.0,0.0,0.0,0.0,0.0,1.0,0.0,1.0,0.0,0.0,0.0,0.0,0.0,0.0,0.0,0.0
python-poetry/poetry,df570ee779aed24a699027ad0465ad8aed265c54,2026-02-15T10:16:51+00:00,0,1,3.0,69.0,5.0,4.31748811353631,2.0,1.0,1.0,2.0,0.0,0.0,0.0,0.0,0.0,0.0,0.0,0.0,0.0,0.0,1.0,0.0,0.0,0.3333333333333333,0.0,0.0,1.0,0.0,0.0
python-poetry/poetry,82619e61c6e92abdfbb35e4eb51c588f749c12af,2026-02-16T00:17:09+00:00,0,1,2.0,5.0,30.0,3.58351893845611,4.0,1.0,1.0,1.0,0.0,0.0,0.0,0.0,0.0,0.0,0.0,0.0,1.0,0.0,0.0,0.0,0.0,0.0,1.0,0.0,0.0,0.0,0.0
python-poetry/poetry,6716d4fa3881fdc5ac5e5129131f27b95d9e664a,2026-02-16T07:44:09+00:00,0,1,2.0,42.0,18.0,4.110873864173311,3.0,1.0,1.0,1.0,0.0,0.0,0.0,0.0,0.0,0.0,0.0,0.0,1.0,0.0,0.0,0.0,0.0,1.0,2.0,0.0,1.0,0.0,0.0
python-poetry/poetry,623170a0972836c54ecd17b9d80f489f33a0aec0,2026-02-16T19:11:26+00:00,0,1,2.0,107.0,0.0,4.68213122712422,4.0,1.0,1.0,1.0,0.0,0.0,0.0,0.0,0.0,0.0,0.0,0.0,1.0,0.0,0.0,0.0,0.0,2.0,3.0,0.0,0.0,0.0,0.0
python-poetry/poetry,e181d92e90b3c473ef6c37776082724c4662625c,2026-02-16T20:56:50+00:00,0,2,1.0,1.0,1.0,1.0986122886681098,0.0,0.0,0.0,0.0,0.0,0.0,1.0,0.0,0.0,0.0,0.0,0.0,1.0,0.0,0.0,0.0,0.0,0.0,0.0,0.0,1.0,0.0,0.0
python-poetry/poetry,eea7d6cb7850b8e805b8fe9212374f99314a2cce,2026-02-18T17:04:30+00:00,0,1,1.0,1.0,1.0,1.0986122886681098,0.0,0.0,0.0,0.0,1.0,0.0,0.0,0.0,0.0,0.0,0.0,1.0,1.0,0.0,0.0,0.0,0.0,0.0,0.0,0.0,1.0,0.0,0.0
python-poetry/poetry,d2d77b11d7e2a0e4b21d9a0af6ffcb49a9760802,2026-02-19T10:10:44+00:00,0,1,1.0,1.0,1.0,1.0986122886681098,0.0,0.0,0.0,0.0,1.0,0.0,0.0,0.0,0.0,0.0,0.0,1.0,0.0,0.0,0.0,0.0,0.0,1.0,1.0,0.0,1.0,0.0,0.0
python-poetry/poetry,9405d4590b1eae2a1223e1c00c899f6d0bf97f90,2026-02-19T10:11:05+00:00,0,2,1.0,1.0,1.0,1.0986122886681098,0.0,0.0,0.0,0.0,0.0,0.0,1.0,0.0,0.0,0.0,0.0,0.0,1.0,0.0,0.0,0.0,0.0,1.0,1.0,0.0,1.0,0.0,0.0
python-poetry/poetry,ad9ab00841c6854cd0e5a80f91e30f14bdd47dbe,2026-02-19T10:11:46+00:00,0,1,1.0,1.0,1.0,1.0986122886681098,0.0,0.0,0.0,0.0,0.0,0.0,1.0,0.0,0.0,0.0,0.0,0.0,0.0,0.0,0.0,0.0,0.0,2.0,2.0,0.0,1.0,0.0,0.0
python-poetry/poetry,27e18657ed8755e35b397e759117a9aac95a3844,2026-02-20T06:42:44+00:00,0,1,1.0,1.0,2.0,1.3862943611198906,1.0,1.0,1.0,0.0,0.0,0.0,0.0,0.0,0.0,0.0,1.0,0.0,1.0,0.0,1.0,0.0,0.0,0.0,0.0,0.0,1.0,0.0,0.0
python-poetry/poetry,346ddf2184d5e5ef46452b2eba454493808d2a99,2026-02-20T06:43:33+00:00,0,1,2.0,37.0,1.0,3.6635616461296463,2.0,1.0,1.0,0.0,1.0,0.0,0.0,0.0,0.0,0.0,1.0,0.0,1.0,0.0,1.0,0.0,0.0,0.0,0.0,0.0,1.0,0.0,0.0
python-poetry/poetry,4b0dd0c7d3c313e873c7fae99baff2040118530e,2026-02-20T06:44:17+00:00,0,1,2.0,18.0,0.0,2.9444389791664403,1.0,1.0,1.0,0.0,1.0,0.0,0.0,0.0,0.0,0.0,1.0,0.0,1.0,0.0,0.0,0.0,0.0,0.0,0.0,0.0,1.0,0.0,0.0
python-poetry/poetry,4f10e545be9b42c8c408e2288baa6b0e041fa0d6,2026-02-20T06:55:34+00:00,0,1,1.0,8.0,1.0,2.302585092994046,1.0,1.0,1.0,0.0,0.0,0.0,0.0,0.0,0.0,0.0,1.0,0.0,1.0,0.0,1.0,0.0,0.0,1.0,3.0,0.0,1.0,0.0,0.0
python-poetry/poetry,b722ef9dc590c217897d5bfaf2d346223ba1f210,2026-02-20T06:55:43+00:00,0,1,1.0,2.0,0.0,1.0986122886681098,1.0,1.0,1.0,0.0,0.0,0.0,0.0,0.0,0.0,0.0,1.0,0.0,1.0,0.0,0.0,0.0,0.0,2.0,3.0,0.0,1.0,0.0,0.0
python-poetry/poetry,8a1b38d852c7aadc7f94555beb115eed2902fe49,2026-02-20T07:51:05+00:00,0,1,2.0,107.0,0.0,4.68213122712422,4.0,1.0,1.0,1.0,0.0,0.0,0.0,0.0,0.0,0.0,0.0,0.0,1.0,0.0,0.0,0.0,0.0,3.0,4.0,0.0,1.0,0.0,0.0
python-poetry/poetry,6ae3c28627ab6fcd575856db5295517ea0321b98,2026-02-21T05:34:49+00:00,0,1,1.0,1.0,2.0,1.3862943611198906,1.0,1.0,1.0,0.0,0.0,0.0,0.0,0.0,0.0,0.0,1.0,0.0,0.0,0.0,1.0,0.0,0.0,3.0,5.0,0.0,1.0,0.0,0.0
python-poetry/poetry,d5df9f0f0b1262ba2906af15619382d0a34d112a,2026-02-21T16:45:51+00:00,0,1,1.0,11.0,23.0,3.5553480614894135,0.0,0.0,0.0,0.0,1.0,0.0,0.0,0.0,0.0,0.0,0.0,1.0,1.0,0.0,1.0,0.0,0.0,0.0,0.0,0.0,1.0,0.0,0.0
python-poetry/poetry,3991d0025654e817a2b48fcd81aa76fd1364f6c5,2026-02-23T02:49:54+00:00,0,1,2.0,45.0,1.0,3.8501476017100584,3.0,1.0,1.0,1.0,0.0,0.0,0.0,0.0,0.0,0.0,0.0,0.0,1.0,0.0,0.0,0.0,0.0,4.0,5.0,0.0,0.0,0.0,0.0
python-poetry/poetry,cb20652dbb1561bbf9fd7dfd6613f948e7848833,2026-02-23T04:42:48+00:00,0,1,2.0,1.0,4.0,1.791759469228055,1.0,1.0,1.0,1.0,0.0,0.0,0.0,0.0,0.0,0.0,0.0,0.0,1.0,0.0,1.0,0.0,0.0,5.0,6.0,0.0,1.0,0.0,0.0
python-poetry/poetry,05fc22fb4f6f6b6d9ddc592aeb99fbc1b29b960b,2026-02-23T21:30:20+00:00,0,2,1.0,1.0,1.0,1.0986122886681098,0.0,0.0,0.0,0.0,0.0,0.0,1.0,0.0,0.0,0.0,0.0,0.0,1.0,0.0,0.0,0.0,0.0,3.0,3.0,0.0,1.0,0.0,0.0
python-poetry/poetry,c6671a054fa760b0bb3be9ae410fff8151d60175,2026-02-24T01:08:48+00:00,0,1,2.0,35.0,2.0,3.6375861597263857,3.0,1.0,1.0,1.0,0.0,0.0,0.0,0.0,0.0,0.0,0.0,0.0,1.0,0.0,1.0,0.0,0.0,0.0,0.0,0.0,0.0,0.0,0.0
python-poetry/poetry,1f8c6727f3d8624a1c91fd7d62c7eb22ea5aa242,2026-02-24T01:33:14+00:00,0,1,1.0,1.0,0.0,0.6931471805599453,1.0,1.0,1.0,0.0,0.0,0.0,0.0,0.0,0.0,0.0,1.0,0.0,1.0,0.0,0.0,0.0,0.0,0.0,1.0,0.0,1.0,0.0,0.0
python-poetry/poetry,38d02e4441521ec51631b7daf5f2390eb7dfac07,2026-02-24T02:08:35+00:00,0,1,5.0,11.0,8.0,2.995732273553991,4.0,4.0,4.0,1.0,0.0,0.0,0.0,0.0,0.0,0.0,0.0,0.0,1.0,0.0,0.0,0.0,0.0,0.4,2.0,0.0,1.0,0.0,0.0
python-poetry/poetry,a47d6f298e26d9a43e2a0c9896cce2e14cbdcf8d,2026-02-24T07:51:36+00:00,0,1,1.0,5.0,3.0,2.1972245773362196,1.0,1.0,1.0,0.0,0.0,0.0,0.0,0.0,0.0,1.0,1.0,0.0,1.0,0.0,1.0,0.0,0.0,0.0,0.0,0.0,1.0,0.0,0.0
python-poetry/poetry,6d300b8b89a68df6b7921266fddf80ea48c61e6a,2026-02-24T08:51:33+00:00,0,1,1.0,1.0,1.0,1.0986122886681098,0.0,0.0,0.0,0.0,0.0,0.0,1.0,0.0,0.0,0.0,0.0,0.0,0.0,0.0,0.0,0.0,0.0,4.0,4.0,0.0,1.0,0.0,0.0
python-poetry/poetry,ce94c325747ced5f9f578ed3d2ea18fd8c3ce3d6,2026-02-24T09:04:34+00:00,0,1,1.0,1.0,1.0,1.0986122886681098,0.0,0.0,0.0,0.0,0.0,0.0,1.0,0.0,0.0,0.0,0.0,0.0,1.0,1.0,1.0,0.0,0.0,5.0,0.0,0.0,1.0,0.0,0.0
python-poetry/poetry,949196661382d9c9e5fa68ee9b45ae457415e953,2026-02-24T17:40:45+00:00,0,1,1.0,1.0,1.0,1.0986122886681098,0.0,0.0,0.0,0.0,1.0,0.0,0.0,0.0,0.0,0.0,0.0,1.0,1.0,0.0,1.0,0.0,0.0,3.0,0.0,0.0,1.0,0.0,0.0
python-poetry/poetry,d4e9399affb2c0f4b1f835131733f3185aa0d1f6,2026-02-25T09:43:26+00:00,0,1,1.0,1.0,1.0,1.0986122886681098,0.0,0.0,0.0,0.0,1.0,0.0,0.0,0.0,0.0,0.0,0.0,1.0,0.0,0.0,1.0,0.0,0.0,4.0,1.0,0.0,1.0,0.0,0.0
python-poetry/poetry,29b978473eb914a8ea04d8c78654d0ab853c9592,2026-02-27T15:25:26+00:00,0,1,1.0,2.0,2.0,1.6094379124341003,2.0,0.0,0.0,1.0,0.0,0.0,0.0,0.0,0.0,0.0,0.0,0.0,1.0,0.0,0.0,0.0,0.0,6.0,5.0,0.0,0.0,0.0,0.0
python-poetry/poetry,9eac0a9e741b4d7d404d96555e6563aedeba8112,2026-02-27T15:32:20+00:00,0,1,2.0,148.0,0.0,5.003946305945459,6.0,1.0,1.0,1.0,0.0,0.0,0.0,0.0,0.0,0.0,0.0,0.0,0.0,0.0,0.0,0.0,0.0,6.5,1.0,0.0,1.0,0.0,0.0
python-poetry/poetry,3aba07bb137c5cd661b9217921142c4ad27cadef,2026-02-28T10:43:56+00:00,0,1,2.0,14.0,14.0,3.367295829986474,2.0,2.0,2.0,0.0,0.0,0.0,0.0,0.0,0.0,0.0,1.0,0.0,1.0,0.0,0.0,0.0,0.0,2.0,6.0,0.0,0.0,0.0,0.0
python-poetry/poetry,029685cfb1b1516c0eb5e6e7a02fd29683f17cc6,2026-02-28T10:51:19+00:00,0,1,6.0,63.0,4.0,4.219507705176107,7.0,4.0,4.0,2.0,0.0,0.0,0.0,0.0,0.0,0.0,0.0,0.0,0.0,0.0,1.0,0.0,0.0,1.6666666666666667,0.0,0.0,1.0,0.0,0.0
python-poetry/poetry,0aa6312bd14c130cc7c1836163f0bd2166dca354,2026-02-28T13:45:13+00:00,0,1,2.0,1.0,101.0,4.634728988229636,0.0,0.0,0.0,2.0,0.0,0.0,1.0,0.0,0.0,0.0,0.0,0.0,1.0,0.0,0.0,0.0,0.0,0.0,0.0,0.0,0.0,0.0,0.0
python-poetry/poetry,6117ad2e03c6a164234b057f13d84d0cf473a1bd,2026-03-02T15:44:35+00:00,0,1,1.0,48.0,3.0,3.9512437185814275,0.0,0.0,0.0,0.0,1.0,0.0,0.0,0.0,0.0,0.0,0.0,1.0,1.0,0.0,0.0,0.0,0.0,0.0,7.0,0.0,1.0,0.0,0.0
python-poetry/poetry,391dc169478217e78580ff83de8feb3c5b885ee7,2026-03-02T21:51:37+00:00,0,2,1.0,1.0,1.0,1.0986122886681098,0.0,0.0,0.0,0.0,0.0,0.0,1.0,0.0,0.0,0.0,0.0,0.0,1.0,0.0,0.0,0.0,0.0,6.0,5.0,0.0,1.0,0.0,0.0
python-poetry/poetry,abe08c0242d4d6436320020cbefd0a019ef35c29,2026-03-03T07:24:19+00:00,0,1,2.0,5.0,6.0,2.4849066497880004,2.0,1.0,1.0,1.0,0.0,0.0,0.0,0.0,0.0,0.0,0.0,0.0,1.0,0.0,0.0,0.0,0.0,0.5,3.0,0.0,0.0,0.0,0.0
python-poetry/poetry,caa00e38a031c1a50d54dff38936e9c80994d2ba,2026-03-03T09:24:09+00:00,0,1,2.0,4.0,3.0,2.0794415416798357,2.0,1.0,1.0,1.0,0.0,0.0,0.0,0.0,0.0,0.0,0.0,0.0,1.0,0.0,1.0,0.0,0.0,0.0,4.0,0.0,0.0,0.0,0.0
python-poetry/poetry,da787921be5c844945ea6ef8d53bbb2217cf922f,2026-03-05T20:11:13+00:00,0,1,1.0,14.0,0.0,2.70805020110221,0.0,0.0,0.0,0.0,1.0,0.0,0.0,0.0,0.0,0.0,0.0,1.0,1.0,0.0,0.0,0.0,0.0,0.0,0.0,0.0,1.0,0.0,0.0
python-poetry/poetry,a772a845c6609d955ee6184d48d0198566ae2f9a,2026-03-06T01:00:51+00:00,0,1,1.0,9.0,0.0,2.302585092994046,0.0,0.0,0.0,0.0,1.0,0.0,0.0,0.0,0.0,0.0,0.0,1.0,1.0,0.0,0.0,0.0,0.0,2.0,0.0,0.0,1.0,0.0,0.0
python-poetry/poetry,aa141fdb665b343efeee47ecdf95a0edfbda2f22,2026-03-06T01:24:32+00:00,0,1,1.0,2.0,2.0,1.6094379124341003,0.0,0.0,0.0,0.0,1.0,0.0,0.0,0.0,0.0,0.0,0.0,1.0,1.0,0.0,1.0,0.0,0.0,3.0,1.0,0.0,1.0,0.0,0.0
python-poetry/poetry,32fb4ecfda0df54fccd885ab9e0620518e11af21,2026-03-06T12:46:12+00:00,0,1,2.0,30.0,12.0,3.7612001156935624,3.0,1.0,1.0,1.0,0.0,0.0,0.0,0.0,0.0,0.0,0.0,0.0,1.0,0.0,0.0,0.0,0.0,0.0,0.0,0.0,0.0,0.0,0.0
python-poetry/poetry,161e68beda53b2d530c4cf123fd679047ff203d3,2026-03-07T06:20:08+00:00,0,1,1.0,48.0,3.0,3.9512437185814275,0.0,0.0,0.0,0.0,1.0,0.0,0.0,0.0,0.0,0.0,0.0,1.0,0.0,0.0,0.0,0.0,0.0,1.0,8.0,0.0,1.0,0.0,0.0
python-poetry/poetry,8dccde9a67eb6114c174b1cac1e48e72fdd55e41,2026-03-07T10:11:21+00:00,0,1,1.0,9.0,3.0,2.5649493574615367,1.0,0.0,0.0,1.0,0.0,0.0,0.0,0.0,0.0,0.0,0.0,0.0,1.0,0.0,0.0,0.0,0.0,1.0,9.0,0.0,0.0,0.0,0.0
python-poetry/poetry,655bb7491db123f575e47d0a5702bee89ae2eff2,2026-03-07T10:24:26+00:00,0,1,1.0,9.0,3.0,2.5649493574615367,1.0,0.0,0.0,1.0,0.0,0.0,0.0,0.0,0.0,0.0,0.0,0.0,1.0,0.0,0.0,0.0,0.0,2.0,10.0,0.0,0.0,0.0,0.0
python-poetry/poetry,9ebca0150d0f495ebc91118c3d5fcb9d44d4eb54,2026-03-07T10:30:30+00:00,0,1,2.0,26.0,23.0,3.912023005428146,5.0,1.0,1.0,1.0,0.0,0.0,0.0,0.0,0.0,0.0,0.0,0.0,0.0,0.0,1.0,0.0,0.0,2.5,1.0,0.0,1.0,0.0,0.0
python-poetry/poetry,216aa79371bf820523f4dbef6bf7094f4d8eb4c8,2026-03-07T15:46:14+00:00,0,2,3.0,74.0,26.0,4.61512051684126,5.0,1.0,1.0,1.0,1.0,0.0,0.0,0.0,0.0,0.0,0.0,0.0,1.0,1.0,0.0,0.0,0.0,3.0,0.0,0.0,1.0,0.0,0.0
python-poetry/poetry,cec7b0bf9e69d11b9ef05bea3d4c6a3c25c4b43a,2026-03-07T15:47:04+00:00,0,1,1.0,1.0,1.0,1.0986122886681098,0.0,0.0,0.0,0.0,0.0,0.0,1.0,0.0,0.0,0.0,0.0,0.0,0.0,0.0,0.0,0.0,0.0,7.0,6.0,0.0,1.0,0.0,0.0
python-poetry/poetry,283848a82776899dc6ed0ee4564aff4b6f906bc0,2026-03-07T23:55:20+00:00,0,1,1.0,2.0,2.0,1.6094379124341003,0.0,0.0,0.0,0.0,1.0,0.0,0.0,0.0,0.0,0.0,0.0,1.0,1.0,0.0,0.0,0.0,0.0,4.0,0.0,0.0,1.0,0.0,0.0
python-poetry/poetry,a519ba5fc89f6e761171b6814c1d3c5e83d4692f,2026-03-09T21:43:43+00:00,0,2,1.0,2.0,2.0,1.6094379124341003,0.0,0.0,0.0,0.0,0.0,0.0,1.0,0.0,0.0,0.0,0.0,0.0,1.0,0.0,0.0,0.0,0.0,8.0,7.0,0.0,1.0,0.0,0.0
python-poetry/poetry,4f74491b025dea0a6e93fa9b0dcc65d19a3b619c,2026-03-10T22:59:44+00:00,0,1,1.0,2.0,2.0,1.6094379124341003,0.0,0.0,0.0,0.0,1.0,0.0,0.0,0.0,0.0,0.0,0.0,1.0,1.0,0.0,1.0,0.0,0.0,0.0,0.0,0.0,1.0,0.0,0.0
python-poetry/poetry,4b998d1493dd5ead6c571e0488f624382f8b012c,2026-03-11T00:41:22+00:00,0,1,2.0,22.0,3.0,3.258096538021482,2.0,1.0,1.0,1.0,0.0,0.0,0.0,0.0,0.0,0.0,0.0,0.0,1.0,0.0,1.0,0.0,0.0,0.0,0.0,0.0,1.0,0.0,0.0
python-poetry/poetry,5673d4557d76208f30ce77e0ca6ea2d4f19a4165,2026-03-11T00:48:08+00:00,0,1,1.0,6.0,0.0,1.9459101490553132,1.0,0.0,0.0,1.0,0.0,0.0,0.0,0.0,0.0,0.0,0.0,0.0,1.0,0.0,0.0,0.0,0.0,1.0,1.0,0.0,0.0,0.0,0.0
python-poetry/poetry,0facb5c21ae2816854c7703069b0b7405be4cb13,2026-03-11T00:58:35+00:00,0,1,1.0,12.0,6.0,2.9444389791664403,1.0,0.0,0.0,1.0,0.0,0.0,0.0,0.0,0.0,0.0,0.0,0.0,1.0,0.0,1.0,0.0,0.0,0.0,2.0,0.0,0.0,0.0,0.0
python-poetry/poetry,b0d170ab54d33c26ed3d50f67d5bcfbdac0745be,2026-03-11T01:21:07+00:00,0,1,1.0,6.0,0.0,1.9459101490553132,1.0,0.0,0.0,1.0,0.0,0.0,0.0,0.0,0.0,0.0,0.0,0.0,1.0,0.0,0.0,0.0,0.0,2.0,3.0,0.0,1.0,0.0,0.0
python-poetry/poetry,8614fbce0b5d3b2c96f63611176167cb8d0a2b07,2026-03-11T01:26:43+00:00,0,1,1.0,5.0,0.0,1.791759469228055,1.0,0.0,0.0,1.0,0.0,0.0,0.0,0.0,0.0,0.0,0.0,0.0,1.0,0.0,0.0,0.0,0.0,3.0,4.0,0.0,1.0,0.0,0.0
python-poetry/poetry,b43a8b6875d01e461ac9cdc91b1dbceeba330498,2026-03-13T17:12:03+00:00,0,1,1.0,1.0,1.0,1.0986122886681098,0.0,1.0,1.0,0.0,0.0,0.0,0.0,0.0,0.0,0.0,1.0,0.0,1.0,0.0,0.0,0.0,0.0,1.0,0.0,0.0,0.0,0.0,0.0
python-poetry/poetry,7b6c7f313fc357c336bdc1a4a886ec1dcbca027e,2026-03-15T09:42:15+00:00,0,1,1.0,1.0,0.0,0.6931471805599453,0.0,1.0,1.0,0.0,0.0,0.0,0.0,0.0,0.0,0.0,1.0,0.0,0.0,0.0,0.0,0.0,0.0,2.0,1.0,0.0,1.0,0.0,0.0
python-poetry/poetry,03b92fc2e510a970a0377d447e87842b19f3033d,2026-03-15T09:45:20+00:00,0,1,1.0,2.0,2.0,1.6094379124341003,0.0,1.0,1.0,0.0,0.0,0.0,0.0,0.0,0.0,0.0,1.0,0.0,1.0,0.0,1.0,0.0,0.0,2.0,11.0,0.0,0.0,0.0,0.0
python-poetry/poetry,48e5ce0c06ae4eb5832641b3214cab945c892307,2026-03-15T09:58:02+00:00,0,1,1.0,2.0,2.0,1.6094379124341003,0.0,1.0,1.0,0.0,0.0,0.0,0.0,0.0,0.0,0.0,1.0,0.0,0.0,0.0,1.0,0.0,0.0,4.0,12.0,0.0,1.0,0.0,0.0
python-poetry/poetry,eb47e6d3b712ea06fac80f86021476bbfb17667b,2026-03-15T09:58:16+00:00,0,1,1.0,2.0,2.0,1.6094379124341003,0.0,0.0,0.0,0.0,1.0,0.0,0.0,0.0,0.0,0.0,0.0,1.0,1.0,0.0,0.0,0.0,0.0,5.0,1.0,0.0,0.0,0.0,0.0
python-poetry/poetry,a33643d3a12320b6b6da6e0c38ed1e802fdb4315,2026-03-15T10:05:40+00:00,0,1,1.0,3.0,1.0,1.6094379124341003,0.0,0.0,0.0,0.0,1.0,0.0,0.0,0.0,0.0,0.0,0.0,1.0,1.0,0.0,1.0,0.0,0.0,6.0,13.0,0.0,1.0,0.0,0.0
python-poetry/poetry,afd03cc338e29b3b38e73daeae50e274492d4a1e,2026-03-15T10:31:37+00:00,0,1,1.0,2.0,1.0,1.3862943611198906,0.0,0.0,0.0,0.0,1.0,0.0,0.0,0.0,0.0,0.0,0.0,1.0,1.0,0.0,0.0,0.0,0.0,7.0,14.0,0.0,1.0,0.0,0.0
python-poetry/poetry,2c270050111bf57bed83b76e73e11292d13665e7,2026-03-15T10:36:44+00:00,0,1,1.0,12.0,0.0,2.5649493574615367,0.0,0.0,0.0,0.0,1.0,0.0,0.0,0.0,0.0,0.0,0.0,1.0,0.0,0.0,0.0,0.0,0.0,8.0,2.0,0.0,1.0,0.0,0.0
python-poetry/poetry,ff542f9abe01fe05fa8ce750b80156fdbf31e493,2026-03-16T21:40:44+00:00,0,2,1.0,2.0,2.0,1.6094379124341003,0.0,0.0,0.0,0.0,0.0,0.0,1.0,0.0,0.0,0.0,0.0,0.0,1.0,0.0,0.0,0.0,0.0,9.0,8.0,0.0,1.0,0.0,0.0
python-poetry/poetry,aa866ed021f88c1598acdcdb24e7400e428f19d2,2026-03-19T16:10:16+00:00,0,1,1.0,14.0,16.0,3.4339872044851463,3.0,0.0,0.0,1.0,0.0,0.0,0.0,0.0,0.0,0.0,0.0,0.0,1.0,0.0,0.0,0.0,0.0,1.0,5.0,0.0,1.0,0.0,0.0
python-poetry/poetry,edc596c6e6fcb3b36172fbfb8c868dcd2b6596ba,2026-03-19T16:53:10+00:00,0,1,1.0,10.0,5.0,2.772588722239781,1.0,0.0,0.0,1.0,0.0,0.0,0.0,0.0,0.0,0.0,0.0,0.0,1.0,0.0,0.0,0.0,0.0,2.0,6.0,0.0,1.0,0.0,0.0
python-poetry/poetry,2bc73fec447554d2af823a3894556361e0c7837e,2026-03-20T03:12:17+00:00,0,1,1.0,8.0,9.0,2.8903717578961645,1.0,1.0,1.0,0.0,0.0,0.0,0.0,0.0,0.0,0.0,1.0,0.0,1.0,0.0,1.0,0.0,0.0,1.0,0.0,0.0,1.0,0.0,0.0
python-poetry/poetry,5623aae0f057e6eadb17fa4d4e9e1fa5e7f6492a,2026-03-20T18:43:44+00:00,0,1,1.0,10.0,5.0,2.772588722239781,1.0,0.0,0.0,1.0,0.0,0.0,0.0,0.0,0.0,0.0,0.0,0.0,1.0,0.0,0.0,0.0,0.0,3.0,7.0,0.0,0.0,0.0,0.0
python-poetry/poetry,f5751c712bf5d25a44524de968e695a4be2e67ba,2026-03-21T00:07:50+00:00,0,1,1.0,7.0,3.0,2.3978952727983707,1.0,1.0,1.0,0.0,0.0,0.0,0.0,0.0,0.0,0.0,1.0,0.0,1.0,0.0,0.0,0.0,0.0,2.0,1.0,0.0,0.0,0.0,0.0
python-poetry/poetry,09ab0b4ec3586b3dc24a5dbcb5dbedb39baffb6f,2026-03-21T08:48:29+00:00,0,1,1.0,2.0,4.0,1.9459101490553132,1.0,0.0,0.0,1.0,0.0,0.0,0.0,0.0,0.0,0.0,0.0,0.0,1.0,0.0,0.0,0.0,0.0,4.0,15.0,0.0,1.0,0.0,0.0
python-poetry/poetry,157715887a0c538aec3ecc600467674818e0731e,2026-03-21T09:02:59+00:00,0,1,1.0,33.0,0.0,3.5263605246161616,1.0,0.0,0.0,1.0,0.0,0.0,0.0,0.0,0.0,0.0,0.0,0.0,0.0,0.0,0.0,0.0,0.0,5.0,8.0,0.0,1.0,0.0,0.0
python-poetry/poetry,157a5a90fe5d32d606e5e8f52658e91f458c75ac,2026-03-21T09:15:57+00:00,0,1,3.0,66.0,4.0,4.2626798770413155,5.0,1.0,1.0,2.0,0.0,0.0,0.0,0.0,0.0,0.0,0.0,0.0,1.0,0.0,0.0,0.0,0.0,0.0,16.0,0.0,1.0,0.0,0.0
python-poetry/poetry,97f2ebb68464cefeaf4150380ac81f758ad64737,2026-03-21T09:42:04+00:00,0,1,3.0,68.0,4.0,4.290459441148391,5.0,1.0,1.0,2.0,0.0,0.0,0.0,0.0,0.0,0.0,0.0,0.0,1.0,0.0,0.0,0.0,0.0,1.0,17.0,0.0,1.0,0.0,0.0
python-poetry/poetry,e34c55adef23ea3a91cf75d347d253eac7c49037,2026-03-21T12:04:30+00:00,0,1,1.0,5.0,0.0,1.791759469228055,1.0,0.0,0.0,1.0,0.0,0.0,0.0,0.0,0.0,0.0,0.0,0.0,1.0,0.0,0.0,0.0,0.0,4.0,9.0,0.0,0.0,0.0,0.0
python-poetry/poetry,672029018efd84a273be1501d4357e291784d84b,2026-03-22T11:53:48+00:00,0,1,2.0,2.0,2.0,1.6094379124341003,2.0,1.0,1.0,1.0,0.0,0.0,0.0,0.0,0.0,0.0,0.0,0.0,1.0,0.0,0.0,0.0,0.0,4.0,10.0,0.0,0.0,0.0,0.0
python-poetry/poetry,4b0d0a1014df62b249c3249234030c9ab2e650e3,2026-03-22T23:26:37+00:00,0,1,1.0,244.0,57.0,5.71042701737487,30.0,0.0,0.0,1.0,0.0,0.0,0.0,0.0,0.0,0.0,0.0,0.0,1.0,0.0,0.0,0.0,0.0,6.0,0.0,0.0,1.0,0.0,0.0
python-poetry/poetry,76f9157a1db4201f5958e5debce07ee3a13d0d1e,2026-03-23T15:43:28+00:00,0,1,2.0,44.0,0.0,3.8066624897703196,3.0,1.0,1.0,1.0,0.0,0.0,0.0,0.0,0.0,0.0,0.0,0.0,1.0,0.0,1.0,0.0,0.0,2.0,11.0,0.0,1.0,0.0,0.0
python-poetry/poetry,15b6433678e10a0347aa4fa98c9dfa8c27d386f4,2026-03-23T16:14:26+00:00,0,1,2.0,9.0,5.0,2.70805020110221,3.0,1.0,1.0,1.0,0.0,0.0,0.0,0.0,0.0,0.0,0.0,0.0,1.0,0.0,0.0,0.0,0.0,3.0,12.0,0.0,1.0,0.0,0.0
python-poetry/poetry,fb652bedf091326209a2d8b90b5c84e60845cf67,2026-03-23T21:07:11+00:00,0,2,1.0,2.0,2.0,1.6094379124341003,0.0,0.0,0.0,0.0,0.0,0.0,1.0,0.0,0.0,0.0,0.0,0.0,1.0,0.0,0.0,0.0,0.0,10.0,9.0,0.0,1.0,0.0,0.0
python-poetry/poetry,dd961c371dd48ba89db5be21a690c610a68ea0b1,2026-03-24T12:47:36+00:00,0,1,2.0,21.0,1.0,3.1354942159291497,2.0,1.0,1.0,1.0,0.0,0.0,0.0,0.0,0.0,0.0,0.0,0.0,1.0,0.0,1.0,0.0,0.0,0.0,0.0,0.0,1.0,0.0,0.0
python-poetry/poetry,5780ee5d6ad5051a79587bb85db04cca2455205a,2026-03-24T13:53:01+00:00,0,1,1.0,2.0,1.0,1.3862943611198906,1.0,0.0,0.0,1.0,0.0,0.0,0.0,0.0,0.0,0.0,0.0,0.0,1.0,0.0,1.0,0.0,0.0,1.0,1.0,0.0,1.0,0.0,0.0
python-poetry/poetry,4466bb2c4f32deba1bfc1fcb9e9b62a9d35b59b5,2026-03-24T20:55:27+00:00,0,1,5.0,335.0,24.0,5.886104031450156,18.0,2.0,3.0,2.0,0.0,0.0,0.0,0.0,0.0,0.0,0.0,0.0,1.0,0.0,0.0,0.0,0.0,0.0,0.0,0.0,1.0,0.0,0.0
python-poetry/poetry,ac38f0cdcd8f7426025ffad267046d030ef51c6d,2026-03-25T02:21:07+00:00,0,1,1.0,1.0,1.0,1.0986122886681098,0.0,0.0,0.0,0.0,1.0,0.0,0.0,0.0,0.0,0.0,0.0,1.0,1.0,0.0,1.0,0.0,0.0,9.0,0.0,0.0,1.0,0.0,0.0
python-poetry/poetry,8a3a78ba6c869f0d2747e70787ce28b68fb2a458,2026-03-25T02:24:02+00:00,0,1,3.0,41.0,4.0,3.828641396489095,4.0,2.0,2.0,1.0,0.0,0.0,0.0,0.0,0.0,0.0,0.0,0.0,1.0,0.0,1.0,0.0,0.0,2.6666666666666665,0.0,0.0,1.0,0.0,0.0
python-poetry/poetry,40bec93fec0425563b52e3175dfcc3d07b936cc4,2026-03-25T16:07:07+00:00,0,1,1.0,1.0,1.0,1.0986122886681098,0.0,0.0,0.0,0.0,1.0,0.0,0.0,0.0,0.0,0.0,0.0,1.0,0.0,0.0,1.0,0.0,0.0,10.0,1.0,0.0,1.0,0.0,0.0
python-poetry/poetry,96883826998f964ae12963fac0b4751bedd04b50,2026-03-25T16:10:52+00:00,0,1,1.0,1.0,1.0,1.0986122886681098,0.0,0.0,0.0,0.0,1.0,0.0,0.0,0.0,0.0,0.0,0.0,1.0,0.0,0.0,1.0,0.0,0.0,11.0,2.0,0.0,0.0,0.0,0.0
python-poetry/poetry,eb3f4b08cca20a9fff91ccdbd1eef26f52d5e544,2026-03-25T18:04:21+00:00,0,1,2.0,47.0,0.0,3.871201010907891,3.0,1.0,1.0,1.0,0.0,0.0,0.0,0.0,0.0,0.0,0.0,0.0,1.0,0.0,1.0,0.0,0.0,0.0,0.0,0.0,1.0,0.0,0.0
python-poetry/poetry,c04dc133f68c600c784c8e67a13715b67c16fc17,2026-03-25T18:13:13+00:00,0,1,1.0,2.0,0.0,1.0986122886681098,0.0,0.0,0.0,0.0,1.0,0.0,0.0,0.0,0.0,0.0,0.0,1.0,1.0,0.0,1.0,0.0,0.0,0.0,1.0,0.0,1.0,0.0,0.0
python-poetry/poetry,941a9c207515fa900a18d31becd1b0013ce358f4,2026-03-25T18:27:51+00:00,0,1,2.0,4.0,1.0,1.791759469228055,1.0,1.0,1.0,1.0,0.0,0.0,0.0,0.0,0.0,0.0,0.0,0.0,1.0,0.0,1.0,0.0,0.0,1.0,10.0,0.0,1.0,0.0,0.0
python-poetry/poetry,3a5e71896cc9b36baf552c1d3529075d4ec7e06c,2026-03-28T04:03:19+00:00,0,1,4.0,20.0,20.0,3.713572066704308,19.0,2.0,2.0,2.0,0.0,0.0,0.0,0.0,0.0,0.0,0.0,0.0,1.0,0.0,0.0,0.0,0.0,0.75,0.0,0.0,1.0,0.0,0.0
python-poetry/poetry,a35955f4239c129d7599feed8e3a3c39befb4176,2026-03-28T09:38:11+00:00,0,1,3.0,52.0,0.0,3.970291913552122,3.0,1.0,1.0,1.0,1.0,0.0,0.0,0.0,0.0,0.0,0.0,0.0,0.0,0.0,1.0,0.0,0.0,1.6666666666666667,0.0,0.0,1.0,0.0,0.0
python-poetry/poetry,af9aac946caf4de8b74762efadec23641bae9d18,2026-03-28T11:25:26+00:00,0,1,1.0,2.0,4.0,1.9459101490553132,1.0,1.0,1.0,0.0,0.0,0.0,0.0,0.0,0.0,0.0,1.0,0.0,1.0,0.0,0.0,0.0,0.0,5.0,18.0,0.0,0.0,0.0,0.0
python-poetry/poetry,020616502b66d336de483d3c527f72e26718feb1,2026-03-28T11:33:02+00:00,0,1,3.0,34.0,11.0,3.828641396489095,4.0,2.0,2.0,1.0,0.0,0.0,0.0,0.0,0.0,0.0,0.0,0.0,0.0,0.0,1.0,0.0,0.0,4.0,1.0,0.0,1.0,0.0,0.0
python-poetry/poetry,99468137c92c06fcde74d729d8a985543c5e403b,2026-03-28T11:35:13+00:00,0,1,3.0,68.0,4.0,4.290459441148391,5.0,1.0,1.0,2.0,0.0,0.0,0.0,0.0,0.0,0.0,0.0,0.0,1.0,0.0,0.0,0.0,0.0,4.333333333333333,19.0,0.0,0.0,0.0,0.0
python-poetry/poetry,1a0fe5d55fb941dd2ca0bd9ee90f671cc3e63494,2026-03-28T12:15:01+00:00,0,1,2.0,11.0,11.0,3.1354942159291497,2.0,1.0,1.0,1.0,0.0,0.0,0.0,0.0,0.0,0.0,0.0,0.0,1.0,0.0,0.0,0.0,0.0,5.0,20.0,0.0,0.0,0.0,0.0
python-poetry/poetry,0b812842e40ed086d6ab62b7ac9c3eedf768d5e0,2026-03-28T12:21:22+00:00,0,1,2.0,44.0,7.0,3.9512437185814275,2.0,1.0,1.0,1.0,0.0,0.0,0.0,0.0,0.0,0.0,0.0,0.0,0.0,0.0,1.0,0.0,0.0,6.0,13.0,0.0,1.0,0.0,0.0
python-poetry/poetry,31d8aadc23e564d4b785671a17dca760290938ef,2026-03-28T12:21:33+00:00,0,1,3.0,68.0,4.0,4.290459441148391,5.0,1.0,1.0,2.0,0.0,0.0,0.0,0.0,0.0,0.0,0.0,0.0,1.0,0.0,0.0,0.0,0.0,6.0,21.0,0.0,0.0,0.0,0.0
python-poetry/poetry,8f6d38244bc71642dd9054fe8f0a25471ffb2bd7,2026-03-28T12:37:47+00:00,0,1,3.0,68.0,4.0,4.290459441148391,5.0,1.0,1.0,2.0,0.0,0.0,0.0,0.0,0.0,0.0,0.0,0.0,0.0,0.0,0.0,0.0,0.0,7.0,22.0,0.0,1.0,0.0,0.0
python-poetry/poetry,53dc65a88264def005200a18180752100f3b9a22,2026-03-28T12:42:31+00:00,0,1,1.0,5.0,3.0,2.1972245773362196,1.0,1.0,1.0,0.0,0.0,0.0,0.0,0.0,0.0,1.0,1.0,0.0,1.0,0.0,1.0,0.0,0.0,1.0,1.0,0.0,0.0,0.0,0.0
python-poetry/poetry,1449345a57f3b72cf8c14dd89b6502732aa10345,2026-03-28T12:50:02+00:00,0,1,1.0,5.0,3.0,2.1972245773362196,1.0,1.0,1.0,0.0,0.0,0.0,0.0,0.0,0.0,1.0,1.0,0.0,0.0,0.0,1.0,0.0,0.0,2.0,1.0,0.0,1.0,0.0,0.0
python-poetry/poetry,2ff2845af03539c98d2279b46074c908594427c4,2026-03-28T16:36:25+00:00,0,1,1.0,5.0,3.0,2.1972245773362196,1.0,1.0,1.0,0.0,0.0,0.0,0.0,0.0,0.0,1.0,1.0,0.0,0.0,0.0,1.0,0.0,0.0,3.0,2.0,0.0,0.0,0.0,0.0
python-poetry/poetry,81d8e835264a3debe6bf63100c460fff4cab9ccb,2026-03-28T20:08:23+00:00,0,1,1.0,1.0,1.0,1.0986122886681098,1.0,1.0,1.0,0.0,0.0,0.0,0.0,0.0,0.0,0.0,1.0,0.0,1.0,0.0,1.0,0.0,0.0,2.0,1.0,0.0,1.0,0.0,0.0
python-poetry/poetry,b9ac071261a5f5d8239f4cdd510931556cef8cfb,2026-03-29T05:46:52+00:00,0,1,1.0,1.0,1.0,1.0986122886681098,1.0,1.0,1.0,0.0,0.0,0.0,0.0,0.0,0.0,0.0,1.0,0.0,1.0,0.0,1.0,0.0,0.0,3.0,2.0,0.0,0.0,0.0,0.0
python-poetry/poetry,afb12f6ea17cd709ab73a21b931bb293e7d97280,2026-03-29T05:53:10+00:00,0,1,3.0,19.0,19.0,3.6635616461296463,18.0,1.0,1.0,2.0,0.0,0.0,0.0,0.0,0.0,0.0,0.0,0.0,0.0,0.0,0.0,0.0,0.0,1.6666666666666667,3.0,0.0,1.0,0.0,0.0
python-poetry/poetry,0041c1d312978df8a18f4227c98c755a34dfb768,2026-03-29T07:49:19+00:00,0,1,2.0,6.0,6.0,2.5649493574615367,0.0,0.0,0.0,0.0,0.0,2.0,0.0,0.0,0.0,0.0,0.0,0.0,1.0,0.0,0.0,0.0,0.0,0.0,23.0,0.0,1.0,0.0,0.0
python-poetry/poetry,f3c6f3c90473e9d49ab985e4ee072f72de79cb3f,2026-03-29T07:55:51+00:00,0,1,2.0,6.0,6.0,2.5649493574615367,0.0,0.0,0.0,0.0,0.0,2.0,0.0,0.0,0.0,0.0,0.0,0.0,0.0,0.0,0.0,0.0,0.0,1.0,24.0,0.0,1.0,0.0,0.0
python-poetry/poetry,f054a05a5cfbbde28d41d388b71b8161ec334634,2026-03-29T08:02:48+00:00,0,1,49.0,746.0,2.0,6.618738983517219,0.0,0.0,0.0,49.0,0.0,0.0,48.0,0.0,1.0,0.0,0.0,0.0,1.0,0.0,0.0,0.0,0.0,0.02040816326530612,25.0,0.0,1.0,0.0,0.0
python-poetry/poetry,689ac7b249d047ad57598cfe505fd4de66d8617f,2026-03-29T08:11:16+00:00,0,1,49.0,746.0,2.0,6.618738983517219,0.0,0.0,0.0,49.0,0.0,0.0,48.0,0.0,1.0,0.0,0.0,0.0,0.0,0.0,0.0,0.0,0.0,1.0204081632653061,26.0,0.0,1.0,0.0,0.0
python-poetry/poetry,70d3bcf45ddc723a7fe256660a245e1d284ec518,2026-03-29T08:15:33+00:00,0,1,2.0,56.0,1.0,4.060443010546419,4.0,1.0,1.0,1.0,0.0,0.0,0.0,0.0,0.0,0.0,0.0,0.0,1.0,0.0,1.0,0.0,0.0,0.0,26.0,0.0,0.0,0.0,0.0
python-poetry/poetry,ed59537ac3709cfbdbf95d957de801c13872991a,2026-03-29T08:24:21+00:00,0,1,2.0,56.0,1.0,4.060443010546419,4.0,1.0,1.0,1.0,0.0,0.0,0.0,0.0,0.0,0.0,0.0,0.0,0.0,0.0,1.0,0.0,0.0,1.0,28.0,0.0,1.0,0.0,0.0
python-poetry/poetry,e068177d1bfef65de4c55cf71c36de27057f10e7,2026-03-29T08:26:41+00:00,0,1,2.0,56.0,1.0,4.060443010546419,4.0,1.0,1.0,1.0,0.0,0.0,0.0,0.0,0.0,0.0,0.0,0.0,0.0,0.0,1.0,0.0,0.0,1.0,28.0,0.0,0.0,0.0,0.0
python-poetry/poetry,0b9e540e4e4215f0979226c0bc849e33b0b44dd8,2026-03-29T11:25:25+00:00,0,1,6.0,111.0,8.0,4.787491742782046,8.0,5.0,5.0,1.0,0.0,0.0,0.0,0.0,0.0,0.0,0.0,0.0,1.0,0.0,1.0,0.0,0.0,0.8333333333333334,30.0,0.0,1.0,0.0,0.0
python-poetry/poetry,ba4b185a41cd378f64ed52da7a2e7559749a323c,2026-03-29T11:37:50+00:00,0,1,6.0,116.0,8.0,4.8283137373023015,8.0,5.0,5.0,1.0,0.0,0.0,0.0,0.0,0.0,0.0,0.0,0.0,1.0,0.0,1.0,0.0,0.0,1.8333333333333333,31.0,0.0,1.0,0.0,0.0
python-poetry/poetry,a16fbb1750545d70b59c61f3ef9bdb4e0c26bfd3,2026-03-29T11:48:32+00:00,0,1,6.0,116.0,8.0,4.8283137373023015,8.0,5.0,5.0,1.0,0.0,0.0,0.0,0.0,0.0,0.0,0.0,0.0,0.0,0.0,1.0,0.0,0.0,2.8333333333333335,32.0,0.0,1.0,0.0,0.0
python-poetry/poetry,89f09aad49ed7e6223ea2b8ebdf941e87bb5d5c6,2026-03-29T11:54:50+00:00,0,1,6.0,116.0,8.0,4.8283137373023015,8.0,5.0,5.0,1.0,0.0,0.0,0.0,0.0,0.0,0.0,0.0,0.0,0.0,0.0,1.0,0.0,0.0,3.8333333333333335,33.0,0.0,1.0,0.0,0.0
python-poetry/poetry,339ec4b1d808b369afc8ee9b36d8cbdf21c32ff5,2026-03-29T11:57:44+00:00,0,1,2.0,38.0,2.0,3.713572066704308,0.0,0.0,0.0,0.0,1.0,1.0,0.0,0.0,0.0,0.0,0.0,0.0,1.0,0.0,0.0,0.0,0.0,1.0,33.0,0.0,0.0,0.0,0.0
python-poetry/poetry,3d0151ac03b5286e557ed1518b815ad225d52cb0,2026-03-29T12:13:31+00:00,0,2,2.0,38.0,2.0,3.713572066704308,0.0,0.0,0.0,0.0,1.0,1.0,0.0,0.0,0.0,0.0,0.0,0.0,0.0,0.0,0.0,0.0,0.0,2.0,35.0,0.0,1.0,0.0,0.0
python-poetry/poetry,8690efa55cb18f97ab4b01cff336ac687c01ae8e,2026-03-29T12:27:25+00:00,0,1,2.0,38.0,2.0,3.713572066704308,0.0,0.0,0.0,0.0,1.0,1.0,0.0,0.0,0.0,0.0,0.0,0.0,1.0,0.0,0.0,0.0,0.0,2.0,35.0,0.0,1.0,0.0,0.0
python-poetry/poetry,95cd84c149a14b55ae8e41328bc6752fbb8b6883,2026-03-29T12:42:02+00:00,0,1,2.0,38.0,2.0,3.713572066704308,0.0,0.0,0.0,0.0,1.0,1.0,0.0,0.0,0.0,0.0,0.0,0.0,0.0,0.0,0.0,0.0,0.0,3.0,36.0,0.0,1.0,0.0,0.0
python-poetry/poetry,c5466ffb7d0638ea2cd25385a46c50cd001a9718,2026-03-29T17:49:57+00:00,0,1,2.0,1.0,110.0,4.718498871295094,0.0,0.0,0.0,2.0,0.0,0.0,1.0,0.0,0.0,0.0,0.0,0.0,1.0,0.0,0.0,0.0,0.0,2.0,1.0,0.0,0.0,0.0,0.0
python-poetry/poetry,b8b9edf23d25055d9bb92f7bbdc11e875a9ba6ae,2026-03-29T19:35:46+00:00,0,1,1.0,7.0,0.0,2.0794415416798357,1.0,1.0,1.0,0.0,0.0,0.0,0.0,0.0,0.0,0.0,1.0,0.0,1.0,0.0,1.0,0.0,0.0,4.0,0.0,0.0,1.0,0.0,0.0
python-poetry/poetry,687895faa5ef2294dc3d902d4621642a9775d73b,2026-03-30T14:17:32+00:00,0,1,1.0,2.0,1.0,1.3862943611198906,1.0,1.0,1.0,0.0,0.0,0.0,0.0,0.0,0.0,0.0,1.0,0.0,1.0,0.0,1.0,0.0,0.0,0.0,2.0,0.0,1.0,0.0,0.0
python-poetry/poetry,03e39ed6e003032ba0b61edb09c9410ad4213a22,2026-03-30T14:18:53+00:00,0,1,1.0,1.0,1.0,1.0986122886681098,1.0,1.0,1.0,0.0,0.0,0.0,0.0,0.0,0.0,0.0,1.0,0.0,1.0,0.0,1.0,0.0,0.0,5.0,2.0,0.0,1.0,0.0,0.0
python-poetry/poetry,17bda58163eb235db6fc301d07d673259e10ff97,2026-03-30T14:20:06+00:00,0,1,2.0,52.0,22.0,4.31748811353631,2.0,1.0,1.0,1.0,0.0,0.0,0.0,0.0,0.0,0.0,0.0,0.0,1.0,0.0,1.0,0.0,0.0,0.0,2.0,0.0,1.0,0.0,0.0
python-poetry/poetry,510c55b5abc099a682a1bf88da1edfdd61cbcb27,2026-03-30T14:21:09+00:00,0,1,2.0,26.0,2.0,3.367295829986474,3.0,1.0,1.0,1.0,0.0,0.0,0.0,0.0,0.0,0.0,0.0,0.0,1.0,0.0,1.0,0.0,0.0,7.0,2.0,0.0,1.0,0.0,0.0
python-poetry/poetry,83ce2e731bccb1ef8f73b3b3edfdb23f40e9ab92,2026-03-30T14:22:13+00:00,0,1,2.0,29.0,1.0,3.4339872044851463,2.0,1.0,1.0,1.0,0.0,0.0,0.0,0.0,0.0,0.0,0.0,0.0,1.0,0.0,1.0,0.0,0.0,0.0,2.0,0.0,1.0,0.0,0.0
python-poetry/poetry,982e4a681c52b246772748ea065895555f5a1a04,2026-03-30T14:22:26+00:00,0,1,2.0,24.0,1.0,3.258096538021482,2.0,1.0,1.0,1.0,0.0,0.0,0.0,0.0,0.0,0.0,0.0,0.0,1.0,0.0,1.0,0.0,0.0,0.0,2.0,0.0,1.0,0.0,0.0
python-poetry/poetry,a3175c10583d9a8b116653e050b6567da12a41d5,2026-03-30T14:22:42+00:00,0,1,2.0,9.0,3.0,2.5649493574615367,2.0,1.0,1.0,1.0,0.0,0.0,0.0,0.0,0.0,0.0,0.0,0.0,1.0,0.0,1.0,0.0,0.0,0.0,2.0,0.0,1.0,0.0,0.0
python-poetry/poetry,cd9ef9e6899f1df3507e608d6c8f138d11fd74e9,2026-03-30T14:23:10+00:00,0,1,2.0,31.0,2.0,3.5263605246161616,2.0,1.0,1.0,1.0,0.0,0.0,0.0,0.0,0.0,0.0,0.0,0.0,1.0,0.0,1.0,0.0,0.0,3.5,2.0,0.0,1.0,0.0,0.0
python-poetry/poetry,d4c3537ca13c8b833b11489fda741e4615ea3b45,2026-03-30T14:24:15+00:00,0,1,3.0,41.0,2.0,3.784189633918261,3.0,2.0,2.0,1.0,0.0,0.0,0.0,0.0,0.0,0.0,0.0,0.0,1.0,0.0,1.0,0.0,0.0,0.6666666666666666,2.0,0.0,1.0,0.0,0.0
python-poetry/poetry,d93db234ccc53508f9cf1b95e44133e2714fdec0,2026-03-30T14:24:38+00:00,0,1,2.0,93.0,7.0,4.61512051684126,3.0,1.0,1.0,1.0,0.0,0.0,0.0,0.0,0.0,0.0,0.0,0.0,1.0,0.0,1.0,0.0,0.0,2.0,2.0,0.0,1.0,0.0,0.0
python-poetry/poetry,a608025acacbda8051d2da7dc7144e736d2926f6,2026-03-30T14:33:03+00:00,0,1,2.0,15.0,3.0,2.9444389791664403,2.0,1.0,1.0,1.0,0.0,0.0,0.0,0.0,0.0,0.0,0.0,0.0,1.0,0.0,1.0,0.0,0.0,0.0,4.0,0.0,1.0,0.0,0.0
python-poetry/poetry,eca86266b45122c7f187d211474d8ff5a484c8c2,2026-03-30T14:37:21+00:00,0,1,2.0,39.0,1.0,3.713572066704308,2.0,1.0,1.0,1.0,0.0,0.0,0.0,0.0,0.0,0.0,0.0,0.0,1.0,0.0,1.0,0.0,0.0,2.0,4.0,0.0,1.0,0.0,0.0
python-poetry/poetry,ead674b4036eb7f24e7057ae3d8b39675c9630a1,2026-03-30T17:59:18+00:00,0,1,1.0,2.0,1.0,1.3862943611198906,1.0,1.0,1.0,0.0,0.0,0.0,0.0,0.0,0.0,0.0,1.0,0.0,0.0,0.0,1.0,0.0,0.0,1.0,14.0,0.0,1.0,0.0,0.0
python-poetry/poetry,3def841a703297cae84b3fb26a44ac72114d72fa,2026-03-30T18:01:08+00:00,0,1,1.0,1.0,1.0,1.0986122886681098,1.0,1.0,1.0,0.0,0.0,0.0,0.0,0.0,0.0,0.0,1.0,0.0,1.0,0.0,1.0,0.0,0.0,7.0,14.0,0.0,0.0,0.0,0.0
python-poetry/poetry,b760721672011534ca3607d17e3bf61a4dc6ed90,2026-03-30T18:08:43+00:00,0,1,1.0,1.0,1.0,1.0986122886681098,1.0,1.0,1.0,0.0,0.0,0.0,0.0,0.0,0.0,0.0,1.0,0.0,0.0,0.0,1.0,0.0,0.0,8.0,16.0,0.0,1.0,0.0,0.0
python-poetry/poetry,b7728339bde2437784b972cb3de119eccf768aa0,2026-03-30T21:03:20+00:00,0,1,1.0,7.0,0.0,2.0794415416798357,1.0,1.0,1.0,0.0,0.0,0.0,0.0,0.0,0.0,0.0,1.0,0.0,1.0,0.0,1.0,0.0,0.0,5.0,0.0,0.0,1.0,0.0,0.0
python-poetry/poetry,dbf7bf02cd5f740dc73a526a546827b66818dfa6,2026-03-30T21:06:44+00:00,0,2,1.0,2.0,2.0,1.6094379124341003,0.0,0.0,0.0,0.0,0.0,0.0,1.0,0.0,0.0,0.0,0.0,0.0,1.0,0.0,0.0,0.0,0.0,11.0,11.0,0.0,1.0,0.0,0.0
python-poetry/poetry,ed2e81aa82185f31570dcce1e0d66e4870363b33,2026-03-31T03:53:50+00:00,0,1,2.0,24.0,1.0,3.258096538021482,2.0,1.0,1.0,1.0,0.0,0.0,0.0,0.0,0.0,0.0,0.0,0.0,1.0,0.0,1.0,0.0,0.0,1.0,17.0,0.0,1.0,0.0,0.0
python-poetry/poetry,89aaee9d60cae20775d3c40e4f243f9945f718e1,2026-03-31T04:00:28+00:00,0,1,2.0,24.0,1.0,3.258096538021482,2.0,1.0,1.0,1.0,0.0,0.0,0.0,0.0,0.0,0.0,0.0,0.0,0.0,0.0,1.0,0.0,0.0,2.0,18.0,0.0,1.0,0.0,0.0
python-poetry/poetry,1390662c519b7f8ad404266447928f57f1bafc29,2026-03-31T04:42:36+00:00,0,1,2.0,24.0,1.0,3.258096538021482,2.0,1.0,1.0,1.0,0.0,0.0,0.0,0.0,0.0,0.0,0.0,0.0,1.0,1.0,1.0,0.0,0.0,3.0,0.0,0.0,1.0,0.0,0.0
python-poetry/poetry,edb2e6e3daf98cdb6c0d60444560b2f829cbec6c,2026-03-31T10:06:44+00:00,0,1,4.0,27.0,3.0,3.4339872044851463,4.0,3.0,3.0,1.0,0.0,0.0,0.0,0.0,0.0,0.0,0.0,0.0,1.0,1.0,1.0,0.0,0.0,4.75,1.0,0.0,1.0,0.0,0.0
python-poetry/poetry,378c693f0e63da2c4669b2158c31ecadfa619587,2026-03-31T10:13:38+00:00,0,1,3.0,41.0,2.0,3.784189633918261,3.0,2.0,2.0,1.0,0.0,0.0,0.0,0.0,0.0,0.0,0.0,0.0,0.0,0.0,1.0,0.0,0.0,1.6666666666666667,19.0,0.0,1.0,0.0,0.0
python-poetry/poetry,e6bd47231d0e576e49785595afeff83698564f62,2026-03-31T15:54:20+00:00,0,1,1.0,6.0,1.0,2.0794415416798357,1.0,0.0,0.0,1.0,0.0,0.0,0.0,0.0,0.0,0.0,0.0,0.0,1.0,0.0,0.0,0.0,0.0,1.0,38.0,0.0,0.0,0.0,0.0
python-poetry/poetry,35eb5025dc7374db74ef26ce32a0e70f54d2e3b6,2026-03-31T16:07:19+00:00,0,1,2.0,44.0,1.0,3.828641396489095,2.0,1.0,1.0,1.0,0.0,0.0,0.0,0.0,0.0,0.0,0.0,0.0,0.0,0.0,1.0,0.0,0.0,3.5,20.0,0.0,1.0,0.0,0.0
python-poetry/poetry,f08d4dad8dc60520aea84462d1dbd965818321aa,2026-03-31T16:08:11+00:00,0,1,2.0,15.0,3.0,2.9444389791664403,2.0,1.0,1.0,1.0,0.0,0.0,0.0,0.0,0.0,0.0,0.0,0.0,1.0,0.0,1.0,0.0,0.0,1.0,20.0,0.0,0.0,0.0,0.0
python-poetry/poetry,b8383e3cda4e7336eb9048b1e7388b5b914a4653,2026-03-31T16:15:10+00:00,0,1,2.0,15.0,3.0,2.9444389791664403,2.0,1.0,1.0,1.0,0.0,0.0,0.0,0.0,0.0,0.0,0.0,0.0,0.0,0.0,1.0,0.0,0.0,2.0,22.0,0.0,1.0,0.0,0.0
python-poetry/poetry,c9ff9cc20238758bad0a68f53a2555e6b60711e4,2026-03-31T16:19:04+00:00,0,1,2.0,31.0,2.0,3.5263605246161616,2.0,1.0,1.0,1.0,0.0,0.0,0.0,0.0,0.0,0.0,0.0,0.0,1.0,0.0,1.0,0.0,0.0,6.5,22.0,0.0,0.0,0.0,0.0
python-poetry/poetry,3f7feee6985853ee3bda6c92465273738a94b628,2026-03-31T16:26:40+00:00,0,1,2.0,31.0,2.0,3.5263605246161616,2.0,1.0,1.0,1.0,0.0,0.0,0.0,0.0,0.0,0.0,0.0,0.0,0.0,0.0,1.0,0.0,0.0,7.5,24.0,0.0,1.0,0.0,0.0
python-poetry/poetry,4febe9059c65586c91b4c4f12d7b9eeb444ee736,2026-03-31T16:27:45+00:00,0,1,1.0,11.0,11.0,3.1354942159291497,1.0,1.0,1.0,0.0,0.0,0.0,0.0,0.0,0.0,0.0,1.0,0.0,1.0,0.0,0.0,0.0,0.0,5.0,39.0,0.0,0.0,0.0,0.0
python-poetry/poetry,e54180064368c2f9d9ad5ff4771d8b33538cc372,2026-03-31T16:34:43+00:00,0,1,2.0,101.0,15.0,4.762173934797756,3.0,1.0,1.0,1.0,0.0,0.0,0.0,0.0,0.0,0.0,0.0,0.0,0.0,0.0,1.0,0.0,0.0,3.5,24.0,0.0,0.0,0.0,0.0
python-poetry/poetry,4ee275cab50c5921ee9a194c5a4656131e5b06ca,2026-03-31T16:37:56+00:00,0,1,2.0,9.0,3.0,2.5649493574615367,2.0,1.0,1.0,1.0,0.0,0.0,0.0,0.0,0.0,0.0,0.0,0.0,1.0,0.0,1.0,0.0,0.0,1.0,24.0,0.0,0.0,0.0,0.0
python-poetry/poetry,e6f1ded9902d1fa17fc74e6562cb423e84fa7752,2026-03-31T16:46:29+00:00,0,1,2.0,9.0,3.0,2.5649493574615367,2.0,1.0,1.0,1.0,0.0,0.0,0.0,0.0,0.0,0.0,0.0,0.0,0.0,0.0,1.0,0.0,0.0,2.0,26.0,0.0,1.0,0.0,0.0
python-poetry/poetry,c9cccf53eda38d52407eb520e6567abc1972dabe,2026-03-31T19:06:04+00:00,0,1,13.0,241.0,27.0,5.594711379601839,15.0,6.0,7.0,6.0,0.0,0.0,0.0,0.0,0.0,0.0,0.0,0.0,1.0,1.0,0.0,0.0,0.0,4.076923076923077,0.0,0.0,0.0,0.0,0.0
python-poetry/poetry,e253e9a9cf2e4e68828841e6ef57a499a7f1202f,2026-04-01T04:20:20+00:00,0,1,1.0,1.0,1.0,1.0986122886681098,0.0,0.0,0.0,0.0,0.0,1.0,0.0,0.0,0.0,0.0,0.0,0.0,1.0,0.0,0.0,0.0,0.0,6.0,0.0,0.0,0.0,0.0,0.0
python-poetry/poetry,56c0cc2b50ef5663c2d832df792f278532c863ee,2026-04-01T06:57:17+00:00,0,1,1.0,1.0,1.0,1.0986122886681098,0.0,0.0,0.0,0.0,0.0,1.0,0.0,0.0,0.0,0.0,0.0,0.0,1.0,0.0,0.0,0.0,0.0,7.0,0.0,0.0,0.0,0.0,0.0
python-poetry/poetry,a38f16791e383aaf7c466481bf24798463f8a449,2026-04-01T19:06:36+00:00,0,1,0.0,0.0,0.0,0.0,0.0,0.0,0.0,0.0,0.0,0.0,0.0,0.0,0.0,0.0,0.0,0.0,1.0,0.0,0.0,0.0,0.0,0.0,1.0,0.0,0.0,0.0,0.0
python-poetry/poetry,d3bb43a25f14f15eeea9d7f429e078314fa6ce12,2026-04-02T15:30:21+00:00,0,1,1.0,1.0,1.0,1.0986122886681098,1.0,0.0,0.0,1.0,0.0,0.0,0.0,0.0,0.0,1.0,0.0,0.0,1.0,0.0,1.0,0.0,0.0,0.0,40.0,0.0,0.0,0.0,0.0
python-poetry/poetry,1c61afe367d87abb6aaaa3e4a2048599839f8c52,2026-04-02T15:38:15+00:00,0,1,2.0,34.0,1.0,3.58351893845611,2.0,1.0,1.0,1.0,0.0,0.0,0.0,0.0,0.0,2.0,0.0,0.0,0.0,0.0,1.0,0.0,0.0,2.5,27.0,0.0,1.0,0.0,0.0
python-poetry/poetry,1ace8aaae15e5a2ab9cc34a11f0571525e140a9a,2026-04-02T15:38:31+00:00,0,1,2.0,26.0,2.0,3.367295829986474,3.0,1.0,1.0,1.0,0.0,0.0,0.0,0.0,0.0,0.0,0.0,0.0,1.0,0.0,1.0,0.0,0.0,8.0,27.0,0.0,0.0,0.0,0.0
python-poetry/poetry,2af8dcf0bafc8760d83932ae9fd2e08632433279,2026-04-02T15:40:29+00:00,0,1,1.0,25.0,0.0,3.258096538021482,1.0,0.0,0.0,1.0,0.0,0.0,0.0,0.0,0.0,0.0,0.0,0.0,1.0,0.0,0.0,0.0,0.0,0.0,41.0,0.0,0.0,0.0,0.0
python-poetry/poetry,bef79371ba57a54be793cfe0b0b3acb6be3758e2,2026-04-02T15:47:14+00:00,0,1,2.0,26.0,2.0,3.367295829986474,3.0,1.0,1.0,1.0,0.0,0.0,0.0,0.0,0.0,0.0,0.0,0.0,0.0,0.0,1.0,0.0,0.0,9.0,29.0,0.0,1.0,0.0,0.0
python-poetry/poetry,ae70ddbe59cdb36c2bb2f48d4bc2313fc67eb9dd,2026-04-02T20:19:39+00:00,0,1,0.0,0.0,0.0,0.0,0.0,0.0,0.0,0.0,0.0,0.0,0.0,0.0,0.0,0.0,0.0,0.0,1.0,0.0,0.0,0.0,0.0,0.0,2.0,0.0,0.0,0.0,0.0
python-poetry/poetry,cae240974e336968de6cdf62e8ed45fda857c89e,2026-04-03T04:34:12+00:00,0,1,1.0,25.0,0.0,3.258096538021482,1.0,0.0,0.0,1.0,0.0,0.0,0.0,0.0,0.0,0.0,0.0,0.0,1.0,0.0,0.0,0.0,0.0,1.0,42.0,0.0,0.0,0.0,0.0
python-poetry/poetry,5cff2a1c736c42fddc6612f968d28fd7efd06984,2026-04-03T04:41:29+00:00,0,1,2.0,60.0,1.0,4.127134385045092,3.0,1.0,1.0,1.0,0.0,0.0,0.0,0.0,0.0,0.0,0.0,0.0,0.0,0.0,1.0,0.0,0.0,1.0,30.0,0.0,1.0,0.0,0.0
python-poetry/poetry,6f737bd33196c3550d40ec00c2a3a13c01c6e0c8,2026-04-03T04:55:38+00:00,0,1,1.0,2.0,1.0,1.3862943611198906,1.0,0.0,0.0,1.0,0.0,0.0,0.0,0.0,0.0,0.0,0.0,0.0,1.0,0.0,0.0,0.0,0.0,2.0,43.0,0.0,0.0,0.0,0.0
python-poetry/poetry,4bc7ae1e1f1755cbda68e9f25fea8f515ef9ab4f,2026-04-03T05:16:18+00:00,0,1,2.0,40.0,22.0,4.143134726391533,2.0,1.0,1.0,1.0,0.0,0.0,0.0,0.0,0.0,0.0,0.0,0.0,0.0,0.0,1.0,0.0,0.0,2.5,31.0,0.0,1.0,0.0,0.0
python-poetry/poetry,a7be74e2b7924a217ef68f8752c044a3e70ff44b,2026-04-03T05:21:42+00:00,0,1,1.0,14.0,14.0,3.367295829986474,1.0,0.0,0.0,1.0,0.0,0.0,0.0,0.0,0.0,0.0,0.0,0.0,1.0,0.0,0.0,0.0,0.0,4.0,44.0,0.0,0.0,0.0,0.0
python-poetry/poetry,f9b1236a877ea671b46c01aecce73f98f9df8933,2026-04-03T05:29:46+00:00,0,1,2.0,29.0,1.0,3.4339872044851463,2.0,1.0,1.0,1.0,0.0,0.0,0.0,0.0,0.0,0.0,0.0,0.0,0.0,0.0,1.0,0.0,0.0,4.0,32.0,0.0,1.0,0.0,0.0
python-poetry/poetry,5f8af8318f5c6774375a6cec0d69f45d0f6958e1,2026-04-03T08:59:39+00:00,0,1,1.0,44.0,13.0,4.060443010546419,1.0,0.0,0.0,1.0,0.0,0.0,0.0,0.0,0.0,0.0,0.0,0.0,1.0,0.0,0.0,0.0,0.0,0.0,45.0,0.0,1.0,0.0,0.0
python-poetry/poetry,560b9c22e0d9fe65b9d0e9e347ca9a91769953b7,2026-04-03T09:31:48+00:00,0,1,1.0,44.0,13.0,4.060443010546419,1.0,0.0,0.0,1.0,0.0,0.0,0.0,0.0,0.0,0.0,0.0,0.0,0.0,0.0,0.0,0.0,0.0,1.0,46.0,0.0,1.0,0.0,0.0
python-poetry/poetry,f9696601e44c0845580da9a9382ca6ab9094ac59,2026-04-03T10:34:16+00:00,0,1,1.0,56.0,8.0,4.174387269895637,3.0,0.0,0.0,1.0,0.0,0.0,0.0,0.0,0.0,0.0,0.0,0.0,1.0,0.0,1.0,0.0,0.0,4.0,47.0,0.0,0.0,0.0,0.0
python-poetry/poetry,ac387f1c65a9e9a529b8b4f9d662d2cfe67da567,2026-04-03T10:47:23+00:00,0,1,2.0,60.0,8.0,4.23410650459726,5.0,1.0,1.0,1.0,0.0,0.0,0.0,0.0,0.0,0.0,0.0,0.0,0.0,0.0,0.0,0.0,0.0,6.0,6.0,0.0,1.0,0.0,0.0
python-poetry/poetry,9fad4230375a0a3981046e30cfbc1769391312ce,2026-04-03T10:54:45+00:00,0,1,2.0,5.0,9.0,2.70805020110221,2.0,2.0,2.0,0.0,0.0,0.0,0.0,0.0,0.0,0.0,1.0,0.0,1.0,0.0,0.0,0.0,0.0,4.0,48.0,0.0,1.0,0.0,0.0
python-poetry/poetry,bfce5118814fa95445e823cb07a59bd77ffe1474,2026-04-03T11:04:01+00:00,0,1,2.0,5.0,9.0,2.70805020110221,2.0,2.0,2.0,0.0,0.0,0.0,0.0,0.0,0.0,0.0,1.0,0.0,0.0,0.0,0.0,0.0,0.0,5.0,49.0,0.0,1.0,0.0,0.0
python-poetry/poetry,0de19030418eb579d24ae056ea5d325c9c5c7ade,2026-04-03T13:58:24+00:00,0,1,2.0,7.0,10.0,2.8903717578961645,2.0,1.0,1.0,1.0,0.0,0.0,0.0,0.0,0.0,0.0,0.0,0.0,1.0,0.0,0.0,0.0,0.0,6.5,34.0,0.0,0.0,0.0,0.0
python-poetry/poetry,d27575beb4f5571b462cbb528b5e9a14a0aa67e2,2026-04-04T10:02:15+00:00,0,1,2.0,75.0,10.0,4.454347296253507,5.0,1.0,1.0,1.0,0.0,0.0,0.0,0.0,0.0,0.0,0.0,0.0,1.0,0.0,0.0,0.0,0.0,5.5,50.0,0.0,1.0,0.0,0.0
python-poetry/poetry,45598d214e77d78156f8501ee3f14cba4a7fb0e3,2026-04-05T14:51:46+00:00,0,1,6.0,100.0,6.0,4.672828834461906,12.0,3.0,3.0,2.0,1.0,0.0,0.0,0.0,0.0,0.0,0.0,0.0,1.0,0.0,0.0,0.0,0.0,1.1666666666666667,51.0,0.0,0.0,0.0,0.0
python-poetry/poetry,f8a008f6f311ecc324ca3c3eec537cbc3c90e433,2026-04-05T15:15:48+00:00,0,1,6.0,100.0,6.0,4.672828834461906,12.0,3.0,3.0,2.0,1.0,0.0,0.0,0.0,0.0,0.0,0.0,0.0,1.0,0.0,0.0,0.0,0.0,2.1666666666666665,52.0,0.0,0.0,0.0,0.0
python-poetry/poetry,1b142ece40a5cef4fb37d3b1565a007b99536fe2,2026-04-06T07:06:16+00:00,0,1,7.0,119.0,7.0,4.844187086458591,14.0,3.0,3.0,3.0,1.0,0.0,0.0,0.0,0.0,0.0,0.0,0.0,1.0,0.0,0.0,0.0,0.0,3.2857142857142856,53.0,0.0,0.0,0.0,0.0
python-poetry/poetry,9f570134451fcdab906ae1048c57a8bddca64393,2026-04-06T09:07:10+00:00,0,1,7.0,126.0,9.0,4.912654885736052,17.0,3.0,3.0,3.0,1.0,0.0,0.0,0.0,0.0,0.0,0.0,0.0,1.0,0.0,0.0,0.0,0.0,4.285714285714286,54.0,0.0,0.0,0.0,0.0
python-poetry/poetry,64e87583bfb6f06b859717159c7bf3f6ab63b548,2026-04-06T11:40:16+00:00,0,1,7.0,126.0,9.0,4.912654885736052,17.0,3.0,3.0,3.0,1.0,0.0,0.0,0.0,0.0,0.0,0.0,0.0,1.0,0.0,0.0,0.0,0.0,5.285714285714286,55.0,0.0,0.0,0.0,0.0
python-poetry/poetry,5cb23ae90e967e7f45aff39ae0d3909b17638dd0,2026-04-06T12:18:16+00:00,0,1,7.0,126.0,9.0,4.912654885736052,17.0,3.0,3.0,3.0,1.0,0.0,0.0,0.0,0.0,0.0,0.0,0.0,1.0,0.0,0.0,0.0,0.0,6.285714285714286,56.0,0.0,0.0,0.0,0.0
python-poetry/poetry,67cce2079d38391e92a6ae64e5e6883a4c3331bf,2026-04-06T21:45:40+00:00,0,2,1.0,2.0,2.0,1.6094379124341003,0.0,0.0,0.0,0.0,0.0,0.0,1.0,0.0,0.0,0.0,0.0,0.0,1.0,0.0,0.0,0.0,0.0,12.0,12.0,0.0,1.0,0.0,0.0
python-poetry/poetry,0e1b882f5fc9e75a467e2eae576dd6a20fc4d3f8,2026-04-10T11:21:22+00:00,0,1,2.0,39.0,1.0,3.713572066704308,1.0,1.0,2.0,0.0,0.0,0.0,0.0,0.0,0.0,0.0,1.0,0.0,1.0,0.0,1.0,0.0,0.0,0.0,0.0,0.0,1.0,0.0,0.0
python-poetry/poetry,21c7886dedee8d6b1219f7a605759906ac764912,2026-04-10T11:53:07+00:00,0,1,3.0,20.0,3.0,3.1780538303479458,3.0,2.0,3.0,0.0,0.0,0.0,0.0,0.0,0.0,0.0,1.0,0.0,1.0,0.0,1.0,0.0,0.0,2.0,1.0,0.0,1.0,0.0,0.0
python-poetry/poetry,c321d9d6daf8677910e82a7bfadddf218fc33a40,2026-04-11T12:05:41+00:00,0,1,2.0,110.0,15.0,4.836281906951478,7.0,1.0,1.0,1.0,0.0,0.0,0.0,0.0,0.0,0.0,0.0,0.0,1.0,0.0,0.0,0.0,0.0,6.5,57.0,0.0,1.0,0.0,0.0
python-poetry/poetry,c801cd781d97e4d4f995d909b568b61fe50787a4,2026-04-11T19:14:25+00:00,0,1,1.0,9.0,0.0,2.302585092994046,0.0,0.0,0.0,0.0,1.0,0.0,0.0,0.0,0.0,0.0,0.0,1.0,1.0,0.0,0.0,0.0,0.0,3.0,0.0,0.0,1.0,0.0,0.0
python-poetry/poetry,a029a41ea4adb1b35e9d1ba4fe391cd1c77804d8,2026-04-12T12:21:55+00:00,0,1,2.0,110.0,15.0,4.836281906951478,7.0,1.0,1.0,1.0,0.0,0.0,0.0,0.0,0.0,0.0,0.0,0.0,0.0,0.0,0.0,0.0,0.0,7.5,58.0,0.0,1.0,0.0,0.0
python-poetry/poetry,15d1872a40f7e5129c6b1e6b5c505e8f9d9cacef,2026-04-12T14:34:35+00:00,0,1,4.0,292.0,84.0,5.932245187448011,11.0,1.0,1.0,3.0,0.0,0.0,0.0,0.0,0.0,0.0,0.0,0.0,1.0,0.0,1.0,0.0,0.0,1.5,59.0,0.0,1.0,0.0,0.0
python-poetry/poetry,47e97340cae50d3698aac858732788861ba8dd1f,2026-04-12T14:50:24+00:00,0,1,4.0,292.0,84.0,5.932245187448011,11.0,1.0,1.0,3.0,0.0,0.0,0.0,0.0,0.0,0.0,0.0,0.0,0.0,0.0,1.0,0.0,0.0,2.5,60.0,0.0,1.0,0.0,0.0
python-poetry/poetry,e512e7fc5557251c7c9c59d0029506e77db1ea18,2026-04-12T14:52:25+00:00,0,1,4.0,292.0,84.0,5.932245187448011,11.0,1.0,1.0,3.0,0.0,0.0,0.0,0.0,0.0,0.0,0.0,0.0,0.0,0.0,1.0,0.0,0.0,2.5,60.0,0.0,0.0,0.0,0.0
python-poetry/poetry,9c11e17af433c37f3d617136b713d5ee48f19af4,2026-04-12T15:03:02+00:00,0,1,2.0,11.0,2.0,2.6390573296152584,0.0,0.0,0.0,0.0,1.0,1.0,0.0,0.0,0.0,0.0,0.0,0.0,1.0,0.0,0.0,0.0,0.0,6.0,62.0,0.0,1.0,0.0,0.0
python-poetry/poetry,7c7af71ba206dadd2ff7eda19b9a4c90c4349754,2026-04-12T15:09:58+00:00,0,2,2.0,11.0,2.0,2.6390573296152584,0.0,0.0,0.0,0.0,1.0,1.0,0.0,0.0,0.0,0.0,0.0,0.0,0.0,0.0,0.0,0.0,0.0,7.0,63.0,0.0,1.0,0.0,0.0
python-poetry/poetry,0b78bc2c2d80c5aeb12b84a1967fc6d3cd7b7e2a,2026-04-12T16:00:27+00:00,0,1,1.0,10.0,1.0,2.4849066497880004,0.0,0.0,0.0,0.0,1.0,0.0,0.0,0.0,0.0,0.0,0.0,1.0,1.0,0.0,0.0,0.0,0.0,6.0,64.0,0.0,1.0,0.0,0.0
python-poetry/poetry,db4961f97bfe665f77f100c0d49f38b6efaefdc5,2026-04-12T16:04:36+00:00,0,1,1.0,10.0,1.0,2.4849066497880004,0.0,0.0,0.0,0.0,1.0,0.0,0.0,0.0,0.0,0.0,0.0,1.0,1.0,0.0,0.0,0.0,0.0,7.0,65.0,0.0,1.0,0.0,0.0
python-poetry/poetry,6630816f19f0f605125ead8e60d73f870281bde0,2026-04-12T16:08:16+00:00,0,1,1.0,10.0,1.0,2.4849066497880004,0.0,0.0,0.0,0.0,1.0,0.0,0.0,0.0,0.0,0.0,0.0,1.0,0.0,0.0,0.0,0.0,0.0,8.0,66.0,0.0,1.0,0.0,0.0
python-poetry/poetry,4662fdce044b9e6d18e1cdb4c0f6cc43c11bbec2,2026-04-13T16:22:32+00:00,0,1,1.0,1.0,4.0,1.791759469228055,0.0,0.0,0.0,0.0,1.0,0.0,0.0,0.0,0.0,0.0,0.0,1.0,1.0,0.0,0.0,0.0,0.0,1.0,0.0,0.0,1.0,0.0,0.0
python-poetry/poetry,fd1a9cf1b26cddf4fabe7580af87e44dfb38e7e5,2026-04-13T18:10:37+00:00,0,1,1.0,2.0,2.0,1.6094379124341003,0.0,0.0,0.0,0.0,1.0,0.0,0.0,0.0,0.0,0.0,0.0,1.0,1.0,0.0,1.0,0.0,0.0,4.0,1.0,0.0,1.0,0.0,0.0
python-poetry/poetry,59dfe15fb26250b65259ec59eec09b14c1fb2704,2026-04-13T21:12:47+00:00,0,2,1.0,2.0,2.0,1.6094379124341003,0.0,0.0,0.0,0.0,0.0,0.0,1.0,0.0,0.0,0.0,0.0,0.0,1.0,0.0,0.0,0.0,0.0,13.0,13.0,0.0,1.0,0.0,0.0
python-poetry/poetry,4cae71b7974141074b913addf9f32c762f731d7f,2026-04-15T02:40:04+00:00,0,1,1.0,1.0,1.0,1.0986122886681098,1.0,1.0,1.0,0.0,0.0,0.0,0.0,0.0,0.0,0.0,1.0,0.0,1.0,0.0,1.0,0.0,0.0,13.0,0.0,0.0,1.0,0.0,0.0
python-poetry/poetry,7d87de06012ca7868b502bdd402fbb04a2ff53eb,2026-04-15T20:03:38+00:00,0,1,1.0,8.0,18.0,3.295836866004329,5.0,0.0,0.0,1.0,0.0,0.0,0.0,0.0,0.0,0.0,0.0,0.0,1.0,0.0,1.0,0.0,0.0,7.0,0.0,0.0,0.0,0.0,0.0
python-poetry/poetry,43a37fcf1b707818ede846fc03a67d109d4e9121,2026-04-16T04:35:59+00:00,0,1,1.0,49.0,9.0,4.07753744390572,3.0,0.0,0.0,1.0,0.0,0.0,0.0,0.0,0.0,0.0,0.0,0.0,1.0,0.0,1.0,0.0,0.0,8.0,1.0,0.0,1.0,0.0,0.0
python-poetry/poetry,9e0199ecfcea0fcdf01c0f5caf87bf2f6afd3e05,2026-04-16T05:30:42+00:00,0,1,7.0,26.0,37.0,4.1588830833596715,9.0,4.0,5.0,2.0,0.0,0.0,0.0,0.0,0.0,2.0,0.0,0.0,1.0,0.0,1.0,0.0,0.0,3.5714285714285716,2.0,0.0,0.0,0.0,0.0
python-poetry/poetry,a1e9f217dfd25df1a43df50d56be7fe6c4f3c4b0,2026-04-17T10:20:58+00:00,0,1,2.0,23.0,4.0,3.332204510175204,5.0,1.0,1.0,1.0,0.0,0.0,0.0,0.0,0.0,0.0,0.0,0.0,1.0,0.0,1.0,0.0,0.0,7.5,0.0,0.0,1.0,0.0,0.0
python-poetry/poetry,4a20310515c6bfcc511279a2662ff7da6b10a47e,2026-04-17T16:24:08+00:00,0,1,5.0,9.0,40.0,3.912023005428146,3.0,0.0,0.0,3.0,0.0,2.0,0.0,0.0,0.0,0.0,0.0,0.0,1.0,0.0,1.0,0.0,0.0,4.6,67.0,0.0,1.0,0.0,0.0
python-poetry/poetry,5d9c7a2f273e8b929da4b6823a1c75821f476650,2026-04-17T16:31:32+00:00,0,1,5.0,11.0,42.0,3.9889840465642745,3.0,0.0,0.0,3.0,0.0,2.0,0.0,0.0,0.0,0.0,0.0,0.0,1.0,0.0,1.0,0.0,0.0,5.6,68.0,0.0,1.0,0.0,0.0
python-poetry/poetry,8b89fc94a573aa93e3812420d3891eaa54b6696f,2026-04-18T02:23:49+00:00,0,1,1.0,14.0,14.0,3.367295829986474,0.0,0.0,0.0,0.0,1.0,0.0,0.0,0.0,0.0,0.0,0.0,1.0,1.0,0.0,0.0,0.0,0.0,7.0,0.0,0.0,1.0,0.0,0.0
python-poetry/poetry,e05e7a68e04b0abfbb9d43f3c07dc1e00fa9fd30,2026-04-18T15:10:38+00:00,0,1,5.0,11.0,42.0,3.9889840465642745,3.0,0.0,0.0,3.0,0.0,2.0,0.0,0.0,0.0,0.0,0.0,0.0,0.0,0.0,1.0,0.0,0.0,6.6,69.0,0.0,1.0,0.0,0.0
python-poetry/poetry,61016ab0fa44f6d8aee99a240aab2edba214b4b5,2026-04-18T15:24:38+00:00,0,1,2.0,738.0,669.0,7.249925536717988,1.0,1.0,1.0,0.0,0.0,1.0,0.0,0.0,0.0,0.0,1.0,0.0,1.0,0.0,0.0,0.0,0.0,3.0,70.0,0.0,1.0,0.0,0.0
python-poetry/poetry,6de7f755475e2aac18fa63b37f8aaebcd2836501,2026-04-18T16:43:13+00:00,0,1,1.0,13.0,6.0,2.995732273553991,2.0,1.0,1.0,0.0,0.0,0.0,0.0,0.0,0.0,0.0,1.0,0.0,1.0,0.0,0.0,0.0,0.0,4.0,2.0,0.0,1.0,0.0,0.0
python-poetry/poetry,dc6317462a1408c7fb1863d399ea37663c27152d,2026-04-18T19:46:26+00:00,0,1,1.0,2.0,2.0,1.6094379124341003,0.0,0.0,0.0,0.0,1.0,0.0,0.0,0.0,0.0,0.0,0.0,1.0,1.0,0.0,1.0,0.0,0.0,5.0,2.0,0.0,0.0,0.0,0.0
python-poetry/poetry,bee7c1084d41355b71781772cd17ebd3fd577375,2026-04-19T07:01:43+00:00,0,1,2.0,738.0,669.0,7.249925536717988,1.0,1.0,1.0,0.0,0.0,1.0,0.0,0.0,0.0,0.0,1.0,0.0,0.0,0.0,0.0,0.0,0.0,4.0,71.0,0.0,1.0,0.0,0.0
python-poetry/poetry,7fbe30172b16f2b4f40abc88ebc50a70c05f0ab1,2026-04-19T07:01:56+00:00,0,1,1.0,14.0,14.0,3.367295829986474,0.0,0.0,0.0,0.0,1.0,0.0,0.0,0.0,0.0,0.0,0.0,1.0,1.0,0.0,0.0,0.0,0.0,8.0,1.0,0.0,0.0,0.0,0.0
python-poetry/poetry,1dd728634ef29a6162279031cda9af55d7e3af20,2026-04-19T07:55:13+00:00,0,1,1.0,7.0,10.0,2.8903717578961645,1.0,1.0,1.0,0.0,0.0,0.0,0.0,0.0,0.0,0.0,1.0,0.0,1.0,0.0,1.0,0.0,0.0,5.0,0.0,0.0,0.0,0.0,0.0
python-poetry/poetry,ab66825ed4574d667651df8ebf269a235107d3db,2026-04-19T09:53:12+00:00,0,2,1.0,2.0,2.0,1.6094379124341003,0.0,0.0,0.0,0.0,0.0,0.0,1.0,0.0,0.0,0.0,0.0,0.0,1.0,0.0,0.0,0.0,0.0,14.0,14.0,0.0,1.0,0.0,0.0
python-poetry/poetry,af2326b4e7eecb3cbc366a58abea15c29ae895aa,2026-04-19T09:56:14+00:00,0,1,1.0,2.0,2.0,1.6094379124341003,0.0,0.0,0.0,0.0,0.0,0.0,1.0,0.0,0.0,0.0,0.0,0.0,0.0,0.0,0.0,0.0,0.0,15.0,15.0,0.0,1.0,0.0,0.0
python-poetry/poetry,6a42d6297cf76dd17fca9c66befc542ae41a0f59,2026-04-19T10:13:07+00:00,0,1,7.0,12.0,12.0,3.2188758248682006,0.0,0.0,0.0,0.0,0.0,0.0,7.0,1.0,0.0,0.0,0.0,0.0,1.0,0.0,0.0,0.0,0.0,0.0,72.0,0.0,1.0,0.0,0.0
python-poetry/poetry,51a10c9790c59183298eeda643dcc219556f40ca,2026-04-19T11:26:49+00:00,1,1,1.0,3.0,3.0,1.9459101490553132,0.0,0.0,0.0,0.0,0.0,0.0,1.0,1.0,0.0,0.0,0.0,0.0,1.0,0.0,0.0,0.0,0.0,0.0,72.0,0.0,1.0,0.0,0.0
python-poetry/poetry,1ab7e4ef159be63c94eb6055cae8f68433d60d13,2026-04-19T12:05:43+00:00,0,1,7.0,12.0,12.0,3.2188758248682006,0.0,0.0,0.0,0.0,0.0,0.0,7.0,1.0,0.0,0.0,0.0,0.0,0.0,0.0,0.0,0.5,0.07142857142857142,1.1428571428571428,74.0,0.013513513513513514,1.0,0.0,0.05
python-poetry/poetry,2dca96da48dbd2c7eebe3ff3e3fe84036d4aa5a4,2026-04-19T12:12:38+00:00,0,1,1.0,14.0,14.0,3.367295829986474,0.0,0.0,0.0,0.0,1.0,0.0,0.0,0.0,0.0,0.0,0.0,1.0,1.0,0.0,0.0,0.0,0.0,9.0,2.0,0.0,0.0,0.0,0.05
python-poetry/poetry,e5bc5aa95460b6426e1fdfc1a418313f0bccb70b,2026-04-19T12:15:58+00:00,0,1,1.0,14.0,0.0,2.70805020110221,0.0,0.0,0.0,0.0,1.0,0.0,0.0,0.0,0.0,0.0,0.0,1.0,0.0,0.0,0.0,0.0,0.0,10.0,1.0,0.0,1.0,0.0,0.05
python-poetry/poetry,2ed534203f0cbacc5bcc5660c651b9296916c811,2026-04-20T20:54:29+00:00,0,2,1.0,1.0,1.0,1.0986122886681098,0.0,0.0,0.0,0.0,0.0,0.0,1.0,0.0,0.0,0.0,0.0,0.0,1.0,0.0,0.0,0.0,0.0,16.0,16.0,0.0,1.0,0.0,0.05
python-poetry/poetry,848bbd1560894ffa7139575ef1581a6851899c96,2026-04-21T02:42:11+00:00,0,1,1.0,1.0,1.0,1.0986122886681098,0.0,0.0,0.0,0.0,0.0,0.0,1.0,1.0,0.0,0.0,0.0,0.0,1.0,0.0,1.0,0.0,0.0,2.0,1.0,0.0,1.0,0.0,0.05
python-poetry/poetry,6d97905a282adc6f97e3afa2ba1cbd5df5ed5b2a,2026-04-21T21:23:03+00:00,0,1,15.0,776.0,724.0,7.313886831633462,4.0,1.0,1.0,3.0,1.0,2.0,8.0,1.0,0.0,0.0,0.0,0.0,1.0,1.0,1.0,0.3333333333333333,0.02222222222222222,5.8,3.0,0.0,1.0,0.0,0.05
python-poetry/poetry,e0dc9b00cc763b74ea99176ca6c0a33a04276d81,2026-04-21T21:28:08+00:00,0,1,15.0,776.0,724.0,7.313886831633462,4.0,1.0,1.0,3.0,1.0,2.0,8.0,1.0,0.0,0.0,0.0,0.0,1.0,1.0,0.0,0.25,0.016666666666666666,6.8,4.0,0.0,1.0,0.0,0.05
python-poetry/poetry,5d81f75a49bc2ba51a40629ea1c274eca98e3a58,2026-04-22T15:26:32+00:00,0,1,1.0,2.0,2.0,1.6094379124341003,0.0,0.0,0.0,0.0,1.0,0.0,0.0,0.0,0.0,0.0,0.0,1.0,1.0,0.0,1.0,0.0,0.0,6.0,3.0,0.0,0.0,0.0,0.05
python-poetry/poetry,b624543168a2c23a128d0237bf019f38c6175c04,2026-04-22T15:30:09+00:00,0,1,1.0,9.0,0.0,2.302585092994046,0.0,0.0,0.0,0.0,1.0,0.0,0.0,0.0,0.0,0.0,0.0,1.0,0.0,0.0,0.0,0.0,0.0,7.0,0.0,0.0,1.0,0.0,0.05
python-poetry/poetry,b74ed24ea59981790672333a1cb0c51423e6a5af,2026-04-22T15:31:40+00:00,0,1,1.0,1.0,1.0,1.0986122886681098,1.0,1.0,1.0,0.0,0.0,0.0,0.0,0.0,0.0,0.0,1.0,0.0,1.0,0.0,1.0,0.0,0.0,14.0,2.0,0.0,1.0,0.0,0.05
python-poetry/poetry,f9a330f39e87999b1d404610c4fce628a4059659,2026-04-22T15:49:48+00:00,0,1,1.0,1.0,1.0,1.0986122886681098,1.0,1.0,1.0,0.0,0.0,0.0,0.0,0.0,0.0,0.0,1.0,0.0,0.0,0.0,1.0,0.0,0.0,15.0,0.0,0.0,1.0,0.0,0.05
python-poetry/poetry,d336c5fc45dd95db5897ca21f1df83c7cc1c62ff,2026-04-23T15:33:10+00:00,1,1,1.0,76.0,0.0,4.343805421853684,1.0,0.0,0.0,1.0,0.0,0.0,0.0,0.0,0.0,0.0,0.0,0.0,1.0,0.0,0.0,0.0,0.0,11.0,1.0,0.0,1.0,0.0,0.05
python-poetry/poetry,e76724912c0bedc10309b97cf08ece9f56cda38b,2026-04-26T14:50:50+00:00,0,1,4.0,150.0,150.0,5.707110264748875,9.0,0.0,0.0,3.0,0.0,0.0,1.0,1.0,0.0,0.0,0.0,0.0,1.0,0.0,1.0,0.0,0.0,2.0,0.0,0.0,1.0,0.0,0.1
python-poetry/poetry,9c547e4a86303d0adcadb3d40bbbba80891452c2,2026-04-26T15:01:05+00:00,0,1,4.0,150.0,150.0,5.707110264748875,9.0,0.0,0.0,3.0,0.0,0.0,1.0,1.0,0.0,0.0,0.0,0.0,0.0,0.0,1.0,0.0,0.0,3.0,75.0,0.013333333333333334,1.0,0.0,0.1
python-poetry/poetry,74cd4f357bf24b185cac2d821a936b60a2d2e6a9,2026-04-26T20:50:33+00:00,0,2,6.0,160.0,151.0,5.7430031878094825,10.0,1.0,1.0,3.0,1.0,0.0,1.0,1.0,0.0,0.0,0.0,0.0,1.0,1.0,0.0,0.0,0.0,6.666666666666667,3.0,0.0,1.0,0.0,0.1
python-poetry/poetry,cd0ede860983435b9fe52c2ea3506ec0310d0972,2026-04-26T20:51:26+00:00,0,1,1.0,1.0,1.0,1.0986122886681098,0.0,0.0,0.0,0.0,0.0,0.0,1.0,0.0,0.0,0.0,0.0,0.0,0.0,0.0,0.0,0.0,0.0,19.0,17.0,0.0,1.0,0.0,0.1
python-poetry/poetry,fe897257aff1a7225307c7348aa1c5b2b7e7bb53,2026-04-27T09:14:17+00:00,0,1,1.0,6.0,1.0,2.0794415416798357,1.0,1.0,1.0,0.0,0.0,0.0,0.0,0.0,0.0,0.0,1.0,0.0,1.0,0.0,1.0,0.0,0.0,0.0,0.0,0.0,1.0,0.0,0.1
python-poetry/poetry,04af1729bd996d057f172dd9bcff2176bfe3ce85,2026-04-27T12:35:12+00:00,1,1,1.0,1.0,1.0,1.0986122886681098,1.0,1.0,1.0,0.0,0.0,0.0,0.0,0.0,0.0,1.0,1.0,0.0,1.0,0.0,1.0,0.0,0.0,6.0,0.0,0.0,0.0,0.0,0.1
python-poetry/poetry,0708bab0c418c355a0fc470206288a0319741444,2026-04-27T21:41:18+00:00,0,2,1.0,2.0,2.0,1.6094379124341003,0.0,0.0,0.0,0.0,0.0,0.0,1.0,0.0,0.0,0.0,0.0,0.0,1.0,0.0,0.0,0.0,0.0,20.0,18.0,0.0,1.0,0.0,0.15
python-poetry/poetry,e9d6150588635e7c9bc2a7d3c649e895fd42d45f,2026-04-28T11:43:25+00:00,0,1,1.0,2.0,2.0,1.6094379124341003,0.0,0.0,0.0,0.0,0.0,0.0,1.0,0.0,0.0,0.0,0.0,0.0,0.0,0.0,0.0,0.0,0.0,21.0,19.0,0.0,1.0,0.0,0.1
python-poetry/poetry,dac684c11300958bced821e0036d10ae21f05fb9,2026-04-29T11:28:21+00:00,1,1,1.0,1.0,1.0,1.0986122886681098,1.0,1.0,1.0,0.0,0.0,0.0,0.0,0.0,0.0,1.0,1.0,0.0,1.0,0.0,0.0,0.14285714285714285,0.14285714285714285,7.0,1.0,1.0,1.0,1.0,0.1
python-poetry/poetry,36a97bf96aeb6cd7e60ac0558f6fefa55035a962,2026-04-29T16:09:00+00:00,1,1,2.0,77.0,0.0,4.356708826689592,1.0,0.0,0.0,1.0,0.0,1.0,0.0,0.0,0.0,0.0,0.0,0.0,1.0,0.0,0.0,0.08333333333333333,0.041666666666666664,13.5,2.0,0.5,1.0,0.0,0.15
python-poetry/poetry,f9d6fbeaf5978f1ec4cfce368534461093ec7026,2026-04-29T16:22:47+00:00,0,1,3.0,125.0,41.0,5.117993812416755,1.0,0.0,0.0,1.0,0.0,2.0,0.0,0.0,0.0,0.0,0.0,0.0,1.0,0.0,0.0,0.15384615384615385,0.07211538461538462,12.666666666666666,3.0,0.6666666666666666,1.0,0.0,0.2
python-poetry/poetry,41ec955cdc3b4eb5b230652578e58ff373c7a20b,2026-05-01T04:30:44+00:00,0,1,1.0,6.0,1.0,2.0794415416798357,1.0,1.0,1.0,0.0,0.0,0.0,0.0,0.0,0.0,0.0,1.0,0.0,1.0,0.0,1.0,0.0,0.0,1.0,1.0,0.0,1.0,0.0,0.2
python-poetry/poetry,f47e6b2f73e6ea6e1f81fa8963ec0fde30815345,2026-05-01T04:41:20+00:00,0,1,1.0,6.0,1.0,2.0794415416798357,1.0,1.0,1.0,0.0,0.0,0.0,0.0,0.0,0.0,0.0,1.0,0.0,0.0,0.0,1.0,0.0,0.0,2.0,2.0,0.0,1.0,0.0,0.2
python-poetry/poetry,8cee5a3ba5152431e1373e36a208a6923afffae3,2026-05-01T04:58:58+00:00,0,1,5.0,6.0,14.0,3.044522437723423,5.0,1.0,1.0,3.0,0.0,1.0,0.0,0.0,0.0,0.0,0.0,0.0,1.0,0.0,0.0,0.058823529411764705,0.029411764705882353,4.0,76.0,0.013157894736842105,1.0,0.0,0.2
python-poetry/poetry,4b3f0898a6d45fc02efc77d70362443666603fb7,2026-05-01T07:29:14+00:00,0,1,5.0,6.0,14.0,3.044522437723423,5.0,1.0,1.0,3.0,0.0,1.0,0.0,0.0,0.0,0.0,0.0,0.0,0.0,0.0,0.0,0.05555555555555555,0.01111111111111111,5.0,77.0,0.012987012987012988,1.0,0.0,0.2
python-poetry/poetry,f7d32eb8a63c1c2050177ce92d9f6d761e40cef9,2026-05-01T07:32:40+00:00,0,1,1.0,0.0,2.0,1.0986122886681098,0.0,0.0,0.0,0.0,0.0,1.0,0.0,0.0,0.0,0.0,0.0,0.0,1.0,0.0,0.0,0.05555555555555555,0.05555555555555555,18.0,77.0,0.012987012987012988,0.0,0.0,0.2
python-poetry/poetry,720d3cd161d97ebc3dcacecc94a611135bdab35c,2026-05-01T07:42:05+00:00,0,1,1.0,0.0,2.0,1.0986122886681098,0.0,0.0,0.0,0.0,0.0,1.0,0.0,0.0,0.0,0.0,0.0,0.0,0.0,0.0,0.0,0.05,0.05,20.0,79.0,0.012658227848101266,1.0,0.0,0.2
python-poetry/poetry,77593a4fd7760c326c1b696fe1b06b0f6f314c2a,2026-05-01T12:16:57+00:00,0,1,1.0,60.0,8.0,4.23410650459726,8.0,0.0,0.0,1.0,0.0,0.0,0.0,0.0,0.0,0.0,0.0,0.0,1.0,0.0,0.0,0.0,0.0,8.0,80.0,0.0125,0.0,0.0,0.2
python-poetry/poetry,2f42de82c66cf218e5750e5d6b02f72f13b90a3a,2026-05-01T12:29:53+00:00,0,1,1.0,4.0,3.0,2.0794415416798357,1.0,1.0,1.0,0.0,0.0,0.0,0.0,0.0,0.0,0.0,1.0,0.0,1.0,0.0,0.0,0.0,0.0,0.0,81.0,0.012345679012345678,1.0,0.0,0.2
python-poetry/poetry,8d84f20b5e20e52c340c7a9f60f1a6487d87558f,2026-05-01T13:04:17+00:00,0,1,12.0,309.0,86.0,5.981414211254481,40.0,4.0,8.0,4.0,0.0,0.0,0.0,0.0,0.0,2.0,0.0,0.0,0.0,0.0,1.0,0.25,0.025,4.0,5.0,0.0,1.0,0.0,0.2
python-poetry/poetry,faaae4815d759eca1b633b5c423a3730f6fea54b,2026-05-01T13:21:29+00:00,0,1,1.0,1.0,2.0,1.3862943611198906,1.0,0.0,0.0,1.0,0.0,0.0,0.0,0.0,0.0,0.0,0.0,0.0,1.0,0.0,0.0,0.0,0.0,9.0,82.0,0.012195121951219513,0.0,0.0,0.15
python-poetry/poetry,f5602480cac081db215cc33773f229a8b0bb0d9d,2026-05-01T13:30:47+00:00,0,1,1.0,506.0,57.0,6.335054251498059,60.0,0.0,0.0,1.0,0.0,0.0,0.0,0.0,0.0,0.0,0.0,0.0,0.0,0.0,0.0,0.0,0.0,10.0,6.0,0.0,1.0,0.0,0.15
python-poetry/poetry,50f771ca40d1bda30dda6559a045e889461d3ecc,2026-05-01T13:44:58+00:00,0,1,1.0,3.0,1.0,1.6094379124341003,1.0,0.0,0.0,1.0,0.0,0.0,0.0,0.0,0.0,0.0,0.0,0.0,1.0,0.0,1.0,0.0,0.0,0.0,83.0,0.012048192771084338,0.0,0.0,0.15
python-poetry/poetry,f58d2d41f0187d1452b47abb1ffca2af921db4eb,2026-05-01T14:02:27+00:00,0,1,2.0,11.0,4.0,2.772588722239781,2.0,1.0,1.0,1.0,0.0,0.0,0.0,0.0,0.0,1.0,0.0,0.0,0.0,0.0,1.0,0.2222222222222222,0.1111111111111111,5.0,0.0,0.0,1.0,0.0,0.15
python-poetry/poetry,0b9501ac7206eb67e145d162019597b6af93fe2a,2026-05-02T05:18:28+00:00,0,1,11.0,124.0,124.0,5.517452896464707,0.0,0.0,0.0,11.0,0.0,0.0,3.0,0.0,0.0,0.0,0.0,0.0,1.0,0.0,0.0,0.0,0.0,0.36363636363636365,84.0,0.011904761904761904,1.0,0.0,0.15
python-poetry/poetry,23e5b6e1dee0a6e02cc7c45d44739820a39aae6f,2026-05-02T07:04:59+00:00,0,1,11.0,124.0,124.0,5.517452896464707,0.0,0.0,0.0,11.0,0.0,0.0,3.0,0.0,0.0,0.0,0.0,0.0,0.0,0.0,0.0,0.0,0.0,1.3636363636363635,85.0,0.011764705882352941,1.0,0.0,0.15
python-poetry/poetry,c282971172cb9a4f539e250432e4a34517351bb6,2026-05-02T07:15:47+00:00,0,1,15.0,184.0,182.0,5.905361848054571,132.0,0.0,0.0,15.0,0.0,0.0,0.0,0.0,0.0,0.0,0.0,0.0,1.0,0.0,1.0,0.0,0.0,2.8,86.0,0.011627906976744186,1.0,0.0,0.1
python-poetry/poetry,a7b06304084d480e3c925ee7af866d98f03d414d,2026-05-02T07:23:49+00:00,0,1,16.0,187.0,184.0,5.918893854273146,133.0,0.0,0.0,16.0,0.0,0.0,0.0,0.0,0.0,0.0,0.0,0.0,1.0,0.0,1.0,0.0,0.0,3.75,87.0,0.011494252873563218,1.0,0.0,0.1
python-poetry/poetry,7ef28ec94b11c277f925a961f94895991d6890a2,2026-05-02T07:54:08+00:00,0,1,16.0,187.0,184.0,5.918893854273146,133.0,0.0,0.0,16.0,0.0,0.0,0.0,0.0,0.0,0.0,0.0,0.0,0.0,0.0,1.0,0.0,0.0,4.75,88.0,0.011363636363636364,1.0,0.0,0.1
python-poetry/poetry,d86458f898f7016708c2d813ee8a3cfe8faeeea8,2026-05-02T08:02:25+00:00,0,1,2.0,6.0,6.0,2.5649493574615367,0.0,0.0,0.0,0.0,0.0,2.0,0.0,0.0,0.0,0.0,0.0,0.0,1.0,0.0,0.0,0.047619047619047616,0.023809523809523808,15.5,89.0,0.011235955056179775,1.0,0.0,0.05
python-poetry/poetry,236dacf038578e3fbcd3ee69ea74d1a2e1de076f,2026-05-02T08:10:15+00:00,0,1,2.0,6.0,6.0,2.5649493574615367,0.0,0.0,0.0,0.0,0.0,2.0,0.0,0.0,0.0,0.0,0.0,0.0,0.0,0.0,0.0,0.045454545454545456,0.022727272727272728,16.5,90.0,0.011111111111111112,1.0,0.0,0.0
python-poetry/poetry,9808ca47a577f7363283c65cc83350dc12acb46e,2026-05-02T08:11:21+00:00,0,1,1.0,2.0,2.0,1.6094379124341003,0.0,0.0,0.0,0.0,0.0,0.0,1.0,1.0,0.0,0.0,0.0,0.0,1.0,0.0,0.0,0.0,0.0,4.0,90.0,0.011111111111111112,0.0,0.0,0.0
python-poetry/poetry,812e2bc3b099257e0eca0ce584396aedafb07390,2026-05-02T08:13:11+00:00,0,1,1.0,2.0,2.0,1.6094379124341003,0.0,0.0,0.0,0.0,0.0,0.0,1.0,1.0,0.0,0.0,0.0,0.0,0.0,0.0,0.0,0.0,0.0,5.0,91.0,0.01098901098901099,0.0,0.0,0.0
python-poetry/poetry,40a2d3fe529003c9b81cc80a1602dcbaf639edd3,2026-05-02T08:15:03+00:00,0,1,7.0,126.0,9.0,4.912654885736052,17.0,3.0,3.0,3.0,1.0,0.0,0.0,0.0,0.0,0.0,0.0,0.0,1.0,0.0,0.0,0.0,0.0,9.285714285714286,91.0,0.01098901098901099,0.0,0.0,0.0
python-poetry/poetry,42014e2789abafd7d59131b2413ec681c6507e3e,2026-05-02T16:24:39+00:00,1,1,1.0,3.0,5.0,2.1972245773362196,1.0,1.0,1.0,0.0,0.0,0.0,0.0,0.0,0.0,0.0,1.0,0.0,1.0,0.0,1.0,0.0,0.0,0.0,35.0,0.0,1.0,0.0,0.0
python-poetry/poetry,85c41ff03d12f51b19266d0c70c654c636228fa6,2026-05-02T16:25:12+00:00,0,1,1.0,2.0,0.0,1.0986122886681098,2.0,0.0,0.0,1.0,0.0,0.0,0.0,0.0,0.0,0.0,0.0,0.0,1.0,0.0,0.0,0.14285714285714285,0.14285714285714285,14.0,35.0,0.0,1.0,0.0,0.0
python-poetry/poetry,acc9324bd35696bbcdbd79030bffea8b8bdca612,2026-05-02T16:31:44+00:00,0,1,3.0,13.0,84.0,4.584967478670572,3.0,1.0,2.0,1.0,0.0,0.0,0.0,0.0,0.0,0.0,0.0,0.0,1.0,0.0,0.0,0.0,0.0,1.0,37.0,0.02702702702702703,1.0,0.0,0.05
python-poetry/poetry,f58325bee735167217d05ac1f1e352c4acca5712,2026-05-02T16:32:16+00:00,1,1,1.0,3.0,5.0,2.1972245773362196,1.0,1.0,1.0,0.0,0.0,0.0,0.0,0.0,0.0,0.0,1.0,0.0,1.0,0.0,1.0,1.0,1.0,1.0,37.0,0.02702702702702703,1.0,0.0,0.05
python-poetry/poetry,f8b703078d53b80ec861dab7fd543703fafa3ba1,2026-05-02T16:32:37+00:00,0,1,1.0,2.0,0.0,1.0986122886681098,2.0,0.0,0.0,1.0,0.0,0.0,0.0,0.0,0.0,0.0,0.0,0.0,1.0,0.0,0.0,0.13333333333333333,0.13333333333333333,15.0,37.0,0.02702702702702703,1.0,0.0,0.05
python-poetry/poetry,1213c05b9172b753970982a7a90efc6cc3167934,2026-05-03T05:04:00+00:00,0,1,3.0,13.0,84.0,4.584967478670572,3.0,1.0,2.0,1.0,0.0,0.0,0.0,0.0,0.0,0.0,0.0,0.0,0.0,0.0,0.0,0.0,0.0,2.0,40.0,0.05,1.0,0.0,0.1
python-poetry/poetry,8ee9c297d4af3c18a4c54b0a05e79ac38f0c828c,2026-05-03T05:05:46+00:00,0,1,1.0,3.0,5.0,2.1972245773362196,1.0,1.0,1.0,0.0,0.0,0.0,0.0,0.0,0.0,0.0,1.0,0.0,1.0,0.0,1.0,1.0,1.0,2.0,40.0,0.05,0.0,0.0,0.1
python-poetry/poetry,d83f6c05b70fae6572765015520368db59b7f31c,2026-05-03T05:12:35+00:00,0,1,1.0,3.0,5.0,2.1972245773362196,1.0,1.0,1.0,0.0,0.0,0.0,0.0,0.0,0.0,0.0,1.0,0.0,0.0,0.0,1.0,0.6666666666666666,0.6666666666666666,3.0,42.0,0.047619047619047616,1.0,0.0,0.1
python-poetry/poetry,6be16b5449c243c4cf6d682f316827e056767af7,2026-05-03T05:25:37+00:00,0,1,1.0,2.0,0.0,1.0986122886681098,2.0,0.0,0.0,1.0,0.0,0.0,0.0,0.0,0.0,0.0,0.0,0.0,1.0,0.0,0.0,0.125,0.125,16.0,42.0,0.047619047619047616,0.0,0.0,0.1
python-poetry/poetry,f6e2bb57714c605d6245b2b2a447411d89248e01,2026-05-03T05:32:45+00:00,0,1,1.0,2.0,0.0,1.0986122886681098,2.0,0.0,0.0,1.0,0.0,0.0,0.0,0.0,0.0,0.0,0.0,0.0,0.0,0.0,0.0,0.11764705882352941,0.11764705882352941,17.0,43.0,0.046511627906976744,0.0,0.0,0.1
python-poetry/poetry,1a8d1ccdb401c8ccd4628b40d6492e5d83c1225a,2026-05-03T07:27:47+00:00,0,1,2.0,6.0,6.0,2.5649493574615367,0.0,0.0,0.0,0.0,0.0,2.0,0.0,0.0,0.0,0.0,0.0,0.0,1.0,0.0,0.0,0.043478260869565216,0.021739130434782608,17.5,94.0,0.010638297872340425,1.0,0.0,0.1
python-poetry/poetry,56a5e3848311b934788db0b2bba6943c73857e60,2026-05-03T07:55:49+00:00,0,1,2.0,6.0,6.0,2.5649493574615367,0.0,0.0,0.0,0.0,0.0,2.0,0.0,0.0,0.0,0.0,0.0,0.0,0.0,0.0,0.0,0.041666666666666664,0.020833333333333332,18.5,95.0,0.010526315789473684,1.0,0.0,0.1
python-poetry/poetry,2e59cca2f283f5d00755d92ffb28937ebbf00089,2026-05-03T08:40:35+00:00,0,1,7.0,126.0,9.0,4.912654885736052,17.0,3.0,3.0,3.0,1.0,0.0,0.0,0.0,0.0,0.0,0.0,0.0,1.0,0.0,0.0,0.0,0.0,10.285714285714286,96.0,0.010416666666666666,0.0,0.0,0.1
python-poetry/poetry,ca51dac1c3d019d17f5adcb609338e890e0d47c8,2026-05-03T08:49:40+00:00,0,1,7.0,126.0,9.0,4.912654885736052,17.0,3.0,3.0,3.0,1.0,0.0,0.0,0.0,0.0,0.0,0.0,0.0,0.0,0.0,0.0,0.0,0.0,11.285714285714286,97.0,0.010309278350515464,0.0,0.0,0.1
python-poetry/poetry,fad385cd7d051a0396016524feaabf3cb5f88d5a,2026-05-03T09:13:30+00:00,0,1,2.0,47.0,2.0,3.912023005428146,0.0,0.0,0.0,0.0,1.0,1.0,0.0,0.0,0.0,0.0,0.0,0.0,1.0,0.0,0.0,0.04,0.02,17.0,98.0,0.01020408163265306,1.0,0.0,0.1
python-poetry/poetry,97a43d2d0c194710ae9c37c4386bf32ecb1ce1ed,2026-05-03T11:03:53+00:00,0,1,2.0,1.0,110.0,4.718498871295094,0.0,0.0,0.0,2.0,0.0,0.0,1.0,0.0,0.0,0.0,0.0,0.0,1.0,0.0,0.0,0.0,0.0,4.0,45.0,0.044444444444444446,0.0,0.0,0.1
python-poetry/poetry,f955d201e072e72175530ab56e10c1a40bd05ff6,2026-05-03T11:54:18+00:00,0,1,38.0,1523.0,1661.0,8.066207568006265,136.0,12.0,18.0,18.0,0.0,2.0,0.0,0.0,0.0,0.0,0.0,0.0,1.0,0.0,0.0,0.5,0.02692307692307692,3.263157894736842,46.0,0.043478260869565216,1.0,0.0,0.1
python-poetry/poetry,08399c62917e7ee90263d10756a9a6917307a584,2026-05-03T12:04:51+00:00,0,1,38.0,1523.0,1662.0,8.066521490469993,136.0,12.0,18.0,18.0,0.0,2.0,0.0,0.0,0.0,0.0,0.0,0.0,1.0,0.0,0.0,0.4,0.011500974658869395,4.2631578947368425,47.0,0.0425531914893617,1.0,0.0,0.1
python-poetry/poetry,edbe5e73aec082f698137dfda5bf804608768894,2026-05-03T12:11:37+00:00,0,1,38.0,1523.0,1663.0,8.066835314417336,137.0,12.0,18.0,18.0,0.0,2.0,0.0,0.0,0.0,0.0,0.0,0.0,1.0,0.0,0.0,0.3333333333333333,0.009711779448621553,5.2631578947368425,48.0,0.041666666666666664,1.0,0.0,0.1
python-poetry/poetry,6088e2f3481fce8aedb4bbaf5d5d405d8667ffc9,2026-05-03T13:50:03+00:00,1,1,2.0,56.0,1.0,4.060443010546419,4.0,1.0,1.0,1.0,0.0,0.0,0.0,0.0,0.0,0.0,0.0,0.0,1.0,0.0,1.0,0.0,0.0,10.0,99.0,0.010101010101010102,0.0,0.0,0.1
python-poetry/poetry,296ad0fede8f5b0d0a4896c88380848999bab655,2026-05-03T13:51:08+00:00,0,1,2.0,194.0,192.0,5.958424693029782,0.0,0.0,0.0,0.0,0.0,2.0,0.0,0.0,0.0,0.0,0.0,0.0,1.0,0.0,0.0,0.034482758620689655,0.017241379310344827,23.0,99.0,0.010101010101010102,1.0,0.0,0.1
python-poetry/poetry,6b100d5cfcb1bc52c85705b5e4be241a09629fd3,2026-05-03T13:58:53+00:00,0,1,2.0,194.0,192.0,5.958424693029782,0.0,0.0,0.0,0.0,0.0,2.0,0.0,0.0,0.0,0.0,0.0,0.0,0.0,0.0,0.0,0.03333333333333333,0.016666666666666666,24.0,100.0,0.01,1.0,0.0,0.1
python-poetry/poetry,08e7e0f8bb35a1b343f668c025aa1b7f2dba3f02,2026-05-03T13:59:54+00:00,0,1,2.0,47.0,2.0,3.912023005428146,0.0,0.0,0.0,0.0,1.0,1.0,0.0,0.0,0.0,0.0,0.0,0.0,1.0,0.0,0.0,0.03333333333333333,0.016666666666666666,20.0,100.0,0.01,0.0,0.0,0.1
python-poetry/poetry,9369b4eacfe4e364c4c4c4b09277a038abdbcb23,2026-05-03T14:49:26+00:00,1,1,2.0,56.0,1.0,4.060443010546419,4.0,1.0,1.0,1.0,0.0,0.0,0.0,0.0,0.0,0.0,0.0,0.0,1.0,0.0,1.0,0.0,0.0,10.0,102.0,0.00980392156862745,0.0,0.0,0.05
python-poetry/poetry,3fc8b33d8c46bf3fbbf06255f1688a2a7bfdfc6b,2026-05-03T14:50:56+00:00,0,3,2.0,47.0,2.0,3.912023005428146,0.0,0.0,0.0,0.0,1.0,1.0,0.0,0.0,0.0,0.0,0.0,0.0,0.0,0.0,0.0,0.03125,0.015625,21.5,102.0,0.00980392156862745,1.0,0.0,0.05
python-poetry/poetry,2cf49dca58b96bc5d1c29c5c2d8ad8c49bd9f287,2026-05-03T21:48:41+00:00,1,1,38.0,1532.0,1672.0,8.07246736935477,137.0,12.0,18.0,18.0,0.0,2.0,0.0,0.0,0.0,0.0,0.0,0.0,1.0,0.0,0.0,0.2857142857142857,0.008316245158350421,6.421052631578948,49.0,0.04081632653061224,1.0,0.0,0.05
python-poetry/poetry,bfd40afac9e4bc70f8788681a791f6007c371522,2026-05-03T23:10:45+00:00,1,1,4.0,14.0,9.0,3.1780538303479458,4.0,1.0,1.0,3.0,0.0,0.0,0.0,0.0,0.0,0.0,0.0,0.0,1.0,0.0,1.0,0.0,0.0,3.25,50.0,0.06,1.0,0.0,0.1
python-poetry/poetry,f1cd632242bbee57bf3f9265bf2fa5256423ddec,2026-05-06T05:56:01+00:00,0,1,1.0,3.0,1.0,1.6094379124341003,1.0,0.0,0.0,1.0,0.0,0.0,0.0,0.0,0.0,0.0,0.0,0.0,1.0,0.0,0.0,0.0,0.0,0.0,0.0,0.0,0.0,0.0,0.2
python-poetry/poetry,17f15a9e4c28199f44a1bc4a7c2f1e971142709b,2026-05-06T09:08:36+00:00,1,1,61.0,2095.0,774.0,7.962067308753666,272.0,7.0,16.0,40.0,2.0,2.0,4.0,1.0,0.0,2.0,0.0,0.0,1.0,1.0,0.0,1.0,0.05105258152643773,6.147540983606557,4.0,0.5,1.0,0.0,0.2
python-poetry/poetry,4001a9551aa15cb80e9d3371f8c6c9b485f541d3,2026-05-06T09:13:34+00:00,1,1,3.0,81.0,4.0,4.454347296253507,1.0,0.0,0.0,1.0,0.0,2.0,0.0,0.0,0.0,0.0,0.0,0.0,1.0,0.0,0.0,0.15789473684210525,0.11294903926482873,25.0,5.0,0.6,1.0,0.0,0.25
python-poetry/poetry,b0314d645815b48c27cccea861fa70bc890a829c,2026-05-07T22:11:32+00:00,1,1,1.0,13.0,7.0,3.044522437723423,2.0,1.0,1.0,0.0,0.0,0.0,0.0,0.0,0.0,0.0,1.0,0.0,1.0,0.0,0.0,0.1,0.1,10.0,4.0,0.0,1.0,0.0,0.3
python-poetry/poetry,2016713088b2f206d7f3c5bbaff6f3ffa5b11082,2026-05-08T12:37:31+00:00,0,1,1.0,4.0,4.0,2.1972245773362196,4.0,0.0,0.0,1.0,0.0,0.0,0.0,0.0,0.0,0.0,0.0,0.0,1.0,0.0,0.0,0.3333333333333333,0.3333333333333333,3.0,1.0,0.0,1.0,0.0,0.35
python-poetry/poetry,ee811fb9a594239b220bbecc6959694bcaf4367f,2026-05-08T14:49:34+00:00,1,1,2.0,79.0,1.0,4.394449154672439,3.0,1.0,1.0,1.0,0.0,0.0,0.0,0.0,0.0,0.0,0.0,0.0,1.0,0.0,1.0,0.08333333333333333,0.041666666666666664,9.5,105.0,0.02857142857142857,1.0,0.0,0.35
python-poetry/poetry,39996bf3c674f296fc3ef71c4c5330c2c35742b2,2026-05-08T14:55:04+00:00,0,1,1.0,0.0,6.0,1.9459101490553132,0.0,0.0,0.0,0.0,0.0,0.0,1.0,1.0,0.0,0.0,0.0,0.0,1.0,0.0,0.0,0.0,0.0,4.0,105.0,0.02857142857142857,1.0,0.0,0.35
python-poetry/poetry,ca5b500f3037af1d5350bfa20c276dc3fbc3dc5d,2026-05-08T15:03:19+00:00,0,1,1.0,0.0,6.0,1.9459101490553132,0.0,0.0,0.0,0.0,0.0,0.0,1.0,1.0,0.0,0.0,0.0,0.0,0.0,0.0,0.0,0.0,0.0,5.0,107.0,0.037383177570093455,1.0,0.0,0.4
python-poetry/poetry,dfc37d2c2cac65d6d7fcb8c2077e528aae889d73,2026-05-08T15:03:36+00:00,0,1,2.0,79.0,1.0,4.394449154672439,3.0,1.0,1.0,1.0,0.0,0.0,0.0,0.0,0.0,0.0,0.0,0.0,1.0,0.0,1.0,0.15384615384615385,0.13942307692307693,10.5,107.0,0.037383177570093455,0.0,0.0,0.4
python-poetry/poetry,409c83cb91d77eedee8dfa85ca9623748baa8c7e,2026-05-08T15:15:35+00:00,0,1,2.0,79.0,1.0,4.394449154672439,3.0,1.0,1.0,1.0,0.0,0.0,0.0,0.0,0.0,0.0,0.0,0.0,0.0,0.0,1.0,0.14285714285714285,0.12698412698412698,11.5,108.0,0.037037037037037035,0.0,0.0,0.4
python-poetry/poetry,5636ff85a7ed790d8fb4d63eafc39accca11e620,2026-05-08T15:17:01+00:00,0,1,1.0,4.0,4.0,2.1972245773362196,4.0,0.0,0.0,1.0,0.0,0.0,0.0,0.0,0.0,0.0,0.0,0.0,1.0,0.0,0.0,0.25,0.25,4.0,2.0,0.0,0.0,0.0,0.4
python-poetry/poetry,e75f0349fcfdede5ff5634864d1107631623c856,2026-05-08T15:28:00+00:00,0,1,1.0,4.0,4.0,2.1972245773362196,4.0,0.0,0.0,1.0,0.0,0.0,0.0,0.0,0.0,0.0,0.0,0.0,0.0,0.0,0.0,0.2,0.2,5.0,0.0,0.0,1.0,0.0,0.4
python-poetry/poetry,2ae360bc61373ad954f29d06c2b85f1dd106e684,2026-05-08T15:54:34+00:00,0,1,2.0,2.0,2.0,1.6094379124341003,0.0,0.0,0.0,0.0,0.0,2.0,0.0,0.0,0.0,0.0,0.0,0.0,1.0,0.0,0.0,0.13636363636363635,0.12373737373737373,29.0,110.0,0.03636363636363636,0.0,0.0,0.4
python-poetry/poetry,c273de570ec06c6068fa8ec42666a5d22cf47c73,2026-05-09T07:31:30+00:00,0,1,2.0,2.0,2.0,1.6094379124341003,0.0,0.0,0.0,0.0,0.0,2.0,0.0,0.0,0.0,0.0,0.0,0.0,0.0,0.0,0.0,0.13043478260869565,0.11927144535840188,30.0,111.0,0.036036036036036036,1.0,0.0,0.4
python-poetry/poetry,038b82387f76993d41d9935761a5037da3b1006a,2026-05-09T07:55:51+00:00,0,1,2.0,14.0,2.0,2.833213344056216,0.0,0.0,0.0,0.0,1.0,1.0,0.0,0.0,0.0,0.0,0.0,0.0,1.0,0.0,0.0,0.10526315789473684,0.09109311740890688,25.5,112.0,0.03571428571428571,1.0,0.0,0.4
python-poetry/poetry,811a12dae0fe81f199e3f1b88b8b8be9eed543c2,2026-05-09T15:08:38+00:00,0,3,2.0,14.0,2.0,2.833213344056216,0.0,0.0,0.0,0.0,1.0,1.0,0.0,0.0,0.0,0.0,0.0,0.0,0.0,0.0,0.0,0.10256410256410256,0.08699633699633699,26.5,113.0,0.035398230088495575,1.0,0.0,0.4
python-poetry/poetry,7af2c52f1698ec5e55dbe3baee573ea5f10e787a,2026-05-10T01:36:00+00:00,1,1,1.0,52.0,0.0,3.970291913552122,1.0,0.0,0.0,1.0,0.0,0.0,0.0,0.0,0.0,0.0,0.0,0.0,1.0,0.0,0.0,0.18181818181818182,0.18181818181818182,11.0,0.0,0.0,0.0,0.0,0.35
python-poetry/poetry,ab66cd89359f53858fa97d1c51dc48bd47d4f855,2026-05-10T09:08:19+00:00,1,1,1.0,1.0,1.0,1.0986122886681098,1.0,1.0,1.0,0.0,0.0,0.0,0.0,0.0,0.0,0.0,1.0,0.0,1.0,0.0,1.0,0.18181818181818182,0.18181818181818182,11.0,1.0,1.0,1.0,1.0,0.4
python-poetry/poetry,d3aba977121ce87f31b0a3a19ccd8b3f745980bb,2026-05-10T15:30:23+00:00,0,1,1.0,2.0,2.0,1.6094379124341003,0.0,0.0,0.0,0.0,0.0,1.0,0.0,0.0,0.0,0.0,0.0,0.0,1.0,0.0,0.0,0.1,0.1,40.0,114.0,0.03508771929824561,0.0,0.0,0.4
python-poetry/poetry,98fd668570c350e02888a3e1fc95e10ac68f91b9,2026-05-10T16:35:09+00:00,1,1,38.0,1532.0,1672.0,8.07246736935477,137.0,12.0,18.0,18.0,0.0,2.0,0.0,0.0,0.0,0.0,0.0,0.0,1.0,0.0,0.0,0.4444444444444444,0.21728335295915188,8.0,51.0,0.0784313725490196,1.0,0.0,0.35
python-poetry/poetry,e7d899cdd87fc7609660d5e5b86b38384e1e2bba,2026-05-10T17:03:17+00:00,0,1,38.0,1532.0,1672.0,8.07246736935477,137.0,12.0,18.0,18.0,0.0,2.0,0.0,0.0,0.0,0.0,0.0,0.0,1.0,0.0,0.0,0.5,0.3305580822686088,9.0,52.0,0.09615384615384616,1.0,0.0,0.35
python-poetry/poetry,c04069d97f2fbf397baf01a5cc51b59e0c9f3b0b,2026-05-10T17:51:28+00:00,0,1,3.0,83.0,3.0,4.465908118654584,1.0,0.0,0.0,1.0,0.0,2.0,0.0,0.0,0.0,0.0,0.0,0.0,0.0,0.0,0.0,0.2,0.15670840787119858,29.666666666666668,6.0,0.6666666666666666,1.0,0.0,0.35
python-poetry/poetry,d07f455acb141baa895bfb2df0675ae13e756e71,2026-05-10T22:28:22+00:00,0,1,1.0,0.0,1.0,0.6931471805599453,0.0,0.0,0.0,1.0,0.0,0.0,0.0,0.0,0.0,0.0,0.0,0.0,1.0,0.0,1.0,0.0,0.0,3.0,20.0,0.0,0.0,0.0,0.3
python-poetry/poetry,24ae828db625aa89fcc56d67fa96b7ab6d81c84d,2026-05-11T13:40:53+00:00,1,1,1.0,85.0,31.0,4.762173934797756,9.0,0.0,0.0,1.0,0.0,0.0,0.0,0.0,0.0,0.0,0.0,0.0,1.0,0.0,0.0,0.16666666666666666,0.16666666666666666,6.0,3.0,0.0,1.0,0.0,0.25
python-poetry/poetry,bd622ac6f4f756ec334c4378f226514df0081460,2026-05-11T20:52:17+00:00,1,1,1.0,53.0,63.0,4.762173934797756,5.0,0.0,0.0,1.0,0.0,0.0,0.0,0.0,0.0,0.0,0.0,0.0,1.0,0.0,0.0,0.2857142857142857,0.2857142857142857,7.0,4.0,0.25,1.0,1.0,0.25
python-poetry/poetry,a9eaf156b15f4d4fea46ae6e0d7857e9b2603f91,2026-05-14T01:38:29+00:00,0,1,1.0,45.0,0.0,3.828641396489095,4.0,0.0,0.0,1.0,0.0,0.0,0.0,0.0,0.0,0.0,0.0,0.0,1.0,0.0,0.0,0.14285714285714285,0.14285714285714285,21.0,0.0,0.0,1.0,0.0,0.3
python-poetry/poetry,492fe2deece9c5597e4f7c3b7760fcd2324c6c03,2026-05-14T02:00:45+00:00,0,1,1.0,46.0,0.0,3.8501476017100584,4.0,0.0,0.0,1.0,0.0,0.0,0.0,0.0,0.0,0.0,0.0,0.0,1.0,0.0,0.0,0.13636363636363635,0.13636363636363635,22.0,1.0,0.0,1.0,0.0,0.25
python-poetry/poetry,b05dbefacc9911ecf3a8d6d70b7d33adcd15a991,2026-05-15T07:38:47+00:00,0,1,4.0,37.0,12.0,3.912023005428146,5.0,1.0,1.0,1.0,0.0,2.0,0.0,0.0,0.0,0.0,0.0,0.0,1.0,0.0,0.0,0.14814814814814814,0.1308922558922559,17.75,115.0,0.034782608695652174,1.0,0.0,0.25
python-poetry/poetry,437f01a4d42c371dcec5a55e5b158e1f7f4c49f0,2026-05-15T11:19:13+00:00,0,1,1.0,8.0,1.0,2.302585092994046,1.0,1.0,1.0,0.0,0.0,0.0,0.0,0.0,0.0,0.0,1.0,0.0,1.0,0.0,0.0,0.0,0.0,1.0,116.0,0.034482758620689655,1.0,0.0,0.25
python-poetry/poetry,6c32445eec000a5c356ee6c761e9e359b28a2e36,2026-05-15T11:21:52+00:00,0,1,4.0,37.0,12.0,3.912023005428146,5.0,1.0,1.0,1.0,0.0,2.0,0.0,0.0,0.0,0.0,0.0,0.0,1.0,0.0,0.0,0.14285714285714285,0.06349206349206349,18.75,116.0,0.034482758620689655,1.0,0.0,0.25
python-poetry/poetry,0e38079e16fd79fbff8beaa52753408f74f244b2,2026-05-16T07:11:05+00:00,1,1,4.0,211.0,2.0,5.365976015021851,12.0,1.0,1.0,1.0,1.0,0.0,1.0,0.0,0.0,0.0,0.0,0.0,1.0,0.0,0.0,0.3333333333333333,0.24183006535947713,7.25,0.0,0.0,1.0,0.0,0.25
python-poetry/poetry,fce324ddff0540a6f43373bd9eb909eb86aa7210,2026-05-16T07:21:52+00:00,0,1,4.0,211.0,2.0,5.365976015021851,12.0,1.0,1.0,1.0,1.0,0.0,1.0,0.0,0.0,0.0,0.0,0.0,1.0,0.0,0.0,1.0,0.49206349206349204,8.25,1.0,1.0,1.0,0.0,0.3
python-poetry/poetry,35a6279f916eb5809053ce628ae65cb1a74dc1a9,2026-05-16T09:22:08+00:00,0,1,0.0,0.0,0.0,0.0,0.0,0.0,0.0,0.0,0.0,0.0,0.0,0.0,0.0,0.0,0.0,0.0,1.0,0.0,0.0,0.0,0.0,0.0,0.0,0.0,1.0,0.0,0.3
python-poetry/poetry,0aa9f345834f84d9b7f2cadc5da4519b9b83f818,2026-05-16T14:15:17+00:00,0,1,1.0,7.0,0.0,2.0794415416798357,1.0,0.0,0.0,1.0,0.0,0.0,0.0,0.0,0.0,0.0,0.0,0.0,1.0,0.0,1.0,0.0,0.0,0.0,53.0,0.09433962264150944,1.0,0.0,0.3
python-poetry/poetry,beadec8b2c061a10aabbc5c43448a262552da9ea,2026-05-16T15:19:17+00:00,0,1,18.0,100.0,174.0,5.616771097666572,69.0,7.0,9.0,7.0,0.0,2.0,0.0,0.0,0.0,0.0,0.0,0.0,1.0,0.0,0.0,0.375,0.28484345790067933,11.222222222222221,54.0,0.09259259259259259,1.0,0.0,0.3
python-poetry/poetry,743455c2531c724abc23c53e3cb4a84fbfaac9cb,2026-05-16T15:21:46+00:00,0,1,38.0,1532.0,1672.0,8.07246736935477,137.0,12.0,18.0,18.0,0.0,2.0,0.0,0.0,0.0,0.0,0.0,0.0,1.0,0.0,0.0,0.45454545454545453,0.2865741620268962,10.31578947368421,54.0,0.09259259259259259,1.0,0.0,0.3
python-poetry/poetry,de88e1bcc3dc21fa812074abe57b9c5c0fd5677a,2026-05-16T15:31:50+00:00,0,1,18.0,102.0,176.0,5.631211781821365,69.0,7.0,9.0,7.0,0.0,2.0,0.0,0.0,0.0,0.0,0.0,0.0,1.0,0.0,0.0,0.3,0.2252995243388981,13.222222222222221,56.0,0.08928571428571429,1.0,0.0,0.3
python-poetry/poetry,86ba5650b06c98f5abf8001216593341b9597661,2026-05-16T15:33:37+00:00,0,1,38.0,1549.0,1691.0,8.083637203141548,142.0,12.0,18.0,18.0,0.0,2.0,0.0,0.0,0.0,0.0,0.0,0.0,1.0,0.0,0.0,0.4166666666666667,0.24098366200695667,11.789473684210526,56.0,0.08928571428571429,1.0,0.0,0.3
python-poetry/poetry,050a4055d058a9b518661d3610b36aefe4396efe,2026-05-16T16:03:30+00:00,0,1,1.0,8.0,1.0,2.302585092994046,1.0,1.0,1.0,0.0,0.0,0.0,0.0,0.0,0.0,0.0,1.0,0.0,0.0,0.0,0.0,0.0,0.0,3.0,118.0,0.03389830508474576,1.0,0.0,0.2
python-poetry/poetry,d59dc8ccb7cb9f2ffa9cf8ee554828aae5e54e21,2026-05-17T07:46:52+00:00,0,1,4.0,210.0,0.0,5.351858133476067,11.0,1.0,1.0,1.0,1.0,0.0,1.0,0.0,0.0,0.0,0.0,0.0,1.0,0.0,0.0,0.5,0.2888157894736842,10.75,2.0,0.5,1.0,0.0,0.2
python-poetry/poetry,49257f640e4689b94d4c19e78154f6233729bd2e,2026-05-17T08:03:44+00:00,0,1,4.0,225.0,0.0,5.420534999272286,11.0,1.0,1.0,1.0,1.0,0.0,1.0,0.0,0.0,0.0,0.0,0.0,1.0,0.0,0.0,0.3333333333333333,0.23420745920745922,11.75,3.0,0.3333333333333333,1.0,0.0,0.15
python-poetry/poetry,b96e26092296b823bd61188d88949da3edef5965,2026-05-17T08:47:03+00:00,0,1,4.0,239.0,0.0,5.480638923341991,12.0,1.0,1.0,1.0,1.0,0.0,1.0,0.0,0.0,0.0,0.0,0.0,1.0,0.0,0.0,0.25,0.20238095238095238,12.75,4.0,0.25,1.0,0.0,0.15
python-poetry/poetry,7a8c413300b83411469823ed722f49186b69962b,2026-05-17T10:01:34+00:00,0,1,2.0,29.0,3.0,3.4965075614664802,2.0,1.0,1.0,1.0,0.0,0.0,0.0,0.0,0.0,0.0,0.0,0.0,1.0,0.0,0.0,0.0,0.0,0.0,0.0,0.0,1.0,0.0,0.15
python-poetry/poetry,eeb0516d2b4d29858dc5cc09be39eb7b8f51f02c,2026-05-17T10:02:48+00:00,1,1,2.0,165.0,13.0,5.187385805840755,8.0,1.0,1.0,1.0,0.0,0.0,0.0,0.0,0.0,0.0,0.0,0.0,1.0,0.0,0.0,0.0,0.0,7.5,119.0,0.03361344537815126,0.0,0.0,0.15
python-poetry/poetry,fc175ab73faba27ec5790689258925c97d038255,2026-05-17T10:10:29+00:00,0,1,4.0,19.0,12.0,3.4657359027997265,4.0,1.0,3.0,1.0,0.0,0.0,0.0,0.0,0.0,0.0,0.0,0.0,1.0,0.0,0.0,0.0,0.0,1.5,1.0,0.0,1.0,0.0,0.15
python-poetry/poetry,0663b0e044e403f8437c60b39a37f0929dbdbb02,2026-05-17T10:26:26+00:00,0,1,1.0,2.0,2.0,1.6094379124341003,1.0,0.0,0.0,1.0,0.0,0.0,0.0,0.0,0.0,0.0,0.0,0.0,1.0,0.0,0.0,0.0,0.0,1.0,120.0,0.041666666666666664,0.0,0.0,0.1
python-poetry/poetry,0f3e509f6289d367bf37fdf83ef9ebea328ec55a,2026-05-17T10:33:30+00:00,0,1,4.0,46.0,1.0,3.871201010907891,6.0,2.0,3.0,1.0,0.0,0.0,0.0,0.0,0.0,0.0,0.0,0.0,1.0,0.0,0.0,0.0,0.0,1.25,2.0,0.0,1.0,0.0,0.1
python-poetry/poetry,12f29ff3e130e04bca20b5476dea9b8cc527c2ff,2026-05-17T10:33:51+00:00,0,1,1.0,8.0,1.0,2.302585092994046,2.0,0.0,0.0,1.0,0.0,0.0,0.0,0.0,0.0,0.0,0.0,0.0,0.0,0.0,1.0,0.0,0.0,2.0,58.0,0.08620689655172414,1.0,0.0,0.1
python-poetry/poetry,07939d0bee7483febbca76e7b1b535962c4db929,2026-05-17T10:49:02+00:00,0,1,3.0,9.0,6.0,2.772588722239781,3.0,2.0,2.0,1.0,0.0,0.0,0.0,0.0,0.0,0.0,0.0,0.0,1.0,0.0,0.0,1.0,0.5,0.6666666666666666,3.0,0.0,1.0,0.0,0.1
python-poetry/poetry,a0a8f851923d1101b3e34ffcac3436bfb9d5e289,2026-05-17T11:07:56+00:00,0,1,2.0,20.0,7.0,3.332204510175204,4.0,1.0,1.0,1.0,0.0,0.0,0.0,0.0,0.0,0.0,0.0,0.0,1.0,0.0,0.0,0.08333333333333333,0.07291666666666666,14.0,4.0,0.0,1.0,0.0,0.1
python-poetry/poetry,2af3664a0431647e410cae2ae7ed92eac9177b37,2026-05-17T11:09:55+00:00,0,1,2.0,2.0,2.0,1.6094379124341003,0.0,0.0,0.0,0.0,0.0,2.0,0.0,0.0,0.0,0.0,0.0,0.0,1.0,0.0,0.0,0.12121212121212122,0.11060606060606061,41.5,121.0,0.04132231404958678,0.0,0.0,0.1
python-poetry/poetry,b95f28aefeb3ce97cb40876a6fedee791a136587,2026-05-17T11:17:34+00:00,0,1,17.0,100.0,174.0,5.616771097666572,69.0,7.0,9.0,7.0,0.0,1.0,0.0,0.0,0.0,0.0,0.0,0.0,0.0,0.0,0.0,0.23076923076923078,0.18923820063867416,13.411764705882353,59.0,0.0847457627118644,1.0,0.0,0.05
python-poetry/poetry,477745d1eb8a78498abbf2d5812afc2a23d6a8fc,2026-05-17T11:26:00+00:00,0,1,35.0,1474.0,1542.0,8.012018239159062,98.0,11.0,15.0,18.0,0.0,2.0,0.0,0.0,0.0,0.0,0.0,0.0,1.0,0.0,0.0,0.38461538461538464,0.2018346821245981,14.114285714285714,60.0,0.08333333333333333,1.0,0.0,0.05
python-poetry/poetry,c265539ab4037d235e878dd2e80e65a5046c0e5d,2026-05-17T12:41:29+00:00,0,1,5.0,259.0,0.0,5.560681631015528,12.0,1.0,1.0,1.0,2.0,0.0,1.0,0.0,0.0,0.0,0.0,0.0,1.0,0.0,0.0,0.21428571428571427,0.13633307868601988,13.4,5.0,0.2,1.0,0.0,0.05
python-poetry/poetry,2b2a5476bc4acb718c2806e3d35cdd19b43785fa,2026-05-17T12:53:16+00:00,0,1,2.0,13.0,2.0,2.772588722239781,2.0,1.0,1.0,1.0,0.0,0.0,0.0,0.0,0.0,0.0,0.0,0.0,1.0,0.0,0.0,0.07692307692307693,0.06787330316742082,15.0,5.0,0.0,1.0,0.0,0.05
python-poetry/poetry,d65ff0007160ce15b2dcff180bc90072dc7a898b,2026-05-17T15:09:14+00:00,0,1,5.0,269.0,0.0,5.598421958998375,13.0,1.0,1.0,1.0,2.0,0.0,1.0,0.0,0.0,0.0,0.0,0.0,1.0,0.0,0.0,0.2,0.12405797101449276,14.4,6.0,0.16666666666666666,1.0,0.0,0.05
python-poetry/poetry,56bc6a8309782d208483e00d2e023004ff30fcc2,2026-05-17T17:30:03+00:00,0,1,5.0,78.0,42.0,4.795790545596741,6.0,1.0,3.0,2.0,0.0,0.0,0.0,0.0,0.0,0.0,0.0,0.0,1.0,0.0,0.0,0.0,0.0,2.2,122.0,0.040983606557377046,0.0,0.0,0.05
python-poetry/poetry,81875f381ecbeddb239f154a5b32362233659ada,2026-05-17T17:37:08+00:00,0,1,4.0,84.0,15.0,4.605170185988092,4.0,1.0,3.0,1.0,0.0,0.0,0.0,0.0,0.0,0.0,0.0,0.0,0.0,0.0,0.0,0.0,0.0,3.25,0.0,0.0,1.0,0.0,0.05
python-poetry/poetry,8e09ed58cb1fb8660458b46e111b2ab691ec4cad,2026-05-17T17:37:56+00:00,0,1,2.0,13.0,2.0,2.772588722239781,2.0,1.0,1.0,1.0,0.0,0.0,0.0,0.0,0.0,0.0,0.0,0.0,1.0,0.0,0.0,0.07142857142857142,0.06349206349206349,16.0,6.0,0.0,0.0,0.0,0.05
python-poetry/poetry,7df479b259ac24bbce1b39abc048939db254796c,2026-05-17T17:45:31+00:00,0,1,2.0,13.0,2.0,2.772588722239781,2.0,1.0,1.0,1.0,0.0,0.0,0.0,0.0,0.0,0.0,0.0,0.0,0.0,0.0,0.0,0.06666666666666667,0.05964912280701754,17.0,1.0,0.0,1.0,0.0,0.05
python-poetry/poetry,edf2ec98241c320e35002b99fcad7744b4a0eb0a,2026-05-17T18:37:48+00:00,1,1,2.0,8.0,6.0,2.70805020110221,3.0,1.0,1.0,1.0,0.0,0.0,0.0,0.0,0.0,0.0,0.0,0.0,1.0,0.0,1.0,0.1875,0.17708333333333331,14.0,4.0,0.0,1.0,0.0,0.05
python-poetry/poetry,4cbf4b610d958c0f368a33b67ad8d8d1452ea0df,2026-05-17T18:38:12+00:00,0,1,2.0,47.0,1.0,3.8918202981106265,4.0,1.0,1.0,1.0,0.0,0.0,0.0,0.0,0.0,0.0,0.0,0.0,1.0,0.0,1.0,0.23529411764705882,0.23529411764705882,17.0,4.0,0.0,1.0,0.0,0.05
python-poetry/poetry,3a49de01fe8c35183c87e290dfdb69d439b626f7,2026-05-17T19:10:34+00:00,0,1,1.0,2.0,2.0,1.6094379124341003,1.0,0.0,0.0,1.0,0.0,0.0,0.0,0.0,0.0,0.0,0.0,0.0,1.0,0.0,0.0,0.25,0.25,4.0,6.0,0.16666666666666666,1.0,1.0,0.1
python-poetry/poetry,03988594541f0b6647cc9b13233608e47d6c1e5d,2026-05-18T18:46:08+00:00,0,1,2.0,36.0,8.0,3.8066624897703196,3.0,1.0,1.0,1.0,0.0,0.0,0.0,0.0,0.0,0.0,0.0,0.0,1.0,0.0,0.0,0.2222222222222222,0.2222222222222222,4.5,0.0,0.0,1.0,0.0,0.05
python-poetry/poetry,3e97a30e3460962c52d8e23b8d8fbd5b9bf0eb23,2026-05-18T21:47:42+00:00,0,2,1.0,2.0,2.0,1.6094379124341003,0.0,0.0,0.0,0.0,0.0,0.0,1.0,0.0,0.0,0.0,0.0,0.0,1.0,0.0,0.0,0.0,0.0,22.0,21.0,0.0,1.0,0.0,0.05
python-poetry/poetry,ecd83cb224d61d1f5c0285f70d1b18baf8c8eb34,2026-05-19T04:55:50+00:00,1,1,1.0,46.0,0.0,3.8501476017100584,4.0,0.0,0.0,1.0,0.0,0.0,0.0,0.0,0.0,0.0,0.0,0.0,1.0,0.0,0.0,0.11538461538461539,0.11538461538461539,26.0,2.0,0.0,1.0,0.0,0.05
python-poetry/poetry,f13176224c6f36fdf7c9e18cb6de5fbbb50ccbca,2026-05-19T19:29:44+00:00,0,1,1.0,3.0,4.0,2.0794415416798357,0.0,0.0,0.0,0.0,1.0,0.0,0.0,0.0,0.0,0.0,0.0,1.0,1.0,0.0,1.0,0.0,0.0,2.0,1.0,0.0,1.0,0.0,0.1
python-poetry/poetry,84446a06b0abbf6eae68bae547f86e093f6b7fae,2026-05-20T15:43:07+00:00,0,1,1.0,9.0,2.0,2.4849066497880004,4.0,0.0,0.0,1.0,0.0,0.0,0.0,0.0,0.0,0.0,0.0,0.0,1.0,0.0,0.0,0.14814814814814814,0.14814814814814814,27.0,123.0,0.04065040650406504,1.0,1.0,0.1
python-poetry/poetry,1ba75be68b7d5918a648e4055980c0c6570d6178,2026-05-20T15:50:35+00:00,0,1,1.0,55.0,2.0,4.060443010546419,7.0,0.0,0.0,1.0,0.0,0.0,0.0,0.0,0.0,0.0,0.0,0.0,0.0,0.0,0.0,0.14285714285714285,0.14285714285714285,28.0,3.0,0.3333333333333333,1.0,0.0,0.1
python-poetry/poetry,299c093585952ff3e9d636906cccc0d3c0f5aeb1,2026-05-20T15:58:55+00:00,0,1,1.0,8.0,4.0,2.5649493574615367,1.0,0.0,0.0,1.0,0.0,0.0,0.0,0.0,0.0,0.0,0.0,0.0,1.0,0.0,0.0,0.375,0.375,8.0,124.0,0.04032258064516129,0.0,0.0,0.1
python-poetry/poetry,ffcacc9451a2e567c489b2fa6fe101688887b04e,2026-05-20T16:06:00+00:00,0,1,1.0,84.0,41.0,4.836281906951478,6.0,0.0,0.0,1.0,0.0,0.0,0.0,0.0,0.0,0.0,0.0,0.0,0.0,0.0,0.0,0.3333333333333333,0.3333333333333333,9.0,1.0,0.0,1.0,0.0,0.1
python-poetry/poetry,35832ccab34fc39dfb7767a18782b53085dc38cd,2026-05-20T16:14:12+00:00,0,1,1.0,8.0,10.0,2.9444389791664403,2.0,0.0,0.0,1.0,0.0,0.0,0.0,0.0,0.0,0.0,0.0,0.0,1.0,0.0,0.0,0.0,0.0,1.0,125.0,0.04,0.0,0.0,0.1
python-poetry/poetry,f2f70de47e55af87cc5b4c535dda718b7df03d95,2026-05-20T16:22:43+00:00,0,1,1.0,21.0,0.0,3.091042453358316,1.0,0.0,0.0,1.0,0.0,0.0,0.0,0.0,0.0,0.0,0.0,0.0,0.0,0.0,0.0,0.0,0.0,2.0,2.0,0.0,1.0,0.0,0.1
python-poetry/poetry,511961317463dbb369270dd35846593563fa9ef3,2026-05-21T01:07:41+00:00,0,1,1.0,43.0,0.0,3.784189633918261,5.0,0.0,0.0,1.0,0.0,0.0,0.0,0.0,0.0,0.0,0.0,0.0,1.0,0.0,0.0,0.0,0.0,0.0,0.0,0.0,1.0,0.0,0.1
python-poetry/poetry,578a9536f68e780898e4ba50da299f24ca5042a8,2026-05-21T01:49:15+00:00,0,1,1.0,3.0,11.0,2.70805020110221,3.0,0.0,0.0,1.0,0.0,0.0,0.0,0.0,0.0,0.0,0.0,0.0,1.0,0.0,0.0,0.0,0.0,1.0,1.0,0.0,1.0,0.0,0.1
python-poetry/poetry,46abf77480e4c709c1ed2bd36d40f709727d996a,2026-05-21T06:40:52+00:00,0,1,1.0,1.0,1.0,1.0986122886681098,0.0,0.0,0.0,0.0,1.0,0.0,0.0,0.0,0.0,0.0,0.0,1.0,1.0,0.0,0.0,0.0,0.0,5.0,0.0,0.0,1.0,0.0,0.1
python-poetry/poetry,22bda55c3cf882f27d6ae94fae707ef68b79a70f,2026-05-21T10:01:27+00:00,0,1,2.0,27.0,6.0,3.5263605246161616,5.0,1.0,1.0,1.0,0.0,0.0,0.0,0.0,0.0,0.0,0.0,0.0,1.0,0.0,0.0,0.0,0.0,4.5,0.0,0.0,1.0,0.0,0.1
python-poetry/poetry,64600a036113b4a18b507fd07d3bf5ecacef64b0,2026-05-21T10:09:40+00:00,0,1,2.0,27.0,2.0,3.4011973816621555,4.0,1.0,1.0,1.0,0.0,0.0,0.0,0.0,0.0,0.0,0.0,0.0,1.0,0.0,0.0,0.125,0.11805555555555555,8.5,1.0,0.0,1.0,0.0,0.1
python-poetry/poetry,442ee54937dbebb2dcb244f1c3043e52528ce5b0,2026-05-23T05:24:42+00:00,0,1,1.0,3.0,4.0,2.0794415416798357,0.0,0.0,0.0,0.0,1.0,0.0,0.0,0.0,0.0,0.0,0.0,1.0,1.0,0.0,1.0,0.0,0.0,3.0,2.0,0.0,1.0,0.0,0.1
python-poetry/poetry,af9f0b1a66bfede219fbda51a956d992c69f1316,2026-05-23T07:24:45+00:00,0,1,1.0,2.0,2.0,1.6094379124341003,0.0,0.0,0.0,0.0,1.0,0.0,0.0,0.0,0.0,0.0,0.0,1.0,1.0,0.0,1.0,0.0,0.0,4.0,3.0,0.0,1.0,0.0,0.1
python-poetry/poetry,4bc890716460797fa16ab3c5d90330db15262b79,2026-05-23T12:55:46+00:00,0,1,1.0,2.0,3.0,1.791759469228055,0.0,0.0,0.0,0.0,1.0,0.0,0.0,0.0,0.0,0.0,0.0,1.0,0.0,0.0,1.0,0.0,0.0,5.0,0.0,0.0,1.0,0.0,0.1
python-poetry/poetry,333f326c97e7869cf16f7a5250034084d936c653,2026-05-23T14:57:48+00:00,1,1,2.0,5.0,5.0,2.3978952727983707,0.0,0.0,0.0,0.0,0.0,2.0,0.0,0.0,0.0,0.0,0.0,0.0,1.0,0.0,0.0,0.1111111111111111,0.10363247863247863,44.0,126.0,0.03968253968253968,1.0,0.0,0.05
python-poetry/poetry,51ed260d9bbd373370b561e19ecced5382cfc427,2026-05-23T15:05:32+00:00,0,1,2.0,27.0,6.0,3.5263605246161616,5.0,1.0,1.0,1.0,0.0,0.0,0.0,0.0,0.0,0.0,0.0,0.0,1.0,0.0,0.0,0.0,0.0,5.5,2.0,0.0,1.0,0.0,0.1
python-poetry/poetry,5d5dc6afc7719dcb69b971013870d24abcdb8e8c,2026-05-23T15:05:33+00:00,0,1,1.0,18.0,0.0,2.9444389791664403,1.0,0.0,0.0,1.0,0.0,0.0,0.0,0.0,0.0,0.0,0.0,0.0,1.0,0.0,0.0,0.1111111111111111,0.1111111111111111,9.0,2.0,0.0,0.0,0.0,0.1
python-poetry/poetry,de6697aaad4838c85b1ea4d4e49cdf545e691ec9,2026-05-24T14:31:49+00:00,0,1,1.0,2.0,0.0,1.0986122886681098,1.0,1.0,1.0,0.0,0.0,0.0,0.0,0.0,0.0,0.0,1.0,0.0,1.0,0.0,0.0,0.0,0.0,1.0,127.0,0.047244094488188976,0.0,0.0,0.1
python-poetry/poetry,448eadfa971a9fc3c8e979b4ae52640907afc732,2026-05-24T14:41:07+00:00,0,1,4.0,48.0,1.0,3.912023005428146,6.0,2.0,3.0,1.0,0.0,0.0,0.0,0.0,0.0,0.0,0.0,0.0,0.0,0.0,0.0,0.0,0.0,2.5,2.0,0.0,1.0,0.0,0.1
python-poetry/poetry,ccf24801b172e6590c9775de8b9d007c229e3acd,2026-05-24T15:01:59+00:00,0,1,1.0,18.0,0.0,2.9444389791664403,1.0,0.0,0.0,1.0,0.0,0.0,0.0,0.0,0.0,0.0,0.0,0.0,1.0,0.0,0.0,0.1,0.1,10.0,4.0,0.0,0.0,0.0,0.05
python-poetry/poetry,42b996241aec34fec6849ca6ace2647d4aa72f19,2026-05-24T15:02:27+00:00,0,1,2.0,27.0,6.0,3.5263605246161616,5.0,1.0,1.0,1.0,0.0,0.0,0.0,0.0,0.0,0.0,0.0,0.0,1.0,0.0,0.0,0.0,0.0,6.5,4.0,0.0,1.0,0.0,0.05
python-poetry/poetry,10b6cedc21f89ebe647d6d3dc7c08f3718681347,2026-05-24T15:02:50+00:00,0,1,2.0,14.0,12.0,3.295836866004329,2.0,2.0,2.0,0.0,0.0,0.0,0.0,0.0,0.0,0.0,1.0,0.0,1.0,0.0,0.0,0.5,0.25,3.0,128.0,0.046875,0.0,0.0,0.05
python-poetry/poetry,dd7811a3b49fb5fd0dcc11a4097ddaab7f06a283,2026-05-24T15:12:26+00:00,0,1,3.0,20.0,15.0,3.58351893845611,3.0,2.0,2.0,1.0,0.0,0.0,0.0,0.0,0.0,0.0,0.0,0.0,0.0,0.0,0.0,0.3333333333333333,0.1111111111111111,3.0,3.0,0.0,1.0,0.0,0.05
python-poetry/poetry,e44b5e755838ec51425d5d6e4bd0349c941bdb0d,2026-05-24T15:14:03+00:00,0,1,1.0,2.0,2.0,1.6094379124341003,1.0,0.0,0.0,1.0,0.0,0.0,0.0,0.0,0.0,0.0,0.0,0.0,1.0,0.0,0.0,0.2,0.2,5.0,7.0,0.14285714285714285,0.0,0.0,0.05
python-poetry/poetry,9dc193dda6709bfa8a2489fa2819aacdf2e9462e,2026-05-24T15:22:33+00:00,0,1,3.0,10.0,8.0,2.9444389791664403,4.0,1.0,1.0,2.0,0.0,0.0,0.0,0.0,0.0,0.0,0.0,0.0,0.0,0.0,1.0,0.23529411764705882,0.2109100050276521,12.0,1.0,0.0,1.0,0.0,0.05
python-poetry/poetry,1f359d1828519d7a4b809ac9d1b8d97abc4ded52,2026-05-24T15:37:27+00:00,0,1,1.0,32.0,32.0,4.174387269895637,2.0,0.0,0.0,1.0,0.0,0.0,0.0,0.0,0.0,0.0,0.0,0.0,1.0,0.0,0.0,0.2222222222222222,0.2222222222222222,18.0,129.0,0.046511627906976744,0.0,0.0,0.05
python-poetry/poetry,2f9969555b6ce50931c5242936ae90a98f83908f,2026-05-24T15:43:45+00:00,0,1,2.0,48.0,1.0,3.912023005428146,4.0,1.0,1.0,1.0,0.0,0.0,0.0,0.0,0.0,0.0,0.0,0.0,0.0,0.0,1.0,0.2222222222222222,0.21637426900584794,18.5,2.0,0.0,1.0,0.0,0.05
python-poetry/poetry,c1782eacfefd17f8f03b299d66e736c4fe2bc79a,2026-05-24T16:16:42+00:00,1,1,2.0,21.0,7.0,3.367295829986474,3.0,1.0,1.0,1.0,0.0,0.0,0.0,0.0,0.0,0.0,0.0,0.0,1.0,0.0,0.0,0.2,0.1,5.5,4.0,0.0,0.0,0.0,0.05
python-poetry/poetry,da5249373b1af2a914a374c555f3bdd131c4e2f4,2026-05-24T16:22:17+00:00,1,1,1.0,4.0,5.0,2.302585092994046,1.0,0.0,0.0,1.0,0.0,0.0,0.0,0.0,0.0,0.0,0.0,0.0,1.0,0.0,1.0,0.5,0.5,2.0,5.0,0.2,1.0,1.0,0.1
python-poetry/poetry,887f055707bae7bd6b9c84f108fccdcc359d6877,2026-05-24T16:28:51+00:00,0,1,1.0,8.0,10.0,2.9444389791664403,1.0,1.0,1.0,0.0,0.0,0.0,0.0,0.0,0.0,0.0,1.0,0.0,1.0,0.0,0.0,0.2727272727272727,0.2727272727272727,11.0,6.0,0.3333333333333333,1.0,1.0,0.15
python-poetry/poetry,52af34e2721243a6c8225df73a6d3cd750b0f6d2,2026-05-24T20:39:42+00:00,0,1,8.0,78.0,24.0,4.634728988229636,11.0,3.0,4.0,4.0,0.0,0.0,0.0,0.0,0.0,0.0,0.0,0.0,1.0,1.0,1.0,0.25,0.15498642439431912,11.25,0.0,0.0,1.0,0.0,0.15
python-poetry/poetry,94d230539284b798cf635c042fcda1351ebbaf60,2026-05-24T20:39:42+00:00,0,1,8.0,78.0,24.0,4.634728988229636,11.0,3.0,4.0,4.0,0.0,0.0,0.0,0.0,0.0,0.0,0.0,0.0,1.0,1.0,1.0,0.25,0.15498642439431912,11.25,0.0,0.0,1.0,0.0,0.15
python-poetry/poetry,2812257fe6f0ca8a27876789a855d8173806e7d7,2026-05-25T06:08:00+00:00,0,1,13.0,128.0,28.0,5.056245805348308,17.0,5.0,7.0,5.0,1.0,0.0,0.0,0.0,0.0,0.0,0.0,0.0,1.0,1.0,0.0,0.2,0.0798132423132423,9.692307692307692,1.0,0.0,1.0,0.0,0.15
python-poetry/poetry,dc3db2c91c38603c1905dca64296e09263d8e889,2026-05-25T10:10:58+00:00,0,1,35.0,1474.0,1543.0,8.012349639327795,98.0,11.0,15.0,18.0,0.0,2.0,0.0,0.0,0.0,0.0,0.0,0.0,1.0,0.0,0.0,0.35714285714285715,0.18370478101686272,16.057142857142857,61.0,0.08196721311475409,1.0,0.0,0.15
python-poetry/poetry,233b2100c9473341c3406788310b0c152d6e92b7,2026-05-25T18:59:39+00:00,0,1,1.0,13.0,1.0,2.70805020110221,0.0,0.0,0.0,0.0,1.0,0.0,0.0,0.0,0.0,0.0,0.0,1.0,1.0,0.0,0.0,0.0,0.0,6.0,7.0,0.2857142857142857,1.0,0.0,0.15
python-poetry/poetry,76d602f6cbdda8a8c0fea22c021152fd223dca25,2026-05-25T21:27:04+00:00,0,2,1.0,2.0,2.0,1.6094379124341003,0.0,0.0,0.0,0.0,0.0,0.0,1.0,0.0,0.0,0.0,0.0,0.0,1.0,0.0,0.0,0.0,0.0,23.0,22.0,0.0,1.0,0.0,0.1
python-poetry/poetry,d5c33e7a2456ecce572f4c30e303d472121113ab,2026-05-26T10:14:44+00:00,1,1,1.0,33.0,8.0,3.7376696182833684,2.0,1.0,1.0,0.0,0.0,0.0,0.0,0.0,0.0,0.0,1.0,0.0,1.0,0.0,0.0,0.18181818181818182,0.18181818181818182,11.0,0.0,0.0,0.0,0.0,0.1
python-poetry/poetry,184dda892b21090e504ce2ac9bcf304c2f178cfa,2026-05-26T10:14:52+00:00,0,1,1.0,31.0,1.0,3.4965075614664802,1.0,1.0,1.0,0.0,0.0,0.0,0.0,0.0,0.0,0.0,1.0,0.0,1.0,0.0,0.0,0.18181818181818182,0.18181818181818182,11.0,0.0,0.0,0.0,0.0,0.1
python-poetry/poetry,14597ac9f1ebee7c16c743ed7e7baa4c89d8c178,2026-05-26T13:05:08+00:00,1,1,1.0,47.0,0.0,3.871201010907891,3.0,0.0,0.0,1.0,0.0,0.0,0.0,0.0,0.0,0.0,0.0,0.0,1.0,0.0,0.0,0.0,0.0,4.0,4.0,0.25,1.0,0.0,0.15
python-poetry/poetry,7bdb4a5b94738837a6c25511ee2a78f5a14bc158,2026-05-26T13:15:19+00:00,0,1,1.0,47.0,0.0,3.871201010907891,3.0,0.0,0.0,1.0,0.0,0.0,0.0,0.0,0.0,0.0,0.0,0.0,1.0,0.0,0.0,0.2,0.2,5.0,5.0,0.4,1.0,0.0,0.2
python-poetry/poetry,79693457ae8375dbe0d19bbe95a93be87ede6ef9,2026-05-28T12:47:56+00:00,0,1,1.0,0.0,57.0,4.060443010546419,1.0,0.0,0.0,1.0,0.0,0.0,0.0,0.0,0.0,0.0,0.0,0.0,1.0,0.0,0.0,0.16666666666666666,0.16666666666666666,6.0,0.0,0.0,1.0,0.0,0.2
python-poetry/poetry,81f32b3ce5350ee58a39cf7dfb3b476d35e95568,2026-05-28T12:52:49+00:00,1,1,1.0,2.0,2.0,1.6094379124341003,1.0,1.0,1.0,0.0,0.0,0.0,0.0,0.0,0.0,0.0,1.0,0.0,1.0,0.0,0.0,0.17391304347826086,0.17391304347826086,23.0,0.0,0.0,0.0,0.0,0.2
python-poetry/poetry,7c1d3ee8833137b63c5e8357c13341f1673395af,2026-05-28T16:01:53+00:00,0,1,1.0,0.0,57.0,4.060443010546419,1.0,0.0,0.0,1.0,0.0,0.0,0.0,0.0,0.0,0.0,0.0,0.0,0.0,0.0,0.0,0.14285714285714285,0.14285714285714285,7.0,5.0,0.2,1.0,0.0,0.25
python-poetry/poetry,378e64e562752e00a8f6819d1b887a742de0ceea,2026-05-28T17:03:12+00:00,1,1,9.0,78.0,81.0,5.075173815233827,12.0,3.0,4.0,5.0,0.0,0.0,0.0,0.0,0.0,0.0,0.0,0.0,1.0,1.0,1.0,0.20833333333333334,0.12126022126022123,14.11111111111111,2.0,0.0,1.0,0.0,0.25
python-poetry/poetry,d534920b589b51c3456f3ac167f948ffc7170265,2026-05-28T17:03:45+00:00,0,1,9.0,78.0,81.0,5.075173815233827,12.0,3.0,4.0,5.0,0.0,0.0,0.0,0.0,0.0,0.0,0.0,0.0,1.0,1.0,1.0,0.20833333333333334,0.12126022126022123,14.11111111111111,2.0,0.0,1.0,0.0,0.25
python-poetry/poetry,3b5092824112a3c2eb57d760bf251f52491eefc7,2026-05-29T15:25:11+00:00,0,1,2.0,51.0,30.0,4.406719247264253,6.0,1.0,1.0,1.0,0.0,0.0,0.0,0.0,0.0,0.0,0.0,0.0,1.0,0.0,0.0,0.0,0.0,0.0,130.0,0.046153846153846156,1.0,1.0,0.3
python-poetry/poetry,d69e0fc3cedf1ab1746dd89587b3644fc136841b,2026-05-29T15:48:57+00:00,1,1,1.0,18.0,18.0,3.6109179126442243,3.0,1.0,1.0,0.0,0.0,0.0,0.0,0.0,0.0,0.0,1.0,0.0,1.0,0.0,0.0,0.1,0.1,10.0,131.0,0.04580152671755725,0.0,0.0,0.3
python-poetry/poetry,c9c082621381be320f5f6dcce77440ea4f5ef470,2026-05-29T22:39:49+00:00,0,1,1.0,0.0,57.0,4.060443010546419,1.0,0.0,0.0,1.0,0.0,0.0,0.0,0.0,0.0,0.0,0.0,0.0,1.0,1.0,0.0,0.2,0.2,10.0,2.0,0.0,1.0,0.0,0.35
python-poetry/poetry,95bf60ee001cfe1521cce9a7b587c7da7ea0ecf4,2026-05-30T11:43:11+00:00,0,1,1.0,13.0,0.0,2.6390573296152584,0.0,0.0,0.0,0.0,1.0,0.0,0.0,0.0,0.0,0.0,0.0,1.0,1.0,0.0,0.0,0.0,0.0,7.0,0.0,0.0,1.0,0.0,0.3
python-poetry/poetry,fa82605e6df93ceddf0040f041177cd5a0bf85c0,2026-05-30T12:17:25+00:00,0,1,8.0,1232.0,4.0,7.1204443723924875,56.0,3.0,4.0,3.0,1.0,0.0,0.0,0.0,0.0,0.0,0.0,0.0,1.0,0.0,0.0,0.18181818181818182,0.06861471861471861,12.0,132.0,0.05303030303030303,1.0,0.0,0.25
python-poetry/poetry,94fa550358611ec86bfdb2998831c3dd576fde5c,2026-05-30T16:22:01+00:00,1,1,1.0,29.0,0.0,3.4011973816621555,0.0,1.0,1.0,0.0,0.0,0.0,0.0,0.0,0.0,0.0,1.0,0.0,1.0,0.0,1.0,0.0,0.0,0.0,133.0,0.05263157894736842,0.0,0.0,0.25
python-poetry/poetry,7fe4aabb66b82883e2398167f0849d974ce94df4,2026-05-30T17:57:55+00:00,0,1,2.0,25.0,0.0,3.258096538021482,2.0,1.0,1.0,1.0,0.0,0.0,0.0,0.0,0.0,0.0,0.0,0.0,1.0,0.0,1.0,0.1,0.09545454545454546,21.0,0.0,0.0,1.0,0.0,0.3
python-poetry/poetry,77aad18a64f1c5235fac68620f963ac76bfd9a77,2026-05-30T18:27:09+00:00,0,1,1.0,5.0,1.0,1.9459101490553132,1.0,1.0,1.0,0.0,0.0,0.0,0.0,0.0,0.0,0.0,1.0,0.0,1.0,0.0,0.0,0.09523809523809523,0.09523809523809523,21.0,1.0,0.0,1.0,0.0,0.3
python-poetry/poetry,d0252f177e42924ceae38116bb107d499c290e63,2026-05-31T04:53:50+00:00,0,1,1.0,6.0,7.0,2.6390573296152584,1.0,1.0,1.0,0.0,0.0,0.0,0.0,0.0,0.0,0.0,1.0,0.0,1.0,0.0,0.0,0.09090909090909091,0.09090909090909091,22.0,2.0,0.0,1.0,0.0,0.3
python-poetry/poetry,5da8dd6ab3fd54fa8b70b0b5a8d620b323cf5411,2026-05-31T05:13:09+00:00,0,1,1.0,2.0,1.0,1.3862943611198906,1.0,1.0,1.0,0.0,0.0,0.0,0.0,0.0,0.0,0.0,1.0,0.0,1.0,0.0,0.0,0.0,0.0,0.0,3.0,0.0,0.0,0.0,0.3
python-poetry/poetry,a538f5418a8e8a126ccdc809fb2a776be07da184,2026-05-31T12:09:52+00:00,0,1,8.0,1263.0,4.0,7.145196134997171,57.0,3.0,4.0,3.0,1.0,0.0,0.0,0.0,0.0,0.0,0.0,0.0,1.0,0.0,0.0,0.16666666666666666,0.06386904761904762,13.0,134.0,0.05970149253731343,1.0,0.0,0.3
python-poetry/poetry,a26f319c19abb9daf2cf003187aa87684ad52fb6,2026-05-31T12:22:20+00:00,1,1,1.0,8.0,7.0,2.772588722239781,0.0,1.0,1.0,0.0,0.0,0.0,0.0,0.0,0.0,0.0,1.0,0.0,1.0,0.0,0.0,1.0,1.0,1.0,135.0,0.05925925925925926,1.0,1.0,0.3
python-poetry/poetry,a381b07c9f9f395cc17dfd070dfa642eb3ab21c5,2026-05-31T12:29:24+00:00,0,1,1.0,0.0,60.0,4.110873864173311,0.0,0.0,0.0,0.0,0.0,0.0,1.0,0.0,0.0,0.0,0.0,0.0,1.0,0.0,0.0,0.0,0.0,0.0,136.0,0.0661764705882353,1.0,0.0,0.35
python-poetry/poetry,d634b80f8a899ebf366346c76c88117327b88dc1,2026-05-31T12:32:02+00:00,0,1,1.0,0.0,60.0,4.110873864173311,0.0,0.0,0.0,0.0,0.0,0.0,1.0,0.0,0.0,0.0,0.0,0.0,0.0,0.0,0.0,0.0,0.0,1.0,137.0,0.06569343065693431,1.0,0.0,0.3
python-poetry/poetry,f9c77d1558a30a5c9386c4eb8752f78c9a93dd3b,2026-05-31T13:29:23+00:00,0,1,3.0,5.0,5.0,2.3978952727983707,0.0,0.0,0.0,0.0,0.0,0.0,3.0,1.0,0.0,0.0,0.0,0.0,1.0,0.0,0.0,0.14285714285714285,0.07142857142857142,3.6666666666666665,138.0,0.06521739130434782,1.0,0.0,0.25
python-poetry/poetry,aab3194f200e52198101d0f303b0f6423897829c,2026-05-31T16:07:04+00:00,0,1,3.0,5.0,5.0,2.3978952727983707,0.0,0.0,0.0,0.0,0.0,0.0,3.0,1.0,0.0,0.0,0.0,0.0,0.0,0.0,0.0,0.125,0.041666666666666664,4.666666666666667,139.0,0.06474820143884892,1.0,0.0,0.25
python-poetry/poetry,b32edfea5c3bc7295498a61b5f3eeac2ff2f9372,2026-06-01T17:12:06+00:00,0,1,2.0,3.0,3.0,1.9459101490553132,0.0,0.0,0.0,0.0,2.0,0.0,0.0,0.0,0.0,0.0,0.0,1.0,1.0,0.0,0.0,0.0,0.0,9.0,0.0,0.0,1.0,0.0,0.25
python-poetry/poetry,c43d838fcfff05636fcc036d058d0d204c4b0e70,2026-06-01T21:59:20+00:00,0,2,1.0,2.0,2.0,1.6094379124341003,0.0,0.0,0.0,0.0,0.0,0.0,1.0,0.0,0.0,0.0,0.0,0.0,1.0,0.0,0.0,0.0,0.0,24.0,23.0,0.0,1.0,0.0,0.2
python-poetry/poetry,c579549ece7d4426368aae9a9298dfc973226cc7,2026-06-02T16:53:55+00:00,0,1,2.0,27.0,6.0,3.5263605246161616,5.0,1.0,1.0,1.0,0.0,0.0,0.0,0.0,0.0,0.0,0.0,0.0,1.0,0.0,0.0,0.0,0.0,7.5,6.0,0.0,1.0,0.0,0.2
python-poetry/poetry,844f8c984139867933e6443bce4aa39d0a7269c5,2026-06-02T18:16:39+00:00,0,1,1.0,1.0,0.0,0.6931471805599453,0.0,0.0,0.0,1.0,0.0,0.0,0.0,0.0,0.0,0.0,0.0,0.0,1.0,0.0,0.0,0.0,0.0,0.0,1.0,0.0,0.0,0.0,0.15
python-poetry/poetry,daa377625329e729d28bbbeb79726adb12194662,2026-06-02T19:20:36+00:00,0,1,4.0,5.0,65.0,4.2626798770413155,0.0,0.0,0.0,0.0,0.0,0.0,4.0,1.0,0.0,0.0,0.0,0.0,1.0,1.0,0.0,0.1111111111111111,0.027777777777777776,4.75,3.0,0.0,1.0,0.0,0.15
python-poetry/poetry,dab6f7a702934434d8d58ed242413b147106f7a9,2026-06-02T23:17:24+00:00,0,1,1.0,18.0,0.0,2.9444389791664403,1.0,0.0,0.0,1.0,0.0,0.0,0.0,0.0,0.0,0.0,0.0,0.0,1.0,0.0,0.0,0.07692307692307693,0.07692307692307693,13.0,7.0,0.0,0.0,0.0,0.15
python-poetry/poetry,153a04194d46a642797cb9b07ce32a4ee875e869,2026-06-04T00:57:41+00:00,0,1,5.0,72.0,20.0,4.532599493153256,5.0,2.0,2.0,2.0,1.0,0.0,0.0,0.0,0.0,0.0,0.0,0.0,1.0,0.0,0.0,0.23076923076923078,0.10961538461538463,15.4,6.0,0.3333333333333333,1.0,0.0,0.1
python-poetry/poetry,2a4aaec316deddd5d4ea3a3b9dec2a2b8b62947a,2026-06-05T09:53:32+00:00,0,1,4.0,31.0,31.0,4.143134726391533,3.0,1.0,1.0,2.0,1.0,0.0,0.0,0.0,0.0,0.0,0.0,0.0,1.0,0.0,0.0,0.2222222222222222,0.10185185185185185,16.25,7.0,0.2857142857142857,1.0,0.0,0.1
python-poetry/poetry,1d86f36e18775fb100f65b68eb4be23e1ab34f78,2026-06-06T12:15:56+00:00,0,1,1.0,1.0,1.0,1.0986122886681098,0.0,0.0,0.0,0.0,0.0,1.0,0.0,0.0,0.0,0.0,0.0,0.0,1.0,0.0,0.0,0.1111111111111111,0.1111111111111111,54.0,140.0,0.06428571428571428,1.0,0.0,0.1
python-poetry/poetry,91bfb576b39d72b0c3c2fd1303608d6729c25501,2026-06-06T12:22:37+00:00,0,1,1.0,1.0,1.0,1.0986122886681098,0.0,0.0,0.0,0.0,0.0,1.0,0.0,0.0,0.0,0.0,0.0,0.0,0.0,0.0,0.0,0.10909090909090909,0.10909090909090909,55.0,141.0,0.06382978723404255,1.0,0.0,0.1
python-poetry/poetry,f803c2d1a4117d72535e3aa3b9422b4f47d32f49,2026-06-06T12:29:45+00:00,0,1,4.0,38.0,13.0,3.9512437185814275,5.0,1.0,1.0,1.0,0.0,2.0,0.0,0.0,0.0,0.0,0.0,0.0,1.0,0.0,0.0,0.13157894736842105,0.05968045112781954,25.75,142.0,0.06338028169014084,1.0,0.0,0.05
python-poetry/poetry,5516faf5149b32eb3cf2d9b7e641ac66a00904e3,2026-06-06T12:39:02+00:00,0,1,2.0,44.0,0.0,3.8066624897703196,2.0,1.0,1.0,1.0,0.0,0.0,0.0,0.0,0.0,0.0,0.0,0.0,1.0,0.0,1.0,0.08695652173913043,0.08695652173913043,23.0,8.0,0.25,1.0,0.0,0.05
python-poetry/poetry,c93341bc6aed943c5da0611e27183b1bf811dd52,2026-06-06T12:46:11+00:00,0,1,4.0,38.0,13.0,3.9512437185814275,5.0,1.0,1.0,1.0,0.0,2.0,0.0,0.0,0.0,0.0,0.0,0.0,0.0,0.0,0.0,0.1282051282051282,0.05836707152496626,26.75,143.0,0.06293706293706294,1.0,0.0,0.05
python-poetry/poetry,2aa1503f544446844fdf32b76c5fde5fd8292554,2026-06-06T12:48:56+00:00,0,1,3.0,52.0,1.0,3.9889840465642745,3.0,2.0,2.0,1.0,0.0,0.0,0.0,0.0,0.0,0.0,0.0,0.0,1.0,0.0,1.0,0.08333333333333333,0.08333333333333333,16.0,9.0,0.2222222222222222,1.0,0.0,0.05
python-poetry/poetry,dd1cd4feea5c96ef27378f72426a2d4cf4e26bf1,2026-06-06T13:14:53+00:00,0,1,3.0,90.0,3.0,4.543294782270004,5.0,1.0,1.0,1.0,1.0,0.0,0.0,0.0,0.0,0.0,0.0,0.0,1.0,0.0,0.0,0.18181818181818182,0.09090909090909091,7.0,10.0,0.2,1.0,0.0,0.05
python-poetry/poetry,918b4f90c6eaa1e961a270852c8a1423cfbb24f3,2026-06-06T13:26:17+00:00,0,1,3.0,108.0,3.0,4.718498871295094,6.0,1.0,1.0,1.0,1.0,0.0,0.0,0.0,0.0,0.0,0.0,0.0,1.0,0.0,0.0,0.16666666666666666,0.05555555555555555,8.0,11.0,0.18181818181818182,1.0,0.0,0.05
python-poetry/poetry,a108f2f688eda507f71e5f90184e61253d7221b9,2026-06-06T16:22:26+00:00,0,1,5.0,15.0,10.0,3.258096538021482,4.0,1.0,1.0,3.0,0.0,1.0,0.0,0.0,0.0,0.0,0.0,0.0,1.0,0.0,1.0,1.0,0.5013636363636363,11.8,62.0,0.08064516129032258,1.0,0.0,0.0
python-poetry/poetry,298068d32cc16e7d2a086c3bdf219daa30a85a8b,2026-06-06T16:28:03+00:00,0,1,5.0,15.0,10.0,3.258096538021482,4.0,1.0,1.0,3.0,0.0,1.0,0.0,0.0,0.0,0.0,0.0,0.0,0.0,0.0,1.0,0.6666666666666666,0.324390243902439,12.8,63.0,0.07936507936507936,1.0,0.0,0.0
python-poetry/poetry,79a940671dff63641422ed64b6beae1745d7f938,2026-06-06T20:55:14+00:00,0,1,2.0,53.0,2.0,4.02535169073515,3.0,1.0,1.0,1.0,0.0,0.0,0.0,0.0,0.0,0.0,0.0,0.0,1.0,0.0,1.0,1.0,0.5,2.5,64.0,0.078125,1.0,0.0,0.0
python-poetry/poetry,ac7366aefa745e873de43b9f104b1be58aa76a6c,2026-06-06T22:00:41+00:00,1,1,2.0,58.0,0.0,4.07753744390572,2.0,1.0,1.0,1.0,0.0,0.0,0.0,0.0,0.0,0.0,0.0,0.0,1.0,0.0,1.0,0.5,0.25,3.5,65.0,0.07692307692307693,1.0,0.0,0.0
python-poetry/poetry,16575b5a5198ab8736582eee0958290de2831dba,2026-06-06T22:15:34+00:00,0,1,2.0,1.0,110.0,4.718498871295094,0.0,0.0,0.0,2.0,0.0,0.0,1.0,0.0,0.0,0.0,0.0,0.0,1.0,0.0,0.0,0.16666666666666666,0.08333333333333333,5.5,66.0,0.09090909090909091,0.0,0.0,0.05
python-poetry/poetry,14f8b6ca954399cf4d6aefe27d6dcda65b46ac46,2026-06-07T00:29:29+00:00,0,1,3.0,126.0,3.0,4.867534450455582,7.0,1.0,1.0,1.0,1.0,0.0,0.0,0.0,0.0,0.0,0.0,0.0,1.0,0.0,0.0,0.15384615384615385,0.05128205128205129,9.0,12.0,0.16666666666666666,1.0,0.0,0.05
python-poetry/poetry,e54707bf0b462162adaf818465d232af0bd00089,2026-06-07T04:23:57+00:00,0,1,3.0,213.0,2.0,5.375278407684165,8.0,1.0,1.0,1.0,1.0,0.0,0.0,0.0,0.0,0.0,0.0,0.0,1.0,0.0,0.0,0.08333333333333333,0.027777777777777776,11.0,13.0,0.15384615384615385,1.0,0.0,0.05
python-poetry/poetry,c79692e68cae68a24f697852c6a220ef726f63c6,2026-06-08T03:43:38+00:00,1,1,2.0,29.0,3.0,3.4965075614664802,1.0,1.0,1.0,1.0,0.0,0.0,0.0,0.0,0.0,0.0,0.0,0.0,1.0,0.0,1.0,0.0,0.0,1.0,0.0,0.0,1.0,0.0,0.05
python-poetry/poetry,97e6fcf1e9c1658a0921cbf6bcc83d7fa151c0d4,2026-06-08T03:50:24+00:00,0,1,2.0,30.0,4.0,3.5553480614894135,2.0,1.0,1.0,1.0,0.0,0.0,0.0,0.0,0.0,0.0,0.0,0.0,1.0,0.0,1.0,0.5,0.5,2.0,1.0,1.0,1.0,0.0,0.1
python-poetry/poetry,c276060f4b8f61c4c7297fcb83cac2d1ffc6d173,2026-06-08T21:08:21+00:00,0,2,1.0,2.0,2.0,1.6094379124341003,0.0,0.0,0.0,0.0,0.0,0.0,1.0,0.0,0.0,0.0,0.0,0.0,1.0,0.0,0.0,0.0,0.0,25.0,24.0,0.0,1.0,0.0,0.1
python-poetry/poetry,1c69dc9a98d92787b9b9484d3b13ec8641854e8d,2026-06-10T13:30:18+00:00,0,1,3.0,42.0,21.0,4.1588830833596715,4.0,1.0,3.0,0.0,0.0,0.0,0.0,0.0,0.0,0.0,1.0,0.0,1.0,0.0,0.0,0.09090909090909091,0.030303030303030304,8.0,144.0,0.0625,1.0,0.0,0.1
python-poetry/poetry,089195cf1560827ec42026e5c3ae873cf17870e7,2026-06-10T18:02:28+00:00,0,1,5.0,269.0,0.0,5.598421958998375,13.0,1.0,1.0,1.0,2.0,0.0,1.0,0.0,0.0,0.0,0.0,0.0,1.0,0.0,0.0,0.17647058823529413,0.10925016160310279,16.4,7.0,0.14285714285714285,1.0,0.0,0.1
python-poetry/poetry,e4f991548b710895d26530148de2e371e76d632f,2026-06-11T12:45:57+00:00,0,1,3.0,42.0,21.0,4.1588830833596715,4.0,1.0,3.0,0.0,0.0,0.0,0.0,0.0,0.0,0.0,1.0,0.0,0.0,0.0,0.0,0.08333333333333333,0.027777777777777776,9.0,145.0,0.06206896551724138,1.0,0.0,0.1
python-poetry/poetry,2a032a0ca183c4ed1b46270154419fb1774cee0c,2026-06-11T12:54:35+00:00,0,1,4.0,78.0,54.0,4.890349128221754,9.0,1.0,3.0,1.0,0.0,0.0,0.0,0.0,0.0,0.0,0.0,0.0,1.0,0.0,0.0,0.07692307692307693,0.019230769230769232,8.0,146.0,0.06164383561643835,1.0,0.0,0.1
python-poetry/poetry,d57090395b14ba260a24a97ab704819667bf6cf1,2026-06-12T09:33:10+00:00,0,1,4.0,78.0,54.0,4.890349128221754,9.0,1.0,3.0,1.0,0.0,0.0,0.0,0.0,0.0,0.0,0.0,0.0,0.0,0.0,0.0,0.07142857142857142,0.017857142857142856,9.0,147.0,0.061224489795918366,1.0,0.0,0.1
python-poetry/poetry,8014de78a0c3aa42a42945b75a84ed098aa98164,2026-06-13T04:54:34+00:00,0,1,2.0,53.0,2.0,4.02535169073515,3.0,1.0,1.0,1.0,0.0,0.0,0.0,0.0,0.0,0.0,0.0,0.0,1.0,0.0,1.0,0.6666666666666666,0.41666666666666663,4.5,67.0,0.08955223880597014,1.0,0.0,0.1
python-poetry/poetry,9be6dd6e75906312c5dc477907e6901fa81ae024,2026-06-13T04:59:30+00:00,0,1,2.0,53.0,2.0,4.02535169073515,3.0,1.0,1.0,1.0,0.0,0.0,0.0,0.0,0.0,0.0,0.0,0.0,0.0,0.0,0.0,0.5,0.3214285714285714,5.5,68.0,0.08823529411764706,1.0,0.0,0.1
python-poetry/poetry,8dcc639749f393c91647ae5540f74e6f2f44656a,2026-06-13T05:12:01+00:00,0,1,1.0,33.0,0.0,3.5263605246161616,0.0,0.0,0.0,0.0,1.0,0.0,0.0,0.0,0.0,0.0,0.0,1.0,1.0,0.0,0.0,0.0,0.0,0.0,0.0,0.0,1.0,0.0,0.1
python-poetry/poetry,5fb0de0f490e2682388f526030ca07bae8bfa0ab,2026-06-13T11:06:02+00:00,0,1,4.0,34.0,19.0,3.9889840465642745,11.0,1.0,3.0,1.0,0.0,0.0,0.0,0.0,0.0,0.0,0.0,0.0,1.0,0.0,0.0,0.06666666666666667,0.016666666666666666,10.0,148.0,0.060810810810810814,1.0,0.0,0.1
python-poetry/poetry,a341710a8b65457c8430e0a056bcf25ab2e4c8f9,2026-06-13T11:16:30+00:00,0,1,4.0,34.0,19.0,3.9889840465642745,11.0,1.0,3.0,1.0,0.0,0.0,0.0,0.0,0.0,0.0,0.0,0.0,1.0,0.0,0.0,0.0625,0.015625,11.0,149.0,0.06040268456375839,1.0,0.0,0.1
python-poetry/poetry,fc4f917ce6de535481f728d335d9766c31444f7c,2026-06-13T13:23:00+00:00,0,1,3.0,363.0,7.0,5.916202062607435,9.0,2.0,2.0,1.0,0.0,0.0,0.0,0.0,0.0,0.0,0.0,0.0,1.0,0.0,1.0,0.4,0.17500000000000002,5.333333333333333,69.0,0.08695652173913043,0.0,0.0,0.1
python-poetry/poetry,69191c3ed6c74904eac50c3ea8d4af373c9f4ce6,2026-06-13T13:30:45+00:00,0,1,3.0,363.0,7.0,5.916202062607435,9.0,2.0,2.0,1.0,0.0,0.0,0.0,0.0,0.0,0.0,0.0,0.0,1.0,0.0,1.0,0.3333333333333333,0.14814814814814814,6.333333333333333,70.0,0.08571428571428572,0.0,0.0,0.1
python-poetry/poetry,8b73b1d37e842a64451cba08f83d2ef2009a4203,2026-06-14T08:57:28+00:00,1,1,2.0,14.0,4.0,2.9444389791664403,6.0,2.0,2.0,0.0,0.0,0.0,0.0,0.0,0.0,0.0,1.0,0.0,1.0,0.0,0.0,0.15384615384615385,0.15384615384615385,6.5,150.0,0.06,1.0,0.0,0.1
python-poetry/poetry,41e7f695aa8b8a69ae7ae0c9ce2aa8acc86e828f,2026-06-14T09:34:26+00:00,0,1,3.0,36.0,0.0,3.6109179126442243,2.0,1.0,2.0,0.0,1.0,0.0,0.0,0.0,0.0,1.0,1.0,0.0,1.0,0.0,0.0,0.2727272727272727,0.0909090909090909,7.0,151.0,0.06622516556291391,1.0,0.0,0.15
python-poetry/poetry,563a5cb8878ef0c861227d8dfabf1d9619f7e5e2,2026-06-14T16:01:28+00:00,0,1,1.0,3.0,1.0,1.6094379124341003,0.0,0.0,0.0,0.0,1.0,0.0,0.0,0.0,0.0,0.0,0.0,1.0,1.0,0.0,0.0,0.0,0.0,1.0,1.0,0.0,1.0,0.0,0.1
python-poetry/poetry,35b90b69e07290caf08ad2ac0526de68bfc5c7e2,2026-06-15T21:21:01+00:00,0,2,1.0,2.0,2.0,1.6094379124341003,0.0,0.0,0.0,0.0,0.0,0.0,1.0,0.0,0.0,0.0,0.0,0.0,1.0,0.0,0.0,0.0,0.0,26.0,25.0,0.0,1.0,0.0,0.1
python-poetry/poetry,a74d584dc6360440b99efd7a7420d223a347b635,2026-06-16T13:53:06+00:00,1,1,2.0,77.0,15.0,4.532599493153256,4.0,1.0,1.0,1.0,0.0,0.0,0.0,0.0,0.0,0.0,0.0,0.0,1.0,0.0,0.0,0.21428571428571427,0.19642857142857142,28.0,0.0,0.0,1.0,0.0,0.1
python-poetry/poetry,a6d35f57b712d7968c4d5b0152d2ad0d94e964f5,2026-06-16T19:27:41+00:00,0,1,13.0,210.0,84.0,5.68697535633982,20.0,3.0,5.0,6.0,0.0,2.0,0.0,0.0,0.0,0.0,0.0,0.0,1.0,1.0,0.0,0.5,0.14288537696245607,15.153846153846153,4.0,0.0,1.0,0.0,0.15
python-poetry/poetry,8ba07e37b40c695eaf72110a841829704d530f98,2026-06-17T05:37:50+00:00,1,1,1.0,1.0,1.0,1.0986122886681098,0.0,1.0,1.0,0.0,0.0,0.0,0.0,0.0,0.0,0.0,1.0,0.0,1.0,0.0,1.0,0.2413793103448276,0.2413793103448276,29.0,1.0,1.0,0.0,0.0,0.1
python-poetry/poetry,c34203d56c6fb08a83fdd2a971de4bdd83ea7124,2026-06-17T07:29:34+00:00,0,1,2.0,25.0,0.0,3.258096538021482,2.0,1.0,1.0,1.0,0.0,0.0,0.0,0.0,0.0,0.0,0.0,0.0,1.0,0.0,1.0,0.2413793103448276,0.22413793103448276,29.0,0.0,0.0,1.0,0.0,0.1
python-poetry/poetry,434850aa99c8adc46d5584d7f19a8556aa33dfb9,2026-06-17T11:29:54+00:00,0,1,1.0,15.0,6.0,3.091042453358316,1.0,1.0,1.0,0.0,0.0,0.0,0.0,0.0,0.0,0.0,1.0,0.0,1.0,0.0,0.0,0.25806451612903225,0.25806451612903225,31.0,2.0,1.0,1.0,1.0,0.15
python-poetry/poetry,efd862519912b4febf61be69a7f1b02d69bf3791,2026-06-19T04:49:28+00:00,0,1,1.0,13.0,6.0,2.995732273553991,1.0,1.0,1.0,0.0,0.0,0.0,0.0,0.0,0.0,0.0,1.0,0.0,1.0,0.0,0.0,0.0,0.0,9.0,14.0,0.14285714285714285,1.0,0.0,0.15
python-poetry/poetry,913391873c97f419b15486e1e49c3ae1053ea22b,2026-06-19T08:40:09+00:00,0,1,4.0,34.0,19.0,3.9889840465642745,11.0,1.0,3.0,1.0,0.0,0.0,0.0,0.0,0.0,0.0,0.0,0.0,0.0,0.0,0.0,0.05555555555555555,0.013888888888888888,13.0,152.0,0.06578947368421052,1.0,0.0,0.15
python-poetry/poetry,6d1174f49e7ee115e442a1954b1b8bfbb87a8564,2026-06-19T08:40:52+00:00,0,1,2.0,14.0,4.0,2.9444389791664403,6.0,2.0,2.0,0.0,0.0,0.0,0.0,0.0,0.0,0.0,1.0,0.0,1.0,0.0,0.0,1.0,0.6,8.0,152.0,0.06578947368421052,0.0,0.0,0.15
python-poetry/poetry,026904c6f4be07f4a80b8fadfca098b1db884b66,2026-06-19T09:15:38+00:00,0,1,2.0,14.0,4.0,2.9444389791664403,6.0,2.0,2.0,0.0,0.0,0.0,0.0,0.0,0.0,0.0,1.0,0.0,0.0,0.0,0.0,0.5,0.34375,9.0,154.0,0.06493506493506493,1.0,0.0,0.15
python-poetry/poetry,2ff5aa3cb538d341889bd1d308e2fba0146c47eb,2026-06-19T09:25:01+00:00,0,1,1.0,29.0,5.0,3.5553480614894135,3.0,1.0,1.0,0.0,0.0,0.0,0.0,0.0,0.0,0.0,1.0,0.0,1.0,0.0,0.0,0.15384615384615385,0.15384615384615385,13.0,155.0,0.06451612903225806,1.0,0.0,0.15
python-poetry/poetry,d2bfad7a33cb2851e85cbe31eac48bae278e6edc,2026-06-19T09:37:45+00:00,0,1,1.0,31.0,5.0,3.6109179126442243,3.0,1.0,1.0,0.0,0.0,0.0,0.0,0.0,0.0,0.0,1.0,0.0,1.0,0.0,0.0,0.14285714285714285,0.14285714285714285,14.0,156.0,0.0641025641025641,1.0,0.0,0.15
python-poetry/poetry,b95a01ed511e5cf22e8b69467d75a2b4c91adc03,2026-06-19T09:48:37+00:00,0,1,1.0,31.0,5.0,3.6109179126442243,3.0,1.0,1.0,0.0,0.0,0.0,0.0,0.0,0.0,0.0,1.0,0.0,1.0,0.0,0.0,0.13333333333333333,0.13333333333333333,15.0,157.0,0.06369426751592357,1.0,0.0,0.15
python-poetry/poetry,cbd47cdf9656f9e9b2d15020df90a8b785a0a419,2026-06-19T12:02:44+00:00,0,1,1.0,16.0,17.0,3.5263605246161616,1.0,1.0,1.0,0.0,0.0,0.0,0.0,0.0,0.0,1.0,1.0,0.0,1.0,0.0,0.0,0.25,0.25,12.0,158.0,0.06329113924050633,1.0,0.0,0.15
python-poetry/poetry,9857f22f3ed9c12598b71c886af37653b5e2d210,2026-06-19T12:19:40+00:00,0,1,1.0,15.0,17.0,3.4965075614664802,1.0,1.0,1.0,0.0,0.0,0.0,0.0,0.0,0.0,1.0,1.0,0.0,1.0,0.0,0.0,0.23076923076923078,0.23076923076923078,13.0,159.0,0.06289308176100629,1.0,0.0,0.15
python-poetry/poetry,7af72cb810ce786dea4029bf33748393e697ef5e,2026-06-20T04:00:18+00:00,1,1,3.0,170.0,19.0,5.247024072160486,10.0,1.0,1.0,1.0,1.0,0.0,0.0,0.0,0.0,0.0,0.0,0.0,1.0,0.0,0.0,0.07692307692307693,0.025641025641025644,12.333333333333334,15.0,0.13333333333333333,1.0,0.0,0.15
python-poetry/poetry,66ef81c354323ba14f9ac5eff91e3af9785f4607,2026-06-20T09:32:35+00:00,0,1,3.0,363.0,7.0,5.916202062607435,9.0,2.0,2.0,1.0,0.0,0.0,0.0,0.0,0.0,0.0,0.0,0.0,1.0,0.0,1.0,0.25,0.11363636363636365,8.0,71.0,0.08450704225352113,0.0,0.0,0.2
python-poetry/poetry,92443a905e4d963584170eff90da410a6389ed48,2026-06-20T09:37:57+00:00,0,1,3.0,363.0,7.0,5.916202062607435,9.0,2.0,2.0,1.0,0.0,0.0,0.0,0.0,0.0,0.0,0.0,0.0,0.0,0.0,1.0,0.2222222222222222,0.10185185185185185,9.0,72.0,0.08333333333333333,0.0,0.0,0.2
python-poetry/poetry,0f491b8a3d0caf487ab949392703d1a1c148aa07,2026-06-20T09:43:01+00:00,0,1,1.0,3.0,11.0,2.70805020110221,3.0,0.0,0.0,1.0,0.0,0.0,0.0,0.0,0.0,0.0,0.0,0.0,1.0,0.0,0.0,0.0,0.0,2.0,2.0,0.0,0.0,0.0,0.2
python-poetry/poetry,0745e135cf7b67d919bb1229682e6e169d5d37a4,2026-06-20T09:47:59+00:00,0,1,1.0,35.0,0.0,3.58351893845611,4.0,0.0,0.0,1.0,0.0,0.0,0.0,0.0,0.0,0.0,0.0,0.0,0.0,0.0,0.0,0.0,0.0,3.0,0.0,0.0,1.0,0.0,0.15
python-poetry/poetry,ceb11b08fac21a2cd3c2c475a3a29aea3f8a4bc8,2026-06-20T09:48:43+00:00,0,1,10.0,499.0,25.0,6.263398262591624,31.0,4.0,7.0,3.0,0.0,0.0,0.0,0.0,0.0,0.0,0.0,0.0,1.0,1.0,0.0,0.3333333333333333,0.08393585774390729,10.9,160.0,0.0625,1.0,0.0,0.15
python-poetry/poetry,8d0cc7f46a499f3025e68f5e59d85da4cf52b96a,2026-06-20T09:56:46+00:00,0,1,2.0,10.0,2.0,2.5649493574615367,1.0,1.0,1.0,0.0,1.0,0.0,0.0,0.0,0.0,0.0,1.0,0.0,1.0,0.0,0.0,0.06666666666666667,0.03333333333333333,8.0,161.0,0.062111801242236024,1.0,0.0,0.15
python-poetry/poetry,db13ea2ae74d91a3c95c9f3ec221534408699f4e,2026-06-20T10:02:37+00:00,0,1,2.0,10.0,2.0,2.5649493574615367,1.0,1.0,1.0,0.0,1.0,0.0,0.0,0.0,0.0,0.0,1.0,0.0,0.0,0.0,0.0,0.0625,0.03125,9.0,5.0,0.0,1.0,0.0,0.1
python-poetry/poetry,dd2d301e89ac420f3d32b588ff24b1e4047f16e4,2026-06-20T10:04:09+00:00,0,1,2.0,27.0,6.0,3.5263605246161616,5.0,1.0,1.0,1.0,0.0,0.0,0.0,0.0,0.0,0.0,0.0,0.0,1.0,0.0,0.0,0.0,0.0,8.5,8.0,0.0,0.0,0.0,0.1
python-poetry/poetry,0b7930cf41f4bcac07413262cb5fc8dbc071f5da,2026-06-20T10:49:17+00:00,0,1,2.0,8.0,11.0,2.995732273553991,5.0,1.0,1.0,1.0,0.0,0.0,0.0,0.0,0.0,0.0,0.0,0.0,1.0,0.0,0.0,0.0,0.0,9.5,162.0,0.06172839506172839,1.0,0.0,0.1
python-poetry/poetry,7f5d3bedd4f405a9715bae28d61d58e8d4cf7e07,2026-06-20T10:53:54+00:00,0,1,2.0,28.0,10.0,3.6635616461296463,6.0,1.0,1.0,1.0,0.0,0.0,0.0,0.0,0.0,0.0,0.0,0.0,0.0,0.0,0.0,0.0,0.0,10.5,4.0,0.25,1.0,0.0,0.05
python-poetry/poetry,e0e87af9a3898d375e984fdbeb888fe954f9fd8d,2026-06-20T10:57:43+00:00,0,1,1.0,18.0,0.0,2.9444389791664403,1.0,0.0,0.0,1.0,0.0,0.0,0.0,0.0,0.0,0.0,0.0,0.0,1.0,0.0,0.0,0.07142857142857142,0.07142857142857142,14.0,9.0,0.0,0.0,0.0,0.05
python-poetry/poetry,589b77ac3406c5a195ea50b31d7d9417c09fc9a8,2026-06-20T11:21:41+00:00,0,1,1.0,9.0,9.0,2.9444389791664403,3.0,0.0,0.0,1.0,0.0,0.0,0.0,0.0,0.0,0.0,0.0,0.0,1.0,0.0,0.0,0.06666666666666667,0.06666666666666667,15.0,163.0,0.06134969325153374,1.0,0.0,0.05
python-poetry/poetry,cf54a1c046762f0633eed1621f4c6fe36bca3ae0,2026-06-20T11:27:34+00:00,0,1,2.0,45.0,2.0,3.871201010907891,6.0,1.0,1.0,1.0,0.0,0.0,0.0,0.0,0.0,0.0,0.0,0.0,0.0,0.0,0.0,0.15384615384615385,0.10817307692307693,14.5,5.0,0.2,1.0,0.0,0.05
python-poetry/poetry,bb502912827a185c3f37c82aedd2e62b0a01b4fe,2026-06-21T11:14:19+00:00,0,1,1.0,13.0,1.0,2.70805020110221,0.0,0.0,0.0,0.0,1.0,0.0,0.0,0.0,0.0,0.0,0.0,1.0,1.0,0.0,0.0,0.058823529411764705,0.058823529411764705,17.0,8.0,0.25,1.0,0.0,0.05
python-poetry/poetry,6dfc0280a5ce9aba3fa64222f2b0db321e568e56,2026-06-21T13:00:20+00:00,0,1,1.0,22.0,24.0,3.8501476017100584,0.0,0.0,0.0,0.0,1.0,0.0,0.0,0.0,0.0,0.0,0.0,1.0,1.0,0.0,0.0,0.05555555555555555,0.05555555555555555,18.0,164.0,0.06097560975609756,1.0,0.0,0.05
python-poetry/poetry,9788c1d430e3e4e10273f2a4e75f4f42cb603a66,2026-06-21T13:09:09+00:00,0,1,1.0,4.0,3.0,2.0794415416798357,0.0,0.0,0.0,0.0,1.0,0.0,0.0,0.0,0.0,0.0,0.0,1.0,1.0,0.0,1.0,0.05263157894736842,0.05263157894736842,19.0,165.0,0.06060606060606061,1.0,0.0,0.05
python-poetry/poetry,648abab852d25d16aaa669fdd833e5ff9decfb3c,2026-06-21T13:12:36+00:00,0,1,1.0,24.0,13.0,3.6375861597263857,0.0,0.0,0.0,0.0,1.0,0.0,0.0,0.0,0.0,0.0,0.0,1.0,0.0,0.0,0.0,0.05,0.05,20.0,1.0,0.0,1.0,0.0,0.05
python-poetry/poetry,74b701ea1899ed4653c688a54c172e1575f8d1ee,2026-06-21T13:20:06+00:00,0,1,1.0,47.0,0.0,3.871201010907891,3.0,0.0,0.0,1.0,0.0,0.0,0.0,0.0,0.0,0.0,0.0,0.0,1.0,0.0,0.0,0.18181818181818182,0.18181818181818182,11.0,16.0,0.1875,1.0,0.0,0.05
python-poetry/poetry,eeadf09101e322d1dd226815f6040f744239f57a,2026-06-21T13:38:15+00:00,0,1,1.0,40.0,31.0,4.276666119016055,3.0,0.0,0.0,1.0,0.0,0.0,0.0,0.0,0.0,0.0,0.0,0.0,1.0,0.0,0.0,0.16666666666666666,0.16666666666666666,12.0,166.0,0.060240963855421686,1.0,0.0,0.05
python-poetry/poetry,6fee9f42bd6391a58293071005e14e86ef1d52c1,2026-06-21T13:43:06+00:00,0,1,1.0,56.0,0.0,4.04305126783455,4.0,0.0,0.0,1.0,0.0,0.0,0.0,0.0,0.0,0.0,0.0,0.0,0.0,0.0,0.0,0.15384615384615385,0.15384615384615385,13.0,17.0,0.17647058823529413,1.0,0.0,0.05
python-poetry/poetry,46e264c0a6bdee972dccf5c5af4049ef199283aa,2026-06-21T13:43:27+00:00,0,1,2.0,3.0,3.0,1.9459101490553132,0.0,0.0,0.0,0.0,2.0,0.0,0.0,0.0,0.0,0.0,0.0,1.0,1.0,0.0,0.0,0.0,0.0,11.0,1.0,0.0,0.0,0.0,0.05
python-poetry/poetry,f46702336862f30050d5c641d5ed6f7568ded793,2026-06-21T13:46:44+00:00,0,1,2.0,3.0,3.0,1.9459101490553132,0.0,0.0,0.0,0.0,2.0,0.0,0.0,0.0,0.0,0.0,0.0,1.0,0.0,0.0,0.0,0.0,0.0,12.0,0.0,0.0,0.0,0.0,0.0
python-poetry/poetry,c88e1a28d8394dca9e1378ca0862a10a2361fcb2,2026-06-22T19:39:04+00:00,0,1,35.0,1465.0,1547.0,8.0106915391303,97.0,11.0,15.0,18.0,0.0,2.0,0.0,0.0,0.0,0.0,0.0,0.0,1.0,0.0,0.0,0.3333333333333333,0.17307289344232343,18.2,73.0,0.0821917808219178,1.0,0.0,0.0
python-poetry/poetry,b1a947475f2cd54711ff9b6b3c135136864decda,2026-06-22T21:21:25+00:00,0,2,1.0,2.0,2.0,1.6094379124341003,0.0,0.0,0.0,0.0,0.0,0.0,1.0,0.0,0.0,0.0,0.0,0.0,1.0,0.0,0.0,0.0,0.0,27.0,26.0,0.0,1.0,0.0,0.0
python-poetry/poetry,18fed8e49c3ea7c7cbd15df5ed6a92a8e8ed3b82,2026-06-23T04:41:28+00:00,0,1,1.0,15.0,6.0,3.091042453358316,1.0,1.0,1.0,0.0,0.0,0.0,0.0,0.0,0.0,0.0,1.0,0.0,1.0,0.0,0.0,0.24242424242424243,0.24242424242424243,33.0,3.0,0.6666666666666666,0.0,0.0,0.0
python-poetry/poetry,96285ae24c696bc0b86b859ac65fb6180082b84f,2026-06-24T04:22:20+00:00,1,1,3.0,331.0,23.0,5.872117789475416,14.0,1.0,1.0,1.0,1.0,0.0,0.0,0.0,0.0,0.0,0.0,0.0,1.0,0.0,0.0,0.14285714285714285,0.0937950937950938,15.333333333333334,18.0,0.16666666666666666,1.0,0.0,0.0
python-poetry/poetry,fc3d9c5b736fe20d0071ad5b7d0543837187a146,2026-06-24T04:28:23+00:00,0,1,3.0,329.0,23.0,5.8664680569332965,14.0,1.0,1.0,1.0,1.0,0.0,0.0,0.0,0.0,0.0,0.0,0.0,1.0,0.0,0.0,0.2,0.15252525252525254,16.333333333333332,19.0,0.21052631578947367,1.0,0.0,0.05
python-poetry/poetry,493f38140e79a287e31f4736981c4e60449bde36,2026-06-24T06:30:35+00:00,0,1,2.0,128.0,11.0,4.941642422609304,14.0,1.0,1.0,1.0,0.0,0.0,0.0,0.0,0.0,0.0,0.0,0.0,1.0,0.0,1.0,0.0,0.0,3.5,0.0,0.0,1.0,0.0,0.05
python-poetry/poetry,4e5e5ab8611ab7021a33471a1c19822235958bd2,2026-06-24T06:42:59+00:00,1,1,2.0,33.0,46.0,4.382026634673881,12.0,1.0,1.0,0.0,1.0,0.0,0.0,0.0,0.0,0.0,1.0,0.0,1.0,0.0,0.0,0.06666666666666667,0.03333333333333333,11.5,1.0,0.0,1.0,0.0,0.05
python-poetry/poetry,7770eb2858531b333aaac86510fce220227e1282,2026-06-24T06:51:48+00:00,0,1,1.0,1.0,0.0,0.6931471805599453,0.0,1.0,1.0,0.0,0.0,0.0,0.0,0.0,0.0,0.0,1.0,0.0,1.0,0.0,1.0,0.1111111111111111,0.1111111111111111,9.0,2.0,0.5,1.0,1.0,0.1
python-poetry/poetry,d83c7bbcc261bba3da0782052d50b8a1c11f7322,2026-06-24T07:02:16+00:00,0,1,1.0,8.0,9.0,2.8903717578961645,2.0,1.0,1.0,0.0,0.0,0.0,0.0,0.0,0.0,0.0,1.0,0.0,1.0,0.0,0.0,0.1,0.1,10.0,3.0,0.3333333333333333,1.0,0.0,0.1
python-poetry/poetry,a21ffdbf2497d5a1a367c3a01c8df038719e8c56,2026-06-26T20:01:04+00:00,1,1,7.0,465.0,2.0,6.148468295917647,20.0,5.0,7.0,0.0,0.0,0.0,0.0,0.0,0.0,0.0,1.0,0.0,1.0,0.0,0.0,0.14285714285714285,0.07832792207792208,7.857142857142857,0.0,0.0,1.0,0.0,0.1
python-poetry/poetry,7013e8fb615525a1c6ea98eb9b4bc9bdf52a64d8,2026-06-27T06:08:58+00:00,0,1,1.0,16.0,8.0,3.2188758248682006,2.0,1.0,1.0,0.0,0.0,0.0,0.0,0.0,0.0,0.0,1.0,0.0,1.0,0.0,0.0,0.15384615384615385,0.15384615384615385,13.0,20.0,0.2,1.0,0.0,0.15
python-poetry/poetry,97c94be6d0473c64d11b47ada52c5dba8b1bc753,2026-06-29T09:42:49+00:00,0,1,2.0,127.0,4.0,4.882801922586371,4.0,1.0,1.0,1.0,0.0,0.0,0.0,0.0,0.0,0.0,0.0,0.0,1.0,0.0,1.0,0.1875,0.16517857142857142,15.0,0.0,0.0,1.0,0.0,0.15
python-poetry/poetry,394ee73835f789e5e4f20c3149d5c3076c9135e5,2026-06-29T21:10:09+00:00,0,2,1.0,2.0,2.0,1.6094379124341003,0.0,0.0,0.0,0.0,0.0,0.0,1.0,0.0,0.0,0.0,0.0,0.0,1.0,0.0,0.0,0.0,0.0,28.0,27.0,0.0,1.0,0.0,0.15
python-poetry/poetry,7b12c4d00b615456ebc9c0b61c052fa80cd192e8,2026-06-30T06:04:08+00:00,0,1,3.0,33.0,3.0,3.6109179126442243,2.0,1.0,1.0,2.0,0.0,1.0,0.0,0.0,0.0,0.0,0.0,0.0,1.0,0.0,0.0,0.3333333333333333,0.3333333333333333,2.0,0.0,0.0,1.0,0.0,0.15
python-poetry/poetry,b8daef9c42b4312936e345b5ffd3e31ff01a90eb,2026-07-01T08:47:14+00:00,0,1,8.0,78.0,14.0,4.532599493153256,12.0,3.0,6.0,2.0,0.0,0.0,0.0,0.0,0.0,1.0,0.0,0.0,1.0,0.0,0.0,1.0,0.19727891156462585,5.25,0.0,0.0,1.0,0.0,0.15
python-poetry/poetry,ea5f27080c22f9c4249c659baed06b8d5f61b569,2026-07-01T09:00:56+00:00,0,1,4.0,68.0,9.0,4.356708826689592,7.0,2.0,3.0,1.0,0.0,0.0,0.0,0.0,0.0,0.0,0.0,0.0,1.0,0.0,0.0,0.5,0.16447368421052633,6.5,1.0,0.0,1.0,0.0,0.15
python-poetry/poetry,c0141e59ebd4ab76fa7495217f8a557b02278d10,2026-07-02T02:53:48+00:00,0,1,2.0,127.0,4.0,4.882801922586371,4.0,1.0,1.0,1.0,0.0,0.0,0.0,0.0,0.0,0.0,0.0,0.0,1.0,0.0,1.0,0.17647058823529413,0.15490196078431373,16.0,1.0,0.0,1.0,0.0,0.15
python-poetry/poetry,b5334e4bc56dc369721f64c10a25b862f3a1fa24,2026-07-02T04:19:29+00:00,0,1,1.0,3.0,4.0,2.0794415416798357,1.0,0.0,0.0,1.0,0.0,0.0,0.0,0.0,0.0,0.0,0.0,0.0,1.0,0.0,0.0,0.25,0.25,4.0,1.0,0.0,0.0,0.0,0.15
python-poetry/poetry,0f5a7f3e0a290164ede00291342e20cf118f9990,2026-07-02T04:51:06+00:00,0,1,1.0,33.0,19.0,3.970291913552122,4.0,0.0,0.0,1.0,0.0,0.0,0.0,0.0,0.0,0.0,0.0,0.0,1.0,0.0,0.0,0.2,0.2,5.0,2.0,0.0,1.0,0.0,0.15
python-poetry/poetry,257c576d97ab6d30bf873695c88f924df73c002d,2026-07-05T08:51:36+00:00,0,1,3.0,61.0,1.0,4.143134726391533,3.0,2.0,2.0,1.0,0.0,0.0,0.0,0.0,0.0,0.0,0.0,0.0,1.0,0.0,1.0,0.07692307692307693,0.05128205128205129,17.666666666666668,21.0,0.19047619047619047,1.0,0.0,0.15
python-poetry/poetry,af55a485a28b745bd72fdd6e4cb767c90277469b,2026-07-08T20:28:33+00:00,0,1,2.0,37.0,1.0,3.6635616461296463,2.0,1.0,1.0,1.0,0.0,0.0,0.0,0.0,0.0,0.0,0.0,0.0,1.0,0.0,1.0,0.25,0.20833333333333331,5.0,0.0,0.0,1.0,0.0,0.15
python-poetry/poetry,6208f6e1f5a6eb945c8d8c101b89def75a111d24,2026-07-08T20:42:37+00:00,0,1,1.0,8.0,4.0,2.5649493574615367,1.0,0.0,0.0,1.0,0.0,0.0,0.0,0.0,0.0,0.0,0.0,0.0,1.0,0.0,0.0,0.14285714285714285,0.14285714285714285,7.0,1.0,0.0,1.0,0.0,0.15
python-poetry/poetry,625a9e37acf7b6713c16d9431d5891f44dfb9a98,2026-07-09T08:34:33+00:00,0,1,2.0,49.0,1.0,3.9318256327243257,4.0,1.0,1.0,1.0,0.0,0.0,0.0,0.0,0.0,0.0,0.0,0.0,1.0,0.0,1.0,0.23529411764705882,0.2144212523719165,32.5,0.0,0.0,1.0,0.0,0.15
python-poetry/poetry,dd0536b75b88f63518ccd78eacf7e8cda0d2a3a1,2026-07-13T18:10:25+00:00,0,1,3.0,57.0,12.0,4.248495242049359,5.0,1.0,1.0,2.0,0.0,0.0,0.0,0.0,0.0,0.0,0.0,0.0,1.0,0.0,1.0,1.0,0.5909090909090909,4.0,0.0,0.0,1.0,0.0,0.15
python-poetry/poetry,1ad72aa141db007ec12566d3a140ebcd7efacbad,2026-07-13T21:57:39+00:00,0,2,1.0,2.0,2.0,1.6094379124341003,0.0,0.0,0.0,0.0,0.0,0.0,1.0,0.0,0.0,0.0,0.0,0.0,1.0,0.0,0.0,0.0,0.0,29.0,28.0,0.0,1.0,0.0,0.1
python-poetry/poetry,9759034129ab1ffeadf427047bae70dd0027221c,2026-07-14T10:07:39+00:00,0,1,3.0,61.0,1.0,4.143134726391533,3.0,2.0,2.0,1.0,0.0,0.0,0.0,0.0,0.0,0.0,0.0,0.0,1.0,0.0,1.0,0.07407407407407407,0.04938271604938271,18.666666666666668,22.0,0.18181818181818182,1.0,0.0,0.1
python-poetry/poetry,005837e9c5635975e3dd3790804196976f5097ae,2026-07-14T21:12:21+00:00,0,1,5.0,224.0,14.0,5.476463551931511,9.0,2.0,3.0,2.0,0.0,0.0,0.0,0.0,0.0,0.0,0.0,0.0,1.0,0.0,1.0,0.5,0.1476190476190476,7.4,1.0,0.0,1.0,0.0,0.1
python-poetry/poetry,38099b741fb8122a41baa50a8d1d8d2aa961d0f2,2026-07-15T01:50:29+00:00,0,1,7.0,170.0,9.0,5.19295685089021,10.0,3.0,4.0,3.0,0.0,0.0,0.0,0.0,0.0,0.0,0.0,0.0,1.0,0.0,1.0,0.2,0.1004201680672269,7.142857142857143,0.0,0.0,1.0,0.0,0.05
python-poetry/poetry,47e5fea7f3ea81f201d6ed3ce058114f25e4c4a8,2026-07-16T13:49:54+00:00,0,1,2.0,81.0,2.0,4.430816798843313,2.0,1.0,1.0,1.0,0.0,0.0,0.0,0.0,0.0,0.0,0.0,0.0,1.0,0.0,1.0,0.16666666666666666,0.14583333333333331,17.0,0.0,0.0,1.0,0.0,0.05
python-poetry/poetry,6e313b59d2d726caa39bdc4be659dde376eab604,2026-07-17T00:26:11+00:00,0,1,5.0,55.0,89.0,4.976733742420574,11.0,0.0,0.0,5.0,0.0,0.0,0.0,0.0,0.0,0.0,0.0,0.0,1.0,0.0,0.0,0.17647058823529413,0.13025210084033612,11.8,0.0,0.0,1.0,0.0,0.05
python-poetry/poetry,94ffccc81ff0501902efc63529338c64ece96b5e,2026-07-17T03:06:58+00:00,0,1,4.0,64.0,157.0,5.402677381872279,10.0,2.0,2.0,2.0,0.0,0.0,0.0,0.0,0.0,0.0,0.0,0.0,1.0,0.0,1.0,0.15384615384615385,0.05512820512820513,9.75,2.0,0.0,1.0,0.0,0.0
python-poetry/poetry,20accdf84b0389debee0aee9dd727b43626e006c,2026-07-17T08:20:17+00:00,0,1,2.0,100.0,8.0,4.6913478822291435,1.0,0.0,0.0,0.0,2.0,0.0,0.0,0.0,0.0,0.0,0.0,1.0,1.0,0.0,0.0,0.08695652173913043,0.043478260869565216,19.0,0.0,0.0,1.0,0.0,0.0
python-poetry/poetry,7c5d00bffc39e792526cbe54cf96ca32d28a7ad9,2026-07-17T08:25:41+00:00,0,1,2.0,15.0,11.0,3.295836866004329,0.0,0.0,0.0,0.0,2.0,0.0,0.0,0.0,0.0,0.0,0.0,1.0,1.0,0.0,0.0,0.08333333333333333,0.041666666666666664,20.0,1.0,0.0,1.0,0.0,0.0
python-poetry/poetry,cf25f930e9084e15a4dde77189d609dbb778d29e,2026-07-17T08:36:28+00:00,0,1,1.0,25.0,3.0,3.367295829986474,0.0,0.0,0.0,0.0,1.0,0.0,0.0,0.0,0.0,0.0,0.0,1.0,1.0,0.0,0.0,0.0,0.0,0.0,2.0,0.0,1.0,0.0,0.0
python-poetry/poetry,e4cf3ea390423dd447acf17c926daa11f3f551a6,2026-07-17T08:40:10+00:00,0,1,1.0,14.0,10.0,3.2188758248682006,0.0,0.0,0.0,0.0,1.0,0.0,0.0,0.0,0.0,0.0,0.0,1.0,1.0,0.0,0.0,0.0,0.0,1.0,3.0,0.0,1.0,0.0,0.0
python-poetry/poetry,157afc2b062e67d62f72a784928eed2af9a77a18,2026-07-18T23:41:21+00:00,0,1,2.0,59.0,0.0,4.0943445622221,6.0,0.0,0.0,2.0,0.0,0.0,0.0,0.0,0.0,0.0,0.0,0.0,1.0,0.0,0.0,0.0,0.0,0.0,0.0,0.0,1.0,0.0,0.0
python-poetry/poetry,5ec337f4b16189427eea2862843345cd8174b5d2,2026-07-19T00:51:34+00:00,0,1,2.0,83.0,0.0,4.430816798843313,3.0,1.0,1.0,1.0,0.0,0.0,0.0,0.0,0.0,0.0,0.0,0.0,1.0,0.0,1.0,0.125,0.09375,12.0,0.0,0.0,1.0,0.0,0.0
python-poetry/poetry,24626bc567d2350d954c7258a9dc32c7149c51d2,2026-07-19T11:59:57+00:00,0,1,1.0,25.0,0.0,3.258096538021482,2.0,0.0,0.0,1.0,0.0,0.0,0.0,0.0,0.0,0.0,0.0,0.0,1.0,0.0,0.0,0.0,0.0,0.0,0.0,0.0,1.0,0.0,0.0
python-poetry/poetry,8b685b5956f8d2ff061cd79110b2601525cd728c,2026-07-19T13:02:40+00:00,0,1,2.0,113.0,2.0,4.7535901911063645,2.0,1.0,1.0,1.0,0.0,0.0,0.0,0.0,0.0,0.0,0.0,0.0,1.0,0.0,1.0,0.15789473684210525,0.13777089783281732,18.0,1.0,0.0,1.0,0.0,0.0
python-poetry/poetry,d6ab4cbf04985fe9b1597ec08f2d0705fed24977,2026-07-20T16:29:46+00:00,0,1,2.0,54.0,5.0,4.0943445622221,2.0,1.0,1.0,1.0,0.0,0.0,0.0,0.0,0.0,0.0,0.0,0.0,1.0,0.0,1.0,0.14285714285714285,0.10084033613445378,15.5,1.0,0.0,1.0,0.0,0.0
python-poetry/poetry,7a2bf50fa1acee4f31d09d20d3d774df6c2a0474,2026-07-20T21:26:02+00:00,0,2,1.0,2.0,2.0,1.6094379124341003,0.0,0.0,0.0,0.0,0.0,0.0,1.0,0.0,0.0,0.0,0.0,0.0,1.0,0.0,0.0,0.0,0.0,30.0,29.0,0.0,1.0,0.0,0.0
python-poetry/poetry,7d19e64d84dc04335fc3e7694ea2b260c5f3afd8,2026-07-21T17:41:36+00:00,0,1,2.0,15.0,5.0,3.044522437723423,2.0,1.0,1.0,1.0,0.0,0.0,0.0,0.0,0.0,0.0,0.0,0.0,1.0,0.0,0.0,0.2,0.1625,6.5,2.0,0.0,1.0,0.0,0.0
python-poetry/poetry,006d20585c94b83c0bc369c212cecf05187b620d,2026-07-22T18:00:46+00:00,0,1,1.0,1.0,1.0,1.0986122886681098,1.0,1.0,1.0,0.0,0.0,0.0,0.0,0.0,0.0,0.0,1.0,0.0,1.0,0.0,1.0,0.16666666666666666,0.16666666666666666,6.0,0.0,0.0,1.0,0.0,0.0
python-poetry/poetry,ae3cb779bb29fbb965e648aa829ff12b06e93e9a,2026-07-24T05:15:34+00:00,0,1,2.0,26.0,1.0,3.332204510175204,3.0,1.0,1.0,1.0,0.0,0.0,0.0,0.0,0.0,0.0,0.0,0.0,1.0,0.0,0.0,0.25,0.125,3.5,0.0,0.0,1.0,0.0,0.0
python-poetry/poetry,a4d1c90469178225e27768767511e21d1d5a0b87,2026-07-24T15:07:17+00:00,0,1,5.0,78.0,26.0,4.653960350157523,5.0,2.0,2.0,2.0,1.0,0.0,0.0,0.0,0.0,0.0,0.0,0.0,1.0,0.0,0.0,0.22857142857142856,0.12143650793650793,22.6,0.0,0.0,1.0,0.0,0.0
python-poetry/poetry,c98e96c06d51f170411a205e29a3b9365f409cec,2026-07-24T19:01:08+00:00,0,1,1.0,5.0,2.0,2.0794415416798357,1.0,0.0,0.0,1.0,0.0,0.0,0.0,0.0,0.0,0.0,0.0,0.0,1.0,0.0,0.0,0.0,0.0,4.0,1.0,0.0,1.0,0.0,0.0
python-poetry/poetry,f41a83116c1dc7ce5e2b8c7c2303aaac8af3234d,2026-07-26T13:55:49+00:00,0,1,3.0,50.0,68.0,4.77912349311153,5.0,2.0,2.0,1.0,0.0,0.0,0.0,0.0,0.0,0.0,0.0,0.0,1.0,0.0,1.0,0.07142857142857142,0.046798029556650245,20.0,167.0,0.059880239520958084,1.0,0.0,0.0
python-poetry/poetry,a07d84a7ece108acc40fb9125b76d257130ac1e2,2026-07-26T14:20:44+00:00,0,1,3.0,53.0,11.0,4.174387269895637,4.0,2.0,2.0,1.0,0.0,0.0,0.0,0.0,0.0,0.0,0.0,0.0,0.0,0.0,1.0,0.06896551724137931,0.04521072796934866,21.0,23.0,0.17391304347826086,1.0,0.0,0.0
python-poetry/poetry,b4c400f6a6d7faa201be28cee514a8db9a39e91e,2026-07-26T14:58:02+00:00,0,1,5.0,951.0,823.0,7.4815557019095165,4.0,1.0,1.0,3.0,0.0,1.0,0.0,0.0,0.0,0.0,0.0,0.0,1.0,0.0,0.0,1.0,0.37121212121212116,9.8,168.0,0.05952380952380952,1.0,0.0,0.0
python-poetry/poetry,aedda8577cd6e7c2d2b983130933a640b1b6545a,2026-07-26T15:03:36+00:00,0,1,5.0,951.0,823.0,7.4815557019095165,4.0,1.0,1.0,3.0,0.0,1.0,0.0,0.0,0.0,0.0,0.0,0.0,0.0,0.0,0.0,0.5,0.12222222222222223,10.8,169.0,0.05917159763313609,1.0,0.0,0.0
python-poetry/poetry,b976698dfc4f12ec01a24e3eae4c79be4cee7dbf,2026-07-26T15:06:28+00:00,0,1,1.0,31.0,5.0,3.6109179126442243,3.0,1.0,1.0,0.0,0.0,0.0,0.0,0.0,0.0,0.0,1.0,0.0,1.0,0.0,0.0,0.17647058823529413,0.17647058823529413,17.0,169.0,0.05917159763313609,0.0,0.0,0.0
python-poetry/poetry,5ccad24e03e3f7539246bf7350f6b6599331bdcb,2026-07-26T15:11:37+00:00,0,1,1.0,31.0,5.0,3.6109179126442243,3.0,1.0,1.0,0.0,0.0,0.0,0.0,0.0,0.0,0.0,1.0,0.0,0.0,0.0,0.0,0.16666666666666666,0.16666666666666666,18.0,171.0,0.05847953216374269,1.0,0.0,0.0
python-poetry/poetry,53e406c45e1ac2358a2f46e090a05dda56aaec75,2026-07-26T15:13:25+00:00,0,1,1.0,15.0,17.0,3.4965075614664802,1.0,1.0,1.0,0.0,0.0,0.0,0.0,0.0,0.0,1.0,1.0,0.0,1.0,0.0,0.0,0.2,0.2,15.0,171.0,0.05847953216374269,0.0,0.0,0.0
python-poetry/poetry,c459f14f1d5012bd0e3b6558c77b0e42c9d452df,2026-07-26T15:25:07+00:00,0,1,1.0,15.0,17.0,3.4965075614664802,1.0,1.0,1.0,0.0,0.0,0.0,0.0,0.0,0.0,1.0,1.0,0.0,0.0,0.0,0.0,0.1875,0.1875,16.0,172.0,0.05813953488372093,0.0,0.0,0.0
python-poetry/poetry,555d33c9d39834f1a5635011b24ccb9a65d88c89,2026-07-26T15:31:49+00:00,0,1,35.0,1568.0,1650.0,8.076826031298808,97.0,11.0,15.0,18.0,0.0,2.0,0.0,0.0,0.0,0.0,0.0,0.0,1.0,0.0,0.0,0.3125,0.15951458716802436,19.742857142857144,74.0,0.08108108108108109,0.0,0.0,0.0
python-poetry/poetry,314fb29b324f40337ad7c2f0889689ebe92d6099,2026-07-27T10:45:34+00:00,0,1,10.0,1050.0,856.0,7.553286605600419,12.0,4.0,5.0,4.0,0.0,1.0,0.0,0.0,0.0,1.0,0.0,0.0,1.0,1.0,1.0,0.3333333333333333,0.0901097766166395,16.4,0.0,0.0,1.0,0.0,0.0
python-poetry/poetry,b7c01f42cf9e4245157ec77cc94946790de888db,2026-07-27T21:14:10+00:00,0,2,1.0,3.0,3.0,1.9459101490553132,0.0,0.0,0.0,0.0,0.0,0.0,1.0,0.0,0.0,0.0,0.0,0.0,1.0,0.0,0.0,0.0,0.0,31.0,30.0,0.0,1.0,0.0,0.0
python-poetry/poetry,7b38c77a1ef24a9d6bb42371e845079f8093c056,2026-07-29T02:11:07+00:00,1,1,6.0,142.0,4.0,4.990432586778736,10.0,1.0,2.0,4.0,0.0,0.0,0.0,0.0,0.0,0.0,0.0,0.0,1.0,0.0,1.0,0.13333333333333333,0.03777777777777778,6.666666666666667,1.0,0.0,1.0,0.0,0.0
python-poetry/poetry,fc6aa52e11c0a51f22e7be6dd4560b7405d22ea5,2026-07-29T02:16:23+00:00,0,1,1.0,2.0,2.0,1.6094379124341003,1.0,0.0,0.0,1.0,0.0,0.0,0.0,0.0,0.0,0.0,0.0,0.0,1.0,0.0,1.0,0.10526315789473684,0.10526315789473684,19.0,2.0,0.5,1.0,1.0,0.05
python-poetry/poetry,a114be5b185cfbf7f847aa67320e5831e6654a8d,2026-07-29T02:56:43+00:00,0,1,1.0,5.0,0.0,1.791759469228055,1.0,1.0,1.0,0.0,0.0,0.0,0.0,0.0,0.0,0.0,1.0,0.0,1.0,0.0,1.0,0.0,0.0,8.0,0.0,0.0,1.0,0.0,0.05
python-poetry/poetry,d40e9175a46a959895bb6706a12b52cf5b8ebe3a,2026-07-29T03:06:23+00:00,0,1,1.0,22.0,6.0,3.367295829986474,1.0,1.0,1.0,0.0,0.0,0.0,0.0,0.0,0.0,0.0,1.0,0.0,1.0,0.0,1.0,0.0,0.0,9.0,1.0,0.0,1.0,0.0,0.05
python-poetry/poetry,bffb997db2bc76c232a981b9697cf9b9b8ef5a99,2026-07-29T03:12:19+00:00,0,1,1.0,22.0,6.0,3.367295829986474,1.0,1.0,1.0,0.0,0.0,0.0,0.0,0.0,0.0,0.0,1.0,0.0,1.0,0.0,1.0,0.0,0.0,10.0,2.0,0.0,1.0,0.0,0.05
python-poetry/poetry,d2a4f042dd7cd1dfc30fc954df0d3070147fd77a,2026-07-30T03:04:48+00:00,0,1,3.0,140.0,20.0,5.081404364984463,4.0,1.0,1.0,2.0,0.0,0.0,0.0,0.0,0.0,0.0,0.0,0.0,1.0,0.0,1.0,0.0,0.0,3.6666666666666665,2.0,0.0,1.0,0.0,0.05
python-poetry/poetry,cc876ca5a711191499f475b2830cda1fce4bb632,2026-07-30T09:38:04+00:00,0,1,3.0,74.0,12.0,4.465908118654584,6.0,1.0,1.0,2.0,0.0,0.0,0.0,0.0,0.0,0.0,0.0,0.0,1.0,0.0,1.0,0.0,0.0,4.333333333333333,0.0,0.0,1.0,0.0,0.05
python-poetry/poetry,407146f41610669ca65e76b6371a10336ad61a57,2026-07-31T08:08:00+00:00,0,1,1.0,1.0,1.0,1.0986122886681098,0.0,0.0,0.0,0.0,1.0,0.0,0.0,0.0,0.0,0.0,0.0,1.0,1.0,0.0,1.0,0.0,0.0,12.0,0.0,0.0,1.0,0.0,0.05
python-poetry/poetry,51f977025933fd4143695534f6c11f4d2c8350b5,2026-07-31T09:29:03+00:00,1,1,2.0,43.0,1.0,3.8066624897703196,2.0,1.0,1.0,1.0,0.0,0.0,0.0,0.0,0.0,0.0,0.0,0.0,1.0,0.0,1.0,0.0625,0.061553030303030304,32.5,0.0,0.0,1.0,0.0,0.05
python-poetry/poetry,bf839165e579f10e991244d88836b17663a9a2f6,2026-07-31T09:45:23+00:00,0,1,1.0,26.0,2.0,3.367295829986474,0.0,0.0,0.0,0.0,1.0,0.0,0.0,0.0,0.0,0.0,0.0,1.0,1.0,0.0,0.0,0.0,0.0,0.0,0.0,0.0,1.0,0.0,0.1
python-poetry/poetry,ebf61886272a6c61442003df3a11f5d86adb417b,2026-07-31T09:45:52+00:00,0,1,1.0,0.0,1.0,0.6931471805599453,0.0,0.0,0.0,0.0,1.0,0.0,0.0,0.0,0.0,0.0,0.0,1.0,1.0,0.0,0.0,0.0,0.0,1.0,1.0,0.0,1.0,0.0,0.1
python-poetry/poetry,c37a23c7c705c0ce4652af580abe74fec8ebc63f,2026-07-31T13:49:35+00:00,0,1,2.0,143.0,20.0,5.099866427824199,6.0,1.0,1.0,1.0,0.0,0.0,0.0,0.0,0.0,0.0,0.0,0.0,1.0,0.0,1.0,0.15,0.13055555555555554,19.0,1.0,1.0,1.0,0.0,0.1
python-poetry/poetry,60b4463203abef701513809e8ca74761316ee912,2026-07-31T16:13:20+00:00,0,1,1.0,10.0,4.0,2.70805020110221,1.0,0.0,0.0,1.0,0.0,0.0,0.0,0.0,0.0,0.0,0.0,0.0,1.0,0.0,0.0,0.14285714285714285,0.14285714285714285,21.0,2.0,0.5,1.0,0.0,0.1
python-poetry/poetry,152df4af387223923d6bc3819b3a7c77fd05a82c,2026-07-31T16:46:45+00:00,0,1,6.0,23.0,15.0,3.6635616461296463,6.0,1.0,1.0,5.0,0.0,0.0,0.0,0.0,0.0,0.0,0.0,0.0,1.0,0.0,1.0,0.16666666666666666,0.0925925925925926,2.6666666666666665,0.0,0.0,1.0,0.0,0.1
python-poetry/poetry,a0291713d3d6284e83e17fde6bf79ea874aed417,2026-08-01T05:06:57+00:00,0,1,1.0,1.0,1.0,1.0986122886681098,0.0,0.0,0.0,0.0,1.0,0.0,0.0,0.0,0.0,0.0,0.0,1.0,0.0,0.0,1.0,0.0,0.0,13.0,1.0,0.0,1.0,0.0,0.1
python-poetry/poetry,cd2abd67656b60741fc357ad4672c7c7712dc1b0,2026-08-01T05:34:34+00:00,0,1,2.0,15.0,5.0,3.044522437723423,2.0,1.0,1.0,1.0,0.0,0.0,0.0,0.0,0.0,0.0,0.0,0.0,1.0,0.0,0.0,0.14285714285714285,0.12142857142857143,8.5,3.0,0.0,0.0,0.0,0.1
python-poetry/poetry,3a95c37c5d5ec600556f519e60e4340f35bbcac1,2026-08-01T05:41:23+00:00,0,1,2.0,53.0,3.0,4.04305126783455,2.0,1.0,1.0,1.0,0.0,0.0,0.0,0.0,0.0,0.0,0.0,0.0,0.0,0.0,1.0,0.125,0.10795454545454546,9.5,0.0,0.0,1.0,0.0,0.1
python-poetry/poetry,a45299d7ac1bbec34fa6cbbfaf4dff26c1b013e4,2026-08-01T06:56:42+00:00,1,1,2.0,163.0,7.0,5.14166355650266,16.0,1.0,1.0,1.0,0.0,0.0,0.0,0.0,0.0,0.0,0.0,0.0,1.0,0.0,0.0,0.16666666666666666,0.16666666666666666,3.0,0.0,0.0,1.0,0.0,0.1
python-poetry/poetry,6b92022a647a64d0f7e87545cf3d62db4749d377,2026-08-01T07:02:09+00:00,0,1,1.0,8.0,2.0,2.3978952727983707,2.0,0.0,0.0,1.0,0.0,0.0,0.0,0.0,0.0,0.0,0.0,0.0,1.0,0.0,0.0,1.0,1.0,1.0,1.0,1.0,1.0,1.0,0.15
python-poetry/poetry,9d01e03ce3d59581b381fc81ffd9129dc6e06e37,2026-08-01T07:51:22+00:00,0,1,2.0,113.0,2.0,4.7535901911063645,2.0,1.0,1.0,1.0,0.0,0.0,0.0,0.0,0.0,0.0,0.0,0.0,1.0,0.0,1.0,0.13636363636363635,0.1208133971291866,20.5,2.0,0.0,0.0,0.0,0.15
python-poetry/poetry,62018d105562e1365bf79607edcc29ed794e4635,2026-08-01T07:56:07+00:00,0,1,2.0,192.0,2.0,5.272999558563747,3.0,1.0,1.0,1.0,0.0,0.0,0.0,0.0,0.0,0.0,0.0,0.0,0.0,0.0,1.0,0.13043478260869565,0.11521739130434783,21.5,1.0,0.0,1.0,0.0,0.15
python-poetry/poetry,af753fe634ae674567cf126f9c767d3879330b9a,2026-08-01T08:02:30+00:00,0,1,2.0,59.0,0.0,4.0943445622221,6.0,0.0,0.0,2.0,0.0,0.0,0.0,0.0,0.0,0.0,0.0,0.0,1.0,0.0,0.0,0.0,0.0,1.0,1.0,0.0,1.0,0.0,0.1
python-poetry/poetry,9b1dfc571c445183f038a0477c881e299729d547,2026-08-01T08:07:02+00:00,0,1,2.0,59.0,0.0,4.0943445622221,6.0,0.0,0.0,2.0,0.0,0.0,0.0,0.0,0.0,0.0,0.0,0.0,0.0,0.0,0.0,0.0,0.0,2.0,0.0,0.0,1.0,0.0,0.1
python-poetry/poetry,a6e964b101f89770d5c066cbfb25402f59194ffe,2026-08-01T08:08:26+00:00,0,1,1.0,4.0,1.0,1.791759469228055,0.0,1.0,1.0,0.0,0.0,0.0,0.0,0.0,0.0,0.0,1.0,0.0,1.0,0.0,0.0,0.2857142857142857,0.2857142857142857,7.0,2.0,0.5,1.0,0.0,0.1
python-poetry/poetry,52be386be3aa6e494c403152ad536d69c7b17e91,2026-08-01T09:49:56+00:00,0,1,1.0,0.0,1.0,0.6931471805599453,1.0,0.0,0.0,1.0,0.0,0.0,0.0,0.0,0.0,0.0,0.0,0.0,1.0,0.0,0.0,0.1111111111111111,0.1111111111111111,9.0,174.0,0.05747126436781609,0.0,0.0,0.1
python-poetry/poetry,62ffee2c98f36c065bc45f482837229ee142db06,2026-08-01T09:56:01+00:00,0,1,3.0,124.0,1.0,4.836281906951478,4.0,1.0,1.0,2.0,0.0,0.0,0.0,0.0,0.0,0.0,0.0,0.0,0.0,0.0,1.0,0.13333333333333333,0.09629629629629628,14.333333333333334,0.0,0.0,1.0,0.0,0.1
python-poetry/poetry,fd8d32eb02e768f1465a18323147f4801e6d9898,2026-08-01T10:01:30+00:00,0,1,1.0,25.0,0.0,3.258096538021482,2.0,0.0,0.0,1.0,0.0,0.0,0.0,0.0,0.0,0.0,0.0,0.0,1.0,0.0,0.0,0.0,0.0,1.0,1.0,0.0,1.0,0.0,0.1
python-poetry/poetry,b0b33381d96f6d7b43652a0fac57169cf6a9a8fd,2026-08-01T10:06:11+00:00,0,1,1.0,25.0,0.0,3.258096538021482,2.0,0.0,0.0,1.0,0.0,0.0,0.0,0.0,0.0,0.0,0.0,0.0,0.0,0.0,0.0,0.0,0.0,2.0,0.0,0.0,1.0,0.0,0.1
python-poetry/poetry,5818d3600b918fb4ae7f83449ef6ee027086725c,2026-08-01T10:29:24+00:00,0,1,2.0,14.0,2.0,2.833213344056216,3.0,1.0,1.0,1.0,0.0,0.0,0.0,0.0,0.0,0.0,0.0,0.0,1.0,0.0,1.0,0.21621621621621623,0.1963434022257552,35.5,1.0,0.0,1.0,0.0,0.1
python-poetry/poetry,7e36ae541936a226ac9f966a64c690bc8dd9035d,2026-08-01T12:05:07+00:00,0,1,8.0,292.0,288.0,6.364750756851911,42.0,4.0,5.0,3.0,0.0,0.0,0.0,0.0,0.0,0.0,0.0,0.0,1.0,0.0,0.0,0.5,0.2125,7.875,3.0,0.3333333333333333,1.0,0.0,0.05
python-poetry/poetry,11ae8d0427fedc11878850e1edae41dc1ffc1c49,2026-08-01T14:32:19+00:00,0,1,36.0,1570.0,1652.0,8.078067881815437,98.0,11.0,15.0,19.0,0.0,2.0,0.0,0.0,0.0,0.0,0.0,0.0,1.0,0.0,0.0,0.29411764705882354,0.1469537921096625,20.444444444444443,75.0,0.08,1.0,0.0,0.05
python-poetry/poetry,916bd02b5ecdc170dc3ae6d2e700f81838a9aa6a,2026-08-02T11:32:55+00:00,0,1,7.0,247.0,235.0,6.180016653652572,26.0,2.0,3.0,4.0,0.0,0.0,0.0,0.0,0.0,0.0,0.0,0.0,1.0,0.0,0.0,0.2222222222222222,0.0916499933306656,9.142857142857142,175.0,0.05714285714285714,0.0,0.0,0.05
python-poetry/poetry,1dac0257f8d538a0675e1d5e9bf479de5231af94,2026-08-02T11:38:11+00:00,0,1,1.0,1.0,1.0,1.0986122886681098,1.0,0.0,0.0,1.0,0.0,0.0,0.0,0.0,0.0,0.0,0.0,0.0,1.0,0.0,1.0,0.16666666666666666,0.16666666666666666,18.0,176.0,0.056818181818181816,1.0,0.0,0.05
python-poetry/poetry,e9c3fc5e3d572f76d025ede36f24f338428fb232,2026-08-02T11:43:25+00:00,0,1,1.0,6.0,1.0,2.0794415416798357,1.0,0.0,0.0,1.0,0.0,0.0,0.0,0.0,0.0,0.0,0.0,0.0,1.0,0.0,0.0,0.15789473684210525,0.15789473684210525,19.0,177.0,0.05649717514124294,1.0,0.0,0.05
python-poetry/poetry,92b74dcfe348d0e01e14d40d6c1fa47a4ee04a54,2026-08-02T11:51:11+00:00,0,1,9.0,496.0,310.0,6.693323668269949,46.0,4.0,5.0,4.0,0.0,0.0,0.0,0.0,0.0,0.0,0.0,0.0,0.0,0.0,0.0,0.2,0.08374925727866905,10.222222222222221,4.0,0.25,1.0,0.0,0.05
python-poetry/poetry,396ffdf48bef6e093b326f9a590aed8438a79a72,2026-08-03T21:37:27+00:00,0,2,1.0,3.0,3.0,1.9459101490553132,0.0,0.0,0.0,0.0,0.0,0.0,1.0,0.0,0.0,0.0,0.0,0.0,1.0,0.0,0.0,0.0,0.0,32.0,31.0,0.0,1.0,0.0,0.05
python-poetry/poetry,a93ff3e2e4c1574b2abc73a6c1e492dd39905ef5,2026-08-04T07:51:01+00:00,0,1,1.0,11.0,3.0,2.70805020110221,1.0,1.0,1.0,0.0,0.0,0.0,0.0,0.0,0.0,0.0,1.0,0.0,1.0,0.0,0.0,0.20512820512820512,0.20512820512820512,39.0,0.0,0.0,1.0,0.0,0.05
python-poetry/poetry,208ff4f0ddc4b7e84c92a63a4243641c496e7b76,2026-08-04T11:09:08+00:00,0,1,1.0,11.0,3.0,2.70805020110221,1.0,1.0,1.0,0.0,0.0,0.0,0.0,0.0,0.0,0.0,1.0,0.0,1.0,0.0,0.0,0.2,0.2,40.0,1.0,0.0,0.0,0.0,0.05
python-poetry/poetry,35d75699e1273c6db71b1c001fcb4090e040d0e8,2026-08-08T19:14:54+00:00,0,1,1.0,23.0,27.0,3.9318256327243257,5.0,0.0,0.0,1.0,0.0,0.0,0.0,0.0,0.0,0.0,0.0,0.0,1.0,0.0,0.0,0.14285714285714285,0.14285714285714285,21.0,0.0,0.0,1.0,0.0,0.0
python-poetry/poetry,33078b35ad7b715305d1eaaee8aef63022bd1272,2026-08-09T08:31:24+00:00,0,1,1.0,36.0,0.0,3.6109179126442243,3.0,0.0,0.0,1.0,0.0,0.0,0.0,0.0,0.0,0.0,0.0,0.0,1.0,0.0,0.0,0.0,0.0,0.0,0.0,0.0,1.0,0.0,0.0
python-poetry/poetry,bcd52bbe1299d8c90a8bb3cbf222611d3605a5ff,2026-08-09T08:37:22+00:00,0,1,1.0,1.0,0.0,0.6931471805599453,1.0,0.0,0.0,1.0,0.0,0.0,0.0,0.0,0.0,0.0,0.0,0.0,1.0,0.0,0.0,0.0,0.0,1.0,1.0,0.0,1.0,0.0,0.0
python-poetry/poetry,9c8cb98d93d6106a8ddd74640c9d25e0f88fdabb,2026-08-09T12:22:03+00:00,0,1,3.0,289.0,2.0,5.676753802268282,4.0,1.0,1.0,1.0,0.0,1.0,0.0,0.0,0.0,0.0,0.0,0.0,1.0,0.0,1.0,0.3333333333333333,0.18679138321995467,22.666666666666668,178.0,0.056179775280898875,1.0,0.0,0.0
python-poetry/poetry,d892c8058e1bfba833ebd698dd4133c0f36942b4,2026-08-09T12:35:18+00:00,0,1,2.0,5.0,5.0,2.3978952727983707,0.0,0.0,0.0,0.0,0.0,2.0,0.0,0.0,0.0,0.0,0.0,0.0,1.0,0.0,0.0,0.1,0.09838709677419355,56.0,179.0,0.055865921787709494,0.0,0.0,0.0
python-poetry/poetry,bed7d77987703b163b46b7166bb5bb1e421f3c31,2026-08-10T21:37:58+00:00,0,2,1.0,3.0,3.0,1.9459101490553132,0.0,0.0,0.0,0.0,0.0,0.0,1.0,0.0,0.0,0.0,0.0,0.0,1.0,0.0,0.0,0.0,0.0,33.0,32.0,0.0,1.0,0.0,0.0
python-poetry/poetry,0cbaf29120ecf257dc3d28fba91af5fefe0316ca,2026-08-12T00:23:00+00:00,0,1,2.0,32.0,2.0,3.5553480614894135,2.0,1.0,1.0,1.0,0.0,0.0,0.0,0.0,0.0,0.0,0.0,0.0,1.0,0.0,1.0,0.125,0.11011904761904762,22.5,0.0,0.0,1.0,0.0,0.0
python-poetry/poetry,310c3ed7972a5b814fb5bf01d274ad1d5cedcc87,2026-08-12T19:11:47+00:00,0,1,2.0,35.0,1.0,3.6109179126442243,2.0,1.0,1.0,1.0,0.0,0.0,0.0,0.0,0.0,0.0,0.0,0.0,1.0,0.0,1.0,0.0,0.0,1.0,0.0,0.0,1.0,0.0,0.0
python-poetry/poetry,4aada01a8e6217495413bc31ea870db15ab15884,2026-08-13T17:24:10+00:00,0,1,1.0,5.0,1.0,1.9459101490553132,1.0,0.0,0.0,1.0,0.0,0.0,0.0,0.0,0.0,0.0,0.0,0.0,1.0,0.0,0.0,0.0,0.0,0.0,0.0,0.0,1.0,0.0,0.0
python-poetry/poetry,11eb98290ac844408308f2a8fcff31709553132f,2026-08-17T22:01:23+00:00,0,2,1.0,3.0,3.0,1.9459101490553132,0.0,0.0,0.0,0.0,0.0,0.0,1.0,0.0,0.0,0.0,0.0,0.0,1.0,0.0,0.0,0.0,0.0,34.0,33.0,0.0,1.0,0.0,0.0
python-poetry/poetry,3d5b34a99bdc6ee76a2cf9c37c7d9fcbbc5987fe,2026-08-18T05:19:02+00:00,0,1,3.0,353.0,30.0,5.950642552587727,16.0,1.0,1.0,1.0,1.0,0.0,0.0,0.0,0.0,0.0,0.0,0.0,1.0,0.0,0.0,0.12,0.09594405594405593,24.333333333333332,24.0,0.16666666666666666,1.0,0.0,0.0
python-poetry/poetry,c1d2d45883d8c5f58f24a56087a23957a23318dc,2026-08-21T10:02:27+00:00,1,1,4.0,106.0,0.0,4.672828834461906,7.0,2.0,3.0,1.0,0.0,0.0,0.0,0.0,0.0,0.0,0.0,0.0,1.0,0.0,1.0,0.2,0.06666666666666667,3.25,0.0,0.0,1.0,0.0,0.0
python-poetry/poetry,c19d2c0e545864e3f1da88b38d1d3accbe580c17,2026-08-21T13:02:34+00:00,0,1,1.0,3.0,1.0,1.6094379124341003,1.0,1.0,1.0,0.0,0.0,0.0,0.0,0.0,0.0,0.0,1.0,0.0,1.0,0.0,0.0,0.3333333333333333,0.3333333333333333,6.0,1.0,1.0,1.0,1.0,0.05
python-poetry/poetry,28f883c24a78c8357784e9f78a53602d38564bfd,2026-08-22T15:38:50+00:00,0,1,1.0,7.0,0.0,2.0794415416798357,0.0,0.0,0.0,0.0,1.0,0.0,0.0,0.0,0.0,0.0,0.0,1.0,1.0,0.0,0.0,0.0,0.0,2.0,0.0,0.0,1.0,0.0,0.05
python-poetry/poetry,031cc0d69e881e1b6cd5dd0a64db594802658cf8,2026-08-23T13:15:51+00:00,0,2,2.0,59.0,1.0,4.110873864173311,4.0,1.0,1.0,1.0,0.0,0.0,0.0,0.0,0.0,0.0,0.0,0.0,1.0,0.0,1.0,0.1951219512195122,0.18089430894308944,38.5,0.0,0.0,1.0,0.0,0.05
python-poetry/poetry,5370f1397073fb885f2ad80816d03fc07c81c978,2026-08-23T20:01:40+00:00,0,1,1.0,7.0,0.0,2.0794415416798357,0.0,0.0,0.0,0.0,1.0,0.0,0.0,0.0,0.0,0.0,0.0,1.0,0.0,0.0,0.0,0.0,0.0,3.0,1.0,0.0,1.0,0.0,0.05
python-poetry/poetry,a7da4ba401ddcd0fc62bb027fc5104fd7c83f821,2026-08-24T21:33:57+00:00,0,2,1.0,3.0,3.0,1.9459101490553132,0.0,0.0,0.0,0.0,0.0,0.0,1.0,0.0,0.0,0.0,0.0,0.0,1.0,0.0,0.0,0.0,0.0,35.0,34.0,0.0,1.0,0.0,0.05
python-poetry/poetry,a290dbf90d23776308039eb82f0ab5603bd0b4a3,2026-08-26T05:51:04+00:00,0,1,4.0,152.0,17.0,5.135798437050262,8.0,2.0,2.0,2.0,0.0,0.0,0.0,0.0,0.0,0.0,0.0,0.0,1.0,0.0,1.0,0.3333333333333333,0.23809523809523808,2.5,0.0,0.0,1.0,0.0,0.05
python-poetry/poetry,8541aaf829d62d20e330e97aa0c9d2d4a7063ddf,2026-08-27T02:40:16+00:00,0,1,2.0,25.0,1.0,3.295836866004329,2.0,1.0,1.0,1.0,0.0,0.0,0.0,0.0,0.0,0.0,0.0,0.0,1.0,0.0,1.0,0.19047619047619047,0.17631917631917632,39.5,0.0,0.0,1.0,0.0,0.05
python-poetry/poetry,3a3eb0ac3eec3cd8d4807961b3842dc053e24f02,2026-08-28T03:08:16+00:00,0,1,1.0,7.0,0.0,2.0794415416798357,0.0,0.0,0.0,0.0,1.0,0.0,0.0,0.0,0.0,0.0,0.0,1.0,1.0,0.0,0.0,0.07407407407407407,0.07407407407407407,27.0,0.0,0.0,1.0,0.0,0.05
python-poetry/poetry,b7a9232a7d983dededb86217758648c595fc26f0,2026-08-29T12:44:08+00:00,1,1,3.0,8.0,8.0,2.833213344056216,9.0,1.0,1.0,2.0,0.0,0.0,0.0,0.0,0.0,0.0,0.0,0.0,1.0,0.0,1.0,0.4,0.22443064182194616,11.666666666666666,180.0,0.05555555555555555,1.0,0.0,0.05
python-poetry/poetry,a2dacbf20cba7486796933efb96ae257843ad1e5,2026-08-29T13:33:05+00:00,0,1,81.0,223.0,33.0,5.54907608489522,0.0,0.0,0.0,81.0,0.0,0.0,81.0,0.0,2.0,0.0,0.0,0.0,1.0,0.0,0.0,0.3333333333333333,0.013605442176870748,1.2839506172839505,181.0,0.06077348066298342,1.0,0.0,0.1
python-poetry/poetry,eec3f9d3e0a24949ca39eb819d7aa8301ffd4af6,2026-08-29T13:38:07+00:00,0,1,81.0,223.0,33.0,5.54907608489522,0.0,0.0,0.0,81.0,0.0,0.0,81.0,0.0,2.0,0.0,0.0,0.0,0.0,0.0,0.0,0.25,0.006172839506172839,2.2839506172839505,182.0,0.06043956043956044,1.0,0.0,0.1
python-poetry/poetry,44a80884ad1f6729dd07b311f9cad0df5a6d8989,2026-08-29T13:38:23+00:00,0,1,3.0,8.0,8.0,2.833213344056216,9.0,1.0,1.0,2.0,0.0,0.0,0.0,0.0,0.0,0.0,0.0,0.0,1.0,0.0,1.0,0.5,0.3055555555555555,12.666666666666666,182.0,0.06043956043956044,0.0,0.0,0.1
python-poetry/poetry,000b7860cf42245f083037f2f2df25e970683827,2026-08-29T13:50:15+00:00,0,1,3.0,8.0,8.0,2.833213344056216,9.0,1.0,1.0,2.0,0.0,0.0,0.0,0.0,0.0,0.0,0.0,0.0,0.0,0.0,1.0,0.42857142857142855,0.27026455026455026,13.666666666666666,184.0,0.059782608695652176,1.0,0.0,0.1
python-poetry/poetry,1ad9311efecaf34b037dd37f3c541348cdc695b0,2026-08-29T15:21:11+00:00,1,1,1.0,1.0,1.0,1.0986122886681098,1.0,1.0,1.0,0.0,0.0,0.0,0.0,0.0,0.0,0.0,1.0,0.0,1.0,0.0,0.0,0.18181818181818182,0.18181818181818182,11.0,185.0,0.05945945945945946,0.0,0.0,0.1
python-poetry/poetry,47d648626eaa986ff7148a1ae1db3b889f21bae7,2026-08-29T15:43:44+00:00,1,1,1.0,1.0,1.0,1.0986122886681098,1.0,0.0,0.0,1.0,0.0,0.0,0.0,0.0,0.0,0.0,0.0,0.0,1.0,0.0,1.0,0.13636363636363635,0.13636363636363635,22.0,186.0,0.06451612903225806,1.0,1.0,0.15
python-poetry/poetry,39b386d9d54eef792f8d0eb1a6ae51554e8ec3b1,2026-08-29T16:07:43+00:00,0,1,1.0,1.0,4.0,1.791759469228055,1.0,1.0,1.0,0.0,0.0,0.0,0.0,0.0,0.0,0.0,1.0,0.0,1.0,0.0,1.0,0.25,0.25,12.0,187.0,0.06951871657754011,1.0,1.0,0.2
python-poetry/poetry,a968f64b77814665fe2477b3612521b2bc854feb,2026-08-29T16:08:00+00:00,0,1,2.0,61.0,3.0,4.174387269895637,3.0,1.0,1.0,1.0,0.0,0.0,0.0,0.0,0.0,0.0,0.0,0.0,1.0,0.0,0.0,0.14285714285714285,0.13392857142857142,22.5,0.0,0.0,1.0,0.0,0.2
python-poetry/poetry,812a81670bdb2e67f4e4ce3665f333cea2546556,2026-08-29T16:14:45+00:00,0,1,2.0,139.0,37.0,5.176149732573829,3.0,1.0,1.0,1.0,0.0,0.0,0.0,0.0,0.0,0.0,0.0,0.0,0.0,0.0,1.0,0.23076923076923078,0.20234113712374582,18.0,188.0,0.06914893617021277,1.0,0.0,0.2
python-poetry/poetry,22173fdf4acd9cd839ba4aa57c644bf8830083e2,2026-08-29T16:21:21+00:00,0,1,2.0,139.0,37.0,5.176149732573829,3.0,1.0,1.0,1.0,0.0,0.0,0.0,0.0,0.0,0.0,0.0,0.0,0.0,0.0,1.0,0.21428571428571427,0.19047619047619047,19.0,189.0,0.06878306878306878,1.0,0.0,0.2
python-poetry/poetry,1bfb75b8c359e79dac4982c8da0a163cd7763148,2026-08-29T16:27:07+00:00,0,1,2.0,6.0,0.0,1.9459101490553132,2.0,2.0,2.0,0.0,0.0,0.0,0.0,0.0,0.0,0.0,1.0,0.0,1.0,0.0,1.0,0.5,0.3269230769230769,14.0,190.0,0.06842105263157895,1.0,0.0,0.2
python-poetry/poetry,5970f6713947000e7b802c411aabaea44b338255,2026-08-29T16:33:57+00:00,0,1,2.0,6.0,0.0,1.9459101490553132,2.0,2.0,2.0,0.0,0.0,0.0,0.0,0.0,0.0,0.0,1.0,0.0,0.0,0.0,1.0,0.3333333333333333,0.24074074074074073,15.0,191.0,0.06806282722513089,1.0,0.0,0.15
python-poetry/poetry,e97c5d93d3dd8bf8eb24c0b8c617907d41832160,2026-08-29T18:00:45+00:00,0,1,2.0,94.0,46.0,4.948759890378168,5.0,1.0,1.0,1.0,0.0,0.0,0.0,0.0,0.0,0.0,0.0,0.0,1.0,0.0,0.0,0.0,0.0,0.0,192.0,0.06770833333333333,0.0,0.0,0.15
python-poetry/poetry,1c9cd2f427bc46de1ccce826d2642d8788f85dd6,2026-08-29T18:05:45+00:00,0,1,2.0,94.0,46.0,4.948759890378168,5.0,1.0,1.0,1.0,0.0,0.0,0.0,0.0,0.0,0.0,0.0,0.0,0.0,0.0,0.0,0.0,0.0,1.0,193.0,0.06735751295336788,0.0,0.0,0.15
python-poetry/poetry,3dd0f2dafbe88c38605cd74d3bfdde1111618f1c,2026-08-29T18:10:45+00:00,0,1,2.0,94.0,46.0,4.948759890378168,5.0,1.0,1.0,1.0,0.0,0.0,0.0,0.0,0.0,0.0,0.0,0.0,0.0,0.0,0.0,0.0,0.0,2.0,194.0,0.06701030927835051,0.0,0.0,0.15
python-poetry/poetry,c4c4398117d28e5b2b45abd8877ee59462232532,2026-08-29T18:14:48+00:00,0,1,2.0,11.0,2.0,2.6390573296152584,0.0,0.0,0.0,0.0,1.0,1.0,0.0,0.0,0.0,0.0,0.0,0.0,1.0,0.0,0.0,0.125,0.11011904761904762,39.5,194.0,0.06701030927835051,0.0,0.0,0.15
python-poetry/poetry,15ce1fc5f2fc30af34a4465a8c8efe866a604f01,2026-08-29T19:10:20+00:00,0,2,2.0,11.0,2.0,2.6390573296152584,0.0,0.0,0.0,0.0,1.0,1.0,0.0,0.0,0.0,0.0,0.0,0.0,0.0,0.0,0.0,0.11764705882352941,0.1056985294117647,40.5,196.0,0.0663265306122449,1.0,0.0,0.15
python-poetry/poetry,82a4936c37d522305fa8bb5b65bd29e0ab9c371b,2026-08-29T19:50:26+00:00,0,1,1.0,11.0,1.0,2.5649493574615367,0.0,0.0,0.0,0.0,1.0,0.0,0.0,0.0,0.0,0.0,0.0,1.0,1.0,0.0,0.0,0.11764705882352941,0.11764705882352941,17.0,196.0,0.0663265306122449,1.0,0.0,0.15
python-poetry/poetry,e33ce99067f6a28537aebd23caabc2c49aae5ed8,2026-08-29T19:52:30+00:00,0,1,1.0,11.0,1.0,2.5649493574615367,0.0,0.0,0.0,0.0,1.0,0.0,0.0,0.0,0.0,0.0,0.0,1.0,0.0,0.0,0.0,0.1111111111111111,0.1111111111111111,18.0,197.0,0.06598984771573604,1.0,0.0,0.15
python-poetry/poetry,8fc06fd2ecbac18c7439ddb10e3728edf972554a,2026-08-29T20:24:29+00:00,0,1,1.0,26.0,9.0,3.58351893845611,2.0,1.0,1.0,0.0,0.0,0.0,0.0,0.0,0.0,0.0,1.0,0.0,1.0,0.0,0.0,0.0,0.0,0.0,76.0,0.07894736842105263,1.0,0.0,0.15
python-poetry/poetry,52ce20095c4f7411f837658557844126620b1c05,2026-08-30T18:22:09+00:00,0,1,2.0,1.0,114.0,4.7535901911063645,0.0,0.0,0.0,2.0,0.0,0.0,1.0,0.0,0.0,0.0,0.0,0.0,1.0,0.0,0.0,0.2,0.1,9.0,77.0,0.07792207792207792,0.0,0.0,0.1
python-poetry/poetry,907013bfccdfb8b3a53ba5cc5ea54866f13e2e05,2026-08-31T12:48:09+00:00,1,1,2.0,38.0,2.0,3.713572066704308,2.0,1.0,1.0,1.0,0.0,0.0,0.0,0.0,0.0,0.0,0.0,0.0,1.0,0.0,1.0,0.2,0.18,20.0,0.0,0.0,1.0,0.0,0.1
python-poetry/poetry,f89bbd6b699dd7b8a2ec58c1d60626b268eca56a,2026-08-31T13:02:14+00:00,1,1,2.0,43.0,2.0,3.828641396489095,2.0,1.0,1.0,1.0,0.0,0.0,0.0,0.0,0.0,0.0,0.0,0.0,1.0,0.0,1.0,0.25,0.22115384615384615,21.0,1.0,1.0,1.0,0.0,0.15
python-poetry/poetry,d519c6c41a3f406478de671f64c1a31c0ece0fb1,2026-08-31T13:33:41+00:00,1,1,1.0,7.0,0.0,2.0794415416798357,1.0,0.0,0.0,1.0,0.0,0.0,0.0,0.0,0.0,0.0,0.0,0.0,1.0,0.0,1.0,0.2222222222222222,0.2222222222222222,27.0,2.0,1.0,1.0,1.0,0.2
python-poetry/poetry,3108a3b8c05911017f92e5bd55369ecc045e195c,2026-08-31T13:41:33+00:00,0,1,1.0,2.0,1.0,1.3862943611198906,1.0,0.0,0.0,1.0,0.0,0.0,0.0,0.0,0.0,0.0,0.0,0.0,1.0,0.0,0.0,0.25,0.25,28.0,3.0,1.0,1.0,1.0,0.25
python-poetry/poetry,5164e2629fbbd436a5b8a3cef7b57c061753bf8b,2026-08-31T21:52:38+00:00,0,2,1.0,3.0,3.0,1.9459101490553132,0.0,0.0,0.0,0.0,0.0,0.0,1.0,0.0,0.0,0.0,0.0,0.0,1.0,0.0,0.0,0.0,0.0,36.0,35.0,0.0,1.0,0.0,0.2
python-poetry/poetry,5261c467ce928ffcbb4973f2130de009e7a0d591,2026-08-31T22:29:33+00:00,0,1,2.0,8.0,2.0,2.3978952727983707,2.0,1.0,1.0,1.0,0.0,0.0,0.0,0.0,0.0,0.0,0.0,0.0,1.0,0.0,1.0,0.29411764705882354,0.26774847870182555,23.0,4.0,0.75,1.0,0.0,0.15
python-poetry/poetry,0114526ec9bf3bfdeb08602a8b971b9b748229ad,2026-09-02T14:49:45+00:00,1,1,2.0,13.0,6.0,2.995732273553991,2.0,1.0,1.0,1.0,0.0,0.0,0.0,0.0,0.0,0.0,0.0,0.0,1.0,0.0,1.0,0.2777777777777778,0.25555555555555554,24.0,5.0,0.6,1.0,0.0,0.15
python-poetry/poetry,90b280ff0495b7307592f719f524306776717918,2026-09-02T15:24:17+00:00,1,1,2.0,13.0,6.0,2.995732273553991,2.0,1.0,1.0,1.0,0.0,0.0,0.0,0.0,0.0,0.0,0.0,0.0,1.0,0.0,1.0,0.3157894736842105,0.2869269949066214,25.0,0.0,0.0,0.0,0.0,0.2
python-poetry/poetry,a31537b595f5dd4296929ed18ab78003e242d10c,2026-09-02T18:14:15+00:00,0,1,1.0,2.0,2.0,1.6094379124341003,1.0,0.0,0.0,1.0,0.0,0.0,0.0,0.0,0.0,0.0,0.0,0.0,1.0,0.0,0.0,0.28125,0.28125,32.0,1.0,1.0,1.0,1.0,0.25
python-poetry/poetry,ae4984679bcf525ca4246ce9e7401dd5c4e94cb8,2026-09-04T11:19:05+00:00,0,1,109.0,1535.0,445.0,7.591357046698551,87.0,7.0,10.0,96.0,3.0,0.0,81.0,0.0,2.0,0.0,0.0,0.0,1.0,1.0,0.0,0.375,0.029407118418814465,5.587155963302752,2.0,0.0,1.0,0.0,0.25
python-poetry/poetry,aceb3228bb8fc9035094f52611fcfc6b1922abd9,2026-09-04T15:27:48+00:00,0,1,2.0,15.0,11.0,3.295836866004329,0.0,0.0,0.0,0.0,2.0,0.0,0.0,0.0,0.0,0.0,0.0,1.0,1.0,0.0,0.0,0.07142857142857142,0.03571428571428571,22.5,4.0,0.0,0.0,0.0,0.25
python-poetry/poetry,f8712e51931981f465645eded086acbb0837f820,2026-09-04T15:50:21+00:00,0,1,1.0,3.0,6.0,2.302585092994046,0.0,0.0,0.0,0.0,1.0,0.0,0.0,0.0,0.0,0.0,0.0,1.0,1.0,0.0,0.0,0.06896551724137931,0.06896551724137931,29.0,199.0,0.06532663316582915,1.0,0.0,0.25
python-poetry/poetry,d3873c8ccdd926efd952e77a517a5e359adb8d34,2026-09-04T15:54:21+00:00,0,1,2.0,103.0,10.0,4.736198448394496,1.0,0.0,0.0,0.0,2.0,0.0,0.0,0.0,0.0,0.0,0.0,1.0,0.0,0.0,0.0,0.06666666666666667,0.03333333333333333,24.0,0.0,0.0,1.0,0.0,0.25
python-poetry/poetry,76079710fadc3090b9194737309cbe974728aebd,2026-09-04T15:58:43+00:00,0,1,1.0,1.0,1.0,1.0986122886681098,0.0,0.0,0.0,0.0,1.0,0.0,0.0,0.0,0.0,0.0,0.0,1.0,1.0,0.0,1.0,0.06451612903225806,0.06451612903225806,31.0,200.0,0.065,1.0,0.0,0.25
python-poetry/poetry,3d9f09650ad04e4d230b04df175157fac03f8067,2026-09-04T16:00:39+00:00,0,1,1.0,1.0,1.0,1.0986122886681098,0.0,0.0,0.0,0.0,1.0,0.0,0.0,0.0,0.0,0.0,0.0,1.0,0.0,0.0,1.0,0.0625,0.0625,32.0,201.0,0.06467661691542288,1.0,0.0,0.25
python-poetry/poetry,c75b821dab795e09b4e0bd7ab80c09e339fb212b,2026-09-04T16:05:29+00:00,0,1,1.0,26.0,9.0,3.58351893845611,2.0,1.0,1.0,0.0,0.0,0.0,0.0,0.0,0.0,0.0,1.0,0.0,1.0,0.0,0.0,0.0,0.0,1.0,78.0,0.07692307692307693,1.0,0.0,0.25
python-poetry/poetry,2fbd57688e5b22cb28bbb32f7316c7f6292ffd26,2026-09-04T16:11:07+00:00,0,1,1.0,26.0,9.0,3.58351893845611,2.0,1.0,1.0,0.0,0.0,0.0,0.0,0.0,0.0,0.0,1.0,0.0,0.0,0.0,0.0,0.0,0.0,2.0,79.0,0.0759493670886076,1.0,0.0,0.25
python-poetry/poetry,f69a507b94ccae9b94e1b32fa6a06ae7b3b9311b,2026-09-04T22:46:00+00:00,0,1,2.0,71.0,8.0,4.382026634673881,4.0,1.0,1.0,1.0,0.0,0.0,0.0,0.0,0.0,0.0,0.0,0.0,1.0,0.0,1.0,0.3333333333333333,0.29901960784313725,27.5,2.0,0.5,1.0,0.0,0.25
python-poetry/poetry,98df56f83d9948b4d4367977ad8a9329e2c865d9,2026-09-05T08:31:17+00:00,0,1,2.0,71.0,8.0,4.382026634673881,4.0,1.0,1.0,1.0,0.0,0.0,0.0,0.0,0.0,0.0,0.0,0.0,0.0,0.0,1.0,0.3181818181818182,0.2876623376623376,28.5,0.0,0.0,1.0,0.0,0.25
python-poetry/poetry,4659943557e18d8a5fad243b9a5e4e96500dc54d,2026-09-05T08:37:42+00:00,0,1,2.0,71.0,8.0,4.382026634673881,4.0,1.0,1.0,1.0,0.0,0.0,0.0,0.0,0.0,0.0,0.0,0.0,0.0,0.0,1.0,0.30434782608695654,0.27717391304347827,29.5,1.0,0.0,1.0,0.0,0.25
python-poetry/poetry,537ea272e4d6cd40707ca3deb736734d9ff97372,2026-09-05T08:43:24+00:00,0,1,2.0,11.0,2.0,2.6390573296152584,0.0,0.0,0.0,0.0,1.0,1.0,0.0,0.0,0.0,0.0,0.0,0.0,1.0,0.0,0.0,0.09523809523809523,0.09377289377289377,43.0,202.0,0.06435643564356436,1.0,0.0,0.25
python-poetry/poetry,4d69b9b1f06fd067186f150a12913e8ac6c1ec02,2026-09-05T08:51:52+00:00,0,2,2.0,11.0,2.0,2.6390573296152584,0.0,0.0,0.0,0.0,1.0,1.0,0.0,0.0,0.0,0.0,0.0,0.0,0.0,0.0,0.0,0.09090909090909091,0.09090909090909091,44.0,203.0,0.06403940886699508,1.0,0.0,0.2
python-poetry/poetry,58789d084164745c0f7d15d0a75c183f99fd1337,2026-09-05T09:02:13+00:00,0,1,1.0,9.0,1.0,2.3978952727983707,0.0,0.0,0.0,0.0,1.0,0.0,0.0,0.0,0.0,0.0,0.0,1.0,1.0,0.0,0.0,0.09090909090909091,0.09090909090909091,22.0,203.0,0.06403940886699508,1.0,0.0,0.2
python-poetry/poetry,52fb46f2b8b0046021d8c1858a244569010a3f85,2026-09-05T09:10:44+00:00,0,1,1.0,9.0,1.0,2.3978952727983707,0.0,0.0,0.0,0.0,1.0,0.0,0.0,0.0,0.0,0.0,0.0,1.0,0.0,0.0,0.0,0.08333333333333333,0.08333333333333333,24.0,205.0,0.06341463414634146,1.0,0.0,0.1
python-poetry/poetry,a6c137a2cc469324f2d0dec68895ad702e0db9cf,2026-09-05T09:11:05+00:00,0,1,1.0,8.0,7.0,2.772588722239781,0.0,1.0,1.0,0.0,0.0,0.0,0.0,0.0,0.0,0.0,1.0,0.0,1.0,0.0,0.0,1.0,1.0,2.0,206.0,0.06310679611650485,0.0,0.0,0.1
python-poetry/poetry,209ce6b194793e0d4e456f7dcf2c393bc622bf52,2026-09-05T09:16:24+00:00,0,1,2.0,165.0,0.0,5.111987788356544,7.0,1.0,1.0,1.0,0.0,0.0,0.0,0.0,0.0,0.0,0.0,0.0,0.0,0.0,1.0,0.6666666666666666,0.6666666666666666,1.5,207.0,0.06280193236714976,1.0,0.0,0.1
python-poetry/poetry,9729cced43c40a05fc4a6739eda4f70d33b969da,2026-09-05T09:17:22+00:00,0,1,8.0,1263.0,4.0,7.145196134997171,57.0,3.0,4.0,3.0,1.0,0.0,0.0,0.0,0.0,0.0,0.0,0.0,1.0,0.0,0.0,0.15789473684210525,0.06739542848667562,16.0,207.0,0.06280193236714976,0.0,0.0,0.1
python-poetry/poetry,6e5b59f58021867e6ffa856c404846fda8d0c5e0,2026-09-05T09:59:05+00:00,0,1,8.0,1263.0,4.0,7.145196134997171,57.0,3.0,4.0,3.0,1.0,0.0,0.0,0.0,0.0,0.0,0.0,0.0,0.0,0.0,0.0,0.15,0.06416475681181565,17.0,209.0,0.06220095693779904,1.0,0.0,0.05
python-poetry/poetry,fc989527902fe40163396cbdfd0204459186f919,2026-09-05T10:58:08+00:00,0,1,1.0,1090.0,757.0,7.521859252201629,0.0,0.0,0.0,0.0,0.0,1.0,0.0,0.0,0.0,0.0,0.0,0.0,1.0,0.0,0.0,0.09803921568627451,0.09803921568627451,51.0,210.0,0.06190476190476191,1.0,0.0,0.0
python-poetry/poetry,23535b72b269cd1c1a22bc066000ccab33abc0bd,2026-09-05T11:06:03+00:00,0,1,1.0,1090.0,757.0,7.521859252201629,0.0,0.0,0.0,0.0,0.0,1.0,0.0,0.0,0.0,0.0,0.0,0.0,0.0,0.0,0.0,0.09615384615384616,0.09615384615384616,52.0,211.0,0.061611374407582936,1.0,0.0,0.0
python-poetry/poetry,1ce429a769635bad48e3280cb735a018b89828e3,2026-09-05T15:09:16+00:00,0,1,7.0,82.0,37.0,4.787491742782046,15.0,1.0,5.0,2.0,0.0,0.0,0.0,0.0,0.0,0.0,0.0,0.0,1.0,0.0,0.0,0.16666666666666666,0.027777777777777776,3.5714285714285716,80.0,0.075,1.0,0.0,0.0
python-poetry/poetry,9b39a847b6d3009c4fb1dc6008715ef0daf055cb,2026-09-05T15:12:24+00:00,0,1,36.0,1892.0,1974.0,8.260234291607297,98.0,11.0,15.0,19.0,0.0,2.0,0.0,0.0,0.0,0.0,0.0,0.0,1.0,0.0,0.0,0.2777777777777778,0.13734151567917655,21.944444444444443,80.0,0.075,1.0,0.0,0.0
python-poetry/poetry,05b0aa5746ed393a24a65b16d3b3740e7b2adfd4,2026-09-05T15:21:14+00:00,0,1,7.0,89.0,37.0,4.844187086458591,15.0,1.0,5.0,2.0,0.0,0.0,0.0,0.0,0.0,0.0,0.0,0.0,1.0,0.0,0.0,0.14285714285714285,0.02040816326530612,4.571428571428571,82.0,0.07317073170731707,1.0,0.0,0.0
python-poetry/poetry,b824dc6657d3565dd28160748dfca1d369cf0f51,2026-09-06T08:25:30+00:00,0,1,8.0,23.0,208.0,5.44673737166631,8.0,0.0,0.0,6.0,0.0,2.0,0.0,0.0,0.0,0.0,0.0,0.0,1.0,0.0,0.0,0.6666666666666666,0.1466134960580293,25.0,212.0,0.06132075471698113,1.0,0.0,0.0
python-poetry/poetry,4f85863966896a68e31c4af7dce6daea1947c788,2026-09-06T16:08:59+00:00,0,1,8.0,23.0,208.0,5.44673737166631,8.0,0.0,0.0,6.0,0.0,2.0,0.0,0.0,0.0,0.0,0.0,0.0,0.0,0.0,0.0,0.5,0.12321866155449074,26.0,213.0,0.06103286384976526,1.0,0.0,0.0
python-poetry/poetry,05e6b756ce22f196dd2b6e47662a994118dade9a,2026-09-06T16:16:10+00:00,0,1,2.0,14.0,6.0,3.044522437723423,2.0,0.0,0.0,2.0,0.0,0.0,0.0,0.0,0.0,0.0,0.0,0.0,1.0,0.0,1.0,0.19047619047619047,0.15079365079365079,15.0,214.0,0.06074766355140187,1.0,0.0,0.0
python-poetry/poetry,628f7fcb4297299fcd74794fea0bc46c84f03645,2026-09-06T16:21:33+00:00,0,1,2.0,14.0,6.0,3.044522437723423,2.0,0.0,0.0,2.0,0.0,0.0,0.0,0.0,0.0,0.0,0.0,0.0,0.0,0.0,1.0,0.18181818181818182,0.14090909090909093,16.0,215.0,0.06046511627906977,1.0,0.0,0.0
python-poetry/poetry,b362a2c5a9f6f6a9e14a3994bcb61118069ebf3b,2026-09-06T16:25:52+00:00,1,1,1.0,1.0,0.0,0.6931471805599453,0.0,0.0,0.0,0.0,0.0,0.0,1.0,1.0,0.0,0.0,0.0,0.0,1.0,0.0,0.0,0.2,0.2,5.0,216.0,0.06018518518518518,1.0,0.0,0.0
python-poetry/poetry,0eea3769f0d2cff8537e6fab630465f6959ed015,2026-09-06T17:14:25+00:00,0,1,2.0,3.0,1.0,1.6094379124341003,1.0,0.0,0.0,1.0,0.0,0.0,1.0,1.0,0.0,0.0,0.0,0.0,1.0,0.0,0.0,0.3333333333333333,0.2882882882882883,21.5,217.0,0.06451612903225806,1.0,0.0,0.05
python-poetry/poetry,ad72557a73c668010e806f1a0c58ea982541d154,2026-09-06T20:11:27+00:00,1,1,6.0,47.0,7.0,4.007333185232471,5.0,2.0,3.0,2.0,1.0,0.0,0.0,0.0,0.0,2.0,0.0,0.0,1.0,0.0,0.0,0.16666666666666666,0.047126436781609195,9.5,0.0,0.0,1.0,0.0,0.05
python-poetry/poetry,44942e46664f36729adcb54303f9abd5e6203c59,2026-09-06T21:10:22+00:00,0,1,1.0,1.0,1.0,1.0986122886681098,1.0,1.0,1.0,0.0,0.0,0.0,0.0,0.0,0.0,0.0,1.0,0.0,1.0,0.0,1.0,1.0,1.0,1.0,1.0,1.0,1.0,1.0,0.1
python-poetry/poetry,b39e17073d5d6d05e2de7fc1f260c6696e0a2659,2026-09-06T21:37:59+00:00,0,1,5.0,63.0,10.0,4.30406509320417,8.0,1.0,1.0,4.0,0.0,0.0,0.0,0.0,0.0,0.0,0.0,0.0,1.0,0.0,0.0,0.125,0.041666666666666664,11.0,83.0,0.07228915662650602,1.0,0.0,0.1
python-poetry/poetry,c3d24463b81f70f36b00c5bcd2386506281a8839,2026-09-07T08:40:36+00:00,1,1,2.0,11.0,13.0,3.2188758248682006,2.0,1.0,1.0,1.0,0.0,0.0,0.0,0.0,0.0,0.0,0.0,0.0,1.0,0.0,1.0,0.18181818181818182,0.16783216783216784,41.5,2.0,0.0,1.0,0.0,0.1
python-poetry/poetry,7dd24740d1a3a672c3968c2a09d16601fd7d4ea9,2026-09-07T09:00:16+00:00,0,1,2.0,11.0,13.0,3.2188758248682006,2.0,1.0,1.0,1.0,0.0,0.0,0.0,0.0,0.0,0.0,0.0,0.0,1.0,0.0,1.0,0.2,0.1875,42.5,3.0,0.3333333333333333,0.0,0.0,0.15
python-poetry/poetry,ced3ed609e610c4b602a24552f924c186484a4b3,2026-09-07T15:51:01+00:00,0,1,5.0,63.0,10.0,4.30406509320417,8.0,1.0,1.0,4.0,0.0,0.0,0.0,0.0,0.0,0.0,0.0,0.0,1.0,0.0,0.0,0.1111111111111111,0.03843843843843844,12.0,84.0,0.07142857142857142,0.0,0.0,0.15
python-poetry/poetry,f323c547437f4d602dc20dac942b04ffe8d62045,2026-09-07T15:55:41+00:00,0,1,9.0,140.0,35.0,5.170483995038151,18.0,1.0,5.0,4.0,0.0,0.0,0.0,0.0,0.0,0.0,0.0,0.0,0.0,0.0,0.0,0.1,0.019883040935672516,9.777777777777779,85.0,0.07058823529411765,1.0,0.0,0.15
python-poetry/poetry,247936599b0cca697cd1109580fb5739b9514a0d,2026-09-07T17:31:46+00:00,0,1,1.0,0.0,1.0,0.6931471805599453,1.0,1.0,1.0,0.0,0.0,0.0,0.0,0.0,0.0,0.0,1.0,0.0,1.0,0.0,0.0,0.0,0.0,5.0,0.0,0.0,1.0,0.0,0.15
python-poetry/poetry,7f07b6e04acefa3d4e8cdaa75c4c82807732bf30,2026-09-07T17:32:05+00:00,0,1,2.0,2.0,2.0,1.6094379124341003,1.0,1.0,1.0,0.0,1.0,0.0,0.0,0.0,0.0,0.0,1.0,0.0,1.0,0.0,1.0,0.08571428571428572,0.04285714285714286,23.0,0.0,0.0,1.0,0.0,0.15
python-poetry/poetry,f8d31cae4c7f152c12d24eba09b48fee22e640fb,2026-09-07T18:08:08+00:00,0,1,18.0,177.0,249.0,6.056784013228625,28.0,1.0,5.0,11.0,0.0,2.0,0.0,0.0,0.0,0.0,0.0,0.0,1.0,1.0,0.0,0.4,0.07221536246898566,18.88888888888889,0.0,0.0,0.0,0.0,0.15
python-poetry/poetry,0aa0a3f9a637095d9e68edc088718e4eaa6192a2,2026-09-07T21:15:08+00:00,0,1,1.0,1.0,1.0,1.0986122886681098,1.0,1.0,1.0,0.0,0.0,0.0,0.0,0.0,0.0,0.0,1.0,0.0,1.0,0.0,1.0,0.5,0.5,2.0,2.0,0.5,0.0,0.0,0.15
python-poetry/poetry,5c8a2a982ea069c8a430a1b1160e18d6f4e825a9,2026-09-07T21:46:50+00:00,0,2,1.0,3.0,3.0,1.9459101490553132,0.0,0.0,0.0,0.0,0.0,0.0,1.0,0.0,0.0,0.0,0.0,0.0,1.0,0.0,0.0,0.0,0.0,37.0,36.0,0.0,1.0,0.0,0.15
python-poetry/poetry,42ce1d8fcd273ecc0d60aaa80ced255f2026802b,2026-09-08T07:59:45+00:00,0,1,2.0,2.0,2.0,1.6094379124341003,1.0,1.0,1.0,0.0,1.0,0.0,0.0,0.0,0.0,0.0,1.0,0.0,0.0,0.0,1.0,0.08333333333333333,0.041666666666666664,24.0,2.0,0.0,1.0,0.0,0.15
python-poetry/poetry,d1e1afd85d59c28b48e7cb555badde634ff91b34,2026-09-08T08:01:29+00:00,0,1,2.0,2.0,2.0,1.6094379124341003,1.0,1.0,1.0,0.0,1.0,0.0,0.0,0.0,0.0,0.0,1.0,0.0,1.0,1.0,0.0,0.08333333333333333,0.041666666666666664,24.0,6.0,0.16666666666666666,1.0,0.0,0.15
python-poetry/poetry,4d59b927f85a88649557e669df805f90ff5b11d0,2026-09-08T11:16:37+00:00,0,1,1.0,1.0,1.0,1.0986122886681098,1.0,1.0,1.0,0.0,0.0,0.0,0.0,0.0,0.0,0.0,1.0,0.0,1.0,0.0,1.0,0.3333333333333333,0.3333333333333333,3.0,3.0,0.3333333333333333,0.0,0.0,0.15
python-poetry/poetry,f897b0e396fda31efab7c7613bd994aae9135ccd,2026-09-08T12:04:25+00:00,1,1,2.0,52.0,9.0,4.127134385045092,2.0,1.0,1.0,1.0,0.0,0.0,0.0,0.0,0.0,0.0,0.0,0.0,1.0,0.0,1.0,0.25,0.125,3.5,0.0,0.0,1.0,0.0,0.15
python-poetry/poetry,9db3711d7e5d3ea4124cd7ccaefbeb34acf43b8a,2026-09-08T12:13:56+00:00,0,1,2.0,62.0,9.0,4.276666119016055,3.0,1.0,1.0,1.0,0.0,0.0,0.0,0.0,0.0,0.0,0.0,0.0,1.0,0.0,1.0,0.4,0.325,4.5,1.0,1.0,1.0,0.0,0.2
python-poetry/poetry,a0a31b1e41772baa80bc93c1ecd91b864934cc78,2026-09-08T18:25:01+00:00,0,1,1.0,1.0,3.0,1.6094379124341003,1.0,1.0,1.0,0.0,0.0,0.0,0.0,0.0,0.0,0.0,1.0,0.0,1.0,0.0,0.0,0.08333333333333333,0.08333333333333333,24.0,0.0,0.0,0.0,0.0,0.2
python-poetry/poetry,f329f78d8a3ddd6b94155872cd62b941149ac119,2026-09-09T05:31:20+00:00,0,1,2.0,9.0,62.0,4.276666119016055,3.0,1.0,1.0,1.0,0.0,0.0,0.0,0.0,0.0,0.0,0.0,0.0,1.0,0.0,1.0,0.3333333333333333,0.26666666666666666,5.5,2.0,0.5,1.0,0.0,0.2
python-poetry/poetry,06f1cd9f2c35d6e7e6689c9e3a51426c024863ed,2026-09-09T15:51:01+00:00,0,1,1.0,0.0,1.0,0.6931471805599453,1.0,1.0,1.0,0.0,0.0,0.0,0.0,0.0,0.0,0.0,1.0,0.0,0.0,0.0,0.0,0.0,0.0,6.0,3.0,0.0,1.0,0.0,0.15
python-poetry/poetry,160497bd540c0fcb37269a07265a35e76b9a9565,2026-09-09T19:28:56+00:00,0,1,4.0,34.0,2.0,3.6109179126442243,5.0,2.0,2.0,2.0,0.0,0.0,0.0,0.0,0.0,0.0,0.0,0.0,1.0,0.0,1.0,0.1956521739130435,0.1143232430348019,28.25,0.0,0.0,1.0,0.0,0.15
python-poetry/poetry,5597b83cb97ca058babf66d849deff0b3fe669c8,2026-09-09T19:41:28+00:00,0,1,3.0,28.0,2.0,3.4339872044851463,3.0,2.0,2.0,1.0,0.0,0.0,0.0,0.0,0.0,0.0,0.0,0.0,1.0,0.0,1.0,0.19148936170212766,0.14837085003597492,37.333333333333336,1.0,0.0,1.0,0.0,0.1
python-poetry/poetry,07fb9f3e1b427b8386e75d79481d7a7f23f7decf,2026-09-10T02:20:46+00:00,1,1,2.0,13.0,1.0,2.70805020110221,2.0,1.0,1.0,1.0,0.0,0.0,0.0,0.0,0.0,0.0,0.0,0.0,1.0,0.0,1.0,0.3333333333333333,0.2549019607843137,11.5,0.0,0.0,1.0,0.0,0.1
python-poetry/poetry,f1e29b3cdb9d3bcbe277762220d1c1af5e376757,2026-09-10T02:28:28+00:00,0,1,2.0,13.0,1.0,2.70805020110221,2.0,1.0,1.0,1.0,0.0,0.0,0.0,0.0,0.0,0.0,0.0,0.0,1.0,0.0,1.0,0.42857142857142855,0.32539682539682535,12.5,1.0,1.0,1.0,0.0,0.15
python-poetry/poetry,53f0fa113feadc0555635ab1d028ab2d902106d9,2026-09-10T17:22:53+00:00,0,1,1.0,5.0,4.0,2.302585092994046,1.0,0.0,0.0,1.0,0.0,0.0,0.0,0.0,0.0,0.0,0.0,0.0,1.0,0.0,0.0,0.17857142857142858,0.17857142857142858,28.0,0.0,0.0,1.0,0.0,0.1
python-poetry/poetry,c20e604066d5523def40ab64d315767378c6fdba,2026-09-11T01:22:04+00:00,0,1,4.0,77.0,1.0,4.3694478524670215,7.0,2.0,2.0,2.0,0.0,0.0,0.0,0.0,0.0,2.0,0.0,0.0,1.0,0.0,1.0,0.3333333333333333,0.16175856307435255,15.25,2.0,0.0,1.0,0.0,0.1
python-poetry/poetry,f10c09e18fef05df69b823473b616b1beb055d6f,2026-09-11T12:43:06+00:00,0,1,1.0,5.0,4.0,2.302585092994046,1.0,0.0,0.0,1.0,0.0,0.0,0.0,0.0,0.0,0.0,0.0,0.0,0.0,0.0,0.0,0.1724137931034483,0.1724137931034483,29.0,0.0,0.0,1.0,0.0,0.1
python-poetry/poetry,100dd9f45b5af3bc8ca2d5366201c6af53f14ebc,2026-09-11T12:47:21+00:00,0,1,4.0,7.0,7.0,2.70805020110221,3.0,2.0,2.0,1.0,1.0,0.0,0.0,0.0,0.0,0.0,0.0,0.0,1.0,1.0,0.0,0.1724137931034483,0.06284029038112524,22.0,218.0,0.06422018348623854,1.0,0.0,0.1
python-poetry/poetry,395ac68758a489e6c593841b946ac2aaaf8d4acf,2026-09-11T12:47:43+00:00,0,1,3.0,6.0,6.0,2.5649493574615367,0.0,0.0,0.0,0.0,3.0,0.0,0.0,0.0,0.0,0.0,0.0,1.0,0.0,0.0,0.0,0.06060606060606061,0.020202020202020204,16.666666666666668,1.0,0.0,0.0,0.0,0.1
python-poetry/poetry,22b5d30a5b072b5e3440151450102a150eb498c8,2026-09-11T13:54:08+00:00,1,2,1.0,2.0,0.0,1.0986122886681098,0.0,0.0,0.0,0.0,0.0,0.0,1.0,1.0,0.0,0.0,0.0,0.0,1.0,0.0,1.0,0.0,0.0,7.0,219.0,0.0639269406392694,0.0,0.0,0.1
python-poetry/poetry,7305028f2f4478bfd008b9afcf9707f181ed0f56,2026-09-11T14:44:42+00:00,1,1,2.0,3.0,16.0,2.995732273553991,0.0,0.0,0.0,0.0,0.0,0.0,2.0,1.0,0.0,0.0,0.0,0.0,0.0,0.0,1.0,0.1,0.05,8.0,220.0,0.06818181818181818,1.0,1.0,0.15
python-poetry/poetry,c6386b4fc8fb39e5c0b3c404aac0808eef28cb00,2026-09-11T14:47:23+00:00,0,2,2.0,3.0,11.0,2.70805020110221,0.0,0.0,0.0,0.0,0.0,0.0,2.0,1.0,0.0,0.0,0.0,0.0,1.0,0.0,1.0,0.1,0.05,8.0,220.0,0.06818181818181818,1.0,1.0,0.15
python-poetry/poetry,be56ff07db06e9b82574648433ca228e4cac549b,2026-09-11T15:13:52+00:00,0,1,53.0,112.0,143.0,5.545177444479562,49.0,17.0,29.0,18.0,0.0,1.0,5.0,1.0,0.0,0.0,0.0,0.0,0.0,0.0,0.0,1.0,0.1513773186839495,12.943396226415095,37.0,0.0,1.0,0.0,0.2
python-poetry/poetry,f13851a836e6666b383d50f7cd01ba90cdde955a,2026-09-11T17:24:11+00:00,0,1,58.0,123.0,154.0,5.627621113690637,51.0,17.0,30.0,19.0,3.0,1.0,5.0,1.0,0.0,0.0,0.0,0.0,1.0,1.0,1.0,0.5,0.09313348619516487,14.327586206896552,0.0,0.0,1.0,0.0,0.2
python-poetry/poetry,a1d54ee7156b24474a3520b72e4350a5835d2fc3,2026-09-12T03:28:19+00:00,0,1,2.0,28.0,4.0,3.4965075614664802,2.0,1.0,1.0,1.0,0.0,0.0,0.0,0.0,0.0,0.0,0.0,0.0,1.0,0.0,0.0,0.16666666666666666,0.14583333333333331,7.0,0.0,0.0,1.0,0.0,0.2
python-poetry/poetry,c9b54f11917358db549674194e168a5f4ab0ce38,2026-09-12T07:05:36+00:00,1,1,2.0,45.0,6.0,3.9512437185814275,3.0,1.0,1.0,1.0,0.0,0.0,0.0,0.0,0.0,0.0,0.0,0.0,1.0,0.0,1.0,0.0,0.0,11.5,0.0,0.0,1.0,0.0,0.15
python-poetry/poetry,899501aabb9f818cbaa8a51067350c37c6700cac,2026-09-12T09:08:55+00:00,0,1,1.0,33.0,1.0,3.5553480614894135,0.0,0.0,0.0,0.0,1.0,0.0,0.0,0.0,0.0,0.0,0.0,1.0,1.0,0.0,0.0,0.0,0.0,19.0,0.0,0.0,1.0,0.0,0.2
python-poetry/poetry,7e7922636adabc939d7b61756e4f62ffccfc7ae4,2026-09-12T10:30:26+00:00,0,1,1.0,64.0,1.0,4.189654742026425,1.0,0.0,0.0,1.0,0.0,0.0,0.0,0.0,0.0,0.0,0.0,0.0,1.0,0.0,0.0,0.14285714285714285,0.14285714285714285,7.0,1.0,0.0,1.0,0.0,0.2
python-poetry/poetry,54294b1ee431af4b8f74f9653469da6a7877e7b1,2026-09-12T15:32:22+00:00,0,1,1.0,125.0,0.0,4.836281906951478,6.0,0.0,0.0,1.0,0.0,0.0,0.0,0.0,0.0,0.0,0.0,0.0,1.0,0.0,0.0,0.0,0.0,2.0,0.0,0.0,1.0,0.0,0.2
python-poetry/poetry,acc308c6d5141237294a127dfa3ebf2df9de71be,2026-09-14T01:17:00+00:00,0,1,2.0,56.0,8.0,4.174387269895637,5.0,1.0,1.0,1.0,0.0,0.0,0.0,0.0,0.0,1.0,0.0,0.0,1.0,0.0,1.0,0.2,0.1,11.5,0.0,0.0,1.0,0.0,0.2
python-poetry/poetry,ec9fdc4d352567bd89b02ae70507bf03a34c25c2,2026-09-14T01:40:26+00:00,0,1,2.0,28.0,0.0,3.367295829986474,2.0,1.0,1.0,1.0,0.0,0.0,0.0,0.0,0.0,0.0,0.0,0.0,1.0,0.0,1.0,0.16666666666666666,0.08333333333333333,5.0,1.0,0.0,1.0,0.0,0.2
python-poetry/poetry,04bf04c37fd03c02459301eca344294164f8d9e2,2026-09-14T21:44:03+00:00,0,2,1.0,2.0,2.0,1.6094379124341003,0.0,0.0,0.0,0.0,0.0,0.0,1.0,0.0,0.0,0.0,0.0,0.0,1.0,0.0,0.0,0.0,0.0,40.0,38.0,0.0,1.0,0.0,0.2
python-poetry/poetry,beab280fa26be988529012eaf9ae55190999034f,2026-09-15T05:19:03+00:00,0,1,1.0,2.0,0.0,1.0986122886681098,0.0,0.0,0.0,0.0,1.0,0.0,0.0,0.0,0.0,0.0,0.0,1.0,1.0,0.0,0.0,0.05714285714285714,0.05714285714285714,35.0,0.0,0.0,1.0,0.0,0.2
python-poetry/poetry,5c016982d5a8bc0c6e3cee63dda0c36da4c01044,2026-09-15T07:45:49+00:00,0,1,2.0,7.0,8.0,2.772588722239781,2.0,1.0,1.0,1.0,0.0,0.0,0.0,0.0,0.0,0.0,0.0,0.0,1.0,0.0,1.0,0.18,0.16777777777777778,47.5,4.0,0.25,1.0,0.0,0.15
python-poetry/poetry,87c580bccd56125d4687ce4de7cad6734d5a0b8a,2026-09-16T06:56:57+00:00,0,1,4.0,95.0,2.0,4.584967478670572,8.0,2.0,2.0,2.0,0.0,0.0,0.0,0.0,0.0,2.0,0.0,0.0,1.0,0.0,1.0,0.25,0.1346405787195261,16.5,3.0,0.0,1.0,0.0,0.15
python-poetry/poetry,adcaa4b6ffb2f27826185e04c5bf88df5f220ddb,2026-09-17T08:18:27+00:00,0,1,2.0,102.0,4.0,4.672828834461906,2.0,1.0,1.0,1.0,0.0,0.0,0.0,0.0,0.0,0.0,0.0,0.0,1.0,0.0,1.0,0.1111111111111111,0.09259259259259259,27.0,0.0,0.0,1.0,0.0,0.15
python-poetry/poetry,504bf42221703176861a1ef0843a8fc7935cc9a6,2026-09-17T12:05:09+00:00,1,1,2.0,68.0,22.0,4.51085950651685,3.0,1.0,1.0,1.0,0.0,0.0,0.0,0.0,0.0,0.0,0.0,0.0,1.0,0.0,1.0,0.2222222222222222,0.1468253968253968,11.5,2.0,0.5,1.0,0.0,0.15
python-poetry/poetry,d5227b470930630c6827ec33615ed75809f19617,2026-09-17T12:15:05+00:00,0,1,1.0,23.0,13.0,3.6109179126442243,4.0,0.0,0.0,1.0,0.0,0.0,0.0,0.0,0.0,0.0,0.0,0.0,1.0,0.0,0.0,0.13333333333333333,0.13333333333333333,15.0,3.0,0.6666666666666666,1.0,1.0,0.2
python-poetry/poetry,072c82f15a5f14ed3f67dc17d8dfbec38341f777,2026-09-17T16:33:15+00:00,0,1,5.0,269.0,0.0,5.598421958998375,13.0,1.0,1.0,1.0,2.0,0.0,1.0,0.0,0.0,0.0,0.0,0.0,1.0,0.0,0.0,0.125,0.09115384615384617,22.0,8.0,0.125,1.0,0.0,0.2
python-poetry/poetry,5356cd94fb45920c21f9e522fb051989498f002d,2026-09-17T16:36:44+00:00,0,1,2.0,2.0,2.0,1.6094379124341003,0.0,0.0,0.0,0.0,2.0,0.0,0.0,0.0,0.0,0.0,0.0,1.0,1.0,0.0,0.0,0.0,0.0,10.0,4.0,0.0,1.0,0.0,0.2
python-poetry/poetry,80dd521d381eb462cb74ef71c2d29d91c9f46367,2026-09-17T16:37:07+00:00,0,1,1.0,1.0,1.0,1.0986122886681098,1.0,1.0,1.0,0.0,0.0,0.0,0.0,0.0,0.0,0.0,1.0,0.0,1.0,0.0,1.0,0.1,0.1,10.0,5.0,0.0,1.0,0.0,0.2
python-poetry/poetry,07c923b1992155dbc8a8c628cf47b16a6f04abd5,2026-09-17T16:37:28+00:00,0,1,1.0,1.0,1.0,1.0986122886681098,1.0,1.0,1.0,0.0,0.0,0.0,0.0,0.0,0.0,0.0,1.0,0.0,1.0,0.0,1.0,0.0,0.0,5.0,5.0,0.0,1.0,0.0,0.2
python-poetry/poetry,4067fae545a11156ff5ceea3522d63466acd5650,2026-09-18T09:39:03+00:00,0,1,2.0,7.0,8.0,2.772588722239781,2.0,1.0,1.0,1.0,0.0,0.0,0.0,0.0,0.0,0.0,0.0,0.0,1.0,0.0,1.0,0.17647058823529413,0.1643222506393862,48.5,5.0,0.2,0.0,0.0,0.1
python-poetry/poetry,bb1a194ecc108613dafee5416f9120d132934701,2026-09-18T09:48:41+00:00,0,1,2.0,66.0,1.0,4.219507705176107,4.0,1.0,1.0,1.0,0.0,0.0,0.0,0.0,0.0,0.0,0.0,0.0,0.0,0.0,1.0,0.17307692307692307,0.1610065466448445,49.5,0.0,0.0,1.0,0.0,0.1
python-poetry/poetry,2df08dcc03e660830b493e9b4d755b656dfb1258,2026-09-18T12:18:16+00:00,1,1,2.0,6.0,6.0,2.5649493574615367,0.0,0.0,0.0,0.0,0.0,2.0,0.0,0.0,0.0,0.0,0.0,0.0,1.0,0.0,1.0,0.08771929824561403,0.08495553953376592,65.0,0.0,0.0,1.0,0.0,0.1
python-poetry/poetry,e1fc049809921bc86848b77a6d76265c752ad335,2026-09-18T13:43:34+00:00,0,1,6.0,23.0,15.0,3.6635616461296463,6.0,1.0,1.0,5.0,0.0,0.0,0.0,0.0,0.0,0.0,0.0,0.0,1.0,0.0,1.0,0.08333333333333333,0.024305555555555552,5.5,1.0,0.0,0.0,0.0,0.15
python-poetry/poetry,a07cdc063a92ac6563ad18bbcf010a925b593552,2026-09-18T13:53:52+00:00,0,1,12.0,227.0,0.0,5.429345628954441,10.0,1.0,1.0,11.0,0.0,4.0,0.0,0.0,0.0,0.0,0.0,0.0,0.0,0.0,1.0,0.07692307692307693,0.01508295625942685,3.5,2.0,0.0,1.0,0.0,0.1
python-poetry/poetry,9d9f8b35fb6ed6d396a2d6f9cca8c0b2a41215cb,2026-09-18T13:58:16+00:00,0,1,1.0,2.0,0.0,1.0986122886681098,0.0,0.0,0.0,0.0,1.0,0.0,0.0,0.0,0.0,0.0,0.0,1.0,1.0,0.0,0.0,0.05555555555555555,0.05555555555555555,36.0,1.0,0.0,0.0,0.0,0.1
python-poetry/poetry,02fca5f5f3a07ebfba97da93022b751e39eb1ea8,2026-09-18T14:18:38+00:00,0,1,1.0,2.0,0.0,1.0986122886681098,0.0,0.0,0.0,0.0,1.0,0.0,0.0,0.0,0.0,0.0,0.0,1.0,0.0,0.0,0.0,0.05405405405405406,0.05405405405405406,37.0,0.0,0.0,1.0,0.0,0.1
python-poetry/poetry,ad987eb4fea810fb85448d7606b8f4c773059366,2026-09-18T14:19:45+00:00,0,1,1.0,7.0,0.0,2.0794415416798357,0.0,0.0,0.0,0.0,1.0,0.0,0.0,0.0,0.0,0.0,0.0,1.0,1.0,0.0,0.0,0.05263157894736842,0.05263157894736842,38.0,1.0,0.0,1.0,0.0,0.1
python-poetry/poetry,acb779e60add6dcde69b719c5d977aa1af41cb7d,2026-09-18T14:28:44+00:00,0,1,1.0,7.0,0.0,2.0794415416798357,0.0,0.0,0.0,0.0,1.0,0.0,0.0,0.0,0.0,0.0,0.0,1.0,0.0,0.0,0.0,0.05128205128205128,0.05128205128205128,39.0,0.0,0.0,1.0,0.0,0.1
python-poetry/poetry,ed26bae0606dad174c4f309cec6c1c6a1b774653,2026-09-18T15:10:50+00:00,0,1,1.0,11.0,0.0,2.4849066497880004,11.0,0.0,0.0,1.0,0.0,0.0,0.0,0.0,0.0,0.0,0.0,0.0,1.0,0.0,0.0,0.125,0.125,8.0,222.0,0.07207207207207207,0.0,0.0,0.1
python-poetry/poetry,d447dacd7c4506bedf0686b849e3eb076e1156fc,2026-09-18T15:21:50+00:00,0,1,4.0,133.0,15.0,5.003946305945459,17.0,2.0,2.0,2.0,0.0,0.0,0.0,0.0,0.0,0.0,0.0,0.0,0.0,0.0,1.0,0.1111111111111111,0.05555555555555555,5.0,0.0,0.0,1.0,0.0,0.1
python-poetry/poetry,a1112e82b9a7c65f5811bb9f5572a37087fbe47c,2026-09-18T15:40:36+00:00,0,1,1.0,12.0,10.0,3.1354942159291497,4.0,0.0,0.0,1.0,0.0,0.0,0.0,0.0,0.0,0.0,0.0,0.0,1.0,0.0,0.0,0.10714285714285714,0.10714285714285714,28.0,223.0,0.07174887892376682,0.0,0.0,0.1
python-poetry/poetry,af8f92a3d72c4f3b77b2a67f7356612c2859064e,2026-09-18T15:46:03+00:00,0,1,2.0,151.0,20.0,5.147494476813453,6.0,1.0,1.0,1.0,0.0,0.0,0.0,0.0,0.0,0.0,0.0,0.0,0.0,0.0,1.0,0.10344827586206896,0.0874384236453202,28.5,0.0,0.0,1.0,0.0,0.1
python-poetry/poetry,3d3249db3a6dac35843eb163b677b30d566a0b65,2026-09-18T15:47:17+00:00,1,1,2.0,32.0,2.0,3.5553480614894135,2.0,1.0,1.0,1.0,0.0,0.0,0.0,0.0,0.0,0.0,0.0,0.0,1.0,0.0,1.0,0.10344827586206896,0.0874384236453202,28.5,1.0,0.0,0.0,0.0,0.1
python-poetry/poetry,850bac6c713ea568b942acd304679aeaeef65f46,2026-09-18T16:21:17+00:00,0,1,1.0,64.0,1.0,4.189654742026425,1.0,0.0,0.0,1.0,0.0,0.0,0.0,0.0,0.0,0.0,0.0,0.0,1.0,0.0,0.0,0.1,0.1,10.0,2.0,0.0,0.0,0.0,0.15
python-poetry/poetry,454ecbedf6037ae7d8fb226d7cb4b0bde7ed3223,2026-09-19T07:07:03+00:00,0,1,6.0,18.0,18.0,3.6109179126442243,0.0,0.0,0.0,0.0,0.0,0.0,6.0,1.0,0.0,0.0,0.0,0.0,1.0,0.0,0.0,0.2222222222222222,0.07751322751322752,8.166666666666666,224.0,0.07142857142857142,1.0,0.0,0.1
python-poetry/poetry,7d7079e3186ce39f580f8b113a60760c53f0bd01,2026-09-19T09:57:59+00:00,0,1,6.0,18.0,18.0,3.6109179126442243,0.0,0.0,0.0,0.0,0.0,0.0,6.0,1.0,0.0,0.0,0.0,0.0,0.0,0.0,0.0,0.2,0.0707070707070707,9.166666666666666,225.0,0.07111111111111111,1.0,0.0,0.1
python-poetry/poetry,fdeba05cfe17b6544968c366357f2884cdf6b2d0,2026-09-19T10:26:49+00:00,0,1,1.0,3.0,3.0,1.9459101490553132,0.0,0.0,0.0,0.0,0.0,0.0,1.0,1.0,0.0,0.0,0.0,0.0,1.0,0.0,0.0,0.18181818181818182,0.18181818181818182,11.0,226.0,0.07079646017699115,1.0,0.0,0.1
python-poetry/poetry,6de19222e44a948bc64f215ea3539b93ecf08719,2026-09-19T11:03:22+00:00,0,1,1.0,3.0,3.0,1.9459101490553132,0.0,0.0,0.0,0.0,0.0,0.0,1.0,1.0,0.0,0.0,0.0,0.0,0.0,0.0,0.0,0.16666666666666666,0.16666666666666666,12.0,227.0,0.07048458149779736,1.0,0.0,0.1
python-poetry/poetry,79b7edd7758a36e0eca0baa6ebeb1a1ec91f13ec,2026-09-19T11:51:33+00:00,0,1,3.0,289.0,2.0,5.676753802268282,4.0,1.0,1.0,1.0,0.0,1.0,0.0,0.0,0.0,0.0,0.0,0.0,1.0,0.0,1.0,0.2857142857142857,0.1630541871921182,28.333333333333332,228.0,0.07017543859649122,1.0,0.0,0.1
python-poetry/poetry,52fd2873d26240db0ba68795b88d57d906d0a0b8,2026-09-19T13:34:10+00:00,0,1,3.0,289.0,2.0,5.676753802268282,4.0,1.0,1.0,1.0,0.0,1.0,0.0,0.0,0.0,0.0,0.0,0.0,0.0,0.0,1.0,0.25,0.14897767016411084,29.333333333333332,229.0,0.06986899563318777,1.0,0.0,0.1
python-poetry/poetry,648e79d7e1c007d29d1701919b1a5a3f924fb6ed,2026-09-19T13:40:52+00:00,0,1,2.0,134.0,17.0,5.0238805208462765,7.0,1.0,1.0,1.0,0.0,0.0,0.0,0.0,0.0,2.0,0.0,0.0,1.0,0.0,0.0,0.2,0.19090909090909092,13.5,229.0,0.06986899563318777,0.0,0.0,0.1
python-poetry/poetry,8711c8380c044992e84276783b9e27b18573017d,2026-09-19T13:46:22+00:00,0,1,2.0,134.0,17.0,5.0238805208462765,7.0,1.0,1.0,1.0,0.0,0.0,0.0,0.0,0.0,2.0,0.0,0.0,0.0,0.0,0.0,0.17391304347826086,0.17028985507246375,14.5,231.0,0.06926406926406926,1.0,0.0,0.05
python-poetry/poetry,2613dd5a5247007aebedf7fd66a043d66b055e1e,2026-09-19T13:48:26+00:00,0,1,2.0,31.0,0.0,3.4657359027997265,4.0,1.0,1.0,1.0,0.0,0.0,0.0,0.0,0.0,2.0,0.0,0.0,1.0,0.0,0.0,0.17391304347826086,0.17028985507246375,14.5,231.0,0.06926406926406926,0.0,0.0,0.05
python-poetry/poetry,e078ebfa5a01412bdf68d851c494ef483595af98,2026-09-19T14:23:10+00:00,0,1,2.0,31.0,0.0,3.4657359027997265,4.0,1.0,1.0,1.0,0.0,0.0,0.0,0.0,0.0,2.0,0.0,0.0,0.0,0.0,0.0,0.16,0.14250000000000002,16.5,233.0,0.06866952789699571,1.0,0.0,0.05
python-poetry/poetry,328cb11dbc2c0850e16e76ddf2f2bdaea58219dc,2026-09-19T14:31:15+00:00,0,1,2.0,45.0,1.0,3.8501476017100584,2.0,1.0,1.0,1.0,0.0,0.0,0.0,0.0,0.0,2.0,0.0,0.0,1.0,0.0,0.0,0.15384615384615385,0.13247863247863248,17.5,234.0,0.06837606837606838,1.0,0.0,0.05
python-poetry/poetry,a416efd1be6b6787019e751e7c4f6fa1a0911050,2026-09-19T14:55:02+00:00,0,1,2.0,45.0,1.0,3.8501476017100584,2.0,1.0,1.0,1.0,0.0,0.0,0.0,0.0,0.0,2.0,0.0,0.0,0.0,0.0,0.0,0.14814814814814814,0.12407407407407407,18.5,235.0,0.06808510638297872,1.0,0.0,0.05
python-poetry/poetry,265c5ac26737bdd0b2be4e56b9f6a48edfd4fc79,2026-09-19T14:56:21+00:00,0,1,86.0,1371.0,268.0,7.402451520818244,129.0,17.0,37.0,36.0,3.0,6.0,8.0,1.0,0.0,2.0,0.0,0.0,1.0,1.0,0.0,0.3333333333333333,0.06507086878145092,14.069767441860465,235.0,0.06808510638297872,1.0,0.0,0.05
python-poetry/poetry,c8790a3c56b552fcfe7075c8712da723572faaf6,2026-09-19T15:06:06+00:00,0,1,2.0,3.0,1.0,1.6094379124341003,1.0,0.0,0.0,1.0,0.0,0.0,1.0,1.0,0.0,0.0,0.0,0.0,0.0,0.0,0.0,0.23684210526315788,0.18984962406015038,26.0,237.0,0.06751054852320675,1.0,0.0,0.05
python-poetry/poetry,01f8212ea4c92f07b463c308de895081d846291a,2026-09-19T15:35:07+00:00,0,1,1.0,5.0,1.0,1.9459101490553132,1.0,0.0,0.0,1.0,0.0,0.0,0.0,0.0,0.0,0.0,0.0,0.0,1.0,0.0,0.0,0.0,0.0,1.0,1.0,0.0,1.0,0.0,0.05
python-poetry/poetry,d266d457e7e7afff72280bfe92066cd1200ebf91,2026-09-19T15:55:42+00:00,0,1,1.0,5.0,1.0,1.9459101490553132,1.0,0.0,0.0,1.0,0.0,0.0,0.0,0.0,0.0,0.0,0.0,0.0,0.0,0.0,0.0,0.0,0.0,2.0,0.0,0.0,1.0,0.0,0.05
python-poetry/poetry,4ee695465e08e9e587651a582dd3411d99920410,2026-09-19T15:59:07+00:00,0,1,1.0,94.0,94.0,5.241747015059643,0.0,0.0,0.0,0.0,0.0,1.0,0.0,0.0,0.0,0.0,0.0,0.0,1.0,0.0,0.0,0.09836065573770492,0.09836065573770492,61.0,238.0,0.06722689075630252,0.0,0.0,0.05
python-poetry/poetry,32356ae238b6ed2ca08aa87a74ad9b108ee2c6f0,2026-09-19T16:11:59+00:00,0,1,1.0,94.0,94.0,5.241747015059643,0.0,0.0,0.0,0.0,0.0,1.0,0.0,0.0,0.0,0.0,0.0,0.0,0.0,0.0,0.0,0.0967741935483871,0.0967741935483871,62.0,239.0,0.06694560669456066,1.0,0.0,0.05
python-poetry/poetry,2d27f82e3f2a97011a335220075338e95f2f248d,2026-09-19T16:45:37+00:00,1,1,2.0,83.0,2.0,4.454347296253507,0.0,0.0,0.0,0.0,1.0,1.0,0.0,0.0,0.0,0.0,0.0,0.0,1.0,0.0,0.0,0.09333333333333334,0.08666666666666667,50.0,240.0,0.06666666666666667,1.0,0.0,0.05
python-poetry/poetry,cc6f1b8553541425a655e9f845cefdc49054ab3b,2026-09-19T17:50:55+00:00,0,1,2.0,8.0,12.0,3.044522437723423,0.0,0.0,0.0,0.0,0.0,2.0,0.0,0.0,0.0,0.0,0.0,0.0,1.0,0.0,0.0,0.10526315789473684,0.10025062656641603,69.5,241.0,0.07053941908713693,1.0,0.0,0.05
python-poetry/poetry,c93fd63cb73f7f1c9bdfb443278f09068c6bc5bd,2026-09-19T17:58:19+00:00,0,1,2.0,8.0,12.0,3.044522437723423,0.0,0.0,0.0,0.0,0.0,2.0,0.0,0.0,0.0,0.0,0.0,0.0,0.0,0.0,0.0,0.1038961038961039,0.09882305194805195,70.5,242.0,0.07024793388429752,1.0,0.0,0.05
python-poetry/poetry,b0705091cd3c72065c8cb34565043fc4abf6da8b,2026-09-19T17:58:43+00:00,0,1,2.0,83.0,2.0,4.454347296253507,0.0,0.0,0.0,0.0,1.0,1.0,0.0,0.0,0.0,0.0,0.0,0.0,1.0,0.0,0.0,0.11538461538461539,0.10964035964035965,51.5,242.0,0.07024793388429752,0.0,0.0,0.05
python-poetry/poetry,165fb4b42e0138249abf58e3228d1f2d14cee826,2026-09-19T18:09:46+00:00,0,3,2.0,83.0,2.0,4.454347296253507,0.0,0.0,0.0,0.0,1.0,1.0,0.0,0.0,0.0,0.0,0.0,0.0,0.0,0.0,0.0,0.1111111111111111,0.10683760683760683,52.5,243.0,0.06995884773662552,0.0,0.0,0.05
python-poetry/poetry,faecfb0df8b376f01c021b851db4194ef46ee0b3,2026-09-20T02:45:21+00:00,0,1,2.0,28.0,0.0,3.367295829986474,2.0,1.0,1.0,1.0,0.0,0.0,0.0,0.0,0.0,0.0,0.0,0.0,1.0,0.0,1.0,0.14285714285714285,0.07142857142857142,6.0,2.0,0.0,0.0,0.0,0.05
python-poetry/poetry,27006910c9eda5304faa85319d8f30906c64242f,2026-09-20T06:35:45+00:00,0,1,9.0,76.0,22.0,4.59511985013459,16.0,2.0,5.0,4.0,0.0,0.0,0.0,0.0,0.0,0.0,0.0,0.0,1.0,0.0,1.0,0.09090909090909091,0.021780303030303032,8.777777777777779,245.0,0.06938775510204082,1.0,0.0,0.05
python-poetry/poetry,f8408cab10a99ad81e4e16a0f2fda9593f5f089f,2026-09-20T06:54:09+00:00,0,1,9.0,76.0,22.0,4.59511985013459,16.0,2.0,5.0,4.0,0.0,0.0,0.0,0.0,0.0,0.0,0.0,0.0,0.0,0.0,1.0,0.08333333333333333,0.017806267806267803,9.777777777777779,246.0,0.06910569105691057,1.0,0.0,0.05
python-poetry/poetry,20b1987f19fef5756a4a326d4d67b39caca4fb8e,2026-09-20T07:01:47+00:00,0,1,2.0,10.0,2.0,2.5649493574615367,0.0,0.0,0.0,0.0,1.0,1.0,0.0,0.0,0.0,0.0,0.0,0.0,1.0,0.0,0.0,0.10714285714285714,0.10357142857142856,54.0,247.0,0.06882591093117409,1.0,0.0,0.05
python-poetry/poetry,94b6e35b9091991887aa54feeb3771a86d3bd692,2026-09-20T07:13:05+00:00,0,3,2.0,10.0,2.0,2.5649493574615367,0.0,0.0,0.0,0.0,1.0,1.0,0.0,0.0,0.0,0.0,0.0,0.0,0.0,0.0,0.0,0.10344827586206896,0.10110685398041719,55.0,248.0,0.06854838709677419,1.0,0.0,0.05
python-poetry/poetry,2f1908a703f06af0cd274d1c880e3d461a8c3b35,2026-09-20T14:18:15+00:00,1,1,2.0,28.0,0.0,3.367295829986474,2.0,1.0,1.0,1.0,0.0,0.0,0.0,0.0,0.0,0.0,0.0,0.0,1.0,0.0,1.0,0.125,0.0625,7.0,3.0,0.0,0.0,0.0,0.05
python-poetry/poetry,1c4ad1a0e7c7967609e119e3908a7bd0c894e22c,2026-09-20T16:10:25+00:00,0,1,1.0,13.0,6.0,2.995732273553991,0.0,0.0,0.0,0.0,1.0,0.0,0.0,0.0,0.0,0.0,0.0,1.0,1.0,0.0,0.0,0.0,0.0,5.0,0.0,0.0,1.0,0.0,0.1
python-poetry/poetry,34b7f7b59bb6fbe1f33837d3e311e7433d8eab3c,2026-09-21T14:21:15+00:00,1,1,2.0,41.0,3.0,3.8066624897703196,7.0,1.0,1.0,1.0,0.0,0.0,0.0,0.0,0.0,2.0,0.0,0.0,1.0,0.0,1.0,0.13793103448275862,0.11063218390804597,20.5,0.0,0.0,1.0,0.0,0.1
python-poetry/poetry,704115e51e8734fc36446348b1f590cbe00cfa73,2026-09-21T21:33:00+00:00,0,2,1.0,2.0,2.0,1.6094379124341003,0.0,0.0,0.0,0.0,0.0,0.0,1.0,0.0,0.0,0.0,0.0,0.0,1.0,0.0,0.0,0.0,0.0,42.0,39.0,0.0,1.0,0.0,0.15
python-poetry/poetry,3d1752082a72bf97267b82782bd22ee7c35cdcdb,2026-09-22T03:49:46+00:00,0,1,4.0,86.0,9.0,4.564348191467836,5.0,2.0,2.0,2.0,0.0,0.0,0.0,0.0,0.0,0.0,0.0,0.0,1.0,0.0,1.0,0.09090909090909091,0.07040897698792437,14.75,0.0,0.0,1.0,0.0,0.15
python-poetry/poetry,9dc31ea2d5ca2b5f5e21083e4b3b25eef555ed31,2026-09-22T04:21:53+00:00,0,1,1.0,1.0,1.0,1.0986122886681098,1.0,1.0,1.0,0.0,0.0,0.0,0.0,0.0,0.0,0.0,1.0,0.0,1.0,0.0,0.0,0.08333333333333333,0.08333333333333333,12.0,1.0,0.0,1.0,0.0,0.15
python-poetry/poetry,572f1ad7db7e037d1dcd432509dbd1a1c834ac69,2026-09-22T04:47:13+00:00,1,1,2.0,11.0,1.0,2.5649493574615367,2.0,1.0,1.0,1.0,0.0,0.0,0.0,0.0,0.0,0.0,0.0,0.0,1.0,0.0,1.0,0.0,0.0,12.0,2.0,0.0,1.0,0.0,0.15
python-poetry/poetry,5d30bcdcabbf11169b82f37bd8d3add99c785635,2026-09-22T06:28:34+00:00,0,1,1.0,1.0,1.0,1.0986122886681098,1.0,0.0,0.0,1.0,0.0,0.0,0.0,0.0,0.0,0.0,0.0,0.0,1.0,0.0,1.0,0.0,0.0,3.0,0.0,0.0,1.0,0.0,0.2
python-poetry/poetry,1db8d0b56417696fcbfce1470cf6a06a5b6a014c,2026-09-22T09:18:23+00:00,0,1,2.0,44.0,3.0,3.871201010907891,7.0,1.0,1.0,1.0,0.0,0.0,0.0,0.0,0.0,2.0,0.0,0.0,1.0,0.0,1.0,0.16666666666666666,0.16025641025641024,21.5,1.0,1.0,1.0,0.0,0.2
python-poetry/poetry,3e7c5ca16183002553d5cace2eb15cfa01331ea6,2026-09-22T11:04:38+00:00,0,2,1.0,11.0,3.0,2.70805020110221,0.0,0.0,0.0,0.0,1.0,0.0,0.0,0.0,0.0,0.0,0.0,1.0,1.0,0.0,0.0,0.0967741935483871,0.0967741935483871,31.0,0.0,0.0,1.0,0.0,0.2
python-poetry/poetry,4d1363cb62e6a2c28003c7abeb4e8895cd2b0f10,2026-09-22T13:52:16+00:00,0,1,1.0,26.0,0.0,3.295836866004329,0.0,0.0,0.0,0.0,1.0,0.0,0.0,0.0,0.0,0.0,0.0,1.0,1.0,0.0,0.0,0.0,0.0,2.0,0.0,0.0,1.0,0.0,0.2
python-poetry/poetry,7cbbb9155bb708ac24b1c9c462e9fe85449c6462,2026-09-22T16:48:47+00:00,0,1,3.0,114.0,1.0,4.7535901911063645,6.0,2.0,2.0,1.0,0.0,0.0,0.0,0.0,0.0,0.0,0.0,0.0,1.0,0.0,1.0,0.25,0.125,2.6666666666666665,0.0,0.0,1.0,0.0,0.2
python-poetry/poetry,0a972e38dfbd4574b53020eb4a0d2a23d5b2bb2c,2026-09-22T20:54:08+00:00,0,1,3.0,114.0,1.0,4.7535901911063645,6.0,2.0,2.0,1.0,0.0,0.0,0.0,0.0,0.0,0.0,0.0,0.0,1.0,0.0,1.0,0.2,0.06666666666666667,3.6666666666666665,1.0,0.0,1.0,0.0,0.15
python-poetry/poetry,662c76d5714cb9c037a6b9da54b9f31825a71e3f,2026-09-23T01:40:12+00:00,0,1,1.0,3.0,1.0,1.6094379124341003,0.0,0.0,0.0,0.0,1.0,0.0,0.0,0.0,0.0,0.0,0.0,1.0,1.0,0.0,0.0,0.09375,0.09375,32.0,1.0,0.0,1.0,0.0,0.15
python-poetry/poetry,b3a4442528893e117e638d54fd2b71b508cbf3d9,2026-09-23T09:27:44+00:00,0,1,5.0,82.0,25.0,4.68213122712422,6.0,2.0,2.0,2.0,1.0,0.0,0.0,0.0,0.0,0.0,0.0,0.0,1.0,0.0,0.0,0.16666666666666666,0.10371214151701955,36.2,0.0,0.0,1.0,0.0,0.15
python-poetry/poetry,c5eb2993b56ddb121ae316896da5b9ae79fb410a,2026-09-23T22:12:30+00:00,1,1,4.0,53.0,0.0,3.9889840465642745,2.0,1.0,1.0,3.0,0.0,1.0,0.0,0.0,0.0,0.0,0.0,0.0,1.0,0.0,1.0,0.0,0.0,1.0,0.0,0.0,1.0,0.0,0.15
python-poetry/poetry,00cb16bee1f94be8be5dd882d89c5b678f10bb6d,2026-09-24T05:35:58+00:00,0,1,2.0,34.0,1.0,3.58351893845611,2.0,1.0,1.0,1.0,0.0,0.0,0.0,0.0,0.0,0.0,0.0,0.0,1.0,0.0,1.0,0.10526315789473684,0.05263157894736842,12.5,0.0,0.0,1.0,0.0,0.2
python-poetry/poetry,8266116cc519029e6859b17e99ab71b45ec9d8b8,2026-09-24T05:52:52+00:00,0,1,1.0,7.0,0.0,2.0794415416798357,0.0,0.0,0.0,0.0,1.0,0.0,0.0,0.0,0.0,0.0,0.0,1.0,1.0,0.0,0.0,0.047619047619047616,0.047619047619047616,42.0,1.0,0.0,1.0,0.0,0.2
python-poetry/poetry,8e793223cead3840d9469884ce9907a3e7669d3c,2026-09-24T11:05:05+00:00,0,1,11.0,333.0,9.0,5.8377304471659395,23.0,3.0,8.0,2.0,1.0,0.0,0.0,0.0,0.0,0.0,0.0,0.0,1.0,0.0,0.0,0.25,0.1181352015022389,10.454545454545455,0.0,0.0,1.0,0.0,0.2
python-poetry/poetry,bbbbed4ad8ffd6f41dc4928a4961b1ed3a5e180c,2026-09-24T19:02:26+00:00,1,1,2.0,33.0,9.0,3.7612001156935624,8.0,1.0,1.0,1.0,0.0,0.0,0.0,0.0,0.0,0.0,0.0,0.0,1.0,0.0,0.0,0.22727272727272727,0.11363636363636363,13.0,0.0,0.0,1.0,0.0,0.2
python-poetry/poetry,b7567f06c94ae7026abb2b5cf946b10b15ba7b33,2026-09-24T20:31:20+00:00,1,1,4.0,68.0,1.0,4.248495242049359,4.0,2.0,2.0,2.0,0.0,0.0,0.0,0.0,0.0,0.0,0.0,0.0,1.0,0.0,1.0,0.5,0.20416666666666666,10.75,1.0,1.0,1.0,1.0,0.25
python-poetry/poetry,c188ea19538789e2444a336452ccaadabad29ba0,2026-09-25T11:40:22+00:00,0,1,1.0,29.0,0.0,3.4011973816621555,2.0,0.0,0.0,1.0,0.0,0.0,0.0,0.0,0.0,0.0,0.0,0.0,1.0,0.0,0.0,0.6666666666666666,0.6666666666666666,3.0,2.0,1.0,1.0,1.0,0.25
python-poetry/poetry,8dd70d210398c57021ab9232b16b37c1489eca8d,2026-09-25T12:41:45+00:00,0,1,1.0,15.0,4.0,2.995732273553991,1.0,0.0,0.0,1.0,0.0,0.0,0.0,0.0,0.0,0.0,0.0,0.0,1.0,0.0,0.0,0.0,0.0,4.0,0.0,0.0,1.0,0.0,0.25
python-poetry/poetry,bce8925d8c70d651c98e53382be70610c9be7386,2026-09-25T13:56:49+00:00,0,1,3.0,27.0,3.0,3.4339872044851463,4.0,2.0,2.0,1.0,0.0,0.0,0.0,0.0,0.0,0.0,0.0,0.0,1.0,0.0,1.0,0.375,0.24972089314194576,27.333333333333332,0.0,0.0,1.0,0.0,0.2
python-poetry/poetry,cd415a40d5f108dd39155b83bb462c2e44e6c1c1,2026-09-25T17:01:10+00:00,0,1,89.0,1506.0,363.0,7.533693709848633,130.0,17.0,38.0,37.0,4.0,6.0,8.0,1.0,0.0,2.0,0.0,0.0,1.0,1.0,0.0,0.4,0.0697517549753748,15.595505617977528,1.0,0.0,1.0,0.0,0.2
python-poetry/poetry,ebde8dd3102f5702fbf0e975534670a8c017eae1,2026-09-25T17:25:12+00:00,0,1,1.0,6.0,2.0,2.1972245773362196,0.0,0.0,0.0,0.0,1.0,0.0,0.0,0.0,0.0,0.0,0.0,1.0,1.0,0.0,0.0,0.0,0.0,3.0,2.0,0.0,1.0,0.0,0.2
python-poetry/poetry,ba07347e4dc9be055a67028e7410db4e62923f4c,2026-09-25T17:36:45+00:00,0,1,2.0,124.0,4.0,4.859812404361672,7.0,1.0,1.0,1.0,0.0,0.0,0.0,0.0,0.0,0.0,0.0,0.0,1.0,0.0,1.0,0.18181818181818182,0.1534090909090909,17.5,0.0,0.0,1.0,0.0,0.2
python-poetry/poetry,939b8efee904425f73bd51d4c9520135a8aec60d,2026-09-25T18:20:58+00:00,0,1,1.0,29.0,0.0,3.4011973816621555,2.0,0.0,0.0,1.0,0.0,0.0,0.0,0.0,0.0,0.0,0.0,0.0,1.0,0.0,0.0,0.5,0.5,4.0,3.0,0.6666666666666666,0.0,0.0,0.15
python-poetry/poetry,77a3e6204148b48d025757097d0cd86934c5c72c,2026-09-25T21:01:58+00:00,0,1,1.0,3.0,1.0,1.6094379124341003,0.0,0.0,0.0,0.0,1.0,0.0,0.0,0.0,0.0,0.0,0.0,1.0,1.0,0.0,0.0,0.09090909090909091,0.09090909090909091,33.0,2.0,0.0,0.0,0.0,0.15
python-poetry/poetry,01861d2819194022de5c74852425bef579c8854d,2026-09-26T14:06:23+00:00,1,1,2.0,18.0,1.0,2.995732273553991,2.0,1.0,1.0,1.0,0.0,0.0,0.0,0.0,0.0,0.0,0.0,0.0,1.0,0.0,1.0,0.11764705882352941,0.07965686274509803,20.5,1.0,0.0,1.0,0.0,0.15
python-poetry/poetry,02c2bb5e107a7695a2ab391c844e89df5eaeb1ae,2026-09-26T14:51:36+00:00,0,1,2.0,20.0,1.0,3.091042453358316,2.0,1.0,1.0,1.0,0.0,0.0,0.0,0.0,0.0,0.0,0.0,0.0,1.0,0.0,1.0,0.16666666666666666,0.12333333333333332,21.5,2.0,0.5,1.0,0.0,0.2
python-poetry/poetry,104a1a77fca15c3a7a82efa8829794ac76f13fa3,2026-09-27T01:42:45+00:00,0,1,1.0,4.0,0.0,1.6094379124341003,1.0,1.0,1.0,0.0,0.0,0.0,0.0,0.0,0.0,0.0,1.0,0.0,1.0,0.0,0.0,0.0,0.0,4.0,0.0,0.0,0.0,0.0,0.2
python-poetry/poetry,c8c209834f68d9db806f06eb3ed8680a3e82600f,2026-09-27T02:14:24+00:00,0,1,2.0,36.0,1.0,3.6375861597263857,3.0,1.0,1.0,1.0,0.0,0.0,0.0,0.0,0.0,0.0,0.0,0.0,1.0,0.0,1.0,0.0,0.0,0.0,0.0,0.0,1.0,0.0,0.2
python-poetry/poetry,12bb8271b365d2dae4a51eb8bca97edbcad74ede,2026-09-27T05:35:31+00:00,0,1,1.0,1.0,0.0,0.6931471805599453,0.0,0.0,0.0,0.0,0.0,0.0,1.0,1.0,0.0,0.0,0.0,0.0,1.0,0.0,1.0,0.1111111111111111,0.1111111111111111,18.0,249.0,0.06827309236947791,1.0,0.0,0.2
python-poetry/poetry,130f053073b81e4d9f4f2ec64a23988792a44989,2026-09-27T05:36:38+00:00,0,1,1.0,1.0,0.0,0.6931471805599453,0.0,0.0,0.0,0.0,0.0,0.0,1.0,1.0,0.0,0.0,0.0,0.0,0.0,0.0,1.0,0.10526315789473684,0.10526315789473684,19.0,250.0,0.068,1.0,0.0,0.2
python-poetry/poetry,90856e9a8d1bf13e483e7a00aa022b2edc10260e,2026-09-27T05:36:52+00:00,0,1,1.0,11.0,3.0,2.70805020110221,0.0,0.0,0.0,0.0,1.0,0.0,0.0,0.0,0.0,0.0,0.0,1.0,1.0,0.0,0.0,0.08823529411764706,0.08823529411764706,34.0,3.0,0.0,1.0,0.0,0.2
python-poetry/poetry,14f7173cf8dc0bd353940fc1fee11429c3130490,2026-09-27T05:43:36+00:00,0,1,1.0,11.0,6.0,2.8903717578961645,0.0,0.0,0.0,0.0,1.0,0.0,0.0,0.0,0.0,0.0,0.0,1.0,1.0,0.0,0.0,0.08571428571428572,0.08571428571428572,35.0,251.0,0.06772908366533864,1.0,0.0,0.15
python-poetry/poetry,d0ad6f5c6bcc6164527590c60be565f890ad0f62,2026-09-27T05:46:02+00:00,0,1,1.0,5.0,0.0,1.791759469228055,0.0,0.0,0.0,0.0,1.0,0.0,0.0,0.0,0.0,0.0,0.0,1.0,1.0,0.0,0.0,0.08333333333333333,0.08333333333333333,36.0,252.0,0.06746031746031746,1.0,0.0,0.15
python-poetry/poetry,135631bbb93ed05834ea53a1367d7966880e2db5,2026-09-27T05:53:12+00:00,0,1,1.0,22.0,4.0,3.295836866004329,0.0,0.0,0.0,0.0,1.0,0.0,0.0,0.0,0.0,0.0,0.0,1.0,0.0,0.0,0.0,0.08108108108108109,0.08108108108108109,37.0,0.0,0.0,1.0,0.0,0.15
python-poetry/poetry,dbd585584498b3f27cc6f4174f6af5233e3ff2c1,2026-09-27T09:57:51+00:00,0,1,2.0,34.0,1.0,3.58351893845611,2.0,1.0,1.0,1.0,0.0,0.0,0.0,0.0,0.0,0.0,0.0,0.0,1.0,0.0,1.0,0.09523809523809523,0.047619047619047616,14.5,2.0,0.0,1.0,0.0,0.15
python-poetry/poetry,b486b0f385b952b6bdd935ae7fd8a4d604dc9936,2026-09-27T10:03:44+00:00,0,1,2.0,34.0,1.0,3.58351893845611,2.0,1.0,1.0,1.0,0.0,0.0,0.0,0.0,0.0,0.0,0.0,0.0,0.0,0.0,1.0,0.09090909090909091,0.045454545454545456,15.5,0.0,0.0,1.0,0.0,0.1
python-poetry/poetry,eb2fbd93d8c4e3186d86dc15378fc7d4c8a5da71,2026-09-27T10:21:15+00:00,1,1,1.0,59.0,0.0,4.0943445622221,3.0,0.0,0.0,1.0,0.0,0.0,0.0,0.0,0.0,0.0,0.0,0.0,1.0,0.0,0.0,0.0,0.0,0.0,1.0,0.0,1.0,0.0,0.05
python-poetry/poetry,74bc962103a88c1350a4db71b95587fb2d90b749,2026-09-27T10:23:02+00:00,0,1,1.0,1.0,1.0,1.0986122886681098,1.0,0.0,0.0,1.0,0.0,0.0,0.0,0.0,0.0,0.0,0.0,0.0,1.0,0.0,1.0,0.0,0.0,5.0,1.0,0.0,1.0,0.0,0.05
python-poetry/poetry,4987d287330d8cb64043b26cf7869ba144e02541,2026-09-27T10:28:46+00:00,0,1,1.0,1.0,1.0,1.0986122886681098,1.0,0.0,0.0,1.0,0.0,0.0,0.0,0.0,0.0,0.0,0.0,0.0,0.0,0.0,1.0,0.0,0.0,6.0,2.0,0.0,1.0,0.0,0.1
python-poetry/poetry,d60f72491ff780ed7ea31ccaca2e565f03a0dace,2026-09-27T10:32:43+00:00,0,1,1.0,1.0,1.0,1.0986122886681098,1.0,1.0,1.0,0.0,0.0,0.0,0.0,0.0,0.0,0.0,1.0,0.0,1.0,0.0,1.0,0.0,0.0,9.0,7.0,0.0,0.0,0.0,0.1
python-poetry/poetry,1c2a5c910a1b5cb243818efb8ac42569461942d5,2026-09-27T10:34:35+00:00,1,1,1.0,2.0,11.0,2.6390573296152584,2.0,0.0,0.0,1.0,0.0,0.0,0.0,0.0,0.0,0.0,0.0,0.0,1.0,0.0,1.0,0.15789473684210525,0.15789473684210525,19.0,2.0,0.5,1.0,1.0,0.1
python-poetry/poetry,a9efcec20dd95fcc4b7372ec0f7120e83d8997e9,2026-09-27T10:48:22+00:00,0,1,1.0,7.0,2.0,2.302585092994046,2.0,0.0,0.0,1.0,0.0,0.0,0.0,0.0,0.0,0.0,0.0,0.0,1.0,0.0,0.0,0.047619047619047616,0.047619047619047616,21.0,3.0,0.6666666666666666,1.0,1.0,0.15
python-poetry/poetry,d4e206e68dceb09efe03249bff71439318b0acc6,2026-09-27T12:24:43+00:00,0,1,1.0,1.0,1.0,1.0986122886681098,1.0,1.0,1.0,0.0,0.0,0.0,0.0,0.0,0.0,0.0,1.0,0.0,0.0,0.0,1.0,0.0,0.0,10.0,8.0,0.0,1.0,0.0,0.15
python-poetry/poetry,b972b707f678b790b87a999eccc8b54787169d23,2026-09-27T12:29:41+00:00,0,1,1.0,5.0,4.0,2.302585092994046,1.0,0.0,0.0,1.0,0.0,0.0,0.0,0.0,0.0,0.0,0.0,0.0,1.0,0.0,0.0,0.2,0.2,20.0,253.0,0.06719367588932806,0.0,0.0,0.15
python-poetry/poetry,77c81a1eec2c2dffe92778f1eace915c9657aae9,2026-09-27T14:47:55+00:00,0,1,1.0,1.0,1.0,1.0986122886681098,1.0,0.0,0.0,1.0,0.0,0.0,0.0,0.0,0.0,0.0,0.0,0.0,1.0,0.0,0.0,0.19047619047619047,0.19047619047619047,21.0,254.0,0.06692913385826772,1.0,0.0,0.15
python-poetry/poetry,d4fd21e4711ae948f04e18a1736d9ee85b590e87,2026-09-27T15:22:29+00:00,0,1,1.0,6.0,5.0,2.4849066497880004,1.0,0.0,0.0,1.0,0.0,0.0,0.0,0.0,0.0,0.0,0.0,0.0,0.0,0.0,0.0,0.18181818181818182,0.18181818181818182,22.0,255.0,0.06666666666666667,1.0,0.0,0.1
python-poetry/poetry,b7095fd3c6cc8a7265e2b243fc2926990d00a244,2026-09-27T16:58:40+00:00,0,1,2.0,27.0,1.0,3.367295829986474,2.0,1.0,1.0,1.0,0.0,0.0,0.0,0.0,0.0,0.0,0.0,0.0,1.0,0.0,0.0,0.4,0.3666666666666667,5.5,4.0,0.0,1.0,0.0,0.1
python-poetry/poetry,e077afe0f4a47a9b69834ad3a167029525c453a2,2026-09-27T17:00:57+00:00,0,1,7.0,65.0,12.0,4.356708826689592,5.0,1.0,2.0,3.0,1.0,0.0,1.0,1.0,0.0,0.0,0.0,0.0,1.0,1.0,0.0,0.17391304347826086,0.06283099051977771,18.857142857142858,4.0,0.0,1.0,0.0,0.1
python-poetry/poetry,41159a839c1cb6124040f35491fcdfa742a21ccc,2026-09-27T17:04:44+00:00,1,1,2.0,25.0,1.0,3.295836866004329,2.0,1.0,1.0,1.0,0.0,0.0,0.0,0.0,0.0,0.0,0.0,0.0,1.0,0.0,0.0,0.3333333333333333,0.30952380952380953,6.5,6.0,0.0,1.0,0.0,0.1
python-poetry/poetry,aeb144292318d5128e30df99731771abc8ad93df,2026-09-28T07:46:14+00:00,0,1,1.0,23.0,29.0,3.970291913552122,3.0,0.0,0.0,1.0,0.0,0.0,0.0,0.0,0.0,0.0,0.0,0.0,1.0,0.0,0.0,0.08,0.08,25.0,3.0,0.0,1.0,0.0,0.15
python-poetry/poetry,be7624a6b0112b208e729bc6894d4885d3eacc02,2026-09-28T19:56:23+00:00,0,1,7.0,65.0,12.0,4.356708826689592,5.0,1.0,2.0,3.0,1.0,0.0,1.0,1.0,0.0,0.0,0.0,0.0,1.0,1.0,0.0,0.16666666666666666,0.060308738880167446,19.857142857142858,2.0,0.0,1.0,0.0,0.15
python-poetry/poetry,7a3463ec17b776da41cdd37a268906b6c7301fd4,2026-09-28T22:20:11+00:00,0,2,1.0,2.0,2.0,1.6094379124341003,0.0,0.0,0.0,0.0,0.0,0.0,1.0,0.0,0.0,0.0,0.0,0.0,1.0,0.0,0.0,0.0,0.0,44.0,40.0,0.0,1.0,0.0,0.15
python-poetry/poetry,93c7f35d65224525f2657bcb0cab7f81c4161849,2026-09-29T10:17:20+00:00,0,1,5.0,184.0,24.0,5.342334251964811,13.0,1.0,2.0,2.0,1.0,0.0,0.0,0.0,0.0,0.0,0.0,0.0,1.0,0.0,1.0,1.0,0.2611111111111111,9.6,0.0,0.0,1.0,0.0,0.15
python-poetry/poetry,ebc73e4cf11876dff5fd5bee7eebcb3463d24c79,2026-09-29T12:56:04+00:00,0,1,2.0,178.0,1.0,5.19295685089021,13.0,1.0,1.0,1.0,0.0,0.0,0.0,0.0,0.0,1.0,0.0,0.0,1.0,0.0,1.0,0.15625,0.15625,16.0,0.0,0.0,1.0,0.0,0.15
python-poetry/poetry,da49e91c6eb0cf5707f6fea319eb8672f6bff758,2026-09-29T17:18:57+00:00,0,1,2.0,113.0,2.0,4.7535901911063645,4.0,1.0,1.0,1.0,0.0,0.0,0.0,0.0,0.0,0.0,0.0,0.0,1.0,0.0,1.0,0.23076923076923078,0.18681318681318682,17.0,3.0,0.3333333333333333,1.0,0.0,0.15
python-poetry/poetry,0555f367cd2242d534aac568f13666e8544bad8a,2026-09-29T17:28:29+00:00,0,1,7.0,99.0,15.0,4.74493212836325,12.0,3.0,6.0,1.0,0.0,0.0,0.0,0.0,0.0,1.0,0.0,0.0,1.0,0.0,1.0,0.3333333333333333,0.13658755038065382,12.0,3.0,0.3333333333333333,1.0,0.0,0.15
python-poetry/poetry,33508f1dbe5e7834958e17d5c51ea48d2db71503,2026-09-29T17:33:52+00:00,0,1,2.0,158.0,1.0,5.075173815233827,8.0,1.0,1.0,1.0,0.0,0.0,0.0,0.0,0.0,0.0,0.0,0.0,1.0,0.0,1.0,0.42857142857142855,0.4017857142857143,7.5,4.0,0.25,1.0,0.0,0.15
python-poetry/poetry,1da7cc2c0c369a78e5beb350859aa59b57084192,2026-09-29T17:43:13+00:00,0,1,2.0,34.0,3.0,3.6375861597263857,3.0,1.0,1.0,1.0,0.0,0.0,0.0,0.0,0.0,0.0,0.0,0.0,1.0,0.0,1.0,0.2222222222222222,0.18253968253968253,8.0,6.0,0.16666666666666666,1.0,0.0,0.1
python-poetry/poetry,f1cb83ff3994533620520c3585ce3e1156f75fa8,2026-09-30T04:26:53+00:00,0,1,3.0,52.0,3.0,4.02535169073515,3.0,1.0,1.0,2.0,0.0,0.0,0.0,0.0,0.0,1.0,0.0,0.0,1.0,0.0,1.0,0.13333333333333333,0.08497680984069368,21.0,0.0,0.0,1.0,0.0,0.1
python-poetry/poetry,f9b3db8daf4711a02607c4b5cd78cc195287a9f0,2026-09-30T04:32:03+00:00,0,1,2.0,11.0,5.0,2.833213344056216,2.0,1.0,1.0,1.0,0.0,0.0,0.0,0.0,0.0,0.0,0.0,0.0,1.0,0.0,1.0,0.125,0.09698275862068965,18.5,0.0,0.0,1.0,0.0,0.1
python-poetry/poetry,114cde81a59eb0ee6c06d5ef317043e85888d7cd,2026-09-30T09:56:26+00:00,0,1,48.0,1446.0,219.0,7.418180822726788,74.0,7.0,13.0,24.0,3.0,6.0,6.0,1.0,0.0,2.0,0.0,0.0,1.0,1.0,0.0,0.225,0.055120308337198026,19.291666666666668,1.0,0.0,1.0,0.0,0.05
python-poetry/poetry,54215c3bbe7da652e271a67794816edd49d50fc7,2026-09-30T21:12:46+00:00,0,1,0.0,0.0,0.0,0.0,0.0,0.0,0.0,0.0,0.0,0.0,0.0,0.0,0.0,0.0,0.0,0.0,1.0,0.0,0.0,0.0,0.0,0.0,7.0,0.14285714285714285,1.0,1.0,0.05
python-poetry/poetry,e9509fd9f064821cb2112fce413c3bbf2655c405,2026-10-01T05:53:13+00:00,0,1,1.0,17.0,10.0,3.332204510175204,3.0,0.0,0.0,1.0,0.0,0.0,0.0,0.0,0.0,0.0,0.0,0.0,1.0,0.0,0.0,0.0,0.0,3.0,1.0,0.0,1.0,0.0,0.05
python-poetry/poetry,a485f326dd1ae6d536ce016bf4d04634c97a9dbe,2026-10-01T08:39:50+00:00,0,1,1.0,4.0,0.0,1.6094379124341003,0.0,0.0,0.0,0.0,1.0,0.0,0.0,0.0,0.0,0.0,0.0,1.0,1.0,0.0,0.0,0.0425531914893617,0.0425531914893617,47.0,0.0,0.0,1.0,0.0,0.05
python-poetry/poetry,dcfdc3c0a56b2f78457a6417d8e8a547c2df3c48,2026-10-01T13:10:22+00:00,0,1,7.0,65.0,12.0,4.356708826689592,5.0,1.0,2.0,3.0,1.0,0.0,1.0,1.0,0.0,0.0,0.0,0.0,1.0,1.0,1.0,0.15384615384615385,0.05584235488795404,21.857142857142858,3.0,0.3333333333333333,1.0,0.0,0.05
python-poetry/poetry,210c02f0266cf8c35daf90be5a64174bfbcf1a3e,2026-10-01T13:36:48+00:00,0,1,2.0,31.0,1.0,3.4965075614664802,2.0,1.0,1.0,1.0,0.0,0.0,0.0,0.0,0.0,0.0,0.0,0.0,1.0,0.0,0.0,0.15517241379310345,0.14489389920424403,55.0,1.0,0.0,1.0,0.0,0.05
python-poetry/poetry,555042fdf8477d6c87b5bfa7232318e057bfd32e,2026-10-01T20:32:37+00:00,0,1,2.0,66.0,1.0,4.219507705176107,4.0,1.0,1.0,1.0,0.0,0.0,0.0,0.0,0.0,0.0,0.0,0.0,1.0,0.0,1.0,0.16666666666666666,0.1433333333333333,18.5,1.0,0.0,1.0,0.0,0.05
python-poetry/poetry,4821da09ef50e88d1784152dcd2e494b4cdbf7e3,2026-10-02T00:47:58+00:00,0,1,2.0,94.0,0.0,4.553876891600541,7.0,0.0,0.0,2.0,0.0,0.0,0.0,0.0,0.0,0.0,0.0,0.0,1.0,0.0,0.0,0.0,0.0,0.0,0.0,0.0,1.0,0.0,0.05
python-poetry/poetry,cdeb6fbc7d588419f2bd18426ddf529b15d090d0,2026-10-02T03:06:00+00:00,0,1,2.0,25.0,0.0,3.258096538021482,2.0,1.0,1.0,1.0,0.0,0.0,0.0,0.0,0.0,1.0,0.0,0.0,1.0,0.0,0.0,0.11764705882352941,0.09108159392789374,24.0,2.0,0.0,1.0,0.0,0.05
python-poetry/poetry,5999b913658abe81638dbbaba111ee10b94bc4cb,2026-10-02T03:17:27+00:00,0,1,1.0,62.0,0.0,4.143134726391533,4.0,0.0,0.0,1.0,0.0,0.0,0.0,0.0,0.0,0.0,0.0,0.0,1.0,0.0,0.0,0.15,0.15,20.0,1.0,0.0,1.0,0.0,0.0
python-poetry/poetry,28c09cc7e457167d3e7db57b48aa5e70d9ed7ebb,2026-10-02T03:24:50+00:00,0,1,1.0,92.0,0.0,4.532599493153256,5.0,0.0,0.0,1.0,0.0,0.0,0.0,0.0,0.0,0.0,0.0,0.0,1.0,0.0,0.0,0.14285714285714285,0.14285714285714285,21.0,2.0,0.0,1.0,0.0,0.0
python-poetry/poetry,9cf7c6bf7a20b0488478703d430e7cc756d9e30f,2026-10-02T08:10:10+00:00,0,1,1.0,10.0,0.0,2.3978952727983707,0.0,0.0,0.0,0.0,1.0,0.0,0.0,0.0,0.0,0.0,0.0,1.0,1.0,0.0,0.0,0.0,0.0,6.0,0.0,0.0,1.0,0.0,0.0
