repo,sha,created_at,label,n_runs,n_files,lines_added,lines_deleted,log_churn,n_functions_changed,n_modules,n_src_files,n_test_files,n_docs_files,n_dependency_files,n_config_files,ci_config_changed,n_db_related,n_security_related,src_without_tests,docs_only,is_pull_request,is_merge,msg_mentions_fix,hist_file_max_failure_rate,hist_file_mean_failure_rate,hist_file_mean_prior_changes,author_prior_commits,author_failure_rate,parent_known,parent_failed,repo_recent_failure_rate
python-attrs/attrs,773aa0914a99e3c6d8edf7950ccf7758e76dceaf,2025-08-28T02:00:02+00:00,0,1,1.0,3.0,3.0,1.9459101490553132,1.0,1.0,1.0,0.0,0.0,0.0,0.0,0.0,0.0,0.0,1.0,0.0,1.0,0.0,1.0,0.0,0.0,0.0,0.0,0.0,0.0,0.0,0.0
python-attrs/attrs,55f4b68f7f53292e94daa69e7b6aaf3edd270dc0,2025-08-28T02:02:34+00:00,0,1,1.0,1.0,0.0,0.6931471805599453,0.0,0.0,0.0,0.0,1.0,0.0,0.0,0.0,0.0,0.0,0.0,1.0,1.0,0.0,0.0,0.0,0.0,0.0,0.0,0.0,0.0,0.0,0.0
python-attrs/attrs,7c6f975f19ad8a3490ea81acf4f4c5e6ff735631,2025-08-28T02:13:13+00:00,0,1,1.0,30.0,0.0,3.4339872044851463,1.0,0.0,0.0,1.0,0.0,0.0,0.0,0.0,0.0,0.0,0.0,0.0,1.0,0.0,1.0,0.0,0.0,0.0,0.0,0.0,0.0,0.0,0.0
python-attrs/attrs,7a34414e2fb0d20692df2f70b53b5b872a8cc125,2025-08-28T02:13:20+00:00,0,1,1.0,3.0,1.0,1.6094379124341003,1.0,0.0,0.0,1.0,0.0,0.0,0.0,0.0,0.0,0.0,0.0,0.0,1.0,0.0,1.0,0.0,0.0,0.0,0.0,0.0,0.0,0.0,0.0
python-attrs/attrs,ecf2c5d8cb4e061ae847b13417561dfbd65d8ea3,2025-08-29T14:20:29+00:00,0,1,1.0,2.0,1.0,1.3862943611198906,0.0,0.0,0.0,0.0,1.0,0.0,0.0,0.0,0.0,0.0,0.0,1.0,1.0,0.0,0.0,0.0,0.0,0.0,0.0,0.0,0.0,0.0,0.0
python-attrs/attrs,fe3e16e336fd478fd7ec4932848be74b9ef37594,2025-08-29T14:20:34+00:00,0,1,1.0,1.0,0.0,0.6931471805599453,1.0,0.0,0.0,1.0,0.0,0.0,0.0,0.0,0.0,0.0,0.0,0.0,1.0,0.0,0.0,0.0,0.0,0.0,0.0,0.0,0.0,0.0,0.0
python-attrs/attrs,ce358ed0e6c4bf38a46efa51cc03a02164e2795d,2025-08-29T14:56:01+00:00,0,1,3.0,38.0,3.0,3.7376696182833684,2.0,1.0,1.0,1.0,1.0,0.0,0.0,0.0,0.0,0.0,0.0,0.0,0.0,0.0,1.0,0.0,0.0,0.6666666666666666,0.0,0.0,0.0,0.0,0.0
python-attrs/attrs,d1af8417127b49b03f2ea1d46b61a65be305ec82,2025-08-29T15:36:34+00:00,0,1,1.0,9.0,0.0,2.302585092994046,1.0,0.0,0.0,1.0,0.0,0.0,0.0,0.0,0.0,0.0,0.0,0.0,1.0,0.0,0.0,0.0,0.0,0.0,0.0,0.0,0.0,0.0,0.0
python-attrs/attrs,6307d4e30dc1df3f725cf7fc0a289b69075d9d4f,2025-08-29T15:39:06+00:00,0,1,1.0,2.0,2.0,1.6094379124341003,1.0,0.0,0.0,1.0,0.0,0.0,0.0,0.0,0.0,0.0,0.0,0.0,1.0,0.0,1.0,0.0,0.0,1.0,0.0,0.0,1.0,0.0,0.0
python-attrs/attrs,1e3e65cd70cdca619006d136e0f0b27da4afe4bb,2025-08-29T16:31:27+00:00,0,1,1.0,4.0,1.0,1.791759469228055,1.0,0.0,0.0,1.0,0.0,0.0,0.0,0.0,0.0,0.0,0.0,0.0,1.0,0.0,0.0,0.0,0.0,2.0,1.0,0.0,1.0,0.0,0.0
python-attrs/attrs,d28d46ddef5cd9fd5e57cc3dfcbd8e7aaef1d9d8,2025-08-29T16:33:19+00:00,0,1,1.0,2.0,0.0,1.0986122886681098,1.0,0.0,0.0,1.0,0.0,0.0,0.0,0.0,0.0,0.0,0.0,0.0,1.0,0.0,1.0,0.0,0.0,2.0,1.0,0.0,0.0,0.0,0.0
python-attrs/attrs,5f67d02e24852c6d327a2518f080c2e027b4a78d,2025-08-29T16:52:55+00:00,0,1,1.0,10.0,0.0,2.3978952727983707,1.0,0.0,0.0,1.0,0.0,0.0,0.0,0.0,0.0,0.0,0.0,0.0,1.0,0.0,0.0,0.0,0.0,0.0,2.0,0.0,1.0,0.0,0.0
python-attrs/attrs,7fae88a8712ffd2d778a90955d59c42436f9fef2,2025-08-30T10:20:21+00:00,0,1,3.0,10.0,11.0,3.091042453358316,10.0,1.0,1.0,2.0,0.0,0.0,0.0,0.0,0.0,0.0,0.0,0.0,1.0,0.0,0.0,0.0,0.0,0.0,2.0,0.0,0.0,0.0,0.0
python-attrs/attrs,e5147cee711ba86a07099008e429381538060305,2025-08-30T10:33:06+00:00,0,1,1.0,53.0,0.0,3.9889840465642745,5.0,0.0,0.0,1.0,0.0,0.0,0.0,0.0,0.0,0.0,0.0,0.0,1.0,0.0,0.0,0.0,0.0,1.0,3.0,0.0,1.0,0.0,0.0
python-attrs/attrs,5d216e698dc7fff48d4fe7bb4adb0aeb7676bb25,2025-08-30T10:46:38+00:00,0,1,1.0,53.0,0.0,3.9889840465642745,5.0,0.0,0.0,1.0,0.0,0.0,0.0,0.0,0.0,0.0,0.0,0.0,0.0,0.0,0.0,0.0,0.0,2.0,4.0,0.0,1.0,0.0,0.0
python-attrs/attrs,6eec74fafdb4488c3532442a75615435cb1c67ea,2025-08-30T10:46:52+00:00,0,1,1.0,53.0,0.0,3.9889840465642745,5.0,0.0,0.0,1.0,0.0,0.0,0.0,0.0,0.0,0.0,0.0,0.0,1.0,1.0,0.0,0.0,0.0,2.0,4.0,0.0,1.0,0.0,0.0
python-attrs/attrs,b8706213f76668048c5616113df7f1d2e4297a30,2025-08-30T11:00:06+00:00,0,1,1.0,0.0,10.0,2.3978952727983707,1.0,0.0,0.0,1.0,0.0,0.0,0.0,0.0,0.0,0.0,0.0,0.0,1.0,0.0,0.0,0.0,0.0,4.0,6.0,0.0,1.0,0.0,0.0
python-attrs/attrs,7257b83ae2dc7914197b4d40251cdfab2fbb222f,2025-08-30T16:45:58+00:00,0,1,1.0,1.0,1.0,1.0986122886681098,2.0,0.0,0.0,1.0,0.0,0.0,0.0,0.0,0.0,0.0,0.0,0.0,1.0,0.0,0.0,0.0,0.0,4.0,3.0,0.0,1.0,0.0,0.0
python-attrs/attrs,4a5acf1e4f31001f4f8486ccc1fbf698479de59d,2025-09-01T19:37:43+00:00,0,1,1.0,2.0,2.0,1.6094379124341003,0.0,0.0,0.0,0.0,0.0,0.0,1.0,0.0,0.0,0.0,0.0,0.0,1.0,0.0,0.0,0.0,0.0,0.0,2.0,0.0,1.0,0.0,0.0
python-attrs/attrs,88973eae4eb4bc1a47d7cbe4be101a4fb5dbb016,2025-09-02T05:02:33+00:00,0,1,2.0,29.0,1.0,3.4339872044851463,0.0,1.0,1.0,0.0,0.0,1.0,0.0,0.0,0.0,0.0,1.0,0.0,1.0,0.0,0.0,0.0,0.0,0.0,7.0,0.0,0.0,0.0,0.0
python-attrs/attrs,666edb6440ddfdd1d38beaa9903316e2f41917e0,2025-09-02T05:07:00+00:00,0,1,3.0,495.0,434.0,6.835184586147301,0.0,1.0,1.0,0.0,0.0,1.0,1.0,0.0,0.0,0.0,1.0,0.0,0.0,0.0,0.0,0.0,0.0,1.0,8.0,0.0,1.0,0.0,0.0
python-attrs/attrs,f0449e45c6e190903f476bebbb2d6d6cbbd5da51,2025-09-05T08:17:08+00:00,0,1,1.0,8.0,6.0,2.70805020110221,0.0,0.0,0.0,0.0,0.0,1.0,0.0,0.0,0.0,0.0,0.0,0.0,1.0,0.0,0.0,0.0,0.0,2.0,9.0,0.0,1.0,0.0,0.0
python-attrs/attrs,57f0d5441c9deaac44aebbbf45e38e477651e4f2,2025-09-05T09:13:53+00:00,0,1,1.0,8.0,6.0,2.70805020110221,0.0,0.0,0.0,0.0,0.0,1.0,0.0,0.0,0.0,0.0,0.0,0.0,0.0,0.0,0.0,0.0,0.0,3.0,10.0,0.0,1.0,0.0,0.0
python-attrs/attrs,8350eab4c58c692c7c12d3451aa4e2156c645ed7,2025-09-08T13:31:27+00:00,0,1,1.0,3.0,1.0,1.6094379124341003,1.0,0.0,0.0,1.0,0.0,0.0,0.0,0.0,0.0,0.0,0.0,0.0,1.0,0.0,1.0,0.0,0.0,5.0,11.0,0.0,0.0,0.0,0.0
python-attrs/attrs,080dbc59221dad4932625b93e5c2187d95b3c897,2025-09-08T13:39:00+00:00,0,1,1.0,1.0,0.0,0.6931471805599453,0.0,0.0,0.0,0.0,1.0,0.0,0.0,0.0,0.0,0.0,0.0,1.0,1.0,0.0,0.0,0.0,0.0,0.0,12.0,0.0,1.0,0.0,0.0
python-attrs/attrs,7369ad9f4b273e400478c8e65399d826ab3f3b32,2025-09-08T13:45:18+00:00,0,1,3.0,49.0,7.0,4.04305126783455,3.0,1.0,1.0,1.0,1.0,0.0,0.0,0.0,0.0,0.0,0.0,0.0,0.0,0.0,0.0,0.0,0.0,2.3333333333333335,4.0,0.0,1.0,0.0,0.0
python-attrs/attrs,ab5e53505e277a78f8333e14096828b313e14acd,2025-09-08T14:04:00+00:00,0,1,7.0,26.0,26.0,3.970291913552122,0.0,0.0,0.0,0.0,0.0,0.0,7.0,1.0,0.0,0.0,0.0,0.0,1.0,0.0,0.0,0.0,0.0,0.0,13.0,0.0,1.0,0.0,0.0
python-attrs/attrs,400c8fd0e3c786acd472056be32485bfced5cbe6,2025-09-08T14:05:47+00:00,0,1,1.0,1.0,0.0,0.6931471805599453,0.0,0.0,0.0,0.0,0.0,0.0,1.0,1.0,0.0,0.0,0.0,0.0,1.0,0.0,0.0,0.0,0.0,0.0,13.0,0.0,0.0,0.0,0.0
python-attrs/attrs,6ef8d73dd728cdebf939b3a2cd694af57d1f6b5d,2025-09-08T14:11:16+00:00,0,1,7.0,27.0,26.0,3.9889840465642745,0.0,0.0,0.0,0.0,0.0,0.0,7.0,1.0,0.0,0.0,0.0,0.0,0.0,0.0,0.0,0.0,0.0,1.1428571428571428,15.0,0.0,1.0,0.0,0.0
python-attrs/attrs,30d0eb7a52ce33aa78f11076b8f4a2c0170875e7,2025-09-08T14:15:55+00:00,0,1,3.0,10.0,11.0,3.091042453358316,10.0,1.0,1.0,2.0,0.0,0.0,0.0,0.0,0.0,0.0,0.0,0.0,1.0,0.0,0.0,0.0,0.0,1.0,16.0,0.0,0.0,0.0,0.0
python-attrs/attrs,c2aa056c489e3b94ccc7a328cb2b4ca2973fe830,2025-09-08T14:36:17+00:00,0,1,2.0,23.0,4.0,3.332204510175204,2.0,1.0,1.0,1.0,0.0,0.0,0.0,0.0,0.0,0.0,0.0,0.0,1.0,0.0,0.0,0.0,0.0,4.0,5.0,0.0,1.0,0.0,0.0
python-attrs/attrs,eb3ced2678bf970852e7e1b7ddfb759e813e9ac4,2025-09-08T14:36:37+00:00,0,1,1.0,1.0,0.0,0.6931471805599453,0.0,0.0,0.0,1.0,0.0,0.0,0.0,0.0,0.0,0.0,0.0,0.0,1.0,0.0,1.0,0.0,0.0,7.0,3.0,0.0,0.0,0.0,0.0
python-attrs/attrs,d0918981935c2e30027b078b34dd44d770cefdaa,2025-09-08T14:45:16+00:00,0,1,3.0,51.0,50.0,4.624972813284271,21.0,1.0,1.0,2.0,0.0,0.0,0.0,0.0,0.0,0.0,0.0,0.0,1.0,0.0,0.0,0.0,0.0,2.0,17.0,0.0,1.0,0.0,0.0
python-attrs/attrs,9575cf9d93b45ceb526921b86b0a5096418afab1,2025-09-08T14:46:59+00:00,0,1,3.0,51.0,50.0,4.624972813284271,21.0,1.0,1.0,2.0,0.0,0.0,0.0,0.0,0.0,0.0,0.0,0.0,1.0,0.0,0.0,0.0,0.0,2.0,17.0,0.0,1.0,0.0,0.0
python-attrs/attrs,57ee5cf0bd6e1f510655b16d6f8beac164156197,2025-09-08T15:45:08+00:00,0,1,1.0,1.0,0.0,0.6931471805599453,0.0,0.0,0.0,0.0,1.0,0.0,0.0,0.0,0.0,0.0,0.0,1.0,1.0,0.0,0.0,0.0,0.0,0.0,19.0,0.0,1.0,0.0,0.0
python-attrs/attrs,1315e42fe51743fe1c3529da6792dcda2ef6cc1f,2025-09-08T15:50:00+00:00,0,1,3.0,25.0,4.0,3.4011973816621555,2.0,1.0,1.0,1.0,1.0,0.0,0.0,0.0,0.0,0.0,0.0,0.0,0.0,0.0,0.0,0.0,0.0,4.0,6.0,0.0,1.0,0.0,0.0
python-attrs/attrs,da904710603ac881869ff7949c9d840753c6f586,2025-09-08T16:14:06+00:00,0,1,3.0,54.0,50.0,4.653960350157523,21.0,1.0,1.0,2.0,0.0,0.0,0.0,0.0,0.0,0.0,0.0,0.0,1.0,0.0,0.0,0.0,0.0,4.0,20.0,0.0,0.0,0.0,0.0
python-attrs/attrs,b2131718b98473c438d75ac2054a35d2810f3642,2025-09-08T16:33:24+00:00,0,1,3.0,30.0,23.0,3.9889840465642745,12.0,1.0,1.0,2.0,0.0,0.0,0.0,0.0,0.0,0.0,0.0,0.0,1.0,0.0,0.0,0.0,0.0,5.0,21.0,0.0,1.0,0.0,0.0
python-attrs/attrs,81f8343eca04c1cc1368526520ae905f8d0a7e9e,2025-09-12T17:21:54+00:00,0,1,1.0,1.0,2.0,1.3862943611198906,1.0,1.0,1.0,0.0,0.0,0.0,0.0,0.0,0.0,0.0,1.0,0.0,1.0,0.0,1.0,0.0,0.0,0.0,0.0,0.0,0.0,0.0,0.0
python-attrs/attrs,0c86315507892b3e948058c29bd9d4007d8fd4ae,2025-09-21T11:10:53+00:00,0,1,1.0,2.0,2.0,1.6094379124341003,0.0,0.0,0.0,1.0,0.0,0.0,1.0,0.0,0.0,0.0,0.0,0.0,1.0,0.0,1.0,0.0,0.0,0.0,22.0,0.0,0.0,0.0,0.0
python-attrs/attrs,4e2c89c82398914dbbe24fe00b03f00a8b8efe05,2025-09-21T11:16:42+00:00,0,1,9.0,312.0,258.0,6.3473892096560105,7.0,1.0,1.0,4.0,0.0,0.0,5.0,1.0,0.0,0.0,0.0,0.0,0.0,0.0,0.0,0.0,0.0,2.6666666666666665,23.0,0.0,1.0,0.0,0.0
python-attrs/attrs,975e7d6520ac411e6b7bdd4b7e740d77de6ff3fb,2025-09-22T08:18:09+00:00,0,1,3.0,30.0,23.0,3.9889840465642745,12.0,1.0,1.0,2.0,0.0,0.0,0.0,0.0,0.0,0.0,0.0,0.0,1.0,0.0,0.0,0.0,0.0,6.666666666666667,24.0,0.0,0.0,0.0,0.0
python-attrs/attrs,50334f3fe759013f52cc533161e9b474e98bc460,2025-09-26T08:54:07+00:00,0,1,3.0,0.0,7.0,2.0794415416798357,0.0,0.0,0.0,0.0,2.0,1.0,0.0,0.0,0.0,0.0,0.0,0.0,0.0,0.0,0.0,0.0,0.0,1.3333333333333333,25.0,0.0,1.0,0.0,0.0
python-attrs/attrs,ec86d0165ad6e2870472f95ea93e222633bc4339,2025-09-28T05:22:15+00:00,0,1,7.0,212.0,110.0,5.777652323222656,16.0,1.0,5.0,1.0,1.0,0.0,0.0,0.0,0.0,0.0,0.0,0.0,1.0,0.0,0.0,0.0,0.0,2.857142857142857,26.0,0.0,0.0,0.0,0.0
python-attrs/attrs,e5cbcfe43bbc015aa2da37b6b922f5a5c5814906,2025-09-28T05:42:00+00:00,0,1,1.0,5.0,1.0,1.9459101490553132,1.0,1.0,1.0,0.0,0.0,0.0,0.0,0.0,0.0,0.0,1.0,0.0,1.0,0.0,0.0,0.0,0.0,4.0,27.0,0.0,0.0,0.0,0.0
python-attrs/attrs,592743bdf9870ba1749f0ccacdd2407001eae8e6,2025-09-28T05:45:16+00:00,0,1,1.0,5.0,1.0,1.9459101490553132,1.0,1.0,1.0,0.0,0.0,0.0,0.0,0.0,0.0,0.0,1.0,0.0,1.0,0.0,0.0,0.0,0.0,5.0,28.0,0.0,0.0,0.0,0.0
python-attrs/attrs,353e39b3df53c26a50c107ec5ccc055b7510029d,2025-09-28T05:59:57+00:00,0,1,1.0,40.0,2.0,3.7612001156935624,1.0,1.0,1.0,0.0,0.0,0.0,0.0,0.0,0.0,0.0,1.0,0.0,1.0,0.0,0.0,0.0,0.0,8.0,29.0,0.0,1.0,0.0,0.0
python-attrs/attrs,518bf6b56224dbfa93a5ee5c900ba9842784fdb9,2025-09-28T06:12:29+00:00,0,1,2.0,29.0,19.0,3.8918202981106265,2.0,1.0,2.0,0.0,0.0,0.0,0.0,0.0,0.0,0.0,1.0,0.0,1.0,0.0,0.0,0.0,0.0,5.0,30.0,0.0,1.0,0.0,0.0
python-attrs/attrs,9486ced4a0a40befeb4830cd5be37aa65e2c781e,2025-09-28T06:40:20+00:00,0,1,5.0,142.0,140.0,5.645446897643238,12.0,1.0,2.0,2.0,1.0,0.0,0.0,0.0,0.0,0.0,0.0,0.0,1.0,0.0,0.0,0.0,0.0,5.8,31.0,0.0,1.0,0.0,0.0
python-attrs/attrs,5efa5600653c4193509c71262c5642a2d6ae0a5c,2025-09-28T06:45:44+00:00,0,1,1.0,15.0,16.0,3.4657359027997265,1.0,1.0,1.0,0.0,0.0,0.0,0.0,0.0,0.0,0.0,1.0,0.0,1.0,0.0,0.0,0.0,0.0,11.0,32.0,0.0,1.0,0.0,0.0
python-attrs/attrs,a511b9d729762847f8e5057015b53f7df7c5365a,2025-09-28T10:16:46+00:00,0,1,5.0,125.0,121.0,5.5093883366279774,11.0,1.0,2.0,2.0,1.0,0.0,0.0,0.0,0.0,0.0,0.0,0.0,1.0,0.0,0.0,0.0,0.0,7.0,33.0,0.0,1.0,0.0,0.0
python-attrs/attrs,3081aef6336ccd12dc13a0ac3e793c44bb2f0d98,2025-09-28T10:27:33+00:00,0,1,2.0,8.0,1.0,2.302585092994046,2.0,1.0,2.0,0.0,0.0,0.0,0.0,0.0,0.0,0.0,1.0,0.0,1.0,0.0,0.0,0.0,0.0,9.5,34.0,0.0,1.0,0.0,0.0
python-attrs/attrs,da1f0d845b96b0667bd88939af38ab158871ddb3,2025-09-28T10:29:26+00:00,0,1,1.0,3.0,0.0,1.3862943611198906,1.0,1.0,1.0,0.0,0.0,0.0,0.0,0.0,0.0,0.0,1.0,0.0,1.0,0.0,0.0,0.0,0.0,13.0,34.0,0.0,0.0,0.0,0.0
python-attrs/attrs,10e94bb1ee0f03f327866a4085028313f94c1882,2025-09-28T10:30:41+00:00,0,1,2.0,3.0,1.0,1.6094379124341003,1.0,1.0,1.0,0.0,1.0,0.0,0.0,0.0,0.0,0.0,1.0,0.0,1.0,0.0,0.0,0.0,0.0,7.0,35.0,0.0,0.0,0.0,0.0
python-attrs/attrs,59655a40fc28f49f345529dbca61c198fd751439,2025-09-28T10:31:31+00:00,0,1,1.0,1.0,1.0,1.0986122886681098,0.0,0.0,0.0,0.0,1.0,0.0,0.0,0.0,0.0,0.0,0.0,1.0,1.0,0.0,0.0,0.0,0.0,0.0,36.0,0.0,0.0,0.0,0.0
python-attrs/attrs,4ccdef3d99c520cbd54c3ef3d4a0a0d88193f02a,2025-09-28T10:36:53+00:00,0,1,1.0,4.0,4.0,2.1972245773362196,1.0,1.0,1.0,0.0,0.0,0.0,0.0,0.0,0.0,0.0,1.0,0.0,1.0,0.0,0.0,0.0,0.0,16.0,38.0,0.0,1.0,0.0,0.0
python-attrs/attrs,1fc2c69f81a12b33dce3e2e6c63b492d629b585f,2025-09-28T11:07:08+00:00,0,1,1.0,6.0,26.0,3.4965075614664802,0.0,0.0,0.0,0.0,1.0,0.0,0.0,0.0,0.0,0.0,0.0,1.0,0.0,0.0,0.0,0.0,0.0,0.0,39.0,0.0,1.0,0.0,0.0
python-attrs/attrs,a419f664201ef8e6e050c4a6a92927f540ce85ac,2025-09-28T11:07:16+00:00,0,1,1.0,4.0,4.0,2.1972245773362196,1.0,1.0,1.0,0.0,0.0,0.0,0.0,0.0,0.0,0.0,1.0,0.0,1.0,0.0,0.0,0.0,0.0,17.0,39.0,0.0,0.0,0.0,0.0
python-attrs/attrs,c53a61190cefa92960ec15e79124b6c7eb3fe742,2025-09-28T11:11:57+00:00,0,1,1.0,2.0,0.0,1.0986122886681098,0.0,0.0,0.0,0.0,1.0,0.0,0.0,0.0,0.0,0.0,0.0,1.0,0.0,0.0,0.0,0.0,0.0,1.0,41.0,0.0,1.0,0.0,0.0
python-attrs/attrs,3306738c066141ba53ccd4fe600948531452448f,2025-09-28T11:12:04+00:00,0,1,1.0,4.0,4.0,2.1972245773362196,1.0,1.0,1.0,0.0,0.0,0.0,0.0,0.0,0.0,0.0,1.0,0.0,1.0,0.0,0.0,0.0,0.0,18.0,41.0,0.0,0.0,0.0,0.0
python-attrs/attrs,dc463022fe049c419126d889cb711be8474d0304,2025-09-28T11:20:50+00:00,0,1,2.0,2.0,2.0,1.6094379124341003,1.0,1.0,1.0,0.0,1.0,0.0,0.0,0.0,0.0,0.0,1.0,0.0,1.0,0.0,0.0,0.0,0.0,3.5,43.0,0.0,1.0,0.0,0.0
python-attrs/attrs,c9ae16c8d08242dc468e951ff2827b0d802c1c46,2025-09-28T12:17:16+00:00,0,1,1.0,0.0,1.0,0.6931471805599453,1.0,1.0,1.0,0.0,0.0,0.0,0.0,0.0,0.0,0.0,1.0,0.0,1.0,0.0,0.0,0.0,0.0,8.0,44.0,0.0,1.0,0.0,0.0
python-attrs/attrs,13527204ec26d411347b8a31ee160dd85287b283,2025-09-28T13:34:36+00:00,0,1,6.0,66.0,70.0,4.919980925828125,13.0,2.0,4.0,2.0,0.0,0.0,0.0,0.0,0.0,0.0,0.0,0.0,1.0,0.0,0.0,0.0,0.0,4.5,45.0,0.0,1.0,0.0,0.0
python-attrs/attrs,efd03b9f01ac7651396969e53e0733cd8118b72f,2025-09-28T13:36:00+00:00,0,1,1.0,0.0,1.0,0.6931471805599453,0.0,1.0,1.0,0.0,0.0,0.0,0.0,0.0,0.0,0.0,1.0,0.0,1.0,0.0,0.0,0.0,0.0,4.0,45.0,0.0,0.0,0.0,0.0
python-attrs/attrs,e79ac4fcee6eb42b6a146ccd57227d2426c8e859,2025-09-28T13:38:47+00:00,0,1,3.0,29.0,30.0,4.0943445622221,2.0,2.0,3.0,0.0,0.0,0.0,0.0,0.0,0.0,0.0,1.0,0.0,1.0,0.0,0.0,0.0,0.0,3.3333333333333335,47.0,0.0,1.0,0.0,0.0
python-attrs/attrs,d691a6d3820d55f8ab103c5dc4e5fd0fb36bb332,2025-09-28T13:41:28+00:00,0,1,1.0,2.0,1.0,1.3862943611198906,1.0,1.0,1.0,0.0,0.0,0.0,0.0,0.0,0.0,0.0,1.0,0.0,1.0,0.0,0.0,0.0,0.0,19.0,48.0,0.0,1.0,0.0,0.0
python-attrs/attrs,a3ca62ff87cae512c15e0b5bb70e7ade59736efd,2025-09-28T13:50:28+00:00,0,1,2.0,5.0,2.0,2.0794415416798357,1.0,1.0,1.0,1.0,0.0,0.0,0.0,0.0,0.0,0.0,0.0,0.0,1.0,0.0,0.0,0.0,0.0,1.0,49.0,0.0,1.0,0.0,0.0
python-attrs/attrs,e97961e4df735ef72353db660e03e24ebaa32034,2025-09-28T13:52:09+00:00,0,1,1.0,2.0,5.0,2.0794415416798357,1.0,1.0,1.0,0.0,0.0,0.0,0.0,0.0,0.0,0.0,1.0,0.0,1.0,0.0,0.0,0.0,0.0,2.0,49.0,0.0,0.0,0.0,0.0
python-attrs/attrs,1f77e92744bd502480c4769d1775bdddc114dca5,2025-09-28T15:26:31+00:00,0,1,7.0,709.0,530.0,7.122866658599083,90.0,2.0,3.0,1.0,0.0,1.0,2.0,1.0,0.0,0.0,0.0,0.0,1.0,0.0,0.0,0.0,0.0,1.5714285714285714,51.0,0.0,1.0,0.0,0.0
python-attrs/attrs,347f02caa324eeed234e608a6256b755c2c1a591,2025-09-28T15:29:15+00:00,0,1,1.0,7.0,0.0,2.0794415416798357,0.0,0.0,0.0,0.0,1.0,0.0,0.0,0.0,0.0,0.0,0.0,1.0,1.0,0.0,0.0,0.0,0.0,0.0,52.0,0.0,1.0,0.0,0.0
python-attrs/attrs,fef78ca8291d171aa2662d7fd16163f5d8e9d7f4,2025-09-28T15:32:15+00:00,0,1,1.0,1.0,1.0,1.0986122886681098,0.0,0.0,0.0,0.0,1.0,0.0,0.0,0.0,0.0,0.0,0.0,1.0,1.0,0.0,0.0,0.0,0.0,1.0,53.0,0.0,1.0,0.0,0.0
python-attrs/attrs,b1dc8f673579137e14e44afdf0e40e4b4f1b9e3c,2025-09-28T15:35:50+00:00,0,1,8.0,716.0,530.0,7.1284959456800365,90.0,2.0,3.0,1.0,1.0,1.0,2.0,1.0,0.0,0.0,0.0,0.0,0.0,0.0,0.0,0.0,0.0,2.5,54.0,0.0,1.0,0.0,0.0
python-attrs/attrs,e3dec103905b84b0f752cf2a5f9fd0f046b77bdc,2025-09-28T15:36:00+00:00,0,1,19.0,1036.0,821.0,7.527255919373784,97.0,2.0,3.0,5.0,4.0,1.0,7.0,1.0,0.0,0.0,0.0,0.0,1.0,1.0,1.0,0.0,0.0,3.210526315789474,54.0,0.0,1.0,0.0,0.0
python-attrs/attrs,7dcda39de3c60c3fced5dc853afc5266387bb4e8,2025-09-28T15:48:34+00:00,0,1,1.0,2.0,2.0,1.6094379124341003,1.0,1.0,1.0,0.0,0.0,0.0,0.0,0.0,0.0,0.0,1.0,0.0,1.0,0.0,0.0,0.0,0.0,3.0,56.0,0.0,0.0,0.0,0.0
python-attrs/attrs,8f78ef5914e97c37846d0daa4e4f52d6af9c106a,2025-09-28T16:05:19+00:00,0,1,1.0,3.0,0.0,1.3862943611198906,0.0,0.0,0.0,0.0,1.0,0.0,0.0,0.0,0.0,0.0,0.0,1.0,1.0,0.0,0.0,0.0,0.0,0.0,57.0,0.0,1.0,0.0,0.0
python-attrs/attrs,f8f7a2e9aa8f0a8c7da01290622b0969facea86c,2025-09-28T16:10:21+00:00,0,1,3.0,62.0,1.0,4.1588830833596715,3.0,2.0,2.0,0.0,1.0,0.0,0.0,0.0,0.0,0.0,1.0,0.0,0.0,0.0,0.0,0.0,0.0,2.0,1.0,0.0,1.0,0.0,0.0
python-attrs/attrs,db3c1a3627778da7725f170bfdb4cfbde4bee322,2025-09-28T16:12:10+00:00,0,1,1.0,2.0,5.0,2.0794415416798357,1.0,1.0,1.0,0.0,0.0,0.0,0.0,0.0,0.0,0.0,1.0,0.0,1.0,0.0,0.0,0.0,0.0,4.0,58.0,0.0,0.0,0.0,0.0
python-attrs/attrs,4737f0e6c77f2bd4501322b1b5d1e265181849b9,2025-09-28T16:38:19+00:00,0,1,2.0,12.0,4.0,2.833213344056216,2.0,1.0,1.0,0.0,0.0,1.0,0.0,0.0,0.0,0.0,1.0,0.0,0.0,0.0,0.0,0.0,0.0,6.5,59.0,0.0,1.0,0.0,0.0
python-attrs/attrs,651c4c0297b44d1e864708279884db0e04f77ceb,2025-09-28T16:41:28+00:00,0,1,1.0,2.0,5.0,2.0794415416798357,1.0,1.0,1.0,0.0,0.0,0.0,0.0,0.0,0.0,0.0,1.0,0.0,1.0,0.0,0.0,0.0,0.0,5.0,60.0,0.0,0.0,0.0,0.0
python-attrs/attrs,5ff58070fb599a352dc67da62cea8935540033d0,2025-09-28T16:54:58+00:00,0,1,2.0,16.0,6.0,3.1354942159291497,2.0,1.0,2.0,0.0,0.0,0.0,0.0,0.0,0.0,0.0,1.0,0.0,1.0,0.0,0.0,0.0,0.0,4.5,61.0,0.0,1.0,0.0,0.0
python-attrs/attrs,112dd1d49848da7a956c78415e0f571e0dc70d90,2025-09-30T08:59:06+00:00,0,1,11.0,665.0,139.0,6.690842277418564,34.0,3.0,5.0,3.0,3.0,0.0,0.0,0.0,0.0,0.0,0.0,0.0,0.0,0.0,0.0,0.0,0.0,5.909090909090909,62.0,0.0,1.0,0.0,0.0
python-attrs/attrs,27b3c3713cf7b317d22939d2240211282e641305,2025-10-01T03:23:07+00:00,0,1,4.0,322.0,258.0,6.364750756851911,0.0,1.0,1.0,0.0,0.0,0.0,3.0,1.0,0.0,0.0,1.0,0.0,0.0,0.0,0.0,0.0,0.0,4.5,63.0,0.0,1.0,0.0,0.0
python-attrs/attrs,8a78116883c4584f0abe235c7746757bcd276247,2025-10-01T03:35:38+00:00,0,1,7.0,641.0,641.0,7.1569563646156364,104.0,1.0,4.0,0.0,1.0,1.0,2.0,1.0,0.0,0.0,1.0,0.0,0.0,0.0,1.0,0.0,0.0,3.4285714285714284,64.0,0.0,1.0,0.0,0.0
python-attrs/attrs,c02e3fb438f22586707d7c25fcb5b2ef9afb6cdc,2025-10-01T10:01:22+00:00,0,1,1.0,4.0,0.0,1.6094379124341003,0.0,0.0,0.0,0.0,0.0,0.0,1.0,1.0,0.0,0.0,0.0,0.0,0.0,0.0,0.0,0.0,0.0,0.0,65.0,0.0,1.0,0.0,0.0
python-attrs/attrs,824567a2a774e44335ebd7056cc25affe4e4f256,2025-10-01T10:14:29+00:00,0,1,1.0,1.0,1.0,1.0986122886681098,0.0,0.0,0.0,0.0,0.0,0.0,1.0,1.0,0.0,0.0,0.0,0.0,0.0,0.0,0.0,0.0,0.0,5.0,66.0,0.0,1.0,0.0,0.0
python-attrs/attrs,5058e41892dede51f3c00eccc18f1283f147bd4f,2025-10-01T10:20:37+00:00,0,1,1.0,1.0,1.0,1.0986122886681098,0.0,0.0,0.0,0.0,0.0,0.0,1.0,1.0,0.0,0.0,0.0,0.0,0.0,0.0,0.0,0.0,0.0,6.0,67.0,0.0,1.0,0.0,0.0
python-attrs/attrs,91ce28db10f4f76beaafdf836f70dd68f3f7cd85,2025-10-01T10:22:04+00:00,0,1,1.0,1.0,2.0,1.3862943611198906,0.0,0.0,0.0,0.0,0.0,0.0,1.0,1.0,0.0,0.0,0.0,0.0,0.0,0.0,0.0,0.0,0.0,6.0,67.0,0.0,0.0,0.0,0.0
python-attrs/attrs,3d52490424aea4e594e442955856099c08ddb1b3,2025-10-06T04:20:31+00:00,0,1,5.0,37.0,37.0,4.31748811353631,0.0,1.0,1.0,0.0,0.0,0.0,4.0,1.0,0.0,0.0,1.0,0.0,1.0,0.0,0.0,0.0,0.0,5.4,69.0,0.0,1.0,0.0,0.0
python-attrs/attrs,83a53b5c4ccef050472801f85b9448e0d94fece5,2025-10-06T04:28:24+00:00,0,1,5.0,37.0,37.0,4.31748811353631,0.0,1.0,1.0,0.0,0.0,0.0,4.0,1.0,0.0,0.0,1.0,0.0,0.0,0.0,0.0,0.0,0.0,6.4,70.0,0.0,1.0,0.0,0.0
python-attrs/attrs,6c54145aac47b60a4c0838acead291ae4a298771,2025-10-06T07:21:29+00:00,0,1,1.0,3.0,0.0,1.3862943611198906,0.0,0.0,0.0,0.0,1.0,0.0,1.0,1.0,0.0,0.0,0.0,1.0,0.0,0.0,0.0,0.0,0.0,0.0,71.0,0.0,1.0,0.0,0.0
python-attrs/attrs,9e90669d61581f8d0167faad9b7e0bacb8649cc3,2025-10-06T07:26:36+00:00,0,1,1.0,1.0,1.0,1.0986122886681098,0.0,0.0,0.0,0.0,1.0,0.0,0.0,0.0,0.0,0.0,0.0,1.0,0.0,0.0,0.0,0.0,0.0,0.0,72.0,0.0,1.0,0.0,0.0
python-attrs/attrs,abe8284315d55d68b5d23d83736a182562620f50,2025-10-06T09:21:15+00:00,0,1,1.0,1.0,1.0,1.0986122886681098,0.0,0.0,0.0,0.0,1.0,0.0,0.0,0.0,0.0,0.0,0.0,1.0,0.0,0.0,1.0,0.0,0.0,2.0,73.0,0.0,1.0,0.0,0.0
python-attrs/attrs,9a98e00a7c078360add417c5d62db820d4645ab1,2025-10-06T09:22:37+00:00,0,2,12.0,59.0,39.0,4.59511985013459,4.0,0.0,0.0,0.0,12.0,0.0,0.0,0.0,0.0,0.0,0.0,1.0,0.0,0.0,0.0,0.0,0.0,0.9166666666666666,73.0,0.0,0.0,0.0,0.0
python-attrs/attrs,5084de361bf9e722dda6876e6e2b8ce8c63b7272,2025-10-10T08:02:31+00:00,0,1,1.0,1.0,2.0,1.3862943611198906,0.0,0.0,0.0,0.0,0.0,0.0,1.0,0.0,0.0,0.0,0.0,0.0,0.0,0.0,0.0,0.0,0.0,4.0,75.0,0.0,1.0,0.0,0.0
python-attrs/attrs,8c381c397cca48a563089aafb5f6434b03c6cc48,2025-10-15T07:51:37+00:00,0,1,1.0,3.0,1.0,1.6094379124341003,0.0,0.0,0.0,0.0,0.0,0.0,1.0,1.0,0.0,0.0,0.0,0.0,0.0,0.0,0.0,0.0,0.0,0.0,76.0,0.0,1.0,0.0,0.0
python-attrs/attrs,c95b177682e76a63478d29d040f9cb36a8d31915,2025-10-27T09:54:16+00:00,0,1,9.0,806.0,618.0,7.261927092702751,0.0,1.0,1.0,0.0,0.0,0.0,8.0,1.0,0.0,0.0,1.0,0.0,0.0,0.0,0.0,0.0,0.0,6.0,77.0,0.0,1.0,0.0,0.0
python-attrs/attrs,fc7f897acaa096cc18449c3ad92cd4edc3b2e38a,2025-10-28T07:57:30+00:00,0,1,2.0,0.0,2.0,1.0986122886681098,0.0,0.0,0.0,0.0,2.0,0.0,0.0,0.0,0.0,0.0,0.0,1.0,0.0,0.0,0.0,0.0,0.0,0.0,78.0,0.0,1.0,0.0,0.0
python-attrs/attrs,f588f1a5d4c9c349c98c84c8db61ba5b129fe58b,2025-10-28T08:31:56+00:00,0,1,4.0,8.0,0.0,2.1972245773362196,0.0,0.0,0.0,0.0,3.0,1.0,0.0,0.0,0.0,0.0,0.0,0.0,0.0,0.0,0.0,0.0,0.0,3.75,79.0,0.0,1.0,0.0,0.0
python-attrs/attrs,632d961ac9764b02006be96c2f8c5e7cdc0dc0a7,2025-10-28T08:59:44+00:00,0,1,2.0,2.0,10.0,2.5649493574615367,0.0,0.0,0.0,0.0,1.0,0.0,1.0,0.0,0.0,0.0,0.0,0.0,0.0,0.0,0.0,0.0,0.0,4.0,80.0,0.0,1.0,0.0,0.0
python-attrs/attrs,450be027310e7347c246b4c9891d356951154487,2025-11-01T05:02:15+00:00,0,1,2.0,4.0,4.0,2.1972245773362196,0.0,0.0,0.0,0.0,0.0,0.0,2.0,1.0,0.0,0.0,0.0,0.0,1.0,0.0,0.0,0.0,0.0,8.0,0.0,0.0,1.0,0.0,0.0
python-attrs/attrs,ed01832dc8440e14d747b8616e811e82256617cb,2025-11-01T11:31:19+00:00,0,1,2.0,4.0,4.0,2.1972245773362196,0.0,0.0,0.0,0.0,0.0,0.0,2.0,1.0,0.0,0.0,0.0,0.0,0.0,0.0,0.0,0.0,0.0,9.0,1.0,0.0,1.0,0.0,0.0
python-attrs/attrs,79109ab96d9f76fce1bae518f88199bd69aee5f9,2025-11-02T09:46:46+00:00,0,1,2.0,65.0,65.0,4.875197323201151,0.0,1.0,1.0,0.0,0.0,0.0,1.0,0.0,0.0,0.0,1.0,0.0,0.0,0.0,0.0,0.0,0.0,9.5,81.0,0.0,1.0,0.0,0.0
python-attrs/attrs,6396de6fe5402195ee399b4f5fc9f04859e0fc06,2025-11-04T08:33:50+00:00,0,1,1.0,1.0,2.0,1.3862943611198906,0.0,0.0,0.0,0.0,1.0,0.0,1.0,1.0,0.0,0.0,0.0,1.0,0.0,0.0,0.0,0.0,0.0,1.0,82.0,0.0,1.0,0.0,0.0
python-attrs/attrs,fe68c06f4313ae836acdc7ee680a205fe673af18,2025-11-04T08:34:14+00:00,0,1,1.0,2.0,0.0,1.0986122886681098,0.0,0.0,0.0,0.0,0.0,0.0,1.0,1.0,0.0,0.0,0.0,0.0,0.0,0.0,0.0,0.0,0.0,1.0,82.0,0.0,0.0,0.0,0.0
python-attrs/attrs,68b8d1e1b5cb42f79f1ea9b7e45f668ac534394c,2025-11-08T13:17:44+00:00,0,1,1.0,4.0,0.0,1.6094379124341003,0.0,0.0,0.0,0.0,1.0,0.0,0.0,0.0,0.0,0.0,0.0,1.0,0.0,0.0,0.0,0.0,0.0,0.0,84.0,0.0,1.0,0.0,0.0
python-attrs/attrs,985981b1042874745e8a410b106c1a75cd3683e5,2025-11-12T11:05:22+00:00,0,1,1.0,16.0,0.0,2.833213344056216,0.0,0.0,0.0,0.0,1.0,0.0,0.0,0.0,0.0,0.0,0.0,1.0,0.0,0.0,0.0,0.0,0.0,0.0,85.0,0.0,1.0,0.0,0.0
python-attrs/attrs,43a868d703f06fffb724d5d03d4f80ac447cb27c,2025-11-12T11:06:05+00:00,0,1,2.0,7.0,140.0,4.997212273764115,0.0,0.0,0.0,0.0,2.0,0.0,1.0,1.0,0.0,0.0,0.0,1.0,0.0,0.0,1.0,0.0,0.0,0.0,85.0,0.0,0.0,0.0,0.0
python-attrs/attrs,6cb1a30dae38589e1eb56e44dbff9cfcf0c13034,2025-12-01T05:11:13+00:00,0,1,7.0,17.0,17.0,3.5553480614894135,0.0,0.0,0.0,0.0,0.0,0.0,7.0,1.0,0.0,0.0,0.0,0.0,1.0,0.0,0.0,0.0,0.0,6.428571428571429,2.0,0.0,1.0,0.0,0.0
python-attrs/attrs,ead344e099bd9c520a04e159bfa5e74946b1ba16,2025-12-01T20:12:10+00:00,0,1,1.0,1.0,1.0,1.0986122886681098,0.0,0.0,0.0,0.0,0.0,0.0,1.0,0.0,0.0,0.0,0.0,0.0,1.0,0.0,0.0,0.0,0.0,10.0,4.0,0.0,1.0,0.0,0.0
python-attrs/attrs,5eb8701fca8c5ab920985c16583da7d23c2d9d7b,2025-12-02T20:00:42+00:00,0,1,1.0,1.0,1.0,1.0986122886681098,0.0,0.0,0.0,0.0,0.0,0.0,1.0,0.0,0.0,0.0,0.0,0.0,0.0,0.0,0.0,0.0,0.0,11.0,5.0,0.0,0.0,0.0,0.0
python-attrs/attrs,c0111e6aad3a70080b7191aa9c7eda459a25f3dc,2025-12-02T20:19:03+00:00,0,1,1.0,2.0,1.0,1.3862943611198906,0.0,0.0,0.0,0.0,0.0,0.0,1.0,1.0,0.0,0.0,0.0,0.0,0.0,0.0,0.0,0.0,0.0,2.0,87.0,0.0,1.0,0.0,0.0
python-attrs/attrs,ea11e0053cde8af07820ae99a2f2da28fdd061a4,2025-12-06T16:45:41+00:00,0,1,1.0,1.0,1.0,1.0986122886681098,1.0,0.0,0.0,1.0,0.0,0.0,0.0,0.0,0.0,0.0,0.0,0.0,1.0,0.0,0.0,0.0,0.0,1.0,0.0,0.0,0.0,0.0,0.0
python-attrs/attrs,f18d8640aa45c20dc1d63a0b941e172b6d7a63cd,2025-12-08T11:41:38+00:00,0,1,1.0,42.0,0.0,3.7612001156935624,4.0,0.0,0.0,1.0,0.0,0.0,0.0,0.0,0.0,0.0,0.0,0.0,1.0,0.0,0.0,0.0,0.0,5.0,88.0,0.0,1.0,0.0,0.0
python-attrs/attrs,850084d72864a7b387188d80fbbc109b3c663f9d,2025-12-08T12:01:48+00:00,0,1,1.0,42.0,0.0,3.7612001156935624,4.0,0.0,0.0,1.0,0.0,0.0,0.0,0.0,0.0,0.0,0.0,0.0,0.0,0.0,0.0,0.0,0.0,6.0,89.0,0.0,1.0,0.0,0.0
python-attrs/attrs,f0a7887feea137161b6bd447120ae37e4cb5be9b,2025-12-08T12:03:38+00:00,0,1,1.0,42.0,0.0,3.7612001156935624,4.0,0.0,0.0,1.0,0.0,0.0,0.0,0.0,0.0,0.0,0.0,0.0,1.0,1.0,0.0,0.0,0.0,6.0,89.0,0.0,1.0,0.0,0.0
python-attrs/attrs,921174e925707881bca529316e77a7eca0c61e43,2025-12-08T13:13:22+00:00,0,1,1.0,8.0,4.0,2.5649493574615367,4.0,1.0,1.0,0.0,0.0,0.0,0.0,0.0,0.0,0.0,1.0,0.0,1.0,0.0,0.0,0.0,0.0,21.0,1.0,0.0,1.0,0.0,0.0
python-attrs/attrs,65b5b359af493e74ea9e4c97b6101f99e7b74b03,2025-12-08T16:21:30+00:00,0,1,1.0,15.0,0.0,2.772588722239781,1.0,0.0,0.0,1.0,0.0,0.0,0.0,0.0,0.0,0.0,0.0,0.0,1.0,0.0,0.0,0.0,0.0,8.0,2.0,0.0,1.0,0.0,0.0
python-attrs/attrs,5e19f827d62b4e5495c8c2ec34990cc67cc16d06,2025-12-08T16:21:40+00:00,0,1,1.0,1.0,0.0,0.6931471805599453,1.0,0.0,0.0,1.0,0.0,0.0,0.0,0.0,0.0,0.0,0.0,0.0,1.0,0.0,1.0,0.0,0.0,8.0,6.0,0.0,0.0,0.0,0.0
python-attrs/attrs,87f0587468a2db0801d81e35886f0be936ea71ab,2025-12-14T11:43:12+00:00,0,1,1.0,16.0,0.0,2.833213344056216,1.0,0.0,0.0,1.0,0.0,0.0,0.0,0.0,0.0,0.0,0.0,0.0,0.0,0.0,0.0,0.0,0.0,10.0,3.0,0.0,1.0,0.0,0.0
python-attrs/attrs,cc06080e060ecc0e8402f9c0f3322bd0eb4328d6,2025-12-14T11:49:20+00:00,0,1,0.0,0.0,0.0,0.0,0.0,0.0,0.0,0.0,0.0,0.0,0.0,0.0,0.0,0.0,0.0,0.0,1.0,1.0,0.0,0.0,0.0,0.0,91.0,0.0,1.0,0.0,0.0
python-attrs/attrs,573eeb0197e6f8536c8af04184a8276d72da46d8,2025-12-16T08:34:36+00:00,0,1,4.0,8.0,0.0,2.1972245773362196,0.0,0.0,0.0,0.0,3.0,1.0,0.0,0.0,0.0,0.0,0.0,0.0,0.0,0.0,0.0,0.0,0.0,4.5,92.0,0.0,1.0,0.0,0.0
python-attrs/attrs,3615c75ddfe669e8d07f99fda0b76a42606c4631,2025-12-16T08:38:34+00:00,0,1,6.0,6.0,18.0,3.2188758248682006,0.0,0.0,0.0,0.0,6.0,0.0,0.0,0.0,0.0,0.0,0.0,1.0,0.0,0.0,0.0,0.0,0.0,0.5,93.0,0.0,1.0,0.0,0.0
python-attrs/attrs,5127e7ee47ea40f04d34cbe1186c78e93213b7fd,2025-12-16T10:06:48+00:00,0,1,1.0,1.0,1.0,1.0986122886681098,0.0,0.0,0.0,0.0,1.0,0.0,0.0,0.0,0.0,0.0,0.0,1.0,0.0,0.0,1.0,0.0,0.0,5.0,94.0,0.0,1.0,0.0,0.0
python-attrs/attrs,764f17bec7819e181ddbb9ffa84202d0c3912df3,2025-12-17T13:04:47+00:00,0,1,9.0,649.0,528.0,7.071573364211532,0.0,1.0,1.0,0.0,0.0,0.0,8.0,1.0,0.0,0.0,1.0,0.0,1.0,0.0,0.0,0.0,0.0,8.333333333333334,95.0,0.0,1.0,0.0,0.0
python-attrs/attrs,460f019d105c34cbac8e737ce2eb8466448f0506,2025-12-17T13:12:16+00:00,0,1,9.0,649.0,528.0,7.071573364211532,0.0,1.0,1.0,0.0,0.0,0.0,8.0,1.0,0.0,0.0,1.0,0.0,0.0,0.0,0.0,0.0,0.0,9.333333333333334,96.0,0.0,1.0,0.0,0.0
python-attrs/attrs,67a18582ba33fa23cb8aebb0a939419e51776a95,2025-12-17T13:25:51+00:00,0,1,18.0,663.0,546.0,7.098375638590786,0.0,1.0,1.0,0.0,8.0,1.0,8.0,1.0,0.0,0.0,1.0,0.0,1.0,1.0,0.0,0.0,0.0,6.888888888888889,97.0,0.0,1.0,0.0,0.0
python-attrs/attrs,94eb58631a574b665a8674911378178edaa6d051,2025-12-18T06:27:19+00:00,0,1,4.0,31.0,31.0,4.143134726391533,1.0,1.0,2.0,1.0,0.0,0.0,1.0,0.0,0.0,0.0,0.0,0.0,1.0,0.0,0.0,0.0,0.0,5.5,98.0,0.0,1.0,0.0,0.0
python-attrs/attrs,674c31266e7115c8dafb8a31e86f84fd0fe0c22a,2025-12-18T06:31:32+00:00,0,1,4.0,31.0,31.0,4.143134726391533,1.0,1.0,2.0,1.0,0.0,0.0,1.0,0.0,0.0,0.0,0.0,0.0,0.0,0.0,0.0,0.0,0.0,6.5,99.0,0.0,1.0,0.0,0.0
python-attrs/attrs,06681f1c22aece74f040270a8c330a1aa2184c0c,2026-01-01T05:03:30+00:00,0,1,6.0,15.0,15.0,3.4339872044851463,0.0,0.0,0.0,0.0,0.0,0.0,6.0,1.0,0.0,0.0,0.0,0.0,1.0,0.0,0.0,0.0,0.0,11.166666666666666,3.0,0.0,1.0,0.0,0.0
python-attrs/attrs,e646bd917e38eaab5882170aa563700d910dee03,2026-01-03T23:57:07+00:00,0,2,1.0,1.0,1.0,1.0986122886681098,1.0,1.0,1.0,0.0,0.0,0.0,0.0,0.0,0.0,0.0,1.0,0.0,1.0,0.0,1.0,0.0,0.0,2.0,1.0,0.0,1.0,0.0,0.0
python-attrs/attrs,c1129cc578d0742c57bca719189e95384d5313a6,2026-01-04T00:42:46+00:00,0,1,1.0,5.0,1.0,1.9459101490553132,1.0,1.0,1.0,0.0,0.0,0.0,0.0,0.0,0.0,0.0,1.0,0.0,1.0,0.0,0.0,0.0,0.0,1.0,0.0,0.0,0.0,0.0,0.0
python-attrs/attrs,849dbeecfa38c22dd774bf8642edfcff37e6e25f,2026-01-04T01:04:39+00:00,0,1,1.0,1.0,1.0,1.0986122886681098,1.0,1.0,1.0,0.0,0.0,0.0,0.0,0.0,0.0,0.0,1.0,0.0,1.0,0.0,1.0,0.0,0.0,2.0,1.0,0.0,0.0,0.0,0.0
python-attrs/attrs,c73e7c00ba834f084e5ef9fd05c7a0ee7a689c88,2026-01-05T15:42:28+00:00,0,1,6.0,15.0,15.0,3.4339872044851463,0.0,0.0,0.0,0.0,0.0,0.0,6.0,1.0,0.0,0.0,0.0,0.0,0.0,0.0,0.0,0.0,0.0,12.166666666666666,4.0,0.0,1.0,0.0,0.0
python-attrs/attrs,498b649f575df1bc7ef6794fd14c6df529670883,2026-01-05T15:46:14+00:00,0,1,4.0,281.0,279.0,6.329720905522696,0.0,1.0,1.0,0.0,0.0,0.0,3.0,1.0,0.0,0.0,1.0,0.0,1.0,0.0,0.0,0.0,0.0,11.25,100.0,0.0,1.0,0.0,0.0
python-attrs/attrs,085b4b44b00cdbc9950422898695b911a135c94f,2026-01-05T15:49:43+00:00,0,1,1.0,1.0,1.0,1.0986122886681098,0.0,0.0,0.0,0.0,0.0,0.0,1.0,0.0,0.0,0.0,0.0,0.0,1.0,0.0,0.0,0.0,0.0,9.0,101.0,0.0,1.0,0.0,0.0
python-attrs/attrs,28526a872ec882c69d5d30932c1a520ef2520309,2026-01-05T15:53:39+00:00,0,1,4.0,282.0,280.0,6.333279628139691,0.0,1.0,1.0,0.0,0.0,0.0,3.0,1.0,0.0,0.0,1.0,0.0,0.0,0.0,0.0,0.0,0.0,12.5,102.0,0.0,1.0,0.0,0.0
python-attrs/attrs,175edec3d5d47604f5ca8a0ff83d22cad3888e0a,2026-01-22T05:40:06+00:00,0,1,6.0,7.0,7.0,2.70805020110221,0.0,0.0,0.0,0.0,4.0,1.0,1.0,0.0,0.0,0.0,0.0,0.0,0.0,0.0,0.0,0.0,0.0,7.5,103.0,0.0,1.0,0.0,0.0
python-attrs/attrs,2d6da44be25395cdc96d71eee22fbe0c2d255448,2026-01-22T05:42:04+00:00,0,1,2.0,1.0,1.0,1.0986122886681098,0.0,0.0,0.0,0.0,2.0,0.0,0.0,0.0,0.0,0.0,0.0,1.0,0.0,0.0,0.0,0.0,0.0,0.5,104.0,0.0,1.0,0.0,0.0
python-attrs/attrs,9100a37d62071eb572ab52c6b9edd1282563e949,2026-01-22T05:55:49+00:00,0,1,5.0,562.0,411.0,6.881411303642535,0.0,1.0,1.0,0.0,0.0,0.0,4.0,1.0,0.0,0.0,1.0,0.0,1.0,0.0,0.0,0.0,0.0,16.4,105.0,0.0,1.0,0.0,0.0
python-attrs/attrs,587d15a000f3a889e1dbdd000087497e380f09b4,2026-01-22T06:10:54+00:00,0,1,5.0,562.0,411.0,6.881411303642535,0.0,1.0,1.0,0.0,0.0,0.0,4.0,1.0,0.0,0.0,1.0,0.0,0.0,0.0,0.0,0.0,0.0,17.4,106.0,0.0,1.0,0.0,0.0
python-attrs/attrs,e140354a11de334f14d5345b1ebbde4157e69def,2026-01-22T10:38:21+00:00,0,1,1.0,1.0,1.0,1.0986122886681098,0.0,0.0,0.0,0.0,1.0,0.0,0.0,0.0,0.0,0.0,0.0,1.0,0.0,0.0,0.0,0.0,0.0,1.0,107.0,0.0,1.0,0.0,0.0
python-attrs/attrs,51a1f1ef6d4b096d343e044c590fdad01bf190bd,2026-02-01T05:14:25+00:00,0,1,7.0,12.0,12.0,3.2188758248682006,0.0,0.0,0.0,0.0,0.0,0.0,7.0,1.0,0.0,0.0,0.0,0.0,1.0,0.0,0.0,0.0,0.0,13.285714285714286,5.0,0.0,1.0,0.0,0.0
python-attrs/attrs,b4d260c5bd01d9c3568c8dcfdc8d19796f09a751,2026-02-02T19:38:35+00:00,0,1,1.0,2.0,2.0,1.6094379124341003,0.0,0.0,0.0,0.0,0.0,0.0,1.0,0.0,0.0,0.0,0.0,0.0,1.0,0.0,0.0,0.0,0.0,20.0,7.0,0.0,1.0,0.0,0.0
python-attrs/attrs,85b9ac714ef634d62f59edd404f153ae5f01e2dc,2026-02-04T08:00:34+00:00,0,1,11.0,214.0,223.0,6.082218910376446,5.0,2.0,2.0,1.0,0.0,0.0,8.0,1.0,0.0,0.0,0.0,0.0,1.0,0.0,0.0,0.0,0.0,15.909090909090908,108.0,0.0,1.0,0.0,0.0
python-attrs/attrs,c44b8b0052ca3a4594219efa702129e1537d8966,2026-02-04T08:08:17+00:00,0,1,11.0,214.0,223.0,6.082218910376446,5.0,2.0,2.0,1.0,0.0,0.0,8.0,1.0,0.0,0.0,0.0,0.0,0.0,0.0,0.0,0.0,0.0,16.90909090909091,109.0,0.0,1.0,0.0,0.0
python-attrs/attrs,89cdc1fe3f5c1aca4b2acc7e0d60e3e4702edd09,2026-02-08T23:55:05+00:00,0,1,3.0,41.0,2.0,3.784189633918261,2.0,1.0,1.0,1.0,1.0,0.0,0.0,0.0,0.0,0.0,0.0,0.0,1.0,0.0,1.0,0.0,0.0,0.0,0.0,0.0,0.0,0.0,0.0
python-attrs/attrs,53e7a9c3d47ebe431e1c9ca18fda74902a189620,2026-02-10T16:41:38+00:00,0,1,1.0,1.0,1.0,1.0986122886681098,0.0,0.0,0.0,0.0,0.0,1.0,0.0,0.0,0.0,0.0,0.0,0.0,0.0,0.0,0.0,0.0,0.0,14.0,110.0,0.0,1.0,0.0,0.0
python-attrs/attrs,fb9ea679f92ae5c911a3fce644fff763da2ca02b,2026-02-10T17:59:45+00:00,0,1,2.0,2.0,2.0,1.6094379124341003,0.0,0.0,0.0,0.0,2.0,0.0,0.0,0.0,0.0,0.0,0.0,1.0,0.0,0.0,0.0,0.0,0.0,7.0,111.0,0.0,1.0,0.0,0.0
python-attrs/attrs,44301627de3ff3c8118e13d07ed68356bc8b6cf1,2026-02-12T02:54:25+00:00,0,1,1.0,1.0,1.0,1.0986122886681098,1.0,0.0,0.0,1.0,0.0,0.0,0.0,0.0,0.0,0.0,0.0,0.0,1.0,0.0,0.0,0.0,0.0,1.0,1.0,0.0,1.0,0.0,0.0
python-attrs/attrs,5754f241ec9a861c1f9edc9bafd5a1233ac32ac0,2026-02-12T02:56:15+00:00,0,1,1.0,3.0,2.0,1.791759469228055,1.0,0.0,0.0,1.0,0.0,0.0,0.0,0.0,0.0,0.0,0.0,0.0,1.0,0.0,1.0,0.0,0.0,1.0,8.0,0.0,0.0,0.0,0.0
python-attrs/attrs,9efd9122190502afdb7101e7e495de6993a8e06f,2026-02-19T09:38:43+00:00,0,1,2.0,9.0,1.0,2.3978952727983707,2.0,1.0,1.0,1.0,0.0,0.0,0.0,0.0,0.0,0.0,0.0,0.0,1.0,0.0,0.0,0.0,0.0,13.0,0.0,0.0,0.0,0.0,0.0
python-attrs/attrs,e27c582997752aec850699f577a138703a163371,2026-02-19T22:03:02+00:00,0,1,1.0,1.0,2.0,1.3862943611198906,1.0,1.0,1.0,0.0,0.0,0.0,0.0,0.0,0.0,0.0,1.0,0.0,1.0,0.0,0.0,0.0,0.0,25.0,1.0,0.0,1.0,0.0,0.0
python-attrs/attrs,fedc668fc97cad221799ffe24d6e7c8b243ec9f2,2026-02-19T22:05:01+00:00,0,1,1.0,1.0,2.0,1.3862943611198906,1.0,1.0,1.0,0.0,0.0,0.0,0.0,0.0,0.0,0.0,1.0,0.0,1.0,0.0,0.0,0.0,0.0,26.0,2.0,0.0,1.0,0.0,0.0
python-attrs/attrs,393c804121459015125fe220ebbbb378e013c80b,2026-02-19T22:16:25+00:00,0,1,1.0,5.0,4.0,2.302585092994046,1.0,1.0,1.0,0.0,0.0,0.0,0.0,0.0,0.0,0.0,1.0,0.0,1.0,0.0,0.0,0.0,0.0,27.0,3.0,0.0,0.0,0.0,0.0
python-attrs/attrs,937c1c27035fb2d643fd255a9e5723e452736d7a,2026-02-19T23:01:56+00:00,0,1,1.0,14.0,63.0,4.356708826689592,3.0,1.0,1.0,0.0,0.0,0.0,0.0,0.0,0.0,0.0,1.0,0.0,1.0,0.0,0.0,0.0,0.0,28.0,4.0,0.0,1.0,0.0,0.0
python-attrs/attrs,77da557148a3c851c02bde3509e6d4a0f8656109,2026-02-19T23:02:10+00:00,0,1,1.0,1.0,0.0,0.6931471805599453,0.0,1.0,1.0,0.0,0.0,0.0,0.0,0.0,0.0,0.0,1.0,0.0,1.0,0.0,1.0,0.0,0.0,28.0,9.0,0.0,0.0,0.0,0.0
python-attrs/attrs,ab9de616ef2690f1b2360f0b517917130104b1eb,2026-02-19T23:26:14+00:00,0,1,1.0,1.0,0.0,0.6931471805599453,0.0,1.0,1.0,0.0,0.0,0.0,0.0,0.0,0.0,0.0,1.0,0.0,1.0,1.0,0.0,0.0,0.0,30.0,5.0,0.0,0.0,0.0,0.0
python-attrs/attrs,2391242f33452347d5143714c370f7e6da478355,2026-02-19T23:45:29+00:00,0,1,1.0,4.0,6.0,2.3978952727983707,1.0,1.0,1.0,0.0,0.0,0.0,0.0,0.0,0.0,0.0,1.0,0.0,1.0,0.0,0.0,0.0,0.0,31.0,6.0,0.0,1.0,0.0,0.0
python-attrs/attrs,dd7a45f0845a0976d8b6bc23d4654e2979924abb,2026-02-20T00:19:09+00:00,0,1,1.0,8.0,3.0,2.4849066497880004,1.0,1.0,1.0,0.0,0.0,0.0,0.0,0.0,0.0,0.0,1.0,0.0,1.0,0.0,0.0,0.0,0.0,32.0,7.0,0.0,1.0,0.0,0.0
python-attrs/attrs,ef378ac06e5c121e55a29ba32e8ab1964f63389c,2026-02-20T00:19:20+00:00,0,1,1.0,4.0,2.0,1.9459101490553132,1.0,1.0,1.0,0.0,0.0,0.0,0.0,0.0,0.0,0.0,1.0,0.0,1.0,0.0,1.0,0.0,0.0,32.0,10.0,0.0,0.0,0.0,0.0
python-attrs/attrs,35e023f2e1b78a7912452b83b6c488640a970e56,2026-02-20T00:32:14+00:00,0,1,0.0,0.0,0.0,0.0,0.0,0.0,0.0,0.0,0.0,0.0,0.0,0.0,0.0,0.0,0.0,0.0,1.0,1.0,0.0,0.0,0.0,0.0,8.0,0.0,0.0,0.0,0.0
python-attrs/attrs,9729fe48b2a305da56c518c930daa2ca02bf5f52,2026-02-20T00:32:24+00:00,0,1,1.0,5.0,2.0,2.0794415416798357,1.0,1.0,1.0,0.0,0.0,0.0,0.0,0.0,0.0,0.0,1.0,0.0,1.0,0.0,1.0,0.0,0.0,34.0,11.0,0.0,0.0,0.0,0.0
python-attrs/attrs,a8bf98ca5117962c31911b51c4b4053e3960657d,2026-02-20T07:48:14+00:00,0,1,1.0,2.0,1.0,1.3862943611198906,1.0,1.0,1.0,0.0,0.0,0.0,0.0,0.0,0.0,0.0,1.0,0.0,1.0,0.0,1.0,0.0,0.0,0.0,0.0,0.0,1.0,0.0,0.0
python-attrs/attrs,e733ed24aa5eee18c82931a2935bd73e96d9ceb6,2026-02-20T07:49:29+00:00,0,1,1.0,3.0,0.0,1.3862943611198906,1.0,1.0,1.0,0.0,0.0,0.0,0.0,0.0,0.0,0.0,1.0,0.0,1.0,0.0,1.0,0.0,0.0,0.0,0.0,0.0,1.0,0.0,0.0
python-attrs/attrs,7b54668bf3f4a085406ffcfc23eaae4094420953,2026-02-20T21:21:40+00:00,0,1,1.0,4.0,0.0,1.6094379124341003,1.0,1.0,1.0,0.0,0.0,0.0,0.0,0.0,0.0,0.0,1.0,0.0,1.0,0.0,0.0,0.0,0.0,35.0,9.0,0.0,1.0,0.0,0.0
python-attrs/attrs,d16cb2db87c4a8e38666fa51f1c595d3fb32ddfb,2026-02-20T21:25:19+00:00,0,1,1.0,1.0,0.0,0.6931471805599453,0.0,0.0,0.0,0.0,1.0,0.0,0.0,0.0,0.0,0.0,0.0,1.0,1.0,0.0,0.0,0.0,0.0,0.0,10.0,0.0,1.0,0.0,0.0
python-attrs/attrs,a22429906144b2be9aa3f6789bfe3353596619c3,2026-02-21T11:29:04+00:00,0,1,2.0,77.0,5.0,4.418840607796598,0.0,0.0,0.0,0.0,2.0,0.0,2.0,1.0,0.0,0.0,0.0,1.0,1.0,0.0,0.0,0.0,0.0,0.5,112.0,0.0,1.0,0.0,0.0
python-attrs/attrs,b89a0f8a046487559c77f4cfc0d549ff90d43401,2026-02-21T11:51:55+00:00,0,1,1.0,1.0,1.0,1.0986122886681098,0.0,0.0,0.0,0.0,1.0,0.0,1.0,1.0,0.0,0.0,0.0,1.0,1.0,0.0,0.0,0.0,0.0,1.0,113.0,0.0,1.0,0.0,0.0
python-attrs/attrs,abe1259b46457b251966b7e27f4899601d583803,2026-02-21T14:27:07+00:00,0,1,1.0,3.0,3.0,1.9459101490553132,0.0,0.0,0.0,0.0,1.0,0.0,1.0,1.0,0.0,0.0,0.0,1.0,1.0,0.0,0.0,0.0,0.0,2.0,114.0,0.0,1.0,0.0,0.0
python-attrs/attrs,41c70646602a7ef28264f15e806e7a6e457782f4,2026-02-21T15:32:16+00:00,0,1,1.0,2.0,0.0,1.0986122886681098,0.0,0.0,0.0,0.0,1.0,0.0,1.0,1.0,0.0,0.0,0.0,1.0,1.0,0.0,0.0,0.0,0.0,3.0,115.0,0.0,1.0,0.0,0.0
python-attrs/attrs,97432db1abbd8d58f1b9712efc6580b7f613f625,2026-02-21T19:06:07+00:00,0,1,2.0,79.0,5.0,4.442651256490317,0.0,0.0,0.0,0.0,2.0,0.0,2.0,1.0,0.0,0.0,0.0,1.0,0.0,0.0,0.0,0.0,0.0,3.0,116.0,0.0,1.0,0.0,0.0
python-attrs/attrs,6468b669abd8c5f00bf7866e7deb311f99800a8b,2026-02-22T07:10:17+00:00,0,1,1.0,9.0,12.0,3.091042453358316,0.0,0.0,0.0,0.0,1.0,0.0,1.0,1.0,0.0,0.0,0.0,1.0,0.0,0.0,0.0,0.0,0.0,2.0,117.0,0.0,1.0,0.0,0.0
python-attrs/attrs,384267d742ab817af7393e08fc72789eedc46dcf,2026-02-22T11:51:56+00:00,0,1,1.0,3.0,3.0,1.9459101490553132,0.0,0.0,0.0,0.0,1.0,0.0,1.0,1.0,0.0,0.0,0.0,1.0,0.0,0.0,0.0,0.0,0.0,3.0,118.0,0.0,1.0,0.0,0.0
python-attrs/attrs,c824181ac411a5ba6caa344d64174bff81d618b7,2026-02-22T21:55:06+00:00,0,1,1.0,2.0,1.0,1.3862943611198906,0.0,0.0,0.0,1.0,0.0,0.0,0.0,0.0,0.0,0.0,0.0,0.0,1.0,1.0,0.0,0.0,0.0,3.0,11.0,0.0,0.0,0.0,0.0
python-attrs/attrs,672bfb7c401f4f2c23d260a5116f12d12d6b442d,2026-02-22T22:04:43+00:00,0,1,1.0,2.0,1.0,1.3862943611198906,0.0,0.0,0.0,1.0,0.0,0.0,0.0,0.0,0.0,0.0,0.0,0.0,1.0,0.0,1.0,0.0,0.0,4.0,12.0,0.0,0.0,0.0,0.0
python-attrs/attrs,476dcbd01695cfc0ab2fde914f683083b222e67a,2026-02-23T02:02:10+00:00,0,1,1.0,3.0,2.0,1.791759469228055,1.0,0.0,0.0,1.0,0.0,0.0,0.0,0.0,0.0,0.0,0.0,0.0,1.0,0.0,1.0,0.0,0.0,3.0,13.0,0.0,0.0,0.0,0.0
python-attrs/attrs,46354916414ae32050818fa5e7532f5fa72278db,2026-02-23T09:06:28+00:00,0,1,1.0,1.0,0.0,0.6931471805599453,0.0,0.0,0.0,0.0,1.0,0.0,0.0,0.0,0.0,0.0,0.0,1.0,0.0,0.0,0.0,0.0,0.0,9.0,119.0,0.0,1.0,0.0,0.0
python-attrs/attrs,a31031bd551cfd6a08b725c2d41bed85417e1734,2026-02-23T13:44:46+00:00,0,1,1.0,2.0,1.0,1.3862943611198906,0.0,0.0,0.0,1.0,0.0,0.0,0.0,0.0,0.0,0.0,0.0,0.0,1.0,0.0,1.0,0.0,0.0,5.0,14.0,0.0,0.0,0.0,0.0
python-attrs/attrs,9ee0dd906fa7f4f40308803d9c0a9a6211743b60,2026-02-23T13:46:12+00:00,0,1,6.0,32.0,17.0,3.912023005428146,6.0,2.0,2.0,3.0,3.0,0.0,0.0,0.0,0.0,0.0,0.0,0.0,1.0,0.0,1.0,0.0,0.0,6.833333333333333,14.0,0.0,0.0,0.0,0.0
python-attrs/attrs,ebb6f6aab125a474193e0510e6ff0e1d8609f9a1,2026-02-24T07:33:08+00:00,0,1,3.0,41.0,2.0,3.784189633918261,2.0,1.0,1.0,1.0,1.0,0.0,0.0,0.0,0.0,0.0,0.0,0.0,1.0,0.0,1.0,0.0,0.0,2.0,2.0,0.0,0.0,0.0,0.0
python-attrs/attrs,a52d6bb863678f72d47bf12f5be3a01bc05cdd29,2026-02-24T23:51:29+00:00,0,1,1.0,3.0,0.0,1.3862943611198906,0.0,0.0,0.0,0.0,1.0,0.0,0.0,0.0,0.0,0.0,0.0,1.0,1.0,0.0,0.0,0.0,0.0,2.0,12.0,0.0,1.0,0.0,0.0
python-attrs/attrs,9c47711924174f25d7a0369a71c511ec0c7a5d82,2026-02-25T04:03:59+00:00,0,1,1.0,2.0,1.0,1.3862943611198906,0.0,1.0,1.0,0.0,0.0,0.0,0.0,0.0,0.0,0.0,1.0,0.0,1.0,0.0,0.0,0.0,0.0,1.0,13.0,0.0,0.0,0.0,0.0
python-attrs/attrs,8e2ebecbc75c71a35099f7729930c4479cd1a4c4,2026-02-25T18:45:12+00:00,0,1,1.0,9.0,1.0,2.3978952727983707,0.0,0.0,0.0,0.0,1.0,0.0,0.0,0.0,0.0,0.0,0.0,1.0,1.0,0.0,0.0,0.0,0.0,0.0,0.0,0.0,1.0,0.0,0.0
python-attrs/attrs,568502ef3cf5b94c3abdd8a2fd181e950504c3b7,2026-02-25T18:51:12+00:00,0,1,1.0,34.0,38.0,4.290459441148391,2.0,0.0,0.0,1.0,0.0,0.0,0.0,0.0,0.0,0.0,0.0,0.0,1.0,0.0,0.0,0.0,0.0,7.0,14.0,0.0,0.0,0.0,0.0
python-attrs/attrs,16e1e317ef22d089e8c8b28f75371bfd7a5da9d2,2026-02-25T18:51:21+00:00,0,1,2.0,1.0,1.0,1.0986122886681098,1.0,1.0,1.0,1.0,0.0,0.0,0.0,0.0,0.0,0.0,0.0,0.0,1.0,0.0,1.0,0.0,0.0,22.0,16.0,0.0,0.0,0.0,0.0
python-attrs/attrs,29245974da56b77cb6b24ba5475d8657e886a0b2,2026-02-25T22:42:38+00:00,0,1,1.0,1.0,0.0,0.6931471805599453,1.0,1.0,1.0,0.0,0.0,0.0,0.0,0.0,0.0,0.0,1.0,0.0,1.0,1.0,0.0,0.0,0.0,38.0,15.0,0.0,0.0,0.0,0.0
python-attrs/attrs,2281e4ba3ebc46ed3a09cd4bde16e5b2dbc8153d,2026-02-25T22:42:48+00:00,0,1,1.0,1.0,4.0,1.791759469228055,0.0,0.0,0.0,1.0,0.0,0.0,0.0,0.0,0.0,0.0,0.0,0.0,1.0,0.0,1.0,0.0,0.0,9.0,17.0,0.0,0.0,0.0,0.0
python-attrs/attrs,ce4a042f3f916dcaa1a388b9f0930033af6a02c9,2026-03-02T14:58:14+00:00,0,1,7.0,195.0,21.0,5.37989735354046,18.0,1.0,1.0,4.0,2.0,0.0,0.0,0.0,0.0,0.0,0.0,0.0,1.0,0.0,0.0,0.0,0.0,8.571428571428571,120.0,0.0,0.0,0.0,0.0
python-attrs/attrs,4269ba7eaf6898bf084824c57c33fdda4105661d,2026-03-02T15:04:48+00:00,0,1,1.0,1.0,1.0,1.0986122886681098,0.0,0.0,0.0,0.0,1.0,0.0,0.0,0.0,0.0,0.0,0.0,1.0,1.0,0.0,1.0,0.0,0.0,3.0,121.0,0.0,1.0,0.0,0.0
python-attrs/attrs,853d78e34de57aa2ecedd933c1b83ee0781b88af,2026-03-02T15:09:09+00:00,0,1,1.0,1.0,1.0,1.0986122886681098,0.0,0.0,0.0,0.0,0.0,0.0,1.0,0.0,0.0,0.0,0.0,0.0,0.0,0.0,0.0,0.0,0.0,11.0,122.0,0.0,1.0,0.0,0.0
python-attrs/attrs,9e96d0049fecd6560ba271b4e54497e2eddd8b7c,2026-03-02T16:29:38+00:00,0,1,6.0,412.0,401.0,6.70196036600254,0.0,1.0,1.0,0.0,0.0,0.0,5.0,1.0,0.0,0.0,1.0,0.0,1.0,0.0,0.0,0.0,0.0,19.5,123.0,0.0,1.0,0.0,0.0
python-attrs/attrs,18508e6b5bb26898588019a4155a6b6a1dcd3c33,2026-03-02T20:16:47+00:00,0,1,1.0,1.0,1.0,1.0986122886681098,0.0,0.0,0.0,0.0,0.0,0.0,1.0,0.0,0.0,0.0,0.0,0.0,1.0,0.0,0.0,0.0,0.0,24.0,18.0,0.0,1.0,0.0,0.0
python-attrs/attrs,2173fc7049f7ea938b754e2563959d3c902dfaf4,2026-03-02T20:54:41+00:00,0,1,5.0,411.0,400.0,6.699500340161678,0.0,1.0,1.0,0.0,0.0,0.0,4.0,1.0,0.0,0.0,1.0,0.0,0.0,0.0,0.0,0.0,0.0,19.8,124.0,0.0,0.0,0.0,0.0
python-attrs/attrs,92f78e951782d2fa7d542e3b0aade515259b329c,2026-03-03T05:49:42+00:00,0,1,4.0,408.0,397.0,6.692083742506628,0.0,1.0,1.0,0.0,0.0,0.0,3.0,1.0,0.0,0.0,1.0,0.0,1.0,1.0,0.0,0.0,0.0,20.5,125.0,0.0,0.0,0.0,0.0
python-attrs/attrs,f3bcc37c3d2dc3199715f825a86b748c3b3805f9,2026-03-04T05:39:50+00:00,0,1,1.0,1.0,1.0,1.0986122886681098,0.0,0.0,0.0,0.0,1.0,0.0,1.0,1.0,0.0,0.0,0.0,1.0,0.0,0.0,0.0,0.0,0.0,5.0,126.0,0.0,1.0,0.0,0.0
python-attrs/attrs,0ce90dd8c0e8ad40e5aea979c2a311a2cf22d4d4,2026-03-05T17:36:06+00:00,0,1,1.0,4.0,0.0,1.6094379124341003,0.0,0.0,0.0,0.0,1.0,0.0,0.0,0.0,0.0,0.0,0.0,1.0,1.0,0.0,0.0,0.0,0.0,0.0,0.0,0.0,1.0,0.0,0.0
python-attrs/attrs,64e82918fcb51d92cfcc1697960e2f997d784047,2026-03-06T04:13:30+00:00,0,1,1.0,152.0,0.0,5.030437921392435,0.0,1.0,1.0,0.0,0.0,0.0,0.0,0.0,0.0,0.0,1.0,0.0,1.0,0.0,0.0,0.0,0.0,25.0,16.0,0.0,0.0,0.0,0.0
python-attrs/attrs,6a690d58e2d6dab81b3885673b89027024e8c574,2026-03-06T04:13:41+00:00,0,1,4.0,7.0,9.0,2.833213344056216,1.0,1.0,1.0,3.0,2.0,0.0,0.0,0.0,0.0,0.0,0.0,0.0,1.0,0.0,1.0,0.0,0.0,13.0,19.0,0.0,0.0,0.0,0.0
python-attrs/attrs,1bc10d65305fb3c06954ee960270c578a1357196,2026-03-07T07:55:37+00:00,0,1,8.0,414.0,403.0,6.706862336602747,0.0,1.0,1.0,0.0,1.0,0.0,7.0,1.0,0.0,0.0,1.0,0.0,1.0,1.0,1.0,0.0,0.0,19.0,127.0,0.0,1.0,0.0,0.0
python-attrs/attrs,b0ef2491e7583e3620d4d77e4568fbbc0df123ed,2026-03-07T08:00:34+00:00,0,1,1.0,1.0,1.0,1.0986122886681098,1.0,1.0,1.0,0.0,0.0,0.0,0.0,0.0,0.0,0.0,1.0,0.0,1.0,0.0,0.0,0.0,0.0,41.0,128.0,0.0,1.0,0.0,0.0
python-attrs/attrs,862696afb52fb7c0d47d45e05ec4feb844c11001,2026-03-07T09:22:36+00:00,0,1,7.0,301.0,9.0,5.739792912179234,24.0,1.0,1.0,4.0,2.0,0.0,0.0,0.0,0.0,0.0,0.0,0.0,0.0,0.0,0.0,0.0,0.0,10.0,0.0,0.0,1.0,0.0,0.0
python-attrs/attrs,f1c33a9ccb4235cf4a85410d56a036cb1d54c500,2026-03-07T22:26:34+00:00,0,1,4.0,7.0,9.0,2.833213344056216,1.0,1.0,1.0,3.0,2.0,0.0,0.0,0.0,0.0,0.0,0.0,0.0,1.0,1.0,0.0,0.0,0.0,14.5,17.0,0.0,0.0,0.0,0.0
python-attrs/attrs,3aa846f3d5685a9348556d9659adee7a44e1c918,2026-03-07T22:26:45+00:00,0,1,1.0,1.0,0.0,0.6931471805599453,1.0,1.0,1.0,0.0,0.0,0.0,0.0,0.0,0.0,0.0,1.0,0.0,1.0,0.0,1.0,0.0,0.0,43.0,20.0,0.0,0.0,0.0,0.0
python-attrs/attrs,e52dea485e670e3eb320edd1f06c2badd7c2d928,2026-03-08T01:52:38+00:00,0,1,7.0,301.0,9.0,5.739792912179234,24.0,1.0,1.0,4.0,2.0,0.0,0.0,0.0,0.0,0.0,0.0,0.0,1.0,0.0,0.0,0.0,0.0,11.285714285714286,1.0,0.0,0.0,0.0,0.0
python-attrs/attrs,27a723e7d49d7333a7c5185ee9b42daf8a19d262,2026-03-08T01:52:46+00:00,0,1,5.0,10.0,10.0,3.044522437723423,1.0,2.0,2.0,3.0,2.0,0.0,0.0,0.0,0.0,0.0,0.0,0.0,1.0,0.0,1.0,0.0,0.0,11.8,21.0,0.0,0.0,0.0,0.0
python-attrs/attrs,c03ebd58aea182a7f204b49f51b4daafd0fb8392,2026-03-08T01:53:42+00:00,0,1,1.0,3.0,1.0,1.6094379124341003,0.0,1.0,1.0,0.0,0.0,0.0,0.0,0.0,0.0,0.0,1.0,0.0,1.0,0.0,1.0,0.0,0.0,2.0,18.0,0.0,0.0,0.0,0.0
python-attrs/attrs,78a58586ae9e6eef43a561870e588f20d03e86fd,2026-03-08T01:53:58+00:00,0,1,5.0,10.0,10.0,3.044522437723423,1.0,2.0,2.0,3.0,2.0,0.0,0.0,0.0,0.0,0.0,0.0,0.0,1.0,0.0,1.0,0.0,0.0,11.8,21.0,0.0,0.0,0.0,0.0
python-attrs/attrs,86739d58a8ce13c7574d598fb0e36b5a3c8989cb,2026-03-08T01:55:09+00:00,0,1,5.0,11.0,9.0,3.044522437723423,1.0,2.0,2.0,3.0,2.0,0.0,0.0,0.0,0.0,0.0,0.0,0.0,1.0,0.0,1.0,0.0,0.0,13.0,18.0,0.0,0.0,0.0,0.0
python-attrs/attrs,44085a63fe9c039935e00061fed9a3b7633db862,2026-03-08T06:50:02+00:00,0,1,1.0,63.0,53.0,4.762173934797756,2.0,0.0,0.0,0.0,1.0,0.0,0.0,0.0,0.0,0.0,0.0,1.0,1.0,0.0,0.0,0.0,0.0,1.0,129.0,0.0,1.0,0.0,0.0
python-attrs/attrs,310877644d6f718546ee27081203198d862b4482,2026-03-08T06:51:00+00:00,0,1,1.0,1.0,1.0,1.0986122886681098,0.0,0.0,0.0,0.0,1.0,0.0,0.0,0.0,0.0,0.0,0.0,1.0,1.0,0.0,0.0,0.0,0.0,1.0,129.0,0.0,0.0,0.0,0.0
python-attrs/attrs,a0297121aa33d7600792b19e066ba53f0681dfad,2026-03-08T07:50:39+00:00,0,1,1.0,9.0,10.0,2.995732273553991,1.0,0.0,0.0,0.0,1.0,0.0,0.0,0.0,0.0,0.0,0.0,1.0,1.0,0.0,0.0,0.0,0.0,3.0,131.0,0.0,1.0,0.0,0.0
python-attrs/attrs,9437a21ee137a47e0c04e269e2b43a3116b0bf59,2026-03-08T07:50:48+00:00,0,1,1.0,1.0,1.0,1.0986122886681098,0.0,0.0,0.0,0.0,1.0,0.0,0.0,0.0,0.0,0.0,0.0,1.0,1.0,0.0,1.0,0.0,0.0,3.0,23.0,0.0,0.0,0.0,0.0
python-attrs/attrs,07c5ef1c77b76bf85f0d580d009b98a726f29c16,2026-03-08T09:20:05+00:00,0,1,1.0,2.0,2.0,1.6094379124341003,0.0,0.0,0.0,0.0,0.0,0.0,1.0,1.0,0.0,0.0,0.0,0.0,1.0,0.0,1.0,0.0,0.0,23.0,132.0,0.0,1.0,0.0,0.0
python-attrs/attrs,6b09ba9e760413141550a65082a101eeb5aec5fb,2026-03-08T09:22:16+00:00,0,1,1.0,1.0,1.0,1.0986122886681098,0.0,0.0,0.0,0.0,1.0,0.0,0.0,0.0,0.0,0.0,0.0,1.0,1.0,0.0,1.0,0.0,0.0,5.0,133.0,0.0,1.0,0.0,0.0
python-attrs/attrs,65cdc93617b913ace652f192f52ac4db04a17ec1,2026-03-08T09:40:42+00:00,0,1,1.0,3.0,3.0,1.9459101490553132,1.0,0.0,0.0,0.0,1.0,0.0,0.0,0.0,0.0,0.0,0.0,1.0,1.0,0.0,0.0,0.0,0.0,6.0,134.0,0.0,1.0,0.0,0.0
python-attrs/attrs,21a1028e2ff0566bc2a77d9c3f0741f02119ad26,2026-03-08T09:55:01+00:00,0,1,1.0,2.0,2.0,1.6094379124341003,0.0,0.0,0.0,0.0,0.0,0.0,1.0,1.0,0.0,0.0,0.0,0.0,0.0,0.0,1.0,0.0,0.0,24.0,135.0,0.0,1.0,0.0,0.0
python-attrs/attrs,0e4c46f959399a551393d1d463180b37e90b2ab3,2026-03-08T10:25:46+00:00,0,1,1.0,16.0,9.0,3.258096538021482,1.0,0.0,0.0,0.0,1.0,0.0,0.0,0.0,0.0,0.0,0.0,1.0,1.0,0.0,0.0,0.0,0.0,7.0,136.0,0.0,0.0,0.0,0.0
python-attrs/attrs,cde866896d41457d05e2955b22b293f14e6fbfd8,2026-03-08T10:51:56+00:00,0,1,1.0,12.0,13.0,3.258096538021482,1.0,0.0,0.0,0.0,1.0,0.0,0.0,0.0,0.0,0.0,0.0,1.0,1.0,0.0,0.0,0.0,0.0,8.0,137.0,0.0,1.0,0.0,0.0
python-attrs/attrs,03ddbf433ccdd165abb33663aff53cc3700d1848,2026-03-08T13:25:33+00:00,0,1,1.0,3.0,1.0,1.6094379124341003,1.0,0.0,0.0,0.0,1.0,0.0,0.0,0.0,0.0,0.0,0.0,1.0,1.0,0.0,0.0,0.0,0.0,9.0,138.0,0.0,1.0,0.0,0.0
python-attrs/attrs,65964fc4acf0b03e8578464af04b3342a835303c,2026-03-08T13:29:55+00:00,0,1,1.0,73.0,58.0,4.882801922586371,3.0,0.0,0.0,0.0,1.0,0.0,0.0,0.0,0.0,0.0,0.0,1.0,0.0,0.0,0.0,0.0,0.0,10.0,139.0,0.0,1.0,0.0,0.0
python-attrs/attrs,058d7324938085c7a7c09537c92d3980d68c643b,2026-03-08T18:34:45+00:00,0,1,1.0,3.0,3.0,1.9459101490553132,0.0,0.0,0.0,0.0,1.0,0.0,1.0,1.0,0.0,0.0,0.0,1.0,0.0,0.0,0.0,0.0,0.0,7.0,140.0,0.0,1.0,0.0,0.0
python-attrs/attrs,928465a09c508916a7ceb4655a9312accdcc5092,2026-03-08T18:43:01+00:00,0,1,1.0,1.0,1.0,1.0986122886681098,0.0,0.0,0.0,0.0,1.0,0.0,1.0,1.0,0.0,0.0,0.0,1.0,0.0,0.0,0.0,0.0,0.0,8.0,141.0,0.0,1.0,0.0,0.0
python-attrs/attrs,260eac39e7cc1ce19161ca17deab05fd862e1f58,2026-03-12T01:23:08+00:00,0,1,5.0,11.0,9.0,3.044522437723423,1.0,2.0,2.0,3.0,2.0,0.0,0.0,0.0,0.0,0.0,0.0,0.0,1.0,0.0,1.0,0.0,0.0,15.2,20.0,0.0,0.0,0.0,0.0
python-attrs/attrs,7fe7c8c05fdb1f744689c16dde782d5aa3943793,2026-03-14T11:45:10+00:00,0,1,2.0,14.0,5.0,2.995732273553991,0.0,0.0,0.0,0.0,2.0,0.0,2.0,1.0,0.0,0.0,0.0,1.0,1.0,0.0,0.0,0.0,0.0,3.5,142.0,0.0,1.0,0.0,0.0
python-attrs/attrs,ec18e47c662714ab27140e27afe9eac57b487154,2026-03-14T11:45:48+00:00,0,1,2.0,14.0,5.0,2.995732273553991,0.0,0.0,0.0,0.0,2.0,0.0,2.0,1.0,0.0,0.0,0.0,1.0,1.0,0.0,0.0,0.0,0.0,3.5,142.0,0.0,1.0,0.0,0.0
python-attrs/attrs,e92fe52dfe1eb07167e6473724c5a8ada978add0,2026-03-14T11:58:53+00:00,0,1,2.0,14.0,5.0,2.995732273553991,0.0,0.0,0.0,0.0,2.0,0.0,2.0,1.0,0.0,0.0,0.0,1.0,0.0,0.0,0.0,0.0,0.0,5.5,144.0,0.0,1.0,0.0,0.0
python-attrs/attrs,e015513aa83e0a1092986cd7e88f03702e8416b2,2026-03-14T12:42:37+00:00,0,1,28.0,1257.0,714.0,7.586803535162581,33.0,2.0,3.0,5.0,10.0,1.0,12.0,1.0,0.0,0.0,0.0,0.0,1.0,1.0,0.0,0.0,0.0,13.0,145.0,0.0,1.0,0.0,0.0
python-attrs/attrs,e0a6b93efdc58d8b959c172de66b4c67f64cb629,2026-03-14T13:02:05+00:00,0,1,2.0,2.0,6.0,2.1972245773362196,1.0,1.0,1.0,0.0,1.0,0.0,0.0,0.0,0.0,0.0,1.0,0.0,1.0,0.0,0.0,0.0,0.0,1.5,146.0,0.0,0.0,0.0,0.0
python-attrs/attrs,eccd966d80aff5196efc959316961cfa780439f9,2026-03-14T13:06:38+00:00,0,1,3.0,11.0,1.0,2.5649493574615367,2.0,2.0,2.0,0.0,1.0,0.0,0.0,0.0,0.0,0.0,1.0,0.0,0.0,0.0,1.0,0.0,0.0,2.6666666666666665,2.0,0.0,1.0,0.0,0.0
python-attrs/attrs,ce89f5d11feb0805da9ed10bb165238cc959f1bb,2026-03-14T13:14:18+00:00,0,1,2.0,14.0,7.0,3.091042453358316,3.0,1.0,1.0,1.0,0.0,0.0,0.0,0.0,0.0,0.0,0.0,0.0,0.0,0.0,1.0,0.0,0.0,2.5,147.0,0.0,1.0,0.0,0.0
python-attrs/attrs,ab7f8b2f4c0f747d5b1575247ce35e5adaad182e,2026-03-14T13:18:29+00:00,0,1,7.0,315.0,295.0,6.415096959171596,0.0,1.0,1.0,0.0,0.0,0.0,6.0,1.0,0.0,0.0,1.0,0.0,0.0,0.0,0.0,0.0,0.0,21.571428571428573,148.0,0.0,1.0,0.0,0.0
python-attrs/attrs,27837f2e2400d50c60ef8f9c87968bfacece6cea,2026-03-14T13:57:30+00:00,0,1,26.0,1060.0,624.0,7.429520842786462,32.0,3.0,5.0,4.0,8.0,0.0,12.0,1.0,0.0,0.0,0.0,0.0,1.0,1.0,1.0,0.0,0.0,14.346153846153847,149.0,0.0,1.0,0.0,0.0
python-attrs/attrs,dbf4a0ef0ebf0e4d12d9efb3547dc12904f3c68b,2026-03-14T14:01:13+00:00,0,1,1.0,16.0,0.0,2.833213344056216,1.0,0.0,0.0,1.0,0.0,0.0,0.0,0.0,0.0,0.0,0.0,0.0,1.0,0.0,0.0,0.0,0.0,0.0,150.0,0.0,0.0,0.0,0.0
python-attrs/attrs,91f3695fe70a6d58c95660addd5ef8d46bfebd61,2026-03-14T14:10:03+00:00,0,1,1.0,1.0,0.0,0.6931471805599453,1.0,1.0,1.0,0.0,0.0,0.0,0.0,0.0,0.0,0.0,1.0,0.0,1.0,0.0,0.0,0.0,0.0,1.0,151.0,0.0,1.0,0.0,0.0
python-attrs/attrs,af9c510912ce604a94896cc35c27368d5baf6ae6,2026-03-14T14:26:06+00:00,0,1,3.0,20.0,1.0,3.091042453358316,2.0,1.0,1.0,1.0,1.0,0.0,0.0,0.0,0.0,0.0,0.0,0.0,0.0,0.0,1.0,0.0,0.0,1.0,2.0,0.0,1.0,0.0,0.0
python-attrs/attrs,a572c3a4c558a8b9b48cf989fcd956ab1a279439,2026-03-14T14:35:56+00:00,0,1,3.0,12.0,1.0,2.6390573296152584,2.0,1.0,1.0,1.0,1.0,0.0,0.0,0.0,0.0,0.0,0.0,0.0,0.0,0.0,0.0,0.0,0.0,18.0,152.0,0.0,1.0,0.0,0.0
python-attrs/attrs,3a68d4913221abc6f8ad3be50937f7ae49300a98,2026-03-14T14:52:09+00:00,0,1,1.0,15.0,1.0,2.833213344056216,0.0,0.0,0.0,0.0,1.0,0.0,1.0,1.0,0.0,0.0,0.0,1.0,0.0,0.0,0.0,0.0,0.0,9.0,153.0,0.0,1.0,0.0,0.0
python-attrs/attrs,71d4f1d362761e60b01e8297a705ad577a79ae7c,2026-03-14T15:19:27+00:00,0,1,6.0,37.0,11.0,3.8918202981106265,6.0,1.0,2.0,2.0,2.0,0.0,1.0,0.0,0.0,0.0,0.0,0.0,1.0,0.0,0.0,0.0,0.0,14.166666666666666,154.0,0.0,1.0,0.0,0.0
python-attrs/attrs,b13a7056c5f407abbd9f3e572ee48ad65afce91c,2026-03-14T15:19:58+00:00,0,1,2.0,1.0,1.0,1.0986122886681098,0.0,0.0,0.0,0.0,2.0,0.0,0.0,0.0,0.0,0.0,0.0,1.0,1.0,0.0,1.0,0.0,0.0,0.0,154.0,0.0,0.0,0.0,0.0
python-attrs/attrs,48b8611c27779811d161200e17de8da24aae7feb,2026-03-14T17:54:06+00:00,0,1,6.0,37.0,11.0,3.8918202981106265,6.0,1.0,2.0,2.0,2.0,0.0,1.0,0.0,0.0,0.0,0.0,0.0,0.0,0.0,0.0,0.0,0.0,15.166666666666666,156.0,0.0,1.0,0.0,0.0
python-attrs/attrs,5cd0fac89fd4d8a45d3328124f0a581252eae688,2026-03-18T13:49:43+00:00,0,1,1.0,8.0,4.0,2.5649493574615367,1.0,0.0,0.0,1.0,0.0,0.0,0.0,0.0,0.0,0.0,0.0,0.0,1.0,0.0,0.0,0.0,0.0,2.0,0.0,0.0,1.0,0.0,0.0
python-attrs/attrs,31e02869da10824b492c378c1dc87ccc720ee5ad,2026-03-18T14:01:14+00:00,0,1,1.0,8.0,4.0,2.5649493574615367,1.0,0.0,0.0,1.0,0.0,0.0,0.0,0.0,0.0,0.0,0.0,0.0,0.0,0.0,0.0,0.0,0.0,3.0,1.0,0.0,1.0,0.0,0.0
python-attrs/attrs,7bfc49e9b22d5ba25b6e429524c3d49fee27cb36,2026-03-19T14:06:16+00:00,0,2,6.0,21.0,6.0,3.332204510175204,0.0,0.0,0.0,0.0,6.0,0.0,0.0,0.0,0.0,0.0,0.0,1.0,0.0,0.0,0.0,0.0,0.0,2.1666666666666665,157.0,0.0,1.0,0.0,0.0
python-attrs/attrs,caae397b596cab0e58b23eb83de3894581033e1e,2026-03-19T14:15:22+00:00,0,1,1.0,2.0,2.0,1.6094379124341003,0.0,0.0,0.0,0.0,1.0,0.0,1.0,1.0,0.0,0.0,0.0,1.0,0.0,0.0,0.0,0.0,0.0,8.0,158.0,0.0,1.0,0.0,0.0
python-attrs/attrs,25b74d6a4274d938b1ef15a4df658ad5d2c92310,2026-03-19T15:07:41+00:00,0,1,1.0,8.0,0.0,2.1972245773362196,0.0,0.0,0.0,0.0,1.0,0.0,0.0,0.0,0.0,0.0,0.0,1.0,0.0,0.0,0.0,0.0,0.0,2.0,159.0,0.0,1.0,0.0,0.0
python-attrs/attrs,3203360d5abf5d645429259fa87270965e8786dc,2026-03-27T08:21:28+00:00,0,1,1.0,2.0,2.0,1.6094379124341003,0.0,0.0,0.0,0.0,1.0,0.0,0.0,0.0,0.0,0.0,0.0,1.0,1.0,0.0,0.0,0.0,0.0,3.0,0.0,0.0,1.0,0.0,0.0
python-attrs/attrs,3f891cfca9c58a293795677d4e840dcac3fa5979,2026-03-27T08:32:48+00:00,0,1,1.0,1.0,2.0,1.3862943611198906,0.0,0.0,0.0,0.0,1.0,0.0,0.0,0.0,0.0,0.0,0.0,1.0,1.0,0.0,0.0,0.0,0.0,4.0,1.0,0.0,1.0,0.0,0.0
python-attrs/attrs,162a1093ae9d09ce37c10659c1c82906be3577c8,2026-03-27T10:11:18+00:00,0,1,1.0,1.0,1.0,1.0986122886681098,0.0,0.0,0.0,0.0,1.0,0.0,0.0,0.0,0.0,0.0,0.0,1.0,1.0,0.0,0.0,0.0,0.0,5.0,2.0,0.0,1.0,0.0,0.0
python-attrs/attrs,4195388270b9e570fce592198237175e3ab520fe,2026-03-27T10:12:02+00:00,0,1,1.0,1.0,1.0,1.0986122886681098,0.0,0.0,0.0,0.0,1.0,0.0,0.0,0.0,0.0,0.0,0.0,1.0,1.0,0.0,0.0,0.0,0.0,5.0,160.0,0.0,0.0,0.0,0.0
python-attrs/attrs,4885c5b1af4e9fa4d97b6bffa2fb78a2efa5f047,2026-03-27T10:17:23+00:00,0,1,1.0,2.0,3.0,1.791759469228055,0.0,0.0,0.0,0.0,1.0,0.0,0.0,0.0,0.0,0.0,0.0,1.0,0.0,0.0,0.0,0.0,0.0,7.0,3.0,0.0,1.0,0.0,0.0
python-attrs/attrs,0cb5cd692b09e1e95993f7f3389b8664e53b1648,2026-03-29T06:31:07+00:00,0,1,1.0,1.0,1.0,1.0986122886681098,0.0,0.0,0.0,0.0,1.0,0.0,1.0,1.0,0.0,0.0,0.0,1.0,0.0,0.0,0.0,0.0,0.0,11.0,161.0,0.0,1.0,0.0,0.0
python-attrs/attrs,9c2b7ed54b134dc1c3f0995fcb71131ebdd1450e,2026-03-30T17:10:00+00:00,0,1,4.0,8.0,0.0,2.1972245773362196,0.0,0.0,0.0,0.0,3.0,1.0,0.0,0.0,0.0,0.0,0.0,0.0,0.0,0.0,0.0,0.0,0.0,9.25,162.0,0.0,1.0,0.0,0.0
python-attrs/attrs,d07cbc7990e200070f379182fc387c07d44bbec3,2026-03-30T17:59:27+00:00,0,1,9.0,344.0,342.0,6.532334292222349,0.0,1.0,1.0,0.0,0.0,0.0,8.0,1.0,0.0,0.0,1.0,0.0,1.0,0.0,0.0,0.0,0.0,23.11111111111111,163.0,0.0,1.0,0.0,0.0
python-attrs/attrs,20734d9cc6e4673c40e4a33bfa2bfaef946533d8,2026-03-30T18:18:37+00:00,0,1,9.0,344.0,342.0,6.532334292222349,0.0,1.0,1.0,0.0,0.0,0.0,8.0,1.0,0.0,0.0,1.0,0.0,0.0,0.0,0.0,0.0,0.0,24.11111111111111,164.0,0.0,1.0,0.0,0.0
python-attrs/attrs,36124f5a7f7db19df13eb55fe858e1364cf92f6f,2026-04-06T20:15:50+00:00,0,1,1.0,1.0,1.0,1.0986122886681098,1.0,0.0,0.0,1.0,0.0,0.0,0.0,0.0,0.0,0.0,0.0,0.0,1.0,0.0,1.0,0.0,0.0,11.0,24.0,0.0,0.0,0.0,0.0
python-attrs/attrs,f0e420b71af1a5cd5dbf43efd1a42aece6ce8f4e,2026-04-07T05:33:15+00:00,0,1,2.0,2.0,2.0,1.6094379124341003,1.0,0.0,0.0,1.0,0.0,0.0,1.0,0.0,0.0,0.0,0.0,0.0,0.0,0.0,0.0,0.0,0.0,22.0,25.0,0.0,1.0,0.0,0.0
python-attrs/attrs,985439b7b4e50dd3bc398190e6e67d817b658df0,2026-04-13T12:54:18+00:00,0,1,1.0,78.0,78.0,5.056245805348308,0.0,0.0,0.0,1.0,0.0,0.0,1.0,0.0,0.0,0.0,0.0,0.0,1.0,0.0,0.0,0.0,0.0,5.0,0.0,0.0,0.0,0.0,0.0
python-attrs/attrs,cfbd10c43a681c3964f046ef2b920d8fcdd8a3df,2026-04-13T12:55:31+00:00,0,1,5.0,102.0,3.0,4.663439094112067,9.0,1.0,1.0,2.0,2.0,0.0,1.0,0.0,0.0,0.0,0.0,0.0,1.0,0.0,0.0,0.0,0.0,16.2,0.0,0.0,1.0,0.0,0.0
python-attrs/attrs,834136e8f137d4dcc42b3c01f646a38df860ecd4,2026-04-13T16:53:34+00:00,0,1,2.0,124.0,118.0,5.493061443340548,0.0,1.0,1.0,1.0,0.0,0.0,1.0,0.0,0.0,0.0,0.0,0.0,0.0,0.0,0.0,0.0,0.0,19.5,0.0,0.0,1.0,0.0,0.0
python-attrs/attrs,ec6913d59bac88d130ead8c6d96b09109eb15b04,2026-04-13T16:56:27+00:00,0,1,2.0,124.0,118.0,5.493061443340548,0.0,1.0,1.0,1.0,0.0,0.0,1.0,0.0,0.0,0.0,0.0,0.0,1.0,1.0,0.0,0.0,0.0,20.5,165.0,0.0,1.0,0.0,0.0
python-attrs/attrs,64280a67b4a25e80991b678cc3dbb465225944c2,2026-04-13T17:34:42+00:00,0,1,1.0,3.0,3.0,1.9459101490553132,1.0,1.0,1.0,0.0,0.0,0.0,0.0,0.0,0.0,0.0,1.0,0.0,1.0,0.0,0.0,0.0,0.0,56.0,2.0,0.0,1.0,0.0,0.0
python-attrs/attrs,39534fcb8224cd3e0673e47bc525ac55ee98386a,2026-04-14T05:14:37+00:00,0,1,7.0,538.0,485.0,6.931471805599453,0.0,1.0,1.0,0.0,0.0,0.0,6.0,1.0,0.0,0.0,1.0,0.0,1.0,0.0,0.0,0.0,0.0,26.0,166.0,0.0,1.0,0.0,0.0
python-attrs/attrs,eca2ff52a9412feeafed50db1c4ed85a68a04ad7,2026-04-14T05:28:10+00:00,0,1,7.0,538.0,485.0,6.931471805599453,0.0,1.0,1.0,0.0,0.0,0.0,6.0,1.0,0.0,0.0,1.0,0.0,0.0,0.0,0.0,0.0,0.0,27.0,167.0,0.0,1.0,0.0,0.0
python-attrs/attrs,a517531ece31c5a2d6155bdde94e899c94eb3e9a,2026-04-14T05:33:16+00:00,0,1,1.0,2.0,0.0,1.0986122886681098,0.0,0.0,0.0,1.0,0.0,0.0,1.0,0.0,0.0,0.0,0.0,0.0,1.0,0.0,0.0,0.0,0.0,9.0,168.0,0.0,1.0,0.0,0.0
python-attrs/attrs,57b314c0dc8e0b80c0ed8f61c0be81965137ea41,2026-04-14T05:37:27+00:00,0,1,1.0,2.0,0.0,1.0986122886681098,0.0,0.0,0.0,1.0,0.0,0.0,1.0,0.0,0.0,0.0,0.0,0.0,0.0,0.0,0.0,0.0,0.0,10.0,169.0,0.0,1.0,0.0,0.0
python-attrs/attrs,d54fd888d0cc774ddd8a91a1a1b12842cd72da58,2026-04-16T14:56:25+00:00,0,1,1.0,1.0,0.0,0.6931471805599453,0.0,0.0,0.0,0.0,1.0,0.0,0.0,0.0,0.0,0.0,0.0,1.0,1.0,0.0,0.0,0.0,0.0,1.0,170.0,0.0,0.0,0.0,0.0
python-attrs/attrs,0f758fe54a8742110f730ebbaf146e79f3937c8d,2026-04-16T20:23:22+00:00,0,1,5.0,105.0,3.0,4.6913478822291435,9.0,1.0,1.0,2.0,2.0,0.0,1.0,0.0,0.0,0.0,0.0,0.0,0.0,0.0,0.0,0.0,0.0,18.6,1.0,0.0,1.0,0.0,0.0
python-attrs/attrs,5660ef33bbf9623f30c2761c8a9e638d75d39881,2026-04-21T07:05:55+00:00,0,1,2.0,5.0,5.0,2.3978952727983707,5.0,1.0,2.0,0.0,0.0,0.0,0.0,0.0,0.0,0.0,1.0,0.0,1.0,0.0,1.0,0.0,0.0,29.0,26.0,0.0,0.0,0.0,0.0
python-attrs/attrs,4a0744126bc278445feaa689473e29ba508ad57b,2026-04-29T05:54:13+00:00,0,1,2.0,2.0,6.0,2.1972245773362196,0.0,0.0,0.0,0.0,0.0,0.0,2.0,0.0,0.0,0.0,0.0,0.0,1.0,0.0,0.0,0.0,0.0,8.0,171.0,0.0,1.0,0.0,0.0
python-attrs/attrs,28bd989bf6312d4d62d5e3aef1d9dd9f78f94a68,2026-04-29T05:59:28+00:00,0,1,1.0,3.0,0.0,1.3862943611198906,0.0,0.0,0.0,0.0,0.0,0.0,1.0,0.0,0.0,0.0,0.0,0.0,1.0,0.0,0.0,0.0,0.0,1.0,172.0,0.0,1.0,0.0,0.0
python-attrs/attrs,aa51b75bb98b97fbc3786960ada36c890f6c42ce,2026-04-29T06:05:43+00:00,0,1,1.0,0.0,3.0,1.3862943611198906,0.0,0.0,0.0,0.0,0.0,0.0,1.0,0.0,0.0,0.0,0.0,0.0,1.0,0.0,0.0,0.0,0.0,2.0,173.0,0.0,0.0,0.0,0.0
python-attrs/attrs,87b7b4ae050cd75469c5d834172bce5299fa300b,2026-04-29T06:08:15+00:00,0,1,2.0,2.0,2.0,1.6094379124341003,0.0,0.0,0.0,0.0,0.0,0.0,2.0,0.0,0.0,0.0,0.0,0.0,0.0,0.0,0.0,0.0,0.0,10.0,174.0,0.0,1.0,0.0,0.0
python-attrs/attrs,c95f1291e395ce61cf10d4d5203a18c224f4bd8c,2026-05-01T05:59:28+00:00,0,1,2.0,4.0,4.0,2.1972245773362196,0.0,0.0,0.0,0.0,0.0,0.0,2.0,1.0,0.0,0.0,0.0,0.0,1.0,0.0,0.0,0.0,0.0,30.0,6.0,0.0,1.0,0.0,0.0
python-attrs/attrs,c29ce191dc0855b69d04ea3945f0eed7be73af94,2026-05-01T06:33:37+00:00,0,1,4.0,193.0,170.0,5.8971538676367405,0.0,1.0,1.0,0.0,0.0,0.0,3.0,1.0,0.0,0.0,1.0,0.0,1.0,0.0,0.0,0.0,0.0,33.25,175.0,0.0,1.0,0.0,0.0
python-attrs/attrs,69a9729a6879b37cee4930c85017da5dbc5fb6dd,2026-05-02T09:04:15+00:00,0,1,4.0,193.0,170.0,5.8971538676367405,0.0,1.0,1.0,0.0,0.0,0.0,3.0,1.0,0.0,0.0,1.0,0.0,0.0,0.0,0.0,0.0,0.0,34.25,176.0,0.0,1.0,0.0,0.0
python-attrs/attrs,dc8301f79f93faa275866de348c8451144dc7fe2,2026-05-07T09:18:58+00:00,0,1,3.0,219.0,180.0,5.991464547107982,0.0,1.0,1.0,0.0,0.0,0.0,2.0,1.0,0.0,0.0,1.0,0.0,1.0,0.0,0.0,0.0,0.0,34.666666666666664,177.0,0.0,1.0,0.0,0.0
python-attrs/attrs,3823062f1296242fe1ac620834540ffae4eba488,2026-05-07T09:59:11+00:00,0,1,3.0,219.0,180.0,5.991464547107982,0.0,1.0,1.0,0.0,0.0,0.0,2.0,1.0,0.0,0.0,1.0,0.0,0.0,0.0,0.0,0.0,0.0,35.666666666666664,178.0,0.0,1.0,0.0,0.0
python-attrs/attrs,11bb503cfacd093c75662083d0c7fbc4b594fd87,2026-05-08T18:11:48+00:00,1,1,1.0,31.0,4.0,3.58351893845611,2.0,1.0,1.0,0.0,0.0,0.0,0.0,0.0,0.0,0.0,1.0,0.0,1.0,0.0,1.0,0.0,0.0,3.0,0.0,0.0,1.0,0.0,0.0
python-attrs/attrs,77c36eca5efb8449f4d2bb1bbf4cd7c7cc5e31a9,2026-05-08T18:22:40+00:00,1,1,1.0,12.0,3.0,2.772588722239781,2.0,1.0,1.0,0.0,0.0,0.0,0.0,0.0,0.0,0.0,1.0,0.0,1.0,0.0,1.0,0.25,0.25,4.0,27.0,0.0,0.0,0.0,0.05
python-attrs/attrs,9f4e771e856fe679b64450a935358b8fd58dec7d,2026-05-08T18:26:47+00:00,1,1,1.0,1.0,1.0,1.0986122886681098,1.0,1.0,1.0,0.0,0.0,0.0,0.0,0.0,0.0,0.0,1.0,0.0,1.0,0.0,1.0,0.4,0.4,5.0,28.0,0.03571428571428571,0.0,0.0,0.1
python-attrs/attrs,a12577679203de3e90639c46ed90d4baf2f9e8dc,2026-05-08T18:30:58+00:00,1,1,1.0,1.0,1.0,1.0986122886681098,1.0,1.0,1.0,0.0,0.0,0.0,0.0,0.0,0.0,0.0,1.0,0.0,1.0,0.0,0.0,0.5,0.5,6.0,1.0,1.0,1.0,1.0,0.15
python-attrs/attrs,2503422f076996cd00b3219c1780de1b0e60741f,2026-05-08T18:36:23+00:00,0,1,1.0,5.0,1.0,1.9459101490553132,4.0,0.0,0.0,1.0,0.0,0.0,0.0,0.0,0.0,0.0,0.0,0.0,1.0,0.0,1.0,0.0,0.0,4.0,29.0,0.06896551724137931,0.0,0.0,0.2
python-attrs/attrs,73d3f9fa1ef5c0c1561a8288de076ceee3c8c084,2026-05-10T19:02:39+00:00,1,1,2.0,6.0,9.0,2.772588722239781,5.0,1.0,1.0,1.0,0.0,0.0,0.0,0.0,0.0,0.0,0.0,0.0,1.0,0.0,1.0,0.0,0.0,41.0,30.0,0.06666666666666667,0.0,0.0,0.2
python-attrs/attrs,9dbc137bdf2378b0430437307c12a8f53ccaa1b2,2026-05-10T19:38:51+00:00,1,1,1.0,30.0,11.0,3.7376696182833684,8.0,0.0,0.0,1.0,0.0,0.0,0.0,0.0,0.0,0.0,0.0,0.0,1.0,0.0,1.0,0.0,0.0,0.0,31.0,0.0967741935483871,0.0,0.0,0.25
python-attrs/attrs,10900446b4f5f7925da875f6e11d71b07f38af39,2026-05-10T19:55:36+00:00,0,1,2.0,12.0,12.0,3.2188758248682006,2.0,0.0,0.0,1.0,1.0,0.0,0.0,0.0,0.0,0.0,0.0,0.0,1.0,0.0,0.0,1.0,0.5,2.0,0.0,0.0,1.0,1.0,0.3
python-attrs/attrs,118ff3e59c73d882e56525c1ebff26a25cbc58b2,2026-05-10T20:01:45+00:00,1,1,1.0,6.0,11.0,2.8903717578961645,0.0,0.0,0.0,0.0,1.0,0.0,0.0,0.0,0.0,0.0,0.0,1.0,1.0,0.0,0.0,0.0,0.0,4.0,1.0,0.0,1.0,1.0,0.3
python-attrs/attrs,d6b9459a05c4d58565b247e509be7d1be200747e,2026-05-10T23:50:06+00:00,0,1,6.0,333.0,271.0,6.405228458030842,0.0,1.0,1.0,0.0,0.0,0.0,5.0,1.0,0.0,0.0,1.0,0.0,1.0,1.0,0.0,0.0,0.0,28.166666666666668,0.0,0.0,1.0,0.0,0.35
python-attrs/attrs,df8a74e0e62a68ffa1cd33b833061ad2d5138e59,2026-05-11T00:23:08+00:00,0,1,1.0,4.0,0.0,1.6094379124341003,0.0,0.0,0.0,0.0,0.0,1.0,0.0,0.0,0.0,0.0,0.0,0.0,1.0,0.0,0.0,0.0,0.0,17.0,0.0,0.0,1.0,0.0,0.35
python-attrs/attrs,c3df976ef0b245141297fb1982a154deba9ce5c5,2026-05-11T00:37:26+00:00,1,1,5.0,33.0,4.0,3.6375861597263857,8.0,2.0,4.0,0.0,1.0,0.0,0.0,0.0,0.0,0.0,1.0,0.0,1.0,0.0,0.0,0.016666666666666666,0.004166666666666667,13.2,1.0,0.0,1.0,0.0,0.35
python-attrs/attrs,37b168ec2ca0027ca8b866849714bee4866d9a0a,2026-05-11T00:40:52+00:00,0,1,6.0,46.0,4.0,3.9318256327243257,10.0,2.0,4.0,1.0,1.0,0.0,0.0,0.0,0.0,0.0,0.0,0.0,1.0,0.0,0.0,1.0,0.42322404371584704,11.833333333333334,2.0,0.5,1.0,0.0,0.4
python-attrs/attrs,55c7795ecd9a4e4dece6b8586965261116d4ca79,2026-05-11T00:44:29+00:00,0,1,1.0,6.0,0.0,1.9459101490553132,2.0,0.0,0.0,1.0,0.0,0.0,0.0,0.0,0.0,0.0,0.0,0.0,1.0,0.0,0.0,0.0,0.0,1.0,3.0,0.3333333333333333,1.0,0.0,0.4
python-attrs/attrs,c9a5728042eb46b52e24d03a4529a93a9934112e,2026-05-11T17:48:01+00:00,1,1,1.0,110.0,221.0,5.805134968916488,0.0,1.0,1.0,0.0,0.0,0.0,0.0,0.0,0.0,0.0,1.0,0.0,1.0,0.0,0.0,0.0,0.0,41.0,7.0,0.0,1.0,0.0,0.4
python-attrs/attrs,43fef8c18882e80527658c0117ab650f60010688,2026-05-12T12:58:50+00:00,1,1,1.0,8.0,2.0,2.3978952727983707,1.0,1.0,1.0,0.0,0.0,0.0,0.0,0.0,0.0,0.0,1.0,0.0,1.0,0.0,1.0,0.03225806451612903,0.03225806451612903,62.0,0.0,0.0,1.0,0.0,0.45
python-attrs/attrs,d36594d29ce78a410993027392e8452ff6db41a4,2026-05-18T15:24:32+00:00,0,1,3.0,9.0,6.0,2.772588722239781,5.0,1.0,2.0,1.0,0.0,0.0,0.0,0.0,0.0,0.0,0.0,0.0,1.0,0.0,1.0,0.5714285714285714,0.30158730158730157,5.0,32.0,0.125,0.0,0.0,0.5
python-attrs/attrs,effcbe7f4bdbff9182b077dc44cbf4d58d325ca5,2026-05-18T15:33:49+00:00,0,1,1.0,3.0,1.0,1.6094379124341003,1.0,0.0,0.0,1.0,0.0,0.0,0.0,0.0,0.0,0.0,0.0,0.0,1.0,0.0,1.0,0.0,0.0,6.0,33.0,0.12121212121212122,0.0,0.0,0.5
python-attrs/attrs,90e9ac34494308e61ecc6d867ad1e846fd362614,2026-05-20T00:13:00+00:00,1,1,1.0,18.0,176.0,5.272999558563747,0.0,1.0,1.0,0.0,0.0,0.0,0.0,0.0,0.0,0.0,1.0,0.0,1.0,0.0,0.0,0.023809523809523808,0.023809523809523808,42.0,8.0,0.125,1.0,0.0,0.5
python-attrs/attrs,512bd6d4d7e238a017673cd6b1e087d5544f1711,2026-05-28T08:19:22+00:00,0,1,6.0,704.0,671.0,7.226936018493289,0.0,1.0,1.0,0.0,0.0,0.0,5.0,1.0,0.0,0.0,1.0,0.0,0.0,0.0,0.0,0.046511627906976744,0.007751937984496124,31.833333333333332,179.0,0.0,1.0,0.0,0.55
python-attrs/attrs,1a1d875cdbd8c6277e1cae90ad874005f004769b,2026-05-28T08:22:39+00:00,1,1,1.0,108.0,240.0,5.855071922202427,0.0,1.0,1.0,0.0,0.0,0.0,0.0,0.0,0.0,0.0,1.0,0.0,1.0,0.0,0.0,0.045454545454545456,0.045454545454545456,44.0,9.0,0.2222222222222222,1.0,0.0,0.55
python-attrs/attrs,2b9c094b7d673828d8d634f521b06a1231559ecf,2026-05-28T08:28:56+00:00,1,1,2.0,3.0,2.0,1.791759469228055,0.0,0.0,0.0,0.0,0.0,1.0,1.0,0.0,0.0,0.0,0.0,0.0,1.0,0.0,0.0,0.0,0.0,18.5,180.0,0.0,1.0,0.0,0.55
python-attrs/attrs,9ab23a1c646095d35835d982cc84c446e9c58915,2026-05-28T08:33:04+00:00,0,1,1.0,1.0,1.0,1.0986122886681098,0.0,0.0,0.0,0.0,0.0,0.0,1.0,1.0,0.0,0.0,0.0,0.0,1.0,0.0,0.0,0.0,0.0,26.0,181.0,0.0055248618784530384,0.0,0.0,0.55
python-attrs/attrs,24ce123bf0076d90391ee3b40c467927d604d558,2026-05-28T08:36:02+00:00,0,1,4.0,5.0,3.0,2.1972245773362196,0.0,0.0,0.0,0.0,1.0,1.0,2.0,1.0,0.0,0.0,0.0,0.0,0.0,0.0,0.0,0.05263157894736842,0.034210526315789476,16.5,182.0,0.005494505494505495,1.0,0.0,0.5
python-attrs/attrs,b621cf42fec970c1999831ed3de46ab916f5153e,2026-05-28T16:36:28+00:00,0,1,3.0,186.0,39.0,5.420534999272286,0.0,1.0,1.0,0.0,0.0,0.0,2.0,1.0,0.0,0.0,1.0,0.0,1.0,0.0,0.0,0.06666666666666667,0.03809523809523809,31.333333333333332,183.0,0.00546448087431694,1.0,0.0,0.45
python-attrs/attrs,48ea7a120c841912195146a27223840612b2e861,2026-05-28T16:42:30+00:00,0,1,3.0,186.0,39.0,5.420534999272286,0.0,1.0,1.0,0.0,0.0,0.0,2.0,1.0,0.0,0.0,1.0,0.0,0.0,0.0,0.0,0.06521739130434782,0.03689064558629776,32.333333333333336,184.0,0.005434782608695652,1.0,0.0,0.45
python-attrs/attrs,fd9dce69f4de19d755476664fb228759ad5ba08c,2026-06-01T01:00:18+00:00,1,1,2.0,13.0,11.0,3.2188758248682006,1.0,1.0,1.0,0.0,0.0,1.0,0.0,0.0,0.0,0.0,1.0,0.0,1.0,0.0,1.0,0.0,0.0,5.0,0.0,0.0,1.0,0.0,0.4
python-attrs/attrs,620853a10936b00b655bccaa58a123dc12e2103b,2026-06-01T20:29:51+00:00,0,1,1.0,1.0,1.0,1.0986122886681098,0.0,0.0,0.0,0.0,0.0,0.0,1.0,0.0,0.0,0.0,0.0,0.0,1.0,0.0,0.0,0.0,0.0,39.0,34.0,0.11764705882352941,1.0,0.0,0.4
python-attrs/attrs,d2fbfccc1ce77dcc927a86eae9521c95dc4e289c,2026-06-02T06:57:57+00:00,0,1,1.0,1.0,1.0,1.0986122886681098,0.0,0.0,0.0,0.0,0.0,0.0,1.0,0.0,0.0,0.0,0.0,0.0,0.0,0.0,0.0,0.0,0.0,40.0,35.0,0.11428571428571428,1.0,0.0,0.4
python-attrs/attrs,b03588d1574949890280b8530aa026af3c7da391,2026-06-03T12:44:36+00:00,0,1,9.0,857.0,675.0,7.334981878871814,0.0,1.0,1.0,0.0,1.0,1.0,6.0,1.0,0.0,0.0,1.0,0.0,1.0,1.0,1.0,0.06382978723404255,0.017478672011511973,27.77777777777778,0.0,0.0,1.0,0.0,0.35
python-attrs/attrs,e8e63b76aec6f2065c1ca68fe4d43810c8412750,2026-06-03T12:59:35+00:00,0,1,9.0,857.0,675.0,7.334981878871814,0.0,1.0,1.0,0.0,1.0,1.0,6.0,1.0,0.0,0.0,1.0,0.0,1.0,1.0,1.0,0.0625,0.016865079365079364,28.77777777777778,1.0,0.0,1.0,0.0,0.35
python-attrs/attrs,d7309ca3ec603b3d32690e59ce4c7d77543db9d7,2026-06-03T12:59:49+00:00,1,1,9.0,857.0,675.0,7.334981878871814,0.0,1.0,1.0,0.0,1.0,1.0,6.0,1.0,0.0,0.0,1.0,0.0,1.0,1.0,1.0,0.0625,0.016865079365079364,28.77777777777778,1.0,0.0,1.0,1.0,0.35
python-attrs/attrs,80f4586a99f1afb581cccd64a89664e37b25c675,2026-06-04T03:40:36+00:00,0,1,1.0,2.0,1.0,1.3862943611198906,1.0,0.0,0.0,1.0,0.0,0.0,0.0,0.0,0.0,0.0,0.0,0.0,1.0,0.0,1.0,0.0,0.0,7.0,36.0,0.1111111111111111,0.0,0.0,0.35
python-attrs/attrs,8538b5978e3f11d841f684cefec2e7ffc01684b4,2026-06-04T03:45:44+00:00,0,1,5.0,44.0,5.0,3.912023005428146,11.0,1.0,2.0,1.0,2.0,0.0,0.0,0.0,0.0,0.0,0.0,0.0,1.0,0.0,0.0,0.5,0.125,5.4,0.0,0.0,0.0,0.0,0.35
python-attrs/attrs,89fae8300f484544c1b7678cea5efe58c551fbb9,2026-06-06T07:08:02+00:00,0,1,3.0,21.0,12.0,3.5263605246161616,0.0,1.0,1.0,0.0,0.0,1.0,1.0,1.0,0.0,0.0,1.0,0.0,0.0,0.0,0.0,0.08695652173913043,0.05565217391304348,36.666666666666664,185.0,0.005405405405405406,1.0,0.0,0.35
python-attrs/attrs,005e2fbe1a93a958946ba04aad0d8cf6e6d17d6a,2026-06-19T12:00:32+00:00,0,1,8.0,102.0,99.0,5.308267697401205,0.0,1.0,1.0,0.0,0.0,0.0,7.0,1.0,0.0,0.0,1.0,0.0,0.0,0.0,0.0,0.0784313725490196,0.02864404883266776,35.25,186.0,0.005376344086021506,0.0,0.0,0.3
python-attrs/attrs,844dfa9d89fa681c7a96cb290138e498ba55d351,2026-06-25T05:14:11+00:00,0,1,3.0,43.0,3.0,3.8501476017100584,5.0,1.0,1.0,1.0,1.0,0.0,0.0,0.0,0.0,0.0,0.0,0.0,1.0,0.0,0.0,0.09090909090909091,0.045454545454545456,8.0,0.0,0.0,1.0,0.0,0.25
python-attrs/attrs,66a8ae9ddba0decaa651010b8c9f359d69fa35b3,2026-06-25T07:38:02+00:00,1,1,2.0,185.0,0.0,5.225746673713202,18.0,1.0,1.0,1.0,0.0,0.0,0.0,0.0,0.0,0.0,0.0,0.0,1.0,0.0,1.0,0.047619047619047616,0.023809523809523808,34.5,1.0,0.0,1.0,0.0,0.25
python-attrs/attrs,d4e6d44e1d769111344269979e1f23453fbf6f5b,2026-06-27T01:22:05+00:00,0,1,3.0,75.0,0.0,4.330733340286331,7.0,1.0,1.0,1.0,1.0,0.0,0.0,0.0,0.0,0.0,0.0,0.0,1.0,0.0,1.0,0.14285714285714285,0.10267857142857142,23.666666666666668,0.0,0.0,1.0,0.0,0.3
python-attrs/attrs,4d0de24aa05ab695656e398c19139391aafe1780,2026-06-29T21:35:02+00:00,0,1,3.0,11.0,5.0,2.833213344056216,3.0,0.0,0.0,2.0,1.0,0.0,0.0,0.0,0.0,0.0,0.0,0.0,1.0,0.0,1.0,0.0,0.0,4.0,37.0,0.10810810810810811,0.0,0.0,0.25
python-attrs/attrs,57245a31eeeb2b054d722b0e5767b11997dbb780,2026-07-01T05:17:19+00:00,0,1,4.0,5.0,5.0,2.3978952727983707,0.0,0.0,0.0,0.0,0.0,0.0,4.0,1.0,0.0,0.0,0.0,0.0,1.0,0.0,0.0,0.029411764705882353,0.014297385620915032,32.25,10.0,0.3,1.0,0.0,0.25
python-attrs/attrs,07fb783455b172d7fc26504560b66e5c0a9520ee,2026-07-01T09:18:29+00:00,1,1,11.0,119.0,107.0,5.424950017481403,0.0,1.0,1.0,0.0,2.0,1.0,9.0,1.0,0.0,0.0,1.0,0.0,1.0,1.0,1.0,0.08333333333333333,0.027703977703977704,30.636363636363637,3.0,0.3333333333333333,1.0,1.0,0.2
python-attrs/attrs,9774636426266a1c8c1471bc1149f43b4ee3553e,2026-07-01T09:18:52+00:00,0,1,11.0,119.0,107.0,5.424950017481403,0.0,1.0,1.0,0.0,2.0,1.0,9.0,1.0,0.0,0.0,1.0,0.0,1.0,1.0,1.0,0.08333333333333333,0.027703977703977704,30.636363636363637,3.0,0.3333333333333333,1.0,0.0,0.2
python-attrs/attrs,8b917362f6b156c9eeeb74a247354978962e2d96,2026-07-01T09:20:30+00:00,0,1,11.0,119.0,107.0,5.424950017481403,0.0,1.0,1.0,0.0,2.0,1.0,9.0,1.0,0.0,0.0,1.0,0.0,1.0,1.0,1.0,0.08333333333333333,0.027703977703977704,30.636363636363637,3.0,0.3333333333333333,1.0,0.0,0.2
python-attrs/attrs,b2fedf9a04238749db1ee416bd066a3c2b40b7fd,2026-07-01T10:05:36+00:00,0,1,4.0,5.0,5.0,2.3978952727983707,0.0,0.0,0.0,0.0,0.0,0.0,4.0,1.0,0.0,0.0,0.0,0.0,0.0,0.0,0.0,0.05263157894736842,0.04188851489188086,36.25,11.0,0.2727272727272727,1.0,0.0,0.2
python-attrs/attrs,ccc472b0cdee9e1864cc327c4482e689fbfafb90,2026-07-02T06:19:46+00:00,0,1,13.0,916.0,722.0,7.40184157874383,0.0,1.0,1.0,0.0,3.0,1.0,10.0,1.0,0.0,0.0,1.0,0.0,1.0,1.0,1.0,0.25,0.07801860535858528,31.076923076923077,6.0,0.3333333333333333,1.0,0.0,0.2
python-attrs/attrs,ae37edd71a691b8ca797a0a53d0248543abfe12b,2026-07-02T12:06:36+00:00,0,1,1.0,1.0,1.0,1.0986122886681098,0.0,0.0,0.0,0.0,1.0,0.0,1.0,1.0,0.0,0.0,0.0,1.0,0.0,0.0,1.0,0.07142857142857142,0.07142857142857142,14.0,187.0,0.0053475935828877,1.0,0.0,0.2
python-attrs/attrs,6b8b4c7c4690479eee634f2ef8a07dcf3d92a3b4,2026-07-04T11:31:53+00:00,0,1,1.0,1.0,1.0,1.0986122886681098,0.0,0.0,0.0,0.0,1.0,0.0,1.0,1.0,0.0,0.0,0.0,1.0,1.0,1.0,1.0,0.06666666666666667,0.06666666666666667,15.0,7.0,0.2857142857142857,1.0,0.0,0.15
python-attrs/attrs,d011d3cb50379f9156bbb49deeef051993594368,2026-07-04T23:44:51+00:00,0,1,2.0,20.0,11.0,3.4657359027997265,4.0,0.0,0.0,2.0,0.0,0.0,0.0,0.0,0.0,0.0,0.0,0.0,1.0,0.0,1.0,0.0,0.0,7.5,38.0,0.10526315789473684,0.0,0.0,0.15
python-attrs/attrs,45de9beb093d2142517ab7d1ebda6522e3d3c4ac,2026-07-05T08:08:04+00:00,0,1,2.0,9.0,9.0,2.9444389791664403,2.0,1.0,2.0,0.0,0.0,0.0,0.0,0.0,0.0,0.0,1.0,0.0,0.0,0.0,0.0,0.06153846153846154,0.03076923076923077,33.5,188.0,0.005319148936170213,1.0,0.0,0.15
python-attrs/attrs,c8b685e314b235bad16fd1f4b53194578c8265ef,2026-07-06T13:55:58+00:00,0,1,2.0,8.0,4.0,2.5649493574615367,2.0,0.0,0.0,1.0,1.0,0.0,0.0,0.0,0.0,0.0,0.0,0.0,1.0,0.0,1.0,0.0,0.0,1.0,39.0,0.10256410256410256,0.0,0.0,0.15
python-attrs/attrs,8f3d21d7757fe8cf4ac32a38992ddb27bb9e123f,2026-07-06T20:08:55+00:00,0,1,1.0,1.0,1.0,1.0986122886681098,0.0,0.0,0.0,0.0,0.0,0.0,1.0,0.0,0.0,0.0,0.0,0.0,1.0,0.0,0.0,0.04081632653061224,0.04081632653061224,49.0,40.0,0.1,1.0,0.0,0.15
python-attrs/attrs,902ebb73bd1e4bbf55e129b4ed1d6862ccc5ab6d,2026-07-07T03:49:39+00:00,0,1,4.0,12.0,5.0,2.8903717578961645,5.0,1.0,1.0,2.0,1.0,0.0,0.0,0.0,0.0,0.0,0.0,0.0,1.0,0.0,1.0,0.06060606060606061,0.015151515151515152,21.5,41.0,0.0975609756097561,0.0,0.0,0.1
python-attrs/attrs,c0d42e964c86e59da46e82ccaabcdea005beb77a,2026-07-07T20:56:31+00:00,0,1,3.0,50.0,5.0,4.02535169073515,6.0,1.0,1.0,1.0,1.0,0.0,0.0,0.0,0.0,0.0,0.0,0.0,1.0,0.0,0.0,0.0,0.0,0.0,0.0,0.0,1.0,0.0,0.1
python-attrs/attrs,b59bfc21e1e95c69da9d53dc365e68bc7bff1778,2026-07-08T15:27:32+00:00,0,1,1.0,1.0,1.0,1.0986122886681098,0.0,0.0,0.0,0.0,1.0,0.0,0.0,0.0,0.0,0.0,0.0,1.0,1.0,0.0,1.0,0.0,0.0,0.0,42.0,0.09523809523809523,0.0,0.0,0.1
python-attrs/attrs,a98b75dacfc8229bf73d77fd29f6ea38787bc0e7,2026-07-11T01:39:11+00:00,0,1,1.0,2.0,1.0,1.3862943611198906,0.0,0.0,0.0,0.0,1.0,0.0,0.0,0.0,0.0,0.0,0.0,1.0,1.0,0.0,0.0,0.0,0.0,7.0,0.0,0.0,1.0,0.0,0.1
python-attrs/attrs,7cf9129f8c1cebbd0b467d12749daeb4be420e0e,2026-07-11T10:33:47+00:00,0,1,4.0,563.0,172.0,6.601230118728877,27.0,2.0,2.0,0.0,0.0,1.0,1.0,0.0,0.0,0.0,1.0,0.0,1.0,0.0,0.0,0.10714285714285714,0.09016754850088184,27.75,189.0,0.005291005291005291,1.0,0.0,0.1
python-attrs/attrs,d6f34676aebadd8df55248a4e0d2a09608cd4b84,2026-07-11T10:37:30+00:00,0,1,1.0,13.0,0.0,2.6390573296152584,1.0,1.0,1.0,0.0,0.0,0.0,0.0,0.0,0.0,0.0,1.0,0.0,1.0,0.0,0.0,0.0,0.0,1.0,190.0,0.005263157894736842,1.0,0.0,0.1
python-attrs/attrs,118dd2394288cfbe9ecd0fa8180b4c14bb6760ab,2026-07-11T11:23:11+00:00,1,1,2.0,612.0,588.0,7.0909098220799835,0.0,1.0,1.0,0.0,0.0,1.0,0.0,0.0,0.0,0.0,1.0,0.0,1.0,0.0,0.0,0.10344827586206896,0.09558378705384149,43.0,191.0,0.005235602094240838,1.0,0.0,0.05
python-attrs/attrs,50b6669424760d656cd65f2b48a6eb72f0959fa8,2026-07-11T14:39:58+00:00,0,1,6.0,785.0,746.0,7.3343293503005365,1.0,2.0,2.0,0.0,0.0,1.0,3.0,1.0,0.0,0.0,1.0,0.0,1.0,0.0,0.0,0.13333333333333333,0.05740972947869499,38.833333333333336,192.0,0.010416666666666666,1.0,0.0,0.1
python-attrs/attrs,d544dd2dacb4cbd660891e323ad92751ba65b4e0,2026-07-11T14:51:47+00:00,0,1,6.0,785.0,746.0,7.3343293503005365,1.0,2.0,2.0,0.0,0.0,1.0,3.0,1.0,0.0,0.0,1.0,0.0,0.0,0.0,0.0,0.12903225806451613,0.05602107241208171,39.833333333333336,193.0,0.010362694300518135,1.0,0.0,0.1
python-attrs/attrs,5cdc0d9a4d1a8d48181d36c311ee8c172952f4da,2026-07-11T14:57:57+00:00,0,1,1.0,1.0,2.0,1.3862943611198906,0.0,0.0,0.0,0.0,0.0,1.0,0.0,0.0,0.0,0.0,0.0,0.0,1.0,0.0,0.0,0.125,0.125,32.0,194.0,0.010309278350515464,0.0,0.0,0.1
python-attrs/attrs,0a13ae5f2aea56d986c3f595746ede15833a8284,2026-07-12T12:16:27+00:00,0,1,1.0,1.0,1.0,1.0986122886681098,1.0,1.0,1.0,0.0,0.0,0.0,0.0,0.0,0.0,0.0,1.0,0.0,1.0,0.0,1.0,0.0,0.0,8.0,0.0,0.0,1.0,0.0,0.05
python-attrs/attrs,0537788bacc6110ccabd235616e95ec4f72fa484,2026-07-18T12:05:49+00:00,0,1,1.0,4.0,1.0,1.791759469228055,1.0,1.0,1.0,0.0,0.0,0.0,0.0,0.0,0.0,0.0,1.0,0.0,0.0,0.0,1.0,0.0,0.0,9.0,195.0,0.010256410256410256,1.0,0.0,0.05
python-attrs/attrs,1dfd86e194d9cdc4fd2c271f1733dc063947c94a,2026-07-18T12:06:41+00:00,0,1,1.0,4.0,1.0,1.791759469228055,1.0,1.0,1.0,0.0,0.0,0.0,0.0,0.0,0.0,0.0,1.0,0.0,1.0,1.0,0.0,0.0,0.0,9.0,0.0,0.0,0.0,0.0,0.05
python-attrs/attrs,358dec2c61e0213dd454a3240664cfb9924f3b56,2026-07-18T12:13:47+00:00,0,1,1.0,17.0,15.0,3.4965075614664802,0.0,0.0,0.0,0.0,1.0,0.0,0.0,0.0,0.0,0.0,0.0,1.0,0.0,0.0,0.0,0.0,0.0,3.0,1.0,0.0,1.0,0.0,0.05
python-attrs/attrs,83d9f83e069d3b7dcc7b10796cc49d77c69b0835,2026-07-18T12:15:22+00:00,0,1,1.0,17.0,15.0,3.4965075614664802,0.0,0.0,0.0,0.0,1.0,0.0,0.0,0.0,0.0,0.0,0.0,1.0,1.0,1.0,0.0,0.0,0.0,3.0,196.0,0.01020408163265306,0.0,0.0,0.05
python-attrs/attrs,a34a7de8cfa608ca9e9937a576e8759f4e218cc4,2026-07-18T14:34:04+00:00,0,1,3.0,223.0,4.0,5.429345628954441,20.0,1.0,2.0,1.0,0.0,0.0,0.0,0.0,0.0,0.0,0.0,0.0,1.0,0.0,0.0,0.05970149253731343,0.029850746268656716,23.333333333333332,0.0,0.0,1.0,0.0,0.05
python-attrs/attrs,e27e09bfffe1a83b5e952813e64d780ed5bab55a,2026-07-18T14:40:00+00:00,0,1,3.0,26.0,0.0,3.295836866004329,5.0,1.0,3.0,0.0,0.0,0.0,0.0,0.0,0.0,0.0,1.0,0.0,1.0,0.0,0.0,0.058823529411764705,0.0196078431372549,24.0,1.0,0.0,1.0,0.0,0.05
python-attrs/attrs,b002d610a8e616b01b0d79e276febe43c4dcf7bf,2026-07-18T14:44:25+00:00,0,1,1.0,1.0,1.0,1.0986122886681098,0.0,0.0,0.0,0.0,1.0,0.0,0.0,0.0,0.0,0.0,0.0,1.0,1.0,0.0,1.0,0.0,0.0,0.0,43.0,0.09302325581395349,0.0,0.0,0.05
python-attrs/attrs,c74040f87ce5d904ae756aee4a40a066b6fd02e9,2026-07-19T07:11:34+00:00,0,1,3.0,20.0,0.0,3.044522437723423,3.0,1.0,1.0,1.0,1.0,0.0,0.0,0.0,0.0,0.0,0.0,0.0,1.0,0.0,1.0,0.057971014492753624,0.057971014492753624,23.0,0.0,0.0,1.0,0.0,0.05
python-attrs/attrs,731f8f6f12b443a1e115600305db84401e35eb25,2026-07-19T17:05:20+00:00,0,1,1.0,1.0,1.0,1.0986122886681098,0.0,0.0,0.0,0.0,1.0,0.0,0.0,0.0,0.0,0.0,0.0,1.0,1.0,0.0,0.0,0.0,0.0,1.0,2.0,0.0,1.0,0.0,0.05
python-attrs/attrs,1e28b916afc531e51c9b39904098c3efec8f55f8,2026-07-20T17:20:51+00:00,0,1,1.0,1.0,2.0,1.3862943611198906,0.0,0.0,0.0,0.0,1.0,0.0,0.0,0.0,0.0,0.0,0.0,1.0,1.0,0.0,0.0,0.0,0.0,13.0,0.0,0.0,1.0,0.0,0.05
python-attrs/attrs,f06ceaafbe5bdbdafad8a0c01a2daabb89386a42,2026-07-21T11:12:59+00:00,0,1,1.0,11.0,10.0,3.091042453358316,0.0,0.0,0.0,0.0,1.0,0.0,0.0,0.0,0.0,0.0,0.0,1.0,0.0,0.0,0.0,0.0,0.0,5.0,197.0,0.01015228426395939,1.0,0.0,0.05
python-attrs/attrs,ede8e5d541411190c0e3d7a4a1179359730de65d,2026-07-21T18:21:48+00:00,0,1,1.0,3.0,1.0,1.6094379124341003,0.0,0.0,0.0,0.0,1.0,0.0,0.0,0.0,0.0,0.0,0.0,1.0,1.0,0.0,0.0,0.0,0.0,14.0,1.0,0.0,1.0,0.0,0.05
python-attrs/attrs,91e4b1a20782910fc3d268187f934bff2550be0f,2026-07-22T07:11:22+00:00,0,1,1.0,11.0,10.0,3.091042453358316,0.0,0.0,0.0,0.0,1.0,0.0,0.0,0.0,0.0,0.0,0.0,1.0,1.0,1.0,1.0,0.0,0.0,6.0,198.0,0.010101010101010102,0.0,0.0,0.05
python-attrs/attrs,030e5db1543f4f285e027e21b010727f8ed90ccf,2026-07-23T15:01:26+00:00,0,1,2.0,1.0,1.0,1.0986122886681098,0.0,0.0,0.0,0.0,2.0,0.0,0.0,0.0,0.0,0.0,0.0,1.0,1.0,0.0,0.0,0.0,0.0,0.0,0.0,0.0,0.0,0.0,0.05
python-attrs/attrs,5715c12b8d36576ef869ef3783841946910de7d6,2026-07-25T09:25:00+00:00,0,1,1.0,11.0,10.0,3.091042453358316,0.0,0.0,0.0,0.0,1.0,0.0,0.0,0.0,0.0,0.0,0.0,1.0,1.0,1.0,0.0,0.0,0.0,7.0,199.0,0.010050251256281407,1.0,0.0,0.05
python-attrs/attrs,a0524452f6210157673297e8555a974d8597f39b,2026-07-25T10:10:24+00:00,0,1,3.0,19.0,22.0,3.7376696182833684,1.0,2.0,2.0,0.0,0.0,1.0,0.0,0.0,0.0,0.0,1.0,0.0,1.0,0.0,0.0,0.12121212121212122,0.07373737373737374,31.666666666666668,200.0,0.01,1.0,0.0,0.05
python-attrs/attrs,c63ef15bc9bc453c6ca3d13c23bb496459391394,2026-07-26T19:21:32+00:00,0,1,3.0,7.0,7.0,2.70805020110221,5.0,1.0,3.0,0.0,0.0,0.0,0.0,0.0,0.0,0.0,1.0,0.0,1.0,0.0,1.0,0.05714285714285714,0.019047619047619046,25.333333333333332,3.0,0.0,1.0,0.0,0.0
python-attrs/attrs,3b12a25550dc3e1ebf220be2012b0d664ddf88ea,2026-07-26T19:25:56+00:00,0,1,1.0,1.0,1.0,1.0986122886681098,0.0,0.0,0.0,0.0,1.0,0.0,0.0,0.0,0.0,0.0,0.0,1.0,1.0,0.0,0.0,0.0,0.0,2.0,4.0,0.0,1.0,0.0,0.0
python-attrs/attrs,fda1126722383c01ea4d62f77e94e34ef9d2529c,2026-07-27T07:08:09+00:00,0,1,1.0,1.0,3.0,1.6094379124341003,1.0,1.0,1.0,0.0,0.0,0.0,0.0,0.0,0.0,0.0,1.0,0.0,1.0,0.0,0.0,0.056338028169014086,0.056338028169014086,71.0,1.0,0.0,1.0,0.0,0.0
python-attrs/attrs,4c438e0f92dc9a43480c10d9ecdab241bbede12a,2026-07-30T09:06:02+00:00,0,1,4.0,1.0,8.0,2.302585092994046,0.0,0.0,0.0,0.0,3.0,1.0,0.0,0.0,0.0,0.0,0.0,0.0,0.0,0.0,0.0,0.11764705882352941,0.029411764705882353,14.75,201.0,0.009950248756218905,1.0,0.0,0.0
python-attrs/attrs,cb4feff28585c556071fb43339c9e03db4598494,2026-07-30T10:21:50+00:00,0,1,6.0,49.0,14.0,4.1588830833596715,0.0,1.0,1.0,1.0,0.0,1.0,4.0,1.0,0.0,0.0,0.0,0.0,1.0,0.0,0.0,0.11428571428571428,0.06208941331892152,38.0,202.0,0.009900990099009901,0.0,0.0,0.0
python-attrs/attrs,1091721734f213b9be66630fdb57e110c413c929,2026-07-30T11:10:18+00:00,0,1,4.0,82.0,11.0,4.543294782270004,0.0,1.0,1.0,0.0,0.0,1.0,2.0,0.0,0.0,0.0,1.0,0.0,1.0,0.0,0.0,0.1111111111111111,0.07864666773937032,45.0,203.0,0.009852216748768473,1.0,0.0,0.0
python-attrs/attrs,4ee25dd7ff10a34e4040b7cfbe17f9ec15ae0bf3,2026-07-30T11:13:35+00:00,0,1,1.0,1.0,1.0,1.0986122886681098,0.0,0.0,0.0,0.0,1.0,0.0,1.0,1.0,0.0,0.0,0.0,1.0,1.0,0.0,0.0,0.0625,0.0625,16.0,204.0,0.00980392156862745,1.0,0.0,0.0
python-attrs/attrs,92e12eae712ef88c1a7e322cc51b7cd9e271aa3c,2026-07-30T11:22:37+00:00,0,1,12.0,754.0,640.0,7.240649694255466,0.0,1.0,1.0,1.0,1.0,1.0,10.0,1.0,0.0,0.0,0.0,0.0,0.0,0.0,0.0,0.10810810810810811,0.053076494865829445,37.0,205.0,0.00975609756097561,1.0,0.0,0.0
python-attrs/attrs,2d9b3e59a67c7b8bddc7375fbad98247fc5bccbf,2026-07-30T11:22:57+00:00,0,1,17.0,783.0,670.0,7.282073658093465,1.0,2.0,2.0,1.0,5.0,1.0,10.0,1.0,0.0,0.0,0.0,0.0,1.0,1.0,0.0,0.10810810810810811,0.037465761081761965,28.88235294117647,205.0,0.00975609756097561,1.0,0.0,0.0
python-attrs/attrs,53b601bca8d93e8fd9af65828c22b91a77dc5ef7,2026-07-30T11:39:36+00:00,0,1,1.0,22.0,12.0,3.5553480614894135,1.0,1.0,1.0,0.0,0.0,0.0,0.0,0.0,0.0,0.0,1.0,0.0,1.0,0.0,0.0,0.05555555555555555,0.05555555555555555,72.0,207.0,0.00966183574879227,1.0,0.0,0.0
python-attrs/attrs,101af8b0b9556fa8909529e65f3a8bbee3489076,2026-07-30T11:46:36+00:00,0,1,1.0,1.0,2.0,1.3862943611198906,0.0,0.0,0.0,0.0,1.0,0.0,0.0,0.0,0.0,0.0,0.0,1.0,1.0,0.0,0.0,0.0,0.0,3.0,208.0,0.009615384615384616,1.0,0.0,0.0
python-attrs/attrs,ec2e7da574ea5d294df61629585c54dbd96f8e7f,2026-07-30T14:41:43+00:00,0,1,2.0,23.0,9.0,3.4965075614664802,4.0,1.0,1.0,1.0,0.0,0.0,0.0,0.0,0.0,0.0,0.0,0.0,1.0,0.0,0.0,0.0547945205479452,0.0273972602739726,38.5,209.0,0.009569377990430622,1.0,0.0,0.0
python-attrs/attrs,8e9cfaf18219e0b5173fa1171fade688619b0f19,2026-07-30T17:45:01+00:00,1,1,5.0,353.0,48.0,5.996452088619021,17.0,1.0,1.0,3.0,1.0,0.0,0.0,0.0,0.0,0.0,0.0,0.0,1.0,0.0,1.0,0.05405405405405406,0.02702702702702703,15.0,0.0,0.0,1.0,0.0,0.0
python-attrs/attrs,1c57965279e51e5de143dd2c9e988239b659ea60,2026-07-30T18:05:47+00:00,1,1,1.0,71.0,18.0,4.499809670330265,4.0,1.0,1.0,0.0,0.0,0.0,0.0,0.0,0.0,0.0,1.0,0.0,1.0,0.0,1.0,0.06666666666666667,0.06666666666666667,75.0,1.0,1.0,1.0,1.0,0.05
python-attrs/attrs,a71d25a511297d5a50debe938938878cd2866fe5,2026-07-30T20:02:38+00:00,1,1,1.0,53.0,0.0,3.9889840465642745,2.0,0.0,0.0,1.0,0.0,0.0,0.0,0.0,0.0,0.0,0.0,0.0,1.0,0.0,0.0,1.0,1.0,1.0,2.0,1.0,1.0,1.0,0.1
python-attrs/attrs,0c6bf4f92c451339d314536b89d43d7a11a699c9,2026-07-30T20:08:38+00:00,0,1,1.0,14.0,14.0,3.367295829986474,2.0,1.0,1.0,0.0,0.0,0.0,0.0,0.0,0.0,0.0,1.0,0.0,1.0,0.0,0.0,0.07894736842105263,0.07894736842105263,76.0,3.0,1.0,1.0,1.0,0.15
python-attrs/attrs,ce717e1a5ae04036ced7434ff83f4627dce0abf2,2026-07-31T04:27:19+00:00,0,1,2.0,13.0,2.0,2.772588722239781,2.0,2.0,2.0,0.0,0.0,0.0,0.0,0.0,0.0,0.0,1.0,0.0,1.0,0.0,0.0,0.0,0.0,7.5,210.0,0.009523809523809525,0.0,0.0,0.15
python-attrs/attrs,a721f08c76f1160664b7c83cc05a068b41a945b7,2026-07-31T04:46:24+00:00,0,1,2.0,23.0,1.0,3.2188758248682006,0.0,0.0,0.0,0.0,2.0,0.0,0.0,0.0,0.0,0.0,0.0,1.0,1.0,0.0,0.0,0.2,0.2,2.5,211.0,0.009478672985781991,1.0,0.0,0.15
python-attrs/attrs,e4822796abfc47405a2d194b8b285dac34fd2d03,2026-07-31T04:50:44+00:00,0,1,1.0,1.0,1.0,1.0986122886681098,0.0,0.0,0.0,0.0,1.0,0.0,0.0,0.0,0.0,0.0,0.0,1.0,1.0,0.0,1.0,0.0,0.0,1.0,212.0,0.009433962264150943,0.0,0.0,0.15
python-attrs/attrs,2f34c1562463273aff264c0fcbc1f26a1e127fdd,2026-07-31T05:17:59+00:00,0,1,2.0,33.0,0.0,3.5263605246161616,0.0,0.0,0.0,0.0,0.0,0.0,2.0,1.0,0.0,0.0,0.0,0.0,1.0,0.0,0.0,0.02040816326530612,0.02040816326530612,24.5,213.0,0.009389671361502348,1.0,0.0,0.15
python-attrs/attrs,b56f28cc4bc4bbc59b6b367360ba46be2c40c315,2026-07-31T05:26:58+00:00,0,1,2.0,33.0,0.0,3.5263605246161616,0.0,0.0,0.0,0.0,0.0,0.0,2.0,1.0,0.0,0.0,0.0,0.0,0.0,0.0,0.0,0.02,0.01,25.5,214.0,0.009345794392523364,1.0,0.0,0.15
python-attrs/attrs,487eba94a4857bc9a2ca642b204ab7b4ebe27a80,2026-07-31T06:20:40+00:00,0,1,2.0,33.0,0.0,3.5263605246161616,0.0,0.0,0.0,0.0,0.0,0.0,2.0,1.0,0.0,0.0,0.0,0.0,1.0,1.0,0.0,0.0196078431372549,0.00980392156862745,26.5,215.0,0.009302325581395349,1.0,0.0,0.15
python-attrs/attrs,a858aac08ae9f4be3ac710196bcacef9102eb065,2026-07-31T07:37:20+00:00,0,1,3.0,7.0,7.0,2.70805020110221,2.0,1.0,3.0,0.0,0.0,0.0,0.0,0.0,0.0,0.0,1.0,0.0,1.0,0.0,0.0,0.25,0.13708513708513706,31.0,4.0,0.25,0.0,0.0,0.15
python-attrs/attrs,0b9de0622a6f6b0a3c0264a46eb24f1288e2f2ec,2026-07-31T08:05:21+00:00,0,1,1.0,1.0,1.0,1.0986122886681098,0.0,0.0,0.0,0.0,0.0,0.0,1.0,1.0,0.0,0.0,0.0,0.0,0.0,0.0,0.0,0.019230769230769232,0.019230769230769232,52.0,216.0,0.009259259259259259,1.0,0.0,0.15
python-attrs/attrs,7348f36d68ec74894c9c1f5538a903d87a03fd7f,2026-07-31T08:06:32+00:00,0,1,1.0,1.0,1.0,1.0986122886681098,0.0,0.0,0.0,0.0,1.0,0.0,0.0,0.0,0.0,0.0,0.0,1.0,1.0,0.0,0.0,0.5,0.5,2.0,216.0,0.009259259259259259,1.0,0.0,0.15
python-attrs/attrs,d1b222909a321f9c9b7f21014c0a5643eeed15bd,2026-07-31T08:18:52+00:00,0,1,1.0,1.0,1.0,1.0986122886681098,0.0,0.0,0.0,0.0,0.0,0.0,1.0,1.0,0.0,0.0,0.0,0.0,1.0,1.0,0.0,0.018867924528301886,0.018867924528301886,53.0,218.0,0.009174311926605505,1.0,0.0,0.15
python-attrs/attrs,c27ba27258b314e8a03506a7677d47a699130b8f,2026-07-31T08:31:27+00:00,0,1,1.0,2.0,2.0,1.6094379124341003,0.0,0.0,0.0,0.0,0.0,0.0,1.0,1.0,0.0,0.0,0.0,0.0,0.0,0.0,0.0,0.018518518518518517,0.018518518518518517,54.0,219.0,0.0091324200913242,0.0,0.0,0.15
python-attrs/attrs,7551020db018ca31fd15ade1a7c74a35b2dfa517,2026-07-31T08:45:34+00:00,0,1,1.0,2.0,2.0,1.6094379124341003,0.0,0.0,0.0,0.0,0.0,0.0,1.0,1.0,0.0,0.0,0.0,0.0,1.0,0.0,0.0,0.01818181818181818,0.01818181818181818,55.0,220.0,0.00909090909090909,1.0,0.0,0.15
python-attrs/attrs,ca0f04585d3fb132c6e2f6baa9d7d966d8036760,2026-07-31T08:52:27+00:00,0,1,1.0,2.0,2.0,1.6094379124341003,0.0,0.0,0.0,0.0,0.0,0.0,1.0,1.0,0.0,0.0,0.0,0.0,0.0,0.0,0.0,0.017857142857142856,0.017857142857142856,56.0,221.0,0.00904977375565611,1.0,0.0,0.15
python-attrs/attrs,8328ba78ff5004edfef0b4526a9eb10e049bf58e,2026-07-31T08:53:10+00:00,0,1,17.0,799.0,661.0,7.2868764117507,0.0,1.0,1.0,1.0,5.0,1.0,11.0,1.0,0.0,0.0,0.0,0.0,1.0,1.0,1.0,0.10256410256410256,0.03526991734116077,30.470588235294116,221.0,0.00904977375565611,1.0,0.0,0.15
python-attrs/attrs,e685f6c6cabf43df2e11feee6d9c2653cd92fd02,2026-07-31T08:53:31+00:00,0,1,2.0,1.0,4.0,1.791759469228055,0.0,0.0,0.0,0.0,1.0,0.0,1.0,1.0,0.0,0.0,0.0,0.0,1.0,1.0,0.0,0.017857142857142856,0.008928571428571428,35.5,221.0,0.00904977375565611,1.0,0.0,0.15
python-attrs/attrs,0afa08f002b932c2be92bc2a5fe11cefa4a64747,2026-07-31T09:42:53+00:00,0,1,2.0,2.0,5.0,2.0794415416798357,0.0,0.0,0.0,0.0,1.0,0.0,1.0,1.0,0.0,0.0,0.0,0.0,1.0,1.0,0.0,0.01694915254237288,0.00847457627118644,38.0,224.0,0.008928571428571428,1.0,0.0,0.15
python-attrs/attrs,6851ab593cd25f3c14393e9355d57d22bec2a074,2026-07-31T09:44:54+00:00,0,1,7.0,63.0,11.0,4.31748811353631,12.0,2.0,5.0,1.0,1.0,0.0,0.0,0.0,0.0,0.0,0.0,0.0,0.0,0.0,0.0,0.3333333333333333,0.1624542124542124,15.714285714285714,1.0,0.0,1.0,0.0,0.15
python-attrs/attrs,5c16645e14d6dbd509dd7a67cc86620c056c9de5,2026-07-31T09:47:33+00:00,0,1,9.0,65.0,16.0,4.406719247264253,12.0,2.0,5.0,1.0,2.0,0.0,1.0,1.0,0.0,0.0,0.0,0.0,1.0,1.0,0.0,0.25,0.10526421539079765,21.666666666666668,2.0,0.0,0.0,0.0,0.1
python-attrs/attrs,2e082f1c1efb019885fbdb601b32f8464dbe5d47,2026-07-31T13:08:11+00:00,0,1,7.0,63.0,11.0,4.31748811353631,12.0,2.0,5.0,1.0,1.0,0.0,0.0,0.0,0.0,0.0,0.0,0.0,1.0,1.0,1.0,0.2,0.11343537414965985,17.714285714285715,225.0,0.008888888888888889,1.0,0.0,0.05
python-attrs/attrs,97f8d175656bc03c373a1c9038048a4d312c307c,2026-07-31T13:31:02+00:00,0,1,3.0,20.0,0.0,3.044522437723423,3.0,1.0,1.0,1.0,1.0,0.0,0.0,0.0,0.0,0.0,0.0,0.0,0.0,0.0,1.0,0.5,0.19135802469135801,28.0,1.0,0.0,1.0,0.0,0.0
python-attrs/attrs,19737f49351ca7dd08fdf295674d254639dbe70e,2026-07-31T16:48:12+00:00,1,1,9.0,83.0,11.0,4.553876891600541,15.0,2.0,5.0,2.0,2.0,0.0,0.0,0.0,0.0,0.0,0.0,0.0,1.0,1.0,0.0,0.3333333333333333,0.11428087495160666,15.222222222222221,226.0,0.008849557522123894,1.0,0.0,0.0
python-attrs/attrs,c7067ccd2eade9ab19989d3c7df99e7b85a6c6d2,2026-07-31T17:06:00+00:00,0,1,1.0,2.0,0.0,1.0986122886681098,1.0,1.0,1.0,0.0,0.0,0.0,0.0,0.0,0.0,0.0,1.0,0.0,1.0,0.0,0.0,0.08433734939759036,0.08433734939759036,83.0,227.0,0.013215859030837005,0.0,0.0,0.05
python-attrs/attrs,dde7929212a85273b489de016b26f59bc6ae8b6a,2026-07-31T17:09:31+00:00,0,1,1.0,2.0,2.0,1.6094379124341003,1.0,1.0,1.0,0.0,0.0,0.0,0.0,0.0,0.0,0.0,1.0,0.0,1.0,0.0,0.0,0.0,0.0,3.0,228.0,0.013157894736842105,1.0,0.0,0.05
python-attrs/attrs,0fed6e9c9ba148d38a62fbe8434b5c7eb16c7531,2026-08-01T08:35:55+00:00,0,1,25.0,871.0,662.0,7.335633981927201,15.0,3.0,6.0,3.0,6.0,1.0,11.0,1.0,0.0,0.0,0.0,0.0,1.0,1.0,0.0,0.5,0.11055398559337962,27.16,229.0,0.013100436681222707,1.0,0.0,0.05
python-attrs/attrs,10a8c6dd0fcd7f4004ea01a094f94713f707b82c,2026-08-01T09:01:16+00:00,0,1,2.0,27.0,122.0,5.0106352940962555,0.0,1.0,1.0,0.0,0.0,1.0,0.0,0.0,0.0,0.0,1.0,0.0,1.0,0.0,0.0,0.0975609756097561,0.09355660720786313,54.0,230.0,0.013043478260869565,1.0,0.0,0.05
python-attrs/attrs,c5baf90dbc3fdb23628ad59e92986c01bae57f4f,2026-08-01T09:07:06+00:00,0,1,4.0,427.0,122.0,6.309918278226516,28.0,2.0,2.0,0.0,0.0,1.0,1.0,0.0,0.0,0.0,1.0,0.0,0.0,0.0,0.0,0.09523809523809523,0.06057422969187676,36.75,231.0,0.012987012987012988,1.0,0.0,0.05
python-attrs/attrs,718695d06678fdb56eca15cfeaecd5eb4743ae8b,2026-08-01T09:07:24+00:00,0,1,26.0,1225.0,711.0,7.5688956634069955,43.0,4.0,7.0,3.0,6.0,1.0,11.0,1.0,0.0,0.0,0.0,0.0,1.0,1.0,1.0,0.4,0.09318566204921531,27.26923076923077,231.0,0.012987012987012988,1.0,0.0,0.05
python-attrs/attrs,27e741360a60f7be64f665934ba2b0d1b5f21d13,2026-08-01T09:12:19+00:00,0,1,1.0,2.0,1.0,1.3862943611198906,0.0,0.0,0.0,0.0,1.0,0.0,0.0,0.0,0.0,0.0,0.0,1.0,0.0,0.0,0.0,0.0,0.0,15.0,2.0,0.0,1.0,0.0,0.05
python-attrs/attrs,446b8bf6fcb226d843d9e37b6591f3ace35701fd,2026-08-01T09:29:10+00:00,0,1,1.0,5.0,2.0,2.0794415416798357,1.0,0.0,0.0,0.0,1.0,0.0,0.0,0.0,0.0,0.0,0.0,1.0,0.0,0.0,0.0,0.0,0.0,16.0,233.0,0.012875536480686695,0.0,0.0,0.05
python-attrs/attrs,e0fd3a7820a0dd2df339c775d8b48775c2e2fd66,2026-08-01T09:31:05+00:00,0,1,6.0,437.0,140.0,6.359573868672378,30.0,2.0,2.0,0.0,2.0,1.0,1.0,0.0,0.0,0.0,1.0,0.0,1.0,1.0,0.0,0.09090909090909091,0.038696488696488694,30.833333333333332,233.0,0.012875536480686695,1.0,0.0,0.05
python-attrs/attrs,0973f4d7aac800a035046473aa19bf49c9353afd,2026-08-01T10:00:37+00:00,0,1,2.0,47.0,7.0,4.007333185232471,4.0,1.0,1.0,1.0,0.0,0.0,0.0,0.0,0.0,0.0,0.0,0.0,1.0,0.0,0.0,0.08139534883720931,0.06153100775193798,55.0,235.0,0.01276595744680851,0.0,0.0,0.05
python-attrs/attrs,79fb1645a17118666144ead131a88fdc8d8cd59f,2026-08-01T10:01:40+00:00,0,1,1.0,15.0,0.0,2.772588722239781,0.0,0.0,0.0,0.0,0.0,1.0,0.0,0.0,0.0,0.0,0.0,0.0,0.0,0.0,0.0,0.08888888888888889,0.08888888888888889,45.0,235.0,0.01276595744680851,1.0,0.0,0.05
python-attrs/attrs,b82221d94a043b5d41b237eb01d1b4fce7945d80,2026-08-01T10:25:53+00:00,0,1,5.0,65.0,63.0,4.859812404361672,9.0,1.0,3.0,2.0,0.0,0.0,0.0,0.0,0.0,0.0,0.0,0.0,1.0,0.0,0.0,0.18181818181818182,0.07556948798328109,25.4,237.0,0.012658227848101266,1.0,0.0,0.05
python-attrs/attrs,c09fd87cf37ef365f1852ee3a5543ecd4993d3e9,2026-08-01T10:37:31+00:00,0,1,1.0,15.0,0.0,2.772588722239781,0.0,0.0,0.0,0.0,0.0,1.0,0.0,0.0,0.0,0.0,0.0,0.0,1.0,1.0,0.0,0.08695652173913043,0.08695652173913043,46.0,238.0,0.012605042016806723,1.0,0.0,0.05
python-attrs/attrs,5efaf84c7bbe8eba5619137766a6ee7c17f4c2ac,2026-08-01T11:57:18+00:00,0,1,2.0,3.0,45.0,3.8918202981106265,3.0,1.0,1.0,1.0,0.0,0.0,0.0,0.0,0.0,0.0,0.0,0.0,1.0,0.0,0.0,0.0,0.0,5.0,239.0,0.012552301255230125,1.0,0.0,0.05
python-attrs/attrs,d3a98cf05ab15769003dcca3eae91cdd6504b83b,2026-08-01T12:06:41+00:00,0,1,1.0,1.0,0.0,0.6931471805599453,1.0,1.0,1.0,0.0,0.0,0.0,0.0,0.0,0.0,0.0,1.0,0.0,0.0,0.0,1.0,0.07954545454545454,0.07954545454545454,88.0,240.0,0.0125,1.0,0.0,0.05
python-attrs/attrs,f616f732c6c5f87a8f7a762176422baed250a6be,2026-08-01T12:12:19+00:00,0,1,1.0,1.0,1.0,1.0986122886681098,1.0,1.0,1.0,0.0,0.0,0.0,0.0,0.0,0.0,0.0,1.0,0.0,0.0,0.0,0.0,0.0,0.0,6.0,241.0,0.012448132780082987,0.0,0.0,0.05
python-attrs/attrs,70f095cb17fb9564f17e3eab7d4ce65caefe48f1,2026-08-01T12:28:09+00:00,0,1,39.0,2008.0,1108.0,8.044626279767337,76.0,4.0,12.0,5.0,12.0,1.0,12.0,1.0,0.0,0.0,0.0,0.0,1.0,1.0,0.0,0.3333333333333333,0.061373066676214734,21.82051282051282,242.0,0.012396694214876033,1.0,0.0,0.05
python-attrs/attrs,325f3494d13d0f491157d139ed56b5ae5e07b80b,2026-08-01T12:35:18+00:00,0,1,1.0,1.0,1.0,1.0986122886681098,0.0,0.0,0.0,0.0,1.0,0.0,0.0,0.0,0.0,0.0,0.0,1.0,1.0,0.0,1.0,0.0,0.0,1.0,243.0,0.012345679012345678,1.0,0.0,0.05
python-attrs/attrs,5aa76a4450c311d87eda43946ec0ecd743572649,2026-08-01T12:46:29+00:00,0,1,5.0,52.0,13.0,4.189654742026425,17.0,1.0,2.0,1.0,2.0,0.0,0.0,0.0,0.0,0.0,0.0,0.0,0.0,0.0,0.0,0.4444444444444444,0.08888888888888888,6.8,1.0,0.0,1.0,0.0,0.05
python-attrs/attrs,116681b67e3e3c82457df38a64908dbeec2669ea,2026-08-02T07:03:14+00:00,0,1,11.0,218.0,104.0,5.777652323222656,6.0,2.0,2.0,4.0,4.0,0.0,1.0,1.0,0.0,0.0,0.0,0.0,0.0,0.0,0.0,1.0,0.14601648351648353,17.545454545454547,244.0,0.012295081967213115,1.0,0.0,0.05
python-attrs/attrs,c1c1e0e25f855be68caf1d1a1dfa832a25acbf58,2026-08-02T07:14:10+00:00,0,1,1.0,6.0,16.0,3.1354942159291497,0.0,0.0,0.0,0.0,0.0,0.0,1.0,0.0,0.0,0.0,0.0,0.0,0.0,0.0,1.0,0.05263157894736842,0.05263157894736842,38.0,245.0,0.012244897959183673,1.0,0.0,0.0
python-attrs/attrs,f6011681a6c7f5146f69666626b603d214b74af6,2026-08-02T07:55:07+00:00,1,1,1.0,1.0,1.0,1.0986122886681098,0.0,0.0,0.0,0.0,0.0,0.0,1.0,1.0,0.0,0.0,0.0,0.0,1.0,0.0,0.0,0.0425531914893617,0.0425531914893617,47.0,246.0,0.012195121951219513,0.0,0.0,0.0
python-attrs/attrs,f740d07dd812eefa841267d630ad43ad531c95de,2026-08-02T08:37:13+00:00,0,1,1.0,1.0,1.0,1.0986122886681098,0.0,0.0,0.0,0.0,0.0,0.0,1.0,1.0,0.0,0.0,0.0,0.0,1.0,0.0,1.0,0.0625,0.0625,48.0,247.0,0.016194331983805668,0.0,0.0,0.05
python-attrs/attrs,e98410af80d4df86a0fe04137391de28d425df19,2026-08-02T08:43:22+00:00,0,1,1.0,4.0,1.0,1.791759469228055,0.0,0.0,0.0,0.0,0.0,0.0,1.0,1.0,0.0,0.0,0.0,0.0,1.0,0.0,0.0,0.061224489795918366,0.061224489795918366,49.0,248.0,0.016129032258064516,0.0,0.0,0.05
python-attrs/attrs,f0d353453557043b89ecf29630dff6057e893706,2026-08-02T08:59:38+00:00,0,1,1.0,3.0,5.0,2.1972245773362196,0.0,0.0,0.0,0.0,0.0,0.0,1.0,0.0,0.0,0.0,0.0,0.0,1.0,0.0,0.0,0.05128205128205128,0.05128205128205128,39.0,249.0,0.01606425702811245,0.0,0.0,0.05
python-attrs/attrs,9b98a730bf71cabae9bcedb8a3aac72289c23733,2026-08-02T09:06:09+00:00,0,1,16.0,177.0,905.0,6.9874902470009905,23.0,2.0,4.0,8.0,1.0,1.0,2.0,1.0,0.0,0.0,0.0,0.0,0.0,0.0,0.0,0.5,0.09392700652974627,23.5625,250.0,0.016,1.0,0.0,0.05
python-attrs/attrs,98e1e683548523da3b4e911df4258c8a1af2723e,2026-08-02T09:14:21+00:00,1,1,2.0,11.0,23.0,3.5553480614894135,0.0,0.0,0.0,0.0,0.0,0.0,2.0,1.0,0.0,0.0,0.0,0.0,1.0,0.0,0.0,0.058823529411764705,0.05380200860832138,46.0,251.0,0.01593625498007968,1.0,0.0,0.05
python-attrs/attrs,a40ff2b04169d123b1ed78a76868cec2ca67911c,2026-08-02T09:17:15+00:00,0,1,1.0,1.0,1.0,1.0986122886681098,0.0,0.0,0.0,0.0,0.0,0.0,1.0,1.0,0.0,0.0,0.0,0.0,1.0,0.0,1.0,0.07692307692307693,0.07692307692307693,52.0,252.0,0.01984126984126984,0.0,0.0,0.1
python-attrs/attrs,21b5746de7d428efe190ad9b895f68eff5c67c20,2026-08-02T09:21:02+00:00,0,1,3.0,13.0,26.0,3.6888794541139363,0.0,0.0,0.0,0.0,0.0,1.0,2.0,1.0,0.0,0.0,0.0,0.0,0.0,0.0,0.0,0.08163265306122448,0.07617764086766782,48.0,253.0,0.019762845849802372,1.0,0.0,0.1
python-attrs/attrs,29b608137636417fbfdb6586ca42b58a540f8077,2026-08-02T09:30:35+00:00,0,1,2.0,3.0,6.0,2.302585092994046,2.0,1.0,2.0,0.0,0.0,0.0,0.0,0.0,0.0,0.0,1.0,0.0,0.0,0.0,0.0,0.1,0.05,13.0,254.0,0.01968503937007874,1.0,0.0,0.1
python-attrs/attrs,3e01de41b0efb9f51b92cc3372477be92033f4a8,2026-08-02T09:54:43+00:00,0,1,2.0,3.0,3.0,1.9459101490553132,1.0,1.0,2.0,0.0,0.0,0.0,0.0,0.0,0.0,0.0,1.0,0.0,0.0,0.0,1.0,0.18181818181818182,0.13852813852813853,16.0,255.0,0.0196078431372549,1.0,0.0,0.1
python-attrs/attrs,f38b8a3f1625060aa4245930822c34c11c252f83,2026-08-02T10:21:47+00:00,0,1,1.0,6.0,6.0,2.5649493574615367,2.0,1.0,1.0,0.0,0.0,0.0,0.0,0.0,0.0,0.0,1.0,0.0,0.0,0.0,0.0,0.0,0.0,0.0,256.0,0.01953125,1.0,0.0,0.1
python-attrs/attrs,dc3cca3b36543f4d3baea066571b89315a029c82,2026-08-02T10:37:11+00:00,0,1,2.0,42.0,9.0,3.9512437185814275,3.0,1.0,2.0,0.0,0.0,0.0,0.0,0.0,0.0,0.0,1.0,0.0,1.0,0.0,0.0,0.16666666666666666,0.08333333333333333,9.5,257.0,0.019455252918287938,1.0,0.0,0.1
python-attrs/attrs,03e6cc70473d06c9a65129a366b3ec896312f3d9,2026-08-02T10:57:34+00:00,0,1,3.0,18.0,1.0,2.995732273553991,3.0,1.0,1.0,1.0,1.0,0.0,0.0,0.0,0.0,0.0,0.0,0.0,1.0,0.0,0.0,0.125,0.10096153846153846,33.0,258.0,0.01937984496124031,1.0,0.0,0.1
python-attrs/attrs,67ab6abe6276af4e2685528e05528c2bb7a53f57,2026-08-02T11:01:49+00:00,0,1,1.0,6.0,4.0,2.3978952727983707,4.0,0.0,0.0,1.0,0.0,0.0,0.0,0.0,0.0,0.0,0.0,0.0,1.0,0.0,0.0,0.0,0.0,13.0,259.0,0.019305019305019305,1.0,0.0,0.1
python-attrs/attrs,89714782730fe50d012d44686cc9b3b7d25bbc73,2026-08-02T11:13:47+00:00,0,1,1.0,1.0,15.0,2.833213344056216,1.0,1.0,1.0,0.0,0.0,0.0,0.0,0.0,0.0,0.0,1.0,0.0,1.0,0.0,1.0,0.15384615384615385,0.15384615384615385,13.0,260.0,0.019230769230769232,1.0,0.0,0.1
python-attrs/attrs,5d67c96352a36c8456cad3c425555313b9b4b6c7,2026-08-02T11:27:02+00:00,0,1,1.0,4.0,6.0,2.3978952727983707,4.0,0.0,0.0,1.0,0.0,0.0,0.0,0.0,0.0,0.0,0.0,0.0,1.0,0.0,1.0,0.0,0.0,14.0,261.0,0.019157088122605363,1.0,0.0,0.1
python-attrs/attrs,0bc217f8f4cdf0477da96b5ffec4a137d1e3489a,2026-08-02T11:38:25+00:00,0,1,2.0,5.0,4.0,2.302585092994046,3.0,1.0,1.0,1.0,0.0,0.0,0.0,0.0,0.0,0.0,0.0,0.0,1.0,0.0,0.0,0.1111111111111111,0.09359903381642512,50.5,262.0,0.019083969465648856,1.0,0.0,0.1
python-attrs/attrs,f53fc5440d7f86aac4328aec7a563eb48634177f,2026-08-02T11:47:01+00:00,0,1,3.0,19.0,1.0,3.044522437723423,3.0,1.0,1.0,1.0,1.0,0.0,0.0,0.0,0.0,0.0,0.0,0.0,0.0,0.0,0.0,0.1,0.058422939068100366,34.666666666666664,263.0,0.019011406844106463,1.0,0.0,0.1
python-attrs/attrs,b0a8c269136861023b4214cbdc96448f1b1708dd,2026-08-02T11:47:24+00:00,0,1,3.0,19.0,1.0,3.044522437723423,3.0,1.0,1.0,1.0,1.0,0.0,0.0,0.0,0.0,0.0,0.0,0.0,1.0,1.0,0.0,0.1,0.058422939068100366,34.666666666666664,263.0,0.019011406844106463,1.0,0.0,0.1
python-attrs/attrs,1532187cd78997b5017057018db6653cbcfcdfc0,2026-08-02T11:58:22+00:00,0,1,1.0,2.0,7.0,2.302585092994046,1.0,1.0,1.0,0.0,0.0,0.0,0.0,0.0,0.0,0.0,1.0,0.0,1.0,0.0,0.0,0.14285714285714285,0.14285714285714285,14.0,265.0,0.018867924528301886,1.0,0.0,0.1
python-attrs/attrs,0c052fc87109e51529ec398d336b7f7638389f29,2026-08-02T12:21:07+00:00,0,1,1.0,0.0,2.0,1.0986122886681098,2.0,1.0,1.0,0.0,0.0,0.0,0.0,0.0,0.0,0.0,1.0,0.0,1.0,0.0,0.0,0.0,0.0,8.0,266.0,0.018796992481203006,0.0,0.0,0.1
python-attrs/attrs,3351d144ec66fc2a6e146e79b93c14eb6cacb718,2026-08-02T14:34:19+00:00,0,1,2.0,6.0,5.0,2.4849066497880004,4.0,1.0,1.0,1.0,0.0,0.0,0.0,0.0,0.0,0.0,0.0,0.0,1.0,0.0,1.0,0.0,0.0,1.0,0.0,0.0,1.0,0.0,0.05
python-attrs/attrs,8ea85ef83fa086b2d4b6a1d3d683adca26dac6ca,2026-08-03T06:19:31+00:00,0,1,5.0,92.0,114.0,5.332718793265369,0.0,1.0,1.0,0.0,0.0,1.0,3.0,1.0,0.0,0.0,1.0,0.0,0.0,0.0,0.0,0.08108108108108109,0.06765118606979073,56.2,267.0,0.018726591760299626,1.0,0.0,0.05
python-attrs/attrs,5c2d9bef37913314101c912fcd95ae9e93ca503e,2026-08-03T06:46:24+00:00,0,1,2.0,6.0,0.0,1.9459101490553132,0.0,1.0,1.0,0.0,0.0,1.0,0.0,0.0,0.0,0.0,1.0,0.0,0.0,0.0,0.0,0.08,0.07921568627450981,63.0,268.0,0.018656716417910446,1.0,0.0,0.05
python-attrs/attrs,1dcdab44344ffd121acd8b67448c0d1915bc17e0,2026-08-03T06:54:10+00:00,0,1,1.0,5.0,4.0,2.302585092994046,0.0,0.0,0.0,0.0,0.0,0.0,1.0,0.0,0.0,0.0,0.0,0.0,0.0,0.0,0.0,0.06818181818181818,0.06818181818181818,44.0,269.0,0.01858736059479554,1.0,0.0,0.05
python-attrs/attrs,58c8e9ade6fa4723199e9fd938e7130f079eb2cd,2026-08-03T09:02:48+00:00,0,1,12.0,1066.0,1064.0,7.664346632098617,164.0,2.0,7.0,0.0,3.0,1.0,2.0,1.0,0.0,0.0,1.0,0.0,0.0,0.0,0.0,0.07692307692307693,0.030716902145473575,11.083333333333334,270.0,0.018518518518518517,1.0,0.0,0.05
python-attrs/attrs,e43b1f9026d18a5ac227e7a7c65c7ccbf5d5e07f,2026-08-03T09:09:16+00:00,0,1,2.0,4.0,3.0,2.0794415416798357,0.0,0.0,0.0,0.0,0.0,0.0,2.0,0.0,0.0,0.0,0.0,0.0,0.0,0.0,0.0,0.06521739130434782,0.03260869565217391,25.5,271.0,0.01845018450184502,1.0,0.0,0.0
python-attrs/attrs,1f23297914f3859b80e780e30db5404270425954,2026-08-03T09:18:58+00:00,1,1,7.0,163.0,19.0,5.209486152841421,0.0,1.0,1.0,0.0,1.0,1.0,5.0,1.0,0.0,0.0,1.0,0.0,1.0,0.0,0.0,0.07894736842105263,0.05447562676644867,50.0,272.0,0.01838235294117647,1.0,0.0,0.0
python-attrs/attrs,51e59e11bdd425a78466f827931538aedd2cfe30,2026-08-03T09:24:50+00:00,0,1,2.0,6.0,0.0,1.9459101490553132,0.0,0.0,0.0,0.0,0.0,0.0,2.0,1.0,0.0,0.0,0.0,0.0,1.0,0.0,0.0,0.08928571428571429,0.08630952380952381,52.0,273.0,0.02197802197802198,1.0,1.0,0.05
python-attrs/attrs,65c80d7ddf4ca87b9638334fc24e60080d3dcd9b,2026-08-03T13:18:08+00:00,0,1,7.0,169.0,19.0,5.241747015059643,0.0,1.0,1.0,0.0,1.0,1.0,5.0,1.0,0.0,0.0,1.0,0.0,0.0,0.0,0.0,0.09259259259259259,0.07536603707387811,51.285714285714285,274.0,0.021897810218978103,1.0,0.0,0.05
python-attrs/attrs,24cbcf1b543a7cbc67d74bc4a81602e81466c3fb,2026-08-04T05:29:46+00:00,0,1,1.0,3.0,0.0,1.3862943611198906,0.0,0.0,0.0,0.0,0.0,0.0,1.0,1.0,0.0,0.0,0.0,0.0,0.0,0.0,0.0,0.08620689655172414,0.08620689655172414,58.0,275.0,0.02181818181818182,1.0,0.0,0.05
python-attrs/attrs,55677f7b5ae6d439140f396b079d70c7ca10055e,2026-08-04T06:18:01+00:00,0,1,2.0,3.0,4.0,2.0794415416798357,0.0,0.0,0.0,0.0,0.0,0.0,2.0,0.0,0.0,0.0,0.0,0.0,1.0,0.0,0.0,0.08,0.04,28.0,276.0,0.021739130434782608,1.0,0.0,0.05
python-attrs/attrs,b6f6f76d77b48066812d8ebc87e68f5f891baff0,2026-08-04T06:35:29+00:00,0,1,2.0,3.0,4.0,2.0794415416798357,0.0,0.0,0.0,0.0,0.0,0.0,2.0,0.0,0.0,0.0,0.0,0.0,0.0,0.0,0.0,0.0784313725490196,0.0392156862745098,29.0,277.0,0.021660649819494584,1.0,0.0,0.05
python-attrs/attrs,42f56c998ab1ec5883148913b29e89ec597692e5,2026-08-04T07:41:37+00:00,0,1,1.0,0.0,8.0,2.1972245773362196,0.0,0.0,0.0,0.0,0.0,0.0,1.0,1.0,0.0,0.0,0.0,0.0,0.0,0.0,0.0,0.030303030303030304,0.030303030303030304,66.0,278.0,0.02158273381294964,1.0,0.0,0.05
python-attrs/attrs,51e8a602f3a5d9e1e0c3f8ccf014a3567a1f7c78,2026-08-04T07:44:31+00:00,0,1,1.0,6.0,0.0,1.9459101490553132,0.0,0.0,0.0,0.0,1.0,0.0,1.0,1.0,0.0,0.0,0.0,1.0,0.0,0.0,0.0,0.0,0.0,12.0,279.0,0.021505376344086023,1.0,0.0,0.05
python-attrs/attrs,14f57651c66d14e68b2de3cbfab9dccbb111ef63,2026-08-05T15:00:41+00:00,1,1,7.0,132.0,1.0,4.897839799950911,16.0,2.0,3.0,3.0,1.0,0.0,0.0,0.0,0.0,0.0,0.0,0.0,1.0,0.0,0.0,0.07368421052631578,0.018233082706766917,23.714285714285715,0.0,0.0,1.0,0.0,0.05
python-attrs/attrs,6fc4672a8376e772e9d8ff46c408edb8d6113596,2026-08-05T15:11:25+00:00,1,1,7.0,144.0,1.0,4.983606621708336,17.0,2.0,3.0,3.0,1.0,0.0,0.0,0.0,0.0,0.0,0.0,0.0,1.0,0.0,0.0,1.0,0.21587462571235388,24.714285714285715,1.0,1.0,1.0,0.0,0.1
python-attrs/attrs,2f57c14846ac0af38d6dbe0991ded3042a77e93b,2026-08-05T15:39:24+00:00,1,1,7.0,146.0,1.0,4.997212273764115,17.0,2.0,3.0,3.0,1.0,0.0,0.0,0.0,0.0,0.0,0.0,0.0,1.0,0.0,0.0,1.0,0.2641927373886137,25.714285714285715,2.0,1.0,1.0,0.0,0.15
python-attrs/attrs,835b55d4d2945998040616e50ae7a0c194b13714,2026-08-05T17:26:52+00:00,0,1,7.0,146.0,1.0,4.997212273764115,17.0,2.0,3.0,3.0,1.0,0.0,0.0,0.0,0.0,0.0,0.0,0.0,1.0,0.0,0.0,1.0,0.30556683017616454,26.714285714285715,3.0,1.0,1.0,0.0,0.2
python-attrs/attrs,1ea13ff576c14907280d080c33fa5d25f968f30e,2026-08-06T13:02:11+00:00,1,1,4.0,8.0,1.0,2.302585092994046,0.0,0.0,0.0,0.0,3.0,1.0,0.0,0.0,0.0,0.0,0.0,0.0,0.0,0.0,0.0,0.09090909090909091,0.022727272727272728,25.5,280.0,0.02142857142857143,1.0,0.0,0.2
python-attrs/attrs,3bb6382a7ca4ebe681386e3c6b8106993a4d194f,2026-08-07T05:25:44+00:00,1,1,4.0,20.0,1.0,3.091042453358316,0.0,1.0,2.0,0.0,2.0,0.0,0.0,0.0,0.0,0.0,1.0,0.0,0.0,0.0,0.0,0.043478260869565216,0.010869565217391304,11.0,281.0,0.02491103202846975,1.0,1.0,0.25
python-attrs/attrs,c1dc5dcba16ed827aa6dcad896b41a3afedb4e32,2026-08-07T05:38:44+00:00,0,1,2.0,1.0,6.0,2.0794415416798357,0.0,1.0,2.0,0.0,0.0,0.0,0.0,0.0,0.0,0.0,1.0,0.0,0.0,0.0,0.0,0.5,0.5,2.0,282.0,0.028368794326241134,1.0,1.0,0.3
python-attrs/attrs,5a270b96cbe589a62b376a797653747f0a1c4eb6,2026-08-12T17:42:02+00:00,0,1,1.0,1.0,0.0,0.6931471805599453,0.0,0.0,0.0,0.0,1.0,0.0,0.0,0.0,0.0,0.0,0.0,1.0,1.0,0.0,0.0,0.0,0.0,0.0,0.0,0.0,0.0,0.0,0.3
python-attrs/attrs,30fd617c45854a5555550c9a0bf921bc3ee28786,2026-08-18T08:39:29+00:00,0,1,1.0,2.0,0.0,1.0986122886681098,0.0,0.0,0.0,0.0,1.0,0.0,1.0,1.0,0.0,1.0,0.0,1.0,0.0,0.0,0.0,0.0,0.0,0.0,283.0,0.028268551236749116,1.0,0.0,0.3
python-attrs/attrs,a4404537e3dca17c935b786391742c452f8061c4,2026-08-19T20:14:03+00:00,0,1,4.0,136.0,0.0,4.919980925828125,8.0,1.0,1.0,1.0,2.0,0.0,0.0,0.0,0.0,0.0,0.0,0.0,1.0,0.0,0.0,0.10101010101010101,0.03367003367003367,31.25,0.0,0.0,1.0,0.0,0.3
python-attrs/attrs,dc1ca3892c0285f2a3980e1fd08d50728fd1eaec,2026-08-25T05:35:47+00:00,0,1,1.0,3.0,3.0,1.9459101490553132,0.0,0.0,0.0,0.0,1.0,0.0,1.0,1.0,0.0,0.0,0.0,1.0,0.0,0.0,1.0,0.08,0.08,25.0,284.0,0.028169014084507043,1.0,0.0,0.3
python-attrs/attrs,7e6bd769b44ce51f59fecfaf3701b87c7eb0e451,2026-08-26T03:42:32+00:00,0,1,4.0,29.0,0.0,3.4011973816621555,2.0,1.0,1.0,1.0,2.0,0.0,0.0,0.0,0.0,0.0,0.0,0.0,1.0,0.0,0.0,0.125,0.075,33.75,0.0,0.0,1.0,0.0,0.3
python-attrs/attrs,b821df37e8b5c6a1f99753906fdc1cc94f1469c3,2026-08-27T04:25:21+00:00,0,1,1.0,2.0,2.0,1.6094379124341003,0.0,0.0,0.0,0.0,1.0,0.0,0.0,0.0,0.0,0.0,0.0,1.0,1.0,0.0,1.0,0.23076923076923078,0.23076923076923078,13.0,2.0,0.0,1.0,0.0,0.3
python-attrs/attrs,764bf92a1c96abe4615b59f3e5a7b738b0340a94,2026-08-27T07:11:04+00:00,0,1,1.0,2.0,2.0,1.6094379124341003,0.0,0.0,0.0,0.0,1.0,0.0,0.0,0.0,0.0,0.0,0.0,1.0,0.0,0.0,1.0,0.21428571428571427,0.21428571428571427,14.0,3.0,0.0,1.0,0.0,0.25
python-attrs/attrs,cb325406937643cbb8ca250f9d00714105e14780,2026-08-29T08:29:46+00:00,1,1,1.0,156.0,126.0,5.645446897643238,10.0,0.0,0.0,1.0,0.0,0.0,0.0,0.0,0.0,0.0,0.0,0.0,1.0,0.0,1.0,0.0,0.0,2.0,0.0,0.0,0.0,0.0,0.25
python-attrs/attrs,88cb2281d0a72a96adcbde1f182c7fb62065488c,2026-09-01T05:20:00+00:00,0,1,3.0,6.0,6.0,2.5649493574615367,0.0,0.0,0.0,0.0,0.0,0.0,3.0,1.0,0.0,0.0,0.0,0.0,1.0,0.0,0.0,0.0847457627118644,0.0510193491473532,59.333333333333336,12.0,0.25,1.0,0.0,0.3
python-attrs/attrs,8f767776326faaed11e6c2974798787f6e19b343,2026-09-01T07:04:58+00:00,0,1,3.0,6.0,6.0,2.5649493574615367,0.0,0.0,0.0,0.0,0.0,0.0,3.0,1.0,0.0,0.0,0.0,0.0,0.0,0.0,0.0,0.08333333333333333,0.05016031569860649,60.333333333333336,13.0,0.23076923076923078,1.0,0.0,0.3
python-attrs/attrs,5a7e024c029e7564fe84a8f37686d90ba48a719d,2026-09-03T10:30:35+00:00,0,1,2.0,66.0,10.0,4.343805421853684,5.0,1.0,1.0,1.0,0.0,0.0,0.0,0.0,0.0,0.0,0.0,0.0,1.0,0.0,1.0,0.09900990099009901,0.04950495049504951,59.5,1.0,1.0,1.0,0.0,0.3
python-attrs/attrs,a636abe97f506faa360a7894b648380ade984cf6,2026-09-05T07:01:52+00:00,1,1,2.0,82.0,0.0,4.418840607796598,4.0,1.0,1.0,1.0,0.0,0.0,0.0,0.0,0.0,0.0,0.0,0.0,1.0,0.0,0.0,0.2857142857142857,0.1918767507002801,54.5,0.0,0.0,1.0,0.0,0.3
python-attrs/attrs,bea95f8b86c7dbbfc5f1f0d289f985255280859c,2026-09-05T07:31:37+00:00,0,1,2.0,29.0,5.0,3.5553480614894135,2.0,1.0,1.0,1.0,0.0,0.0,0.0,0.0,0.0,0.0,0.0,0.0,1.0,0.0,1.0,0.375,0.2408980582524272,55.5,1.0,1.0,1.0,1.0,0.35
python-attrs/attrs,86a8190264c67972b4627c5d474bc4c16b547c63,2026-09-10T09:52:37+00:00,0,1,1.0,2.0,0.0,1.0986122886681098,0.0,0.0,0.0,0.0,1.0,0.0,0.0,0.0,0.0,0.0,0.0,1.0,1.0,0.0,0.0,0.0,0.0,0.0,0.0,0.0,0.0,0.0,0.35
python-attrs/attrs,4672fea2eea2a0200956cdc151778ab5fcc55a98,2026-09-11T16:24:00+00:00,0,1,1.0,2.0,2.0,1.6094379124341003,0.0,0.0,0.0,0.0,1.0,0.0,0.0,0.0,0.0,0.0,0.0,1.0,1.0,0.0,0.0,0.0,0.0,11.0,0.0,0.0,1.0,0.0,0.3
python-attrs/attrs,cf51d9ea38095f32f09ff206e3261b6d88c3dda7,2026-09-12T23:51:58+00:00,0,1,1.0,11.0,0.0,2.4849066497880004,0.0,0.0,0.0,0.0,1.0,0.0,0.0,0.0,0.0,0.0,0.0,1.0,1.0,0.0,0.0,0.0,0.0,4.0,0.0,0.0,1.0,0.0,0.25
python-attrs/attrs,06712abcdeec793386e172f81ae31c8be2dcb9f7,2026-09-18T01:43:01+00:00,0,1,2.0,45.0,2.0,3.871201010907891,5.0,1.0,1.0,1.0,0.0,0.0,0.0,0.0,0.0,0.0,0.0,0.0,1.0,0.0,0.0,0.3333333333333333,0.16666666666666666,2.5,0.0,0.0,1.0,0.0,0.2
python-attrs/attrs,68fea44f55c212032ce9bb748f1ad27e93d471eb,2026-09-21T04:10:35+00:00,0,1,2.0,2.0,2.0,1.6094379124341003,1.0,1.0,1.0,0.0,1.0,0.0,0.0,0.0,0.0,0.0,1.0,0.0,1.0,0.0,1.0,0.2,0.1528846153846154,59.5,0.0,0.0,1.0,0.0,0.2
python-attrs/attrs,8b26d3ce53e4a54b7dbea4cc0db97cc05213742e,2026-09-21T22:56:24+00:00,1,1,3.0,54.0,2.0,4.04305126783455,5.0,1.0,1.0,1.0,1.0,0.0,0.0,0.0,0.0,0.0,0.0,0.0,1.0,0.0,1.0,0.12121212121212122,0.112987012987013,46.0,0.0,0.0,1.0,0.0,0.15
python-attrs/attrs,569293414432c2a7a4f7ad8efff223fb818da7ee,2026-09-25T11:26:16+00:00,0,1,1.0,21.0,1.0,3.1354942159291497,0.0,0.0,0.0,0.0,1.0,0.0,0.0,0.0,0.0,0.0,0.0,1.0,1.0,0.0,0.0,0.1875,0.1875,16.0,0.0,0.0,1.0,0.0,0.15
python-attrs/attrs,b0ddd1dc2c3d53c6acb348e20af232d2ed8e5ebb,2026-09-27T16:18:25+00:00,0,1,3.0,27.0,2.0,3.4011973816621555,2.0,1.0,1.0,1.0,1.0,0.0,0.0,0.0,0.0,0.0,0.0,0.0,1.0,0.0,1.0,0.0,0.0,1.6666666666666667,0.0,0.0,1.0,0.0,0.15
python-attrs/attrs,62a32ee301d685934e6529f590771125c41f2ed8,2026-09-27T16:21:38+00:00,0,1,3.0,27.0,2.0,3.4011973816621555,2.0,1.0,1.0,1.0,1.0,0.0,0.0,0.0,0.0,0.0,0.0,0.0,1.0,0.0,1.0,0.0,0.0,2.3333333333333335,1.0,0.0,1.0,0.0,0.15
python-attrs/attrs,cfc1c251323078f033cad9cd9b9378a13b4f53ba,2026-09-29T14:11:58+00:00,0,1,2.0,6.0,6.0,2.5649493574615367,2.0,0.0,0.0,0.0,2.0,0.0,0.0,0.0,0.0,0.0,0.0,1.0,1.0,0.0,0.0,0.0,0.0,0.5,0.0,0.0,0.0,0.0,0.15
python-attrs/attrs,8b201bc55d1c303811b2168651d8c9d9c2827163,2026-09-29T19:01:36+00:00,0,1,3.0,45.0,2.0,3.871201010907891,3.0,1.0,1.0,1.0,1.0,0.0,0.0,0.0,0.0,0.0,0.0,0.0,1.0,0.0,0.0,0.125,0.07940251572327044,40.0,0.0,0.0,1.0,0.0,0.15
python-attrs/attrs,a25520700d01fbafe74c192267888f3d15c98b41,2026-09-29T19:08:02+00:00,0,1,1.0,1.0,0.0,0.6931471805599453,0.0,0.0,0.0,0.0,1.0,0.0,0.0,0.0,0.0,0.0,0.0,1.0,1.0,0.0,1.0,0.0,0.0,0.0,1.0,0.0,1.0,0.0,0.15
python-attrs/attrs,cd170a6db5a089e900112a141703af432878bda9,2026-09-29T20:09:59+00:00,1,1,3.0,6.0,6.0,2.5649493574615367,0.0,0.0,0.0,0.0,0.0,0.0,3.0,1.0,0.0,0.0,0.0,0.0,1.0,1.0,1.0,0.08196721311475409,0.049329919132722645,61.333333333333336,2.0,0.5,1.0,1.0,0.15
python-attrs/attrs,a56cab19b58729484ff4e7802bd0fd9e8509aa22,2026-10-01T05:22:56+00:00,0,1,2.0,4.0,4.0,2.1972245773362196,0.0,0.0,0.0,0.0,0.0,0.0,2.0,1.0,0.0,0.0,0.0,0.0,1.0,0.0,0.0,0.05454545454545454,0.04768089053803339,52.0,14.0,0.21428571428571427,1.0,0.0,0.2
python-attrs/attrs,b0c79abeae3f3af1f6de5e900e36d6367bc944e2,2026-10-01T08:37:44+00:00,0,1,2.0,4.0,4.0,2.1972245773362196,0.0,0.0,0.0,0.0,0.0,0.0,2.0,1.0,0.0,0.0,0.0,0.0,0.0,0.0,0.0,0.05357142857142857,0.046785714285714285,53.0,15.0,0.2,1.0,0.0,0.2
python-attrs/attrs,398ab46733cf7e89b4e4f11a86c29c355307d560,2026-10-01T08:39:07+00:00,1,1,1.0,9.0,297.0,5.726847747587197,0.0,1.0,1.0,0.0,0.0,0.0,0.0,0.0,0.0,0.0,1.0,0.0,1.0,0.0,0.0,0.08974358974358974,0.08974358974358974,78.0,15.0,0.2,0.0,0.0,0.2
python-attrs/attrs,0ad2af9af9ce32b4b81aed1289e13f004c8bde97,2026-10-01T08:39:18+00:00,1,1,1.0,6.0,293.0,5.703782474656201,0.0,1.0,1.0,0.0,0.0,0.0,0.0,0.0,0.0,0.0,1.0,0.0,1.0,0.0,0.0,0.08974358974358974,0.08974358974358974,78.0,15.0,0.2,0.0,0.0,0.2
python-attrs/attrs,c9a4d723d482380943f2470dc042f45646095127,2026-10-01T12:34:59+00:00,0,1,2.0,897.0,765.0,7.416378479192928,0.0,1.0,1.0,0.0,0.0,0.0,1.0,0.0,0.0,0.0,1.0,0.0,1.0,0.0,0.0,0.1125,0.07264344262295082,70.5,285.0,0.028070175438596492,1.0,0.0,0.25
python-attrs/attrs,bf47028ae4ec31975de7dfd389148756f15ee525,2026-10-01T12:42:16+00:00,0,1,2.0,897.0,765.0,7.416378479192928,0.0,1.0,1.0,0.0,0.0,0.0,1.0,0.0,0.0,0.0,1.0,0.0,0.0,0.0,0.0,0.1111111111111111,0.07168458781362007,71.5,286.0,0.027972027972027972,1.0,0.0,0.25
python-attrs/attrs,6483af066ea2706eee075ef48449da5a173d7658,2026-10-01T12:42:42+00:00,0,1,4.0,901.0,769.0,7.421177528595393,0.0,1.0,1.0,0.0,0.0,0.0,3.0,1.0,0.0,0.0,1.0,0.0,1.0,1.0,1.0,0.1111111111111111,0.05880411021227959,62.75,286.0,0.027972027972027972,1.0,0.0,0.25
python-attrs/attrs,a602f78ff670f22be90fb8aea501a6cc30e10fdd,2026-10-01T12:47:12+00:00,0,1,2.0,2.0,2.0,1.6094379124341003,1.0,1.0,1.0,0.0,1.0,0.0,0.0,0.0,0.0,0.0,1.0,0.0,0.0,0.0,1.0,0.17647058823529413,0.14431006047278724,62.0,0.0,0.0,1.0,0.0,0.2
python-attrs/attrs,0c504ac0426ec40d56d0e0de11eea5cee26c61f9,2026-10-01T18:17:25+00:00,0,1,1.0,1.0,0.0,0.6931471805599453,0.0,0.0,0.0,0.0,1.0,0.0,0.0,0.0,0.0,0.0,0.0,1.0,1.0,0.0,0.0,0.0,0.0,0.0,0.0,0.0,0.0,0.0,0.2
