repo,sha,created_at,label,n_runs,n_files,lines_added,lines_deleted,log_churn,n_functions_changed,n_modules,n_src_files,n_test_files,n_docs_files,n_dependency_files,n_config_files,ci_config_changed,n_db_related,n_security_related,src_without_tests,docs_only,is_pull_request,is_merge,msg_mentions_fix,hist_file_max_failure_rate,hist_file_mean_failure_rate,hist_file_mean_prior_changes,author_prior_commits,author_failure_rate,parent_known,parent_failed,repo_recent_failure_rate
Textualize/rich,75a019e325fdbd5b012eb32352cd42185d02fdbb,2025-09-10T10:22:34+00:00,0,1,1.0,10.0,6.0,2.833213344056216,5.0,1.0,1.0,0.0,0.0,0.0,0.0,0.0,0.0,0.0,1.0,0.0,1.0,0.0,0.0,0.0,0.0,0.0,0.0,0.0,0.0,0.0,0.0
Textualize/rich,041406ca9b60af8fcc00cd7fc1b2973ab51eb851,2025-10-09T08:43:32+00:00,0,1,2.0,226.0,154.0,5.942799375126701,0.0,0.0,0.0,0.0,0.0,2.0,0.0,0.0,0.0,0.0,0.0,0.0,1.0,0.0,0.0,0.0,0.0,0.0,0.0,0.0,0.0,0.0,0.0
Textualize/rich,d09cc4f6d51c0787bb6f9d631dc6a91363aac58d,2026-01-21T14:02:27+00:00,0,1,2.0,4.0,0.0,1.6094379124341005,0.0,0.0,0.0,2.0,0.0,0.0,0.0,0.0,0.0,0.0,0.0,0.0,1.0,0.0,0.0,0.0,0.0,0.0,1.0,0.0,0.0,0.0,0.0
Textualize/rich,3c8d89cf6b126b73c7fea89d93d6ab5f50a45a6d,2026-01-22T14:09:58+00:00,0,1,2.0,0.0,543.0,6.298949246855942,4.0,2.0,2.0,0.0,0.0,0.0,0.0,0.0,0.0,0.0,1.0,0.0,1.0,0.0,0.0,0.0,0.0,0.0,2.0,0.0,0.0,0.0,0.0
Textualize/rich,079a6a5ec979cd28f75f7fc0940a19a37e81c512,2026-01-22T14:25:06+00:00,0,1,1.0,5.0,7.0,2.5649493574615367,1.0,1.0,1.0,0.0,0.0,0.0,0.0,0.0,0.0,0.0,1.0,0.0,1.0,0.0,0.0,0.0,0.0,0.0,3.0,0.0,1.0,0.0,0.0
Textualize/rich,9904f141ccdb59f6e655c5c9f0050294fd400c39,2026-01-22T14:36:21+00:00,0,1,1.0,18.0,4.0,3.1354942159291497,3.0,1.0,1.0,0.0,0.0,0.0,0.0,0.0,0.0,0.0,1.0,0.0,1.0,0.0,0.0,0.0,0.0,1.0,4.0,0.0,1.0,0.0,0.0
Textualize/rich,2836d725b734bca429bf1dda738d3ba74aa5078a,2026-01-22T14:55:59+00:00,0,1,1.0,1.0,1.0,1.0986122886681098,1.0,1.0,1.0,0.0,0.0,0.0,0.0,0.0,0.0,0.0,1.0,0.0,1.0,0.0,0.0,0.0,0.0,0.0,5.0,0.0,0.0,0.0,0.0
Textualize/rich,199a839fbd22bc06bfdeae92a64ed792b1ef02e4,2026-01-22T14:56:07+00:00,0,1,1.0,1.0,1.0,1.0986122886681098,1.0,0.0,0.0,1.0,0.0,0.0,0.0,0.0,0.0,0.0,0.0,0.0,1.0,0.0,0.0,0.0,0.0,1.0,5.0,0.0,0.0,0.0,0.0
Textualize/rich,219b4f2ee7c6105d73d7c4ccfe2aaf1025278f6c,2026-01-22T15:15:30+00:00,0,1,22.0,3993.0,3969.0,8.982561092257445,0.0,2.0,22.0,0.0,0.0,0.0,0.0,0.0,0.0,0.0,1.0,0.0,1.0,0.0,0.0,0.0,0.0,0.0,7.0,0.0,0.0,0.0,0.0
Textualize/rich,cbae9229af4391c0e8aea782956ce9b224cb80c2,2026-01-22T15:58:44+00:00,0,1,22.0,4257.0,4253.0,9.04911472347696,0.0,2.0,22.0,0.0,0.0,0.0,0.0,0.0,0.0,0.0,1.0,0.0,1.0,0.0,0.0,0.0,0.0,1.0,8.0,0.0,1.0,0.0,0.0
Textualize/rich,607634116c0d680544018a102789138fd6d49dd0,2026-01-22T16:22:15+00:00,0,1,2.0,2.0,3.0,1.791759469228055,1.0,1.0,1.0,0.0,1.0,0.0,0.0,0.0,0.0,0.0,1.0,0.0,1.0,0.0,0.0,0.0,0.0,0.0,9.0,0.0,0.0,0.0,0.0
Textualize/rich,38cdd3634ca9963bfd9bf73b86d1c70efc1cd99f,2026-01-22T16:22:45+00:00,0,1,1.0,1.0,1.0,1.0986122886681098,0.0,0.0,0.0,0.0,1.0,0.0,0.0,0.0,0.0,0.0,0.0,1.0,1.0,0.0,0.0,0.0,0.0,0.0,9.0,0.0,0.0,0.0,0.0
Textualize/rich,b08e00fce2c8bd48a69953c15e2c624ac6cf0ab4,2026-01-22T16:56:25+00:00,0,1,4.0,36.0,3.0,3.688879454113936,3.0,1.0,2.0,1.0,1.0,0.0,0.0,0.0,0.0,0.0,0.0,0.0,1.0,0.0,0.0,0.0,0.0,0.5,11.0,0.0,0.0,0.0,0.0
Textualize/rich,3350a50a1aa38fbe974e869f931103498827b758,2026-01-22T17:33:53+00:00,0,1,43.0,12505.0,642.0,9.48402493478411,37.0,3.0,35.0,4.0,4.0,0.0,0.0,0.0,0.0,0.0,0.0,0.0,1.0,1.0,0.0,0.0,0.0,1.372093023255814,12.0,0.0,0.0,0.0,0.0
Textualize/rich,1c5e03eb32020011f5b13174e186c588d09d749c,2026-01-23T11:21:26+00:00,0,1,3.0,43.0,4.0,3.871201010907891,8.0,1.0,1.0,2.0,0.0,0.0,0.0,0.0,0.0,0.0,0.0,0.0,1.0,0.0,1.0,0.0,0.0,0.0,13.0,0.0,0.0,0.0,0.0
Textualize/rich,624664f00bb2b8b7c19f352f0a7a284af4a85412,2026-01-23T11:27:53+00:00,0,1,1.0,1.0,0.0,0.6931471805599453,0.0,0.0,0.0,0.0,1.0,0.0,0.0,0.0,0.0,0.0,0.0,1.0,1.0,0.0,0.0,0.0,0.0,4.0,14.0,0.0,1.0,0.0,0.0
Textualize/rich,4d0cbb74a8cc5c7dd9af3056499a43efbd13355a,2026-01-23T13:38:14+00:00,0,1,1.0,1.0,1.0,1.0986122886681098,0.0,0.0,0.0,0.0,1.0,0.0,0.0,0.0,0.0,0.0,0.0,1.0,1.0,0.0,0.0,0.0,0.0,5.0,15.0,0.0,0.0,0.0,0.0
Textualize/rich,39ee57dfe70614381c3ebce34cb35cab557af2f5,2026-01-23T15:05:02+00:00,0,1,2.0,23.0,5.0,3.367295829986474,2.0,1.0,1.0,1.0,0.0,0.0,0.0,0.0,0.0,0.0,0.0,0.0,1.0,0.0,1.0,0.0,0.0,0.5,16.0,0.0,0.0,0.0,0.0
Textualize/rich,565087254a8c9f1e75dd6635b0c3df52190515fe,2026-01-23T15:07:20+00:00,0,1,1.0,1.0,0.0,0.6931471805599453,0.0,0.0,0.0,0.0,1.0,0.0,0.0,0.0,0.0,0.0,0.0,1.0,1.0,0.0,0.0,0.0,0.0,6.0,16.0,0.0,0.0,0.0,0.0
Textualize/rich,9992173c74051e6f0b3e336775fea6feb5e56d33,2026-01-23T15:27:51+00:00,0,1,3.0,37.0,2.0,3.688879454113936,2.0,1.0,2.0,0.0,1.0,0.0,0.0,0.0,0.0,0.0,1.0,0.0,1.0,0.0,0.0,0.0,0.0,2.6666666666666665,18.0,0.0,1.0,0.0,0.0
Textualize/rich,2c247e6da72dfa69dd6148f1a0657e2440d1ebe9,2026-01-23T15:28:19+00:00,0,1,1.0,7.0,0.0,2.0794415416798357,1.0,0.0,0.0,1.0,0.0,0.0,0.0,0.0,0.0,0.0,0.0,0.0,1.0,0.0,0.0,0.0,0.0,0.0,18.0,0.0,0.0,0.0,0.0
Textualize/rich,624b30c5979ec602291a2fff0be8d222060f86d1,2026-01-23T15:38:44+00:00,0,1,1.0,8.0,8.0,2.833213344056216,4.0,1.0,1.0,0.0,0.0,0.0,0.0,0.0,0.0,0.0,1.0,0.0,1.0,0.0,0.0,0.0,0.0,0.0,20.0,0.0,0.0,0.0,0.0
Textualize/rich,fb432792b965c9be5d80c2dfe2d3ddcedfa35cd4,2026-01-23T16:31:58+00:00,0,1,1.0,10.0,6.0,2.833213344056216,5.0,1.0,1.0,0.0,0.0,0.0,0.0,0.0,0.0,0.0,1.0,0.0,1.0,0.0,0.0,0.0,0.0,1.0,1.0,0.0,0.0,0.0,0.0
Textualize/rich,9303d77e8d41c6f43c090420f921dd3fc66ebfd1,2026-01-24T12:08:02+00:00,0,1,1.0,1.0,1.0,1.0986122886681098,1.0,0.0,0.0,1.0,0.0,0.0,0.0,0.0,0.0,0.0,0.0,0.0,1.0,0.0,0.0,0.0,0.0,0.0,21.0,0.0,0.0,0.0,0.0
Textualize/rich,97b5beacc3d9c1336d4bc6a3d69fec363bfe5d2c,2026-01-24T12:12:00+00:00,0,1,2.0,2.0,2.0,1.6094379124341005,0.0,0.0,0.0,0.0,2.0,0.0,0.0,0.0,0.0,0.0,0.0,1.0,1.0,0.0,0.0,0.0,0.0,0.0,22.0,0.0,1.0,0.0,0.0
Textualize/rich,73ee8232e7ea72a90130ccf67d8ffefd4122e9f4,2026-01-24T21:33:55+00:00,0,1,4.0,15.0,2.0,2.8903717578961645,2.0,1.0,1.0,1.0,1.0,1.0,0.0,0.0,0.0,0.0,0.0,0.0,1.0,0.0,1.0,0.0,0.0,3.5,23.0,0.0,0.0,0.0,0.0
Textualize/rich,2e5a5dad304b59d75aa4b4ed6cae031693e3615e,2026-01-24T21:34:18+00:00,0,1,1.0,1.0,1.0,1.0986122886681098,0.0,0.0,0.0,0.0,1.0,0.0,0.0,0.0,0.0,0.0,0.0,1.0,1.0,0.0,0.0,0.0,0.0,8.0,23.0,0.0,0.0,0.0,0.0
Textualize/rich,31930ddc842d9e1cd224327d5f6c22eff4a87f82,2026-02-01T15:24:47+00:00,0,1,2.0,6.0,2.0,2.1972245773362196,2.0,1.0,1.0,1.0,0.0,0.0,0.0,0.0,0.0,0.0,0.0,0.0,1.0,0.0,1.0,0.0,0.0,3.5,25.0,0.0,0.0,0.0,0.0
Textualize/rich,07edb85f7e09ae76f0a0c9ac4c2059803ce8eb9a,2026-02-01T16:00:07+00:00,0,1,1.0,3.0,9.0,2.5649493574615367,1.0,1.0,1.0,0.0,0.0,0.0,0.0,0.0,0.0,0.0,1.0,0.0,1.0,0.0,0.0,0.0,0.0,5.0,26.0,0.0,1.0,0.0,0.0
Textualize/rich,54ae0cfbb8d43ccc8f56bf57019b9a22c252eefa,2026-02-01T16:12:32+00:00,0,1,2.0,3.0,3.0,1.9459101490553132,1.0,1.0,1.0,0.0,1.0,0.0,0.0,0.0,0.0,0.0,1.0,0.0,1.0,0.0,0.0,0.0,0.0,8.0,27.0,0.0,1.0,0.0,0.0
Textualize/rich,1056f31d81cada7507b87094154f9bf57d8746d0,2026-02-11T21:46:00+00:00,0,1,1.0,0.0,2.0,1.0986122886681098,0.0,0.0,0.0,0.0,1.0,0.0,0.0,0.0,0.0,0.0,0.0,1.0,1.0,0.0,0.0,0.0,0.0,0.0,0.0,0.0,0.0,0.0,0.0
Textualize/rich,1568912d6513eea76213a2640cc174e3606a0df0,2026-02-11T22:11:23+00:00,0,1,1.0,7.0,0.0,2.0794415416798357,0.0,0.0,0.0,0.0,1.0,0.0,0.0,0.0,0.0,0.0,0.0,1.0,1.0,0.0,0.0,0.0,0.0,0.0,28.0,0.0,0.0,0.0,0.0
Textualize/rich,97fc5fe27f7c5a8326fc0491375602f6d2b73542,2026-02-12T01:19:37+00:00,0,1,1.0,0.0,24.0,3.218875824868201,0.0,0.0,0.0,0.0,0.0,0.0,1.0,1.0,0.0,0.0,0.0,0.0,1.0,0.0,0.0,0.0,0.0,0.0,1.0,0.0,0.0,0.0,0.0
Textualize/rich,60b064a70a9db813e96955b7b344f61f62817f4c,2026-02-19T14:02:56+00:00,0,1,3.0,10.0,0.0,2.3978952727983707,2.0,1.0,1.0,1.0,1.0,0.0,0.0,0.0,0.0,0.0,0.0,0.0,1.0,0.0,1.0,0.0,0.0,7.333333333333333,29.0,0.0,0.0,0.0,0.0
Textualize/rich,c4db67aa039ac26041e702aa4db053ea56ac9a7f,2026-02-19T15:49:30+00:00,0,1,2.0,44.0,8.0,3.970291913552122,3.0,1.0,1.0,1.0,0.0,0.0,0.0,0.0,0.0,0.0,0.0,0.0,1.0,0.0,0.0,0.0,0.0,6.5,30.0,0.0,1.0,0.0,0.0
Textualize/rich,646aff8e44739869a1eff41c8e56b9fff3f38ef1,2026-02-19T15:53:22+00:00,0,1,1.0,1.0,1.0,1.0986122886681098,1.0,1.0,1.0,0.0,0.0,0.0,0.0,0.0,0.0,0.0,1.0,0.0,1.0,0.0,0.0,0.0,0.0,9.0,31.0,0.0,1.0,0.0,0.0
Textualize/rich,87e7ca27d0f8047e2d22c6ee9f7cf2c59e4c96af,2026-02-19T16:44:28+00:00,0,1,2.0,29.0,10.0,3.688879454113936,3.0,1.0,1.0,1.0,0.0,0.0,0.0,0.0,0.0,0.0,0.0,0.0,1.0,0.0,0.0,0.0,0.0,8.0,32.0,0.0,1.0,0.0,0.0
Textualize/rich,b618ccc7e310a92e555d6ec38a7f390b37192ef3,2026-02-19T16:52:03+00:00,0,1,1.0,1.0,1.0,1.0986122886681098,1.0,1.0,1.0,0.0,0.0,0.0,0.0,0.0,0.0,0.0,1.0,0.0,1.0,0.0,0.0,0.0,0.0,11.0,33.0,0.0,1.0,0.0,0.0
Textualize/rich,b031dca1d74f1f82a02d71e771b116ec4f9ad6c8,2026-02-19T16:56:00+00:00,0,1,1.0,1.0,1.0,1.0986122886681098,1.0,0.0,0.0,1.0,0.0,0.0,0.0,0.0,0.0,0.0,0.0,0.0,1.0,0.0,0.0,0.0,0.0,7.0,33.0,0.0,0.0,0.0,0.0
Textualize/rich,905b397deb6b5ed59dfd80fa499c90e215f309c8,2026-02-19T16:56:09+00:00,0,1,1.0,1.0,1.0,1.0986122886681098,1.0,0.0,0.0,1.0,0.0,0.0,0.0,0.0,0.0,0.0,0.0,0.0,1.0,0.0,0.0,0.0,0.0,7.0,33.0,0.0,0.0,0.0,0.0
Textualize/rich,14a47c928241fe5cbf2f1adab0bb61fd1db3472f,2026-02-19T17:11:58+00:00,0,1,2.0,3.0,3.0,1.9459101490553132,0.0,0.0,0.0,0.0,1.0,1.0,0.0,0.0,0.0,0.0,0.0,0.0,1.0,0.0,0.0,0.0,0.0,7.0,36.0,0.0,0.0,0.0,0.0
Textualize/rich,82714d6f5e21207711ae51cad630ad877757fa89,2026-02-26T08:56:12+00:00,0,1,1.0,1.0,0.0,0.6931471805599453,0.0,1.0,1.0,0.0,0.0,0.0,0.0,0.0,0.0,0.0,1.0,0.0,1.0,0.0,0.0,0.0,0.0,0.0,0.0,0.0,0.0,0.0,0.0
Textualize/rich,efe8f619138327dd3e8fe490289d1b0e6da4a0e8,2026-02-26T09:52:05+00:00,0,1,1.0,2.0,0.0,1.0986122886681098,0.0,0.0,0.0,0.0,1.0,0.0,0.0,0.0,0.0,0.0,0.0,1.0,1.0,0.0,0.0,0.0,0.0,1.0,37.0,0.0,0.0,0.0,0.0
Textualize/rich,8eeaa05dfe9ddbd84482cb9ca633d84ac812c93b,2026-02-26T16:02:15+00:00,0,1,1.0,1.0,1.0,1.0986122886681098,0.0,1.0,1.0,0.0,0.0,0.0,0.0,0.0,0.0,0.0,1.0,0.0,1.0,0.0,0.0,0.0,0.0,1.0,1.0,0.0,1.0,0.0,0.0
Textualize/rich,14717e31afeefdeb9364e8ddb501fae4e2a400be,2026-03-10T06:24:13+00:00,0,1,119.0,14198.0,1381.0,9.65374331942474,245.0,4.0,56.0,19.0,36.0,3.0,8.0,1.0,0.0,0.0,0.0,0.0,1.0,1.0,1.0,0.0,0.0,1.2436974789915969,0.0,0.0,0.0,0.0,0.0
Textualize/rich,71409ae99d79467e32ddc869e84490e71a1f8a3d,2026-03-10T06:32:25+00:00,0,1,1.0,1.0,3.0,1.6094379124341005,0.0,0.0,0.0,0.0,1.0,0.0,0.0,0.0,0.0,0.0,0.0,1.0,1.0,0.0,1.0,0.0,0.0,14.0,1.0,0.0,1.0,0.0,0.0
Textualize/rich,9ac7e797cc731429603cdebd21c1746e5984c7b6,2026-03-27T09:24:32+00:00,0,1,1.0,10.0,6.0,2.833213344056216,5.0,1.0,1.0,0.0,0.0,0.0,0.0,0.0,0.0,0.0,1.0,0.0,1.0,0.0,0.0,0.0,0.0,3.0,2.0,0.0,0.0,0.0,0.0
Textualize/rich,b159cea2215cd4d2dbf3d21fac61a6eaabd62ee5,2026-04-10T21:18:31+00:00,0,1,1.0,12.0,9.0,3.091042453358316,0.0,1.0,1.0,0.0,0.0,0.0,0.0,0.0,0.0,0.0,1.0,0.0,1.0,0.0,1.0,0.0,0.0,0.0,0.0,0.0,0.0,0.0,0.0
Textualize/rich,6729c6f6c4ee24a13a94d825cb7ce66b52206db2,2026-04-11T02:34:51+00:00,0,1,1.0,1.0,1.0,1.0986122886681098,1.0,1.0,1.0,0.0,0.0,0.0,0.0,0.0,0.0,0.0,1.0,0.0,1.0,0.0,0.0,0.0,0.0,3.0,38.0,0.0,0.0,0.0,0.0
Textualize/rich,b3167144fea59b02e257c1361f5e0c5832065ccd,2026-04-11T02:50:31+00:00,0,1,2.0,7.0,2.0,2.302585092994046,0.0,0.0,0.0,0.0,1.0,1.0,0.0,0.0,0.0,0.0,0.0,0.0,1.0,0.0,0.0,0.0,0.0,9.5,39.0,0.0,0.0,0.0,0.0
Textualize/rich,f441a326f10af5dc0cd570dadaed16e7f7035fc3,2026-04-11T02:51:07+00:00,0,1,1.0,1.0,1.0,1.0986122886681098,0.0,0.0,0.0,0.0,1.0,0.0,0.0,0.0,0.0,0.0,0.0,1.0,1.0,0.0,0.0,0.0,0.0,15.0,39.0,0.0,0.0,0.0,0.0
Textualize/rich,eccb5945ddb8487d655d2ab54f3443d072ef4247,2026-04-11T09:30:25+00:00,0,1,1.0,1.0,1.0,1.0986122886681098,0.0,0.0,0.0,0.0,0.0,0.0,1.0,1.0,0.0,0.0,0.0,0.0,1.0,0.0,0.0,0.0,0.0,1.0,41.0,0.0,0.0,0.0,0.0
Textualize/rich,351a072ad16d28a75085dea21ad1c4517cf65cbd,2026-04-11T10:41:11+00:00,0,1,18.0,136.0,77.0,5.365976015021851,29.0,1.0,12.0,2.0,2.0,1.0,1.0,1.0,0.0,0.0,0.0,0.0,1.0,1.0,0.0,0.0,0.0,2.388888888888889,1.0,0.0,1.0,0.0,0.0
Textualize/rich,823de916d9fa5ee5dec985a94c2ff37f24e9c052,2026-04-12T03:23:52+00:00,0,1,1.0,5.0,3.0,2.1972245773362196,3.0,0.0,0.0,1.0,0.0,0.0,0.0,0.0,0.0,0.0,0.0,0.0,1.0,0.0,1.0,0.0,0.0,0.0,42.0,0.0,0.0,0.0,0.0
Textualize/rich,48293cde887c4f25a7bca022131b56495f370a88,2026-04-12T03:33:41+00:00,0,1,1.0,1.0,1.0,1.0986122886681098,1.0,0.0,0.0,1.0,0.0,0.0,0.0,0.0,0.0,0.0,0.0,0.0,1.0,0.0,1.0,0.0,0.0,1.0,43.0,0.0,0.0,0.0,0.0
Textualize/rich,0e952c3cb760168f9e9af626b9a8b2c4d8188f6a,2026-04-12T04:06:35+00:00,0,1,2.0,20.0,0.0,3.044522437723423,2.0,1.0,1.0,1.0,0.0,0.0,0.0,0.0,0.0,0.0,0.0,0.0,1.0,0.0,0.0,0.0,0.0,0.0,44.0,0.0,0.0,0.0,0.0
Textualize/rich,494b795031782c694297d2db78bd04fb8c82f590,2026-04-12T04:08:18+00:00,0,1,1.0,1.0,0.0,0.6931471805599453,0.0,0.0,0.0,0.0,1.0,0.0,0.0,0.0,0.0,0.0,0.0,1.0,1.0,0.0,0.0,0.0,0.0,18.0,44.0,0.0,0.0,0.0,0.0
Textualize/rich,77f0edbdef71f2a895cd0ab1481e9a1fc79d42e6,2026-04-12T07:40:38+00:00,0,1,1.0,0.0,3.0,1.3862943611198906,0.0,1.0,1.0,0.0,0.0,0.0,0.0,0.0,0.0,0.0,1.0,0.0,1.0,0.0,0.0,0.0,0.0,2.0,46.0,0.0,0.0,0.0,0.0
Textualize/rich,cf3b5a16f7a76b2e8c4921d3314021bb72a6c5c1,2026-04-12T07:41:26+00:00,0,1,1.0,1.0,0.0,0.6931471805599453,0.0,0.0,0.0,0.0,1.0,0.0,0.0,0.0,0.0,0.0,0.0,1.0,1.0,0.0,0.0,0.0,0.0,19.0,46.0,0.0,0.0,0.0,0.0
Textualize/rich,d6556bc44881b9904f29f5d9d69a0812b30675d1,2026-04-12T08:15:30+00:00,0,1,2.0,3.0,3.0,1.9459101490553132,0.0,0.0,0.0,0.0,1.0,1.0,0.0,0.0,0.0,0.0,0.0,0.0,1.0,0.0,0.0,0.0,0.0,13.0,48.0,0.0,0.0,0.0,0.0
Textualize/rich,82e06e0d9985fd8cce456dc3977e0d2d9e84b4d8,2026-04-12T08:18:03+00:00,0,1,1.0,1.0,1.0,1.0986122886681098,0.0,0.0,0.0,0.0,1.0,0.0,0.0,0.0,0.0,0.0,0.0,1.0,1.0,0.0,0.0,0.0,0.0,20.0,48.0,0.0,0.0,0.0,0.0
Textualize/rich,c81ebba8b9137e554ca062dbb71a499f1981d077,2026-05-23T09:03:04+00:00,0,1,9.0,82.0,18.0,4.61512051684126,9.0,1.0,3.0,3.0,2.0,1.0,0.0,0.0,0.0,0.0,0.0,0.0,1.0,1.0,0.0,0.0,0.0,4.222222222222222,2.0,0.0,1.0,0.0,0.0
Textualize/rich,f643a98ed0709b40a80b054b643883f85926b3e3,2026-06-15T08:49:51+00:00,0,1,1.0,7.0,7.0,2.70805020110221,0.0,0.0,0.0,0.0,0.0,1.0,0.0,0.0,0.0,0.0,0.0,0.0,1.0,0.0,0.0,0.0,0.0,2.0,0.0,0.0,0.0,0.0,0.0
Textualize/rich,cb6cfae0550023a2c04686e1164817443facebe4,2026-06-15T08:49:56+00:00,0,1,1.0,25.0,7.0,3.49650756146648,0.0,0.0,0.0,0.0,0.0,1.0,0.0,0.0,0.0,0.0,0.0,0.0,1.0,0.0,0.0,0.0,0.0,2.0,0.0,0.0,0.0,0.0,0.0
Textualize/rich,14da03144fb9643199dd866cfebfea61106da5c0,2026-06-15T13:38:12+00:00,0,1,1.0,3.0,3.0,1.9459101490553132,0.0,0.0,0.0,0.0,0.0,0.0,1.0,1.0,0.0,0.0,0.0,0.0,1.0,0.0,0.0,0.0,0.0,0.0,2.0,0.0,0.0,0.0,0.0
Textualize/rich,db9cfdbb99790c11234ca1294a2474d38a333845,2026-06-15T13:38:22+00:00,0,1,1.0,1.0,1.0,1.0986122886681098,0.0,0.0,0.0,0.0,0.0,0.0,1.0,1.0,0.0,0.0,0.0,0.0,1.0,0.0,0.0,0.0,0.0,3.0,2.0,0.0,0.0,0.0,0.0
Textualize/rich,9f9978a4eb33d81d117a434e7c4745ca1ef546de,2026-06-15T13:38:25+00:00,0,1,1.0,1.0,1.0,1.0986122886681098,0.0,0.0,0.0,0.0,0.0,0.0,1.0,1.0,0.0,0.0,0.0,0.0,1.0,0.0,0.0,0.0,0.0,3.0,2.0,0.0,0.0,0.0,0.0
Textualize/rich,f31641806a349a93fc9e3cef07f6bb45469d5a54,2026-06-15T13:38:33+00:00,0,1,1.0,1.0,1.0,1.0986122886681098,0.0,0.0,0.0,0.0,0.0,0.0,1.0,1.0,0.0,0.0,0.0,0.0,1.0,0.0,0.0,0.0,0.0,3.0,2.0,0.0,0.0,0.0,0.0
Textualize/rich,ce51a2f8bf326878a94a382cb7102c85824f7e04,2026-06-23T03:04:02+00:00,0,1,18.0,773.0,773.0,7.344072850573066,0.0,0.0,0.0,0.0,18.0,0.0,0.0,0.0,0.0,0.0,0.0,1.0,1.0,0.0,0.0,0.0,0.0,1.0555555555555556,50.0,0.0,0.0,0.0,0.0
Textualize/rich,aec897a0aedd3572edb00293348d40c01885e01f,2026-06-29T09:30:39+00:00,1,1,2.0,36.0,0.0,3.610917912644224,2.0,1.0,1.0,1.0,0.0,0.0,0.0,0.0,0.0,0.0,0.0,0.0,1.0,0.0,0.0,0.0,0.0,2.0,0.0,0.0,0.0,0.0,0.0
Textualize/rich,c651c4fb6a91ec4f5e061eb5c1094b8350a1e98d,2026-06-29T09:33:01+00:00,0,1,1.0,1.0,3.0,1.6094379124341005,1.0,0.0,0.0,1.0,0.0,0.0,0.0,0.0,0.0,0.0,0.0,0.0,1.0,0.0,0.0,0.0,0.0,2.0,0.0,0.0,0.0,0.0,0.0
Textualize/rich,dd6e32ea15b8de36a34c5633dcab42b8e4f1655c,2026-06-29T15:57:27+00:00,0,1,2.0,36.0,6.0,3.7612001156935624,3.0,2.0,2.0,0.0,0.0,0.0,0.0,0.0,0.0,0.0,1.0,0.0,1.0,0.0,0.0,0.3333333333333333,0.3333333333333333,1.5,2.0,0.5,1.0,0.0,0.05
Textualize/rich,2bca9252635c81e7b77915e4c5c862f68fe7bf95,2026-06-29T16:01:34+00:00,1,1,2.0,35.0,9.0,3.80666248977032,3.0,2.0,2.0,0.0,0.0,0.0,0.0,0.0,0.0,0.0,1.0,0.0,1.0,0.0,0.0,0.25,0.125,2.5,3.0,0.3333333333333333,1.0,0.0,0.05
Textualize/rich,6853707d5511b5ebde895a6f14b24381c184ba9d,2026-06-29T16:06:16+00:00,0,1,2.0,39.0,13.0,3.970291913552122,3.0,2.0,2.0,0.0,0.0,0.0,0.0,0.0,0.0,0.0,1.0,0.0,1.0,0.0,0.0,0.5,0.45,3.5,4.0,0.5,1.0,0.0,0.1
Textualize/rich,3b3a0218b8af005fcb6827a6aeaba721453e727f,2026-06-29T16:11:35+00:00,0,1,1.0,37.0,21.0,4.07753744390572,0.0,0.0,0.0,0.0,0.0,0.0,1.0,1.0,0.0,0.0,0.0,0.0,1.0,0.0,0.0,0.0,0.0,6.0,5.0,0.4,0.0,0.0,0.1
Textualize/rich,62c78fbe36966504dfb4b3151a0ad83703de9976,2026-06-29T16:13:14+00:00,0,1,1.0,1.0,0.0,0.6931471805599453,0.0,0.0,0.0,0.0,0.0,0.0,1.0,1.0,0.0,0.0,0.0,0.0,1.0,0.0,0.0,0.0,0.0,6.0,5.0,0.4,0.0,0.0,0.1
Textualize/rich,05c671844af4d06d931906a07e3ecd21598c038d,2026-06-29T16:19:19+00:00,0,1,1.0,25.0,18.0,3.784189633918261,0.0,0.0,0.0,0.0,0.0,0.0,1.0,1.0,0.0,0.0,0.0,0.0,1.0,0.0,0.0,0.0,0.0,8.0,7.0,0.2857142857142857,1.0,0.0,0.1
Textualize/rich,b48571a865ca303c6f6c08cbfde10b93b2a84d26,2026-06-29T16:21:51+00:00,0,1,2.0,12.0,17.0,3.4011973816621555,0.0,0.0,0.0,0.0,0.0,1.0,1.0,1.0,0.0,0.0,0.0,0.0,1.0,0.0,0.0,0.0,0.0,8.0,7.0,0.2857142857142857,0.0,0.0,0.1
Textualize/rich,73adfc8fa928ab6875e6dab9d8501a1792fca0b4,2026-06-29T16:25:37+00:00,0,1,2.0,6.0,3.0,2.302585092994046,0.0,0.0,0.0,0.0,0.0,1.0,1.0,1.0,0.0,0.0,0.0,0.0,1.0,0.0,0.0,0.0,0.0,9.5,9.0,0.2222222222222222,1.0,0.0,0.1
Textualize/rich,6d54cb8d98064001b4e78e23530ab41cc70e1ca2,2026-06-29T16:31:43+00:00,0,1,2.0,28.0,9.0,3.6375861597263857,3.0,2.0,2.0,0.0,0.0,0.0,0.0,0.0,0.0,0.0,1.0,0.0,1.0,0.0,0.0,0.3333333333333333,0.3333333333333333,4.5,10.0,0.2,1.0,0.0,0.1
Textualize/rich,06406dd2c5bfdcbd9caaacd8b76df616fc12ecf3,2026-06-29T17:41:36+00:00,0,1,2.0,19.0,1.0,3.044522437723423,3.0,2.0,2.0,0.0,0.0,0.0,0.0,0.0,0.0,0.0,1.0,0.0,1.0,0.0,0.0,0.2857142857142857,0.2678571428571428,5.5,11.0,0.1818181818181818,1.0,0.0,0.1
Textualize/rich,8011785e71e65b14e5c8ae0da960995e4ee1cd7f,2026-07-02T11:11:47+00:00,0,1,11.0,1938.0,1146.0,8.034306936339489,0.0,1.0,1.0,0.0,1.0,4.0,5.0,1.0,0.0,0.0,1.0,0.0,1.0,0.0,0.0,0.0,0.0,2.727272727272727,12.0,0.1666666666666666,0.0,0.0,0.1
Textualize/rich,034dfa2727dd71530616b9c6236930c3adb7a155,2026-07-02T11:14:30+00:00,0,1,11.0,1938.0,1146.0,8.034306936339489,0.0,1.0,1.0,0.0,1.0,4.0,5.0,1.0,0.0,0.0,1.0,0.0,1.0,0.0,0.0,0.0,0.0,3.727272727272727,13.0,0.1538461538461538,0.0,0.0,0.1
encode/httpx,20b4db90f4a1b9a53865ffb66f73ffdac173111a,2025-08-26T21:07:54+00:00,0,1,1.0,2.0,2.0,1.6094379124341005,1.0,1.0,1.0,0.0,0.0,0.0,0.0,0.0,1.0,0.0,1.0,0.0,1.0,0.0,0.0,0.0,0.0,0.0,0.0,0.0,0.0,0.0,0.0
encode/httpx,341fffb34118141eeaf2fa3a5e01700f9bed4be1,2025-08-29T18:31:06+00:00,0,1,1.0,123.0,0.0,4.820281565605037,4.0,0.0,0.0,0.0,1.0,0.0,0.0,0.0,0.0,0.0,0.0,1.0,1.0,0.0,0.0,0.0,0.0,0.0,0.0,0.0,0.0,0.0,0.0
encode/httpx,086b370b4d8a085117c560a45d0a1120f1697de5,2025-08-29T18:33:29+00:00,0,1,2.0,123.0,123.0,5.5093883366279774,8.0,0.0,0.0,0.0,2.0,0.0,0.0,0.0,0.0,0.0,0.0,1.0,1.0,0.0,0.0,0.0,0.0,0.5,1.0,0.0,1.0,0.0,0.0
encode/httpx,920d5fd4271f8ead690b464bed0d3d152c76a669,2025-09-02T06:55:39+00:00,0,1,2.0,2.0,2.0,1.6094379124341005,0.0,0.0,0.0,0.0,0.0,0.0,2.0,1.0,0.0,0.0,0.0,0.0,1.0,0.0,0.0,0.0,0.0,0.0,0.0,0.0,0.0,0.0,0.0
encode/httpx,e51cf6274b70afc92d00dbc1167f24b06ab1b4b4,2025-09-02T10:23:58+00:00,0,1,1.0,4.0,0.0,1.6094379124341005,0.0,0.0,0.0,0.0,1.0,0.0,0.0,0.0,0.0,0.0,0.0,1.0,1.0,0.0,0.0,0.0,0.0,0.0,0.0,0.0,0.0,0.0,0.0
encode/httpx,927b5ac58942eb0f6dfdc3e0b90cac0d3bc9ae8e,2025-09-03T07:55:14+00:00,0,1,4.0,9.0,11.0,3.044522437723423,4.0,1.0,2.0,1.0,0.0,1.0,0.0,0.0,0.0,0.0,0.0,0.0,1.0,0.0,0.0,0.0,0.0,0.0,0.0,0.0,0.0,0.0,0.0
encode/httpx,364697efcafe39290358745da8be451a40a3eab2,2025-09-03T11:17:29+00:00,0,1,4.0,9.0,11.0,3.044522437723423,4.0,1.0,2.0,1.0,0.0,1.0,0.0,0.0,0.0,0.0,0.0,0.0,0.0,0.0,0.0,0.0,0.0,1.0,1.0,0.0,0.0,0.0,0.0
encode/httpx,ebc701b09eee38a22857fe7ffb0c8695f2aaaf2d,2025-09-03T11:59:25+00:00,0,1,4.0,9.0,9.0,2.9444389791664403,8.0,0.0,0.0,3.0,0.0,1.0,0.0,0.0,0.0,1.0,0.0,0.0,1.0,0.0,0.0,0.0,0.0,0.5,2.0,0.0,1.0,0.0,0.0
encode/httpx,23100fddf17c999d3fa2b91b5d409e4388400248,2025-09-04T08:45:58+00:00,0,1,4.0,9.0,11.0,3.044522437723423,4.0,1.0,2.0,1.0,0.0,1.0,0.0,0.0,0.0,0.0,0.0,0.0,1.0,1.0,1.0,0.0,0.0,2.25,0.0,0.0,0.0,0.0,0.0
encode/httpx,af44484ae009069b8b2f53841ee0d17bd57ad8ad,2025-09-04T08:51:43+00:00,0,1,4.0,9.0,11.0,3.044522437723423,4.0,1.0,2.0,1.0,0.0,1.0,0.0,0.0,0.0,0.0,0.0,0.0,1.0,1.0,0.0,0.0,0.0,3.25,1.0,0.0,1.0,0.0,0.0
encode/httpx,15e9759e656654b44307fbee685e032c7bb4aede,2025-09-04T08:52:39+00:00,0,1,1.0,6.0,0.0,1.9459101490553132,0.0,0.0,0.0,0.0,1.0,0.0,0.0,0.0,0.0,0.0,0.0,1.0,0.0,0.0,0.0,0.0,0.0,0.0,0.0,0.0,1.0,0.0,0.0
encode/httpx,c43d871c158cc45b649d79512e8a0067bd8d0036,2025-09-04T10:56:48+00:00,0,1,7.0,68.0,9.0,4.356708826689592,3.0,1.0,2.0,1.0,2.0,1.0,1.0,0.0,0.0,1.0,0.0,0.0,1.0,0.0,1.0,0.0,0.0,0.0,3.0,0.0,1.0,0.0,0.0
encode/httpx,c8671212494b05fb4bb60be783840b6a65ebd04a,2025-09-04T10:58:38+00:00,0,1,7.0,68.0,9.0,4.356708826689592,3.0,1.0,2.0,1.0,2.0,1.0,1.0,0.0,0.0,1.0,0.0,0.0,1.0,0.0,1.0,0.0,0.0,1.0,4.0,0.0,1.0,0.0,0.0
encode/httpx,a3693a796df87a05177577da2752d1b78a72a270,2025-09-04T11:15:57+00:00,0,1,7.0,68.0,9.0,4.356708826689592,3.0,1.0,2.0,1.0,2.0,1.0,1.0,0.0,0.0,1.0,0.0,0.0,1.0,0.0,1.0,0.0,0.0,2.0,5.0,0.0,1.0,0.0,0.0
encode/httpx,c070473cda466f1f4cbbed2c23dcc8afc8b9ebbe,2025-09-04T12:59:40+00:00,0,1,4.0,9.0,9.0,2.9444389791664403,8.0,0.0,0.0,3.0,0.0,1.0,0.0,0.0,0.0,1.0,0.0,0.0,1.0,0.0,0.0,0.0,0.0,2.0,6.0,0.0,1.0,0.0,0.0
encode/httpx,b55d4635701d9dc22928ee647880c76b078ba3f2,2025-09-04T13:48:51+00:00,0,1,4.0,9.0,9.0,2.9444389791664403,8.0,0.0,0.0,3.0,0.0,1.0,0.0,0.0,0.0,1.0,0.0,0.0,0.0,0.0,0.0,0.0,0.0,3.0,7.0,0.0,1.0,0.0,0.0
encode/httpx,5a5ae1486d825f7fe6b98371618471dd71f3c68d,2025-09-04T14:27:38+00:00,0,1,2.0,10.0,10.0,3.044522437723423,0.0,0.0,0.0,0.0,0.0,2.0,0.0,0.0,0.0,0.0,0.0,0.0,1.0,0.0,0.0,0.0,0.0,5.0,1.0,0.0,1.0,0.0,0.0
encode/httpx,767cf6baa608a56d03f8fe438a39c2013904f0ae,2025-09-04T14:29:57+00:00,0,1,2.0,10.0,10.0,3.044522437723423,0.0,0.0,0.0,0.0,0.0,2.0,0.0,0.0,0.0,0.0,0.0,0.0,0.0,0.0,0.0,0.0,0.0,6.0,2.0,0.0,1.0,0.0,0.0
encode/httpx,142e421d2560d6ffffa94a1ce8a1e9c7905c8709,2025-09-04T14:37:45+00:00,0,1,6.0,25.0,19.0,3.80666248977032,8.0,0.0,0.0,3.0,1.0,2.0,0.0,0.0,0.0,1.0,0.0,0.0,1.0,1.0,0.0,0.0,0.0,4.0,2.0,0.0,1.0,0.0,0.0
encode/httpx,51a191bbe875433faf71e6bcdef2f4ff8fae4026,2025-09-04T23:47:34+00:00,0,1,10.0,34.0,30.0,4.174387269895637,12.0,1.0,2.0,4.0,2.0,2.0,0.0,0.0,0.0,1.0,0.0,0.0,1.0,1.0,0.0,0.0,0.0,4.2,3.0,0.0,0.0,0.0,0.0
encode/httpx,cdad1a69b689294727fd85d5441c06058b429950,2025-09-05T14:16:58+00:00,0,1,9.0,34.0,30.0,4.174387269895637,12.0,1.0,2.0,4.0,1.0,2.0,0.0,0.0,0.0,1.0,0.0,0.0,1.0,1.0,1.0,0.0,0.0,5.666666666666667,4.0,0.0,1.0,0.0,0.0
encode/httpx,bc00d2bd9f715b3b848925e0c259887409bceabc,2025-09-05T14:19:39+00:00,0,1,1.0,4.0,0.0,1.6094379124341005,0.0,0.0,0.0,0.0,1.0,0.0,0.0,0.0,0.0,0.0,0.0,1.0,0.0,0.0,0.0,0.0,0.0,1.0,1.0,0.0,1.0,0.0,0.0
encode/httpx,d5cd7feb1f39358aec1df05ed12de6e0aa8aa375,2025-09-05T14:25:47+00:00,0,1,17.0,50.0,38.0,4.48863636973214,12.0,1.0,2.0,4.0,7.0,2.0,2.0,1.0,0.0,1.0,0.0,0.0,1.0,1.0,0.0,0.0,0.0,4.0,5.0,0.0,0.0,0.0,0.0
encode/httpx,3fee27838e9fd0cb528861e41f3ff98164081a4b,2025-09-05T14:30:34+00:00,0,1,1.0,1.0,3.0,1.6094379124341005,0.0,0.0,0.0,0.0,1.0,0.0,0.0,0.0,0.0,0.0,0.0,1.0,0.0,0.0,0.0,0.0,0.0,0.0,0.0,0.0,1.0,0.0,0.0
encode/httpx,3767cc8f308ec6f79ae76269bc56c9e0abab2f90,2025-09-05T15:15:22+00:00,0,1,2.0,5.0,3.0,2.1972245773362196,0.0,0.0,0.0,0.0,2.0,0.0,0.0,0.0,0.0,0.0,0.0,1.0,1.0,1.0,0.0,0.0,0.0,2.0,6.0,0.0,1.0,0.0,0.0
encode/httpx,78377fa6d72d6932cc51c57726cf3496320f622a,2025-09-07T15:03:53+00:00,0,1,1.0,5.0,1.0,1.9459101490553132,1.0,1.0,1.0,0.0,0.0,0.0,0.0,0.0,0.0,0.0,1.0,0.0,1.0,0.0,1.0,0.0,0.0,0.0,0.0,0.0,1.0,0.0,0.0
encode/httpx,6a6b34af0a9d69214eceae9d969dbafd525707da,2025-09-09T20:02:42+00:00,0,1,11.0,39.0,33.0,4.290459441148391,12.0,1.0,2.0,4.0,3.0,2.0,0.0,0.0,0.0,1.0,0.0,0.0,1.0,1.0,0.0,0.0,0.0,6.818181818181818,2.0,0.0,1.0,0.0,0.0
encode/httpx,abfbc104fdd49e90282d8831bd0393566826736b,2025-09-11T10:55:21+00:00,0,1,2.0,5.0,3.0,2.1972245773362196,0.0,0.0,0.0,0.0,2.0,0.0,0.0,0.0,0.0,0.0,0.0,1.0,1.0,1.0,0.0,0.0,0.0,4.0,7.0,0.0,1.0,0.0,0.0
encode/httpx,652f051feaf1ab2828e1812eb0c48f9046a8b5ce,2025-09-11T10:59:23+00:00,0,1,2.0,27.0,13.0,3.713572066704308,0.0,0.0,0.0,0.0,2.0,0.0,0.0,0.0,0.0,1.0,0.0,1.0,0.0,0.0,0.0,0.0,0.0,1.5,0.0,0.0,1.0,0.0,0.0
encode/httpx,d082efc0ac60a244540a2cfcd22a5d8f4d008300,2025-09-16T13:19:35+00:00,0,1,1.0,1.0,1.0,1.0986122886681098,0.0,0.0,0.0,0.0,0.0,1.0,0.0,0.0,0.0,0.0,0.0,0.0,1.0,0.0,0.0,0.0,0.0,14.0,8.0,0.0,1.0,0.0,0.0
encode/httpx,4b23574cf83307ce27d3b14b4a425dc58c57d28d,2025-09-16T13:23:34+00:00,0,1,1.0,1.0,1.0,1.0986122886681098,0.0,0.0,0.0,0.0,0.0,1.0,0.0,0.0,0.0,0.0,0.0,0.0,0.0,0.0,0.0,0.0,0.0,15.0,9.0,0.0,1.0,0.0,0.0
encode/httpx,07e7be10bfbe2e9d8396104503099454173bb634,2025-09-16T14:19:38+00:00,0,1,1.0,1.0,1.0,1.0986122886681098,0.0,0.0,0.0,0.0,1.0,0.0,0.0,0.0,0.0,1.0,0.0,1.0,1.0,0.0,1.0,0.0,0.0,4.0,0.0,0.0,1.0,0.0,0.0
encode/httpx,1ced861ee82e0e71c09da48882d0983e0ba6377f,2025-09-16T21:20:28+00:00,0,1,1.0,2.0,2.0,1.6094379124341005,0.0,0.0,0.0,0.0,0.0,0.0,1.0,1.0,0.0,0.0,0.0,0.0,1.0,0.0,0.0,0.0,0.0,2.0,10.0,0.0,0.0,0.0,0.0
encode/httpx,f9d5e1204978c0c66666fa169edada1bf719f8ba,2025-09-16T21:30:22+00:00,0,1,1.0,2.0,2.0,1.6094379124341005,0.0,0.0,0.0,0.0,0.0,0.0,1.0,1.0,0.0,0.0,0.0,0.0,0.0,0.0,0.0,0.0,0.0,3.0,0.0,0.0,0.0,0.0,0.0
encode/httpx,f08272113776ce121279eb5c235ad7f927d0990b,2025-09-17T12:54:27+00:00,0,1,1.0,0.0,56.0,4.04305126783455,0.0,0.0,0.0,0.0,0.0,0.0,1.0,0.0,0.0,0.0,0.0,0.0,1.0,0.0,0.0,0.0,0.0,3.0,8.0,0.0,0.0,0.0,0.0
encode/httpx,6ee7a36f3462107f618712c6ba198662b3b2c168,2025-09-18T12:12:06+00:00,0,1,5.0,39.0,61.0,4.61512051684126,21.0,2.0,4.0,1.0,0.0,0.0,0.0,0.0,0.0,0.0,0.0,0.0,1.0,0.0,0.0,0.0,0.0,0.0,11.0,0.0,1.0,0.0,0.0
encode/httpx,4acf5c2c37714cc63b5cf71b3e284fca83c90311,2025-09-18T12:15:08+00:00,0,1,5.0,39.0,61.0,4.61512051684126,21.0,2.0,4.0,1.0,0.0,0.0,0.0,0.0,0.0,0.0,0.0,0.0,0.0,0.0,0.0,0.0,0.0,1.0,1.0,0.0,1.0,0.0,0.0
encode/httpx,a711667febc881914bd117d6e86dfbf0b91c9f47,2025-09-19T11:00:46+00:00,0,2,4.0,23.0,2.0,3.258096538021482,5.0,2.0,4.0,0.0,0.0,0.0,0.0,0.0,0.0,0.0,1.0,0.0,1.0,0.0,0.0,0.0,0.0,0.0,12.0,0.0,0.0,0.0,0.0
encode/httpx,68989ae47d9fd10381a3859619a3880014d187f6,2025-09-19T11:03:16+00:00,0,1,8.0,62.0,27.0,4.499809670330265,28.0,2.0,7.0,1.0,0.0,0.0,0.0,0.0,0.0,0.0,0.0,0.0,0.0,0.0,0.0,0.0,0.0,0.0,2.0,0.0,1.0,0.0,0.0
encode/httpx,20380490fd0bd13c68704080754c1385bff96d69,2025-09-20T17:09:11+00:00,0,1,0.0,0.0,0.0,0.0,0.0,0.0,0.0,0.0,0.0,0.0,0.0,0.0,0.0,0.0,0.0,0.0,0.0,0.0,0.0,0.0,0.0,0.0,3.0,0.0,1.0,0.0,0.0
encode/httpx,13b66485944408211059370fd0c437f3689d44aa,2025-09-21T06:40:06+00:00,0,1,59.0,1085.0,1503.0,7.859026979751538,172.0,2.0,17.0,19.0,18.0,2.0,4.0,1.0,1.0,2.0,0.0,0.0,1.0,1.0,0.0,0.0,0.0,2.0508474576271185,0.0,0.0,0.0,0.0,0.0
encode/httpx,df623961dc0c606523ef84564e56eb803dd5aa56,2025-09-21T07:44:43+00:00,0,1,0.0,0.0,0.0,0.0,0.0,0.0,0.0,0.0,0.0,0.0,0.0,0.0,0.0,0.0,0.0,0.0,1.0,1.0,0.0,0.0,0.0,0.0,1.0,0.0,0.0,0.0,0.0
encode/httpx,8cf94a7e00068c7f8a2f2aa6a480d001d7c8b5b5,2025-09-27T19:45:12+00:00,0,1,1.0,5.0,1.0,1.9459101490553132,0.0,0.0,0.0,0.0,1.0,0.0,0.0,0.0,0.0,0.0,0.0,1.0,1.0,0.0,0.0,0.0,0.0,5.0,0.0,0.0,0.0,0.0,0.0
encode/httpx,a28cca91cbc0a8677f3a2c0a50c8a46059792941,2025-09-27T19:58:52+00:00,0,1,1.0,18.0,2.0,3.044522437723423,4.0,0.0,0.0,1.0,0.0,0.0,0.0,0.0,0.0,1.0,0.0,0.0,1.0,0.0,0.0,0.0,0.0,0.0,1.0,0.0,0.0,0.0,0.0
encode/httpx,ba345fb90f23bcbdf5bb9ecaa7641b47dfacb9fe,2025-09-28T10:47:32+00:00,0,1,13.0,66.0,46.0,4.727387818712341,12.0,1.0,2.0,4.0,5.0,2.0,0.0,0.0,0.0,2.0,0.0,0.0,1.0,1.0,0.0,0.0,0.0,8.384615384615385,0.0,0.0,0.0,0.0,0.0
encode/httpx,b4d5094df53c98146c17069216e316ef5006ddb1,2025-10-01T16:01:40+00:00,0,1,2.0,2.0,2.0,1.6094379124341005,0.0,0.0,0.0,0.0,0.0,0.0,2.0,1.0,0.0,0.0,0.0,0.0,1.0,0.0,0.0,0.0,0.0,4.0,3.0,0.0,1.0,0.0,0.0
encode/httpx,e55f02e38d9cd196d865d5b15ae06d26622258d6,2025-10-01T16:03:28+00:00,0,1,1.0,8.0,8.0,2.833213344056216,0.0,0.0,0.0,0.0,0.0,1.0,0.0,0.0,0.0,0.0,0.0,0.0,1.0,0.0,0.0,0.0,0.0,18.0,4.0,0.0,1.0,0.0,0.0
encode/httpx,41585aed51768a49e0e7fd9ffa44901cb080161f,2025-10-04T07:39:39+00:00,0,1,3.0,28.0,14.0,3.7612001156935624,0.0,0.0,0.0,0.0,2.0,1.0,0.0,0.0,0.0,1.0,0.0,0.0,1.0,1.0,1.0,0.0,0.0,9.666666666666666,1.0,0.0,1.0,0.0,0.0
encode/httpx,435e1dac899adeb0c156c00721ecbb1124d75842,2025-10-04T17:38:25+00:00,0,1,2.0,2.0,2.0,1.6094379124341005,0.0,0.0,0.0,0.0,0.0,0.0,2.0,1.0,0.0,0.0,0.0,0.0,0.0,0.0,0.0,0.0,0.0,5.0,5.0,0.0,1.0,0.0,0.0
encode/httpx,beb4c7f9756b00b97cf5b6b13a45ce1f254fb1ed,2025-10-04T17:54:42+00:00,0,1,2.0,2.0,2.0,1.6094379124341005,0.0,0.0,0.0,0.0,0.0,0.0,2.0,1.0,0.0,0.0,0.0,0.0,1.0,1.0,0.0,0.0,0.0,6.0,4.0,0.0,1.0,0.0,0.0
encode/httpx,4d5b02946e78a57e324b2e9a624ba00d2a84a700,2025-10-07T18:31:59+00:00,0,1,1.0,4.0,0.0,1.6094379124341005,1.0,1.0,1.0,0.0,0.0,0.0,0.0,0.0,0.0,0.0,1.0,0.0,1.0,0.0,0.0,0.0,0.0,1.0,0.0,0.0,1.0,0.0,0.0
encode/httpx,ba2274031f4fc58cd1a8cb0f6642ab4ac9566ce4,2025-10-07T18:40:45+00:00,0,1,1.0,8.0,0.0,2.1972245773362196,2.0,1.0,1.0,0.0,0.0,0.0,0.0,0.0,0.0,0.0,1.0,0.0,1.0,0.0,0.0,0.0,0.0,1.0,1.0,0.0,1.0,0.0,0.0
encode/httpx,35b400fde2159e1cdffe160ebe7e39558d95cf17,2025-10-08T10:08:30+00:00,0,1,2.0,2.0,2.0,1.6094379124341005,0.0,0.0,0.0,0.0,0.0,0.0,2.0,1.0,0.0,0.0,0.0,0.0,1.0,1.0,0.0,0.0,0.0,7.0,9.0,0.0,1.0,0.0,0.0
encode/httpx,2ff022f7ae54d8a19e134acbdc55190a7d848ea1,2025-10-08T11:57:38+00:00,0,1,3.0,20.0,10.0,3.4339872044851463,1.0,0.0,0.0,1.0,0.0,1.0,1.0,1.0,0.0,0.0,0.0,0.0,1.0,0.0,0.0,0.0,0.0,9.666666666666666,10.0,0.0,1.0,0.0,0.0
encode/httpx,df19b76541e1838a8809ef86bc2b71e4a1e34eb9,2025-10-08T12:07:11+00:00,0,1,1.0,3.0,0.0,1.3862943611198906,1.0,0.0,0.0,1.0,0.0,0.0,0.0,0.0,0.0,0.0,0.0,0.0,1.0,0.0,0.0,0.0,0.0,1.0,11.0,0.0,0.0,0.0,0.0
encode/httpx,4af30857846770948013dea7ed88d0653a0c109f,2025-10-13T09:28:53+00:00,0,1,1.0,1.0,1.0,1.0986122886681098,0.0,0.0,0.0,0.0,1.0,0.0,0.0,0.0,0.0,0.0,0.0,1.0,1.0,0.0,1.0,0.0,0.0,2.0,0.0,0.0,1.0,0.0,0.0
encode/httpx,350221558d4f079fc4ab3673d81a4bc730fbb9c3,2025-10-13T13:49:51+00:00,0,1,4.0,51.0,6.0,4.060443010546419,7.0,2.0,4.0,0.0,0.0,0.0,0.0,0.0,0.0,0.0,1.0,0.0,1.0,0.0,0.0,0.0,0.0,2.0,13.0,0.0,1.0,0.0,0.0
encode/httpx,ae25e86f5ca5625d5bffd13865b458ba5fadf50d,2025-10-13T14:00:52+00:00,0,1,4.0,51.0,6.0,4.060443010546419,7.0,2.0,4.0,0.0,0.0,0.0,0.0,0.0,0.0,0.0,1.0,0.0,0.0,0.0,0.0,0.0,0.0,3.0,5.0,0.0,1.0,0.0,0.0
encode/httpx,508fb8bc3cb8159174a2ea18ab3b551f7d29f0d5,2025-10-14T01:14:24+00:00,0,1,1.0,1.0,1.0,1.0986122886681098,0.0,0.0,0.0,0.0,0.0,1.0,0.0,0.0,0.0,0.0,0.0,0.0,1.0,0.0,1.0,0.0,0.0,12.0,0.0,0.0,1.0,0.0,0.0
encode/httpx,d8668ce618f40b9125af53c0c280011d0af4156b,2025-10-16T04:48:25+00:00,0,1,1.0,1.0,1.0,1.0986122886681098,0.0,0.0,0.0,0.0,1.0,0.0,0.0,0.0,0.0,0.0,0.0,1.0,1.0,0.0,1.0,0.0,0.0,1.0,0.0,0.0,1.0,0.0,0.0
encode/httpx,def4778d622e8bf49a9fea4dda78cca4cf666d8a,2025-10-16T09:04:41+00:00,0,1,1.0,1.0,1.0,1.0986122886681098,0.0,0.0,0.0,0.0,1.0,0.0,0.0,0.0,0.0,0.0,0.0,1.0,0.0,0.0,1.0,0.0,0.0,2.0,1.0,0.0,1.0,0.0,0.0
encode/httpx,2e5f2037ea816e0eb6717fc41b092d265a6e3324,2025-10-17T11:52:36+00:00,0,1,1.0,1.0,1.0,1.0986122886681098,0.0,0.0,0.0,0.0,1.0,0.0,0.0,0.0,0.0,0.0,0.0,1.0,1.0,1.0,1.0,0.0,0.0,3.0,12.0,0.0,1.0,0.0,0.0
encode/httpx,beb3ec9464483ff84c23b9395c612b3525f24ed9,2025-10-21T09:36:38+00:00,0,1,16.0,68.0,48.0,4.762173934797756,11.0,1.0,1.0,4.0,7.0,2.0,2.0,1.0,0.0,2.0,0.0,0.0,1.0,1.0,1.0,0.0,0.0,8.875,0.0,0.0,0.0,0.0,0.0
encode/httpx,d66515482a46b2cfb9bb5eea8d003bce19a956c7,2025-10-24T09:05:22+00:00,0,1,22.0,122.0,96.0,5.389071729816501,13.0,2.0,3.0,4.0,11.0,2.0,2.0,1.0,0.0,2.0,0.0,0.0,1.0,1.0,1.0,0.0,0.0,8.272727272727273,0.0,0.0,0.0,0.0,0.0
encode/httpx,0efe53c5d4a9ab1ee2757c789bb30cc587bee65a,2025-10-25T13:08:12+00:00,0,1,0.0,0.0,0.0,0.0,0.0,0.0,0.0,0.0,0.0,0.0,0.0,0.0,0.0,0.0,0.0,0.0,1.0,1.0,1.0,0.0,0.0,0.0,0.0,0.0,0.0,0.0,0.0
encode/httpx,c4ba11edfc3c8bb628f78e5687dccd955c3f51ce,2025-10-27T18:37:18+00:00,0,1,2.0,27.0,1.0,3.367295829986474,4.0,1.0,1.0,1.0,0.0,0.0,0.0,0.0,0.0,0.0,0.0,0.0,1.0,0.0,0.0,0.0,0.0,1.0,0.0,0.0,1.0,0.0,0.0
encode/httpx,256ebcedc7e861408dec34ec2155999328835ceb,2025-10-28T13:50:13+00:00,0,1,1.0,1.0,0.0,0.6931471805599453,0.0,1.0,1.0,0.0,0.0,0.0,0.0,0.0,0.0,0.0,1.0,0.0,1.0,0.0,0.0,0.0,0.0,0.0,0.0,0.0,0.0,0.0,0.0
encode/httpx,17c403c675acccf27a9bc4cc4aa6154a9994b412,2025-10-28T13:50:47+00:00,0,1,3.0,29.0,12.0,3.737669618283368,7.0,1.0,2.0,1.0,0.0,0.0,0.0,0.0,0.0,0.0,0.0,0.0,1.0,0.0,0.0,0.0,0.0,5.0,0.0,0.0,0.0,0.0,0.0
encode/httpx,f284d6f4de1dedf2cffc57d6875d3417186339fd,2025-10-28T16:33:07+00:00,0,1,1.0,1.0,1.0,1.0986122886681098,0.0,0.0,0.0,0.0,0.0,1.0,0.0,0.0,0.0,0.0,0.0,0.0,1.0,0.0,0.0,0.0,0.0,15.0,1.0,0.0,0.0,0.0,0.0
encode/httpx,79494c514ad887a8cf21356e90a287d761e07946,2025-10-29T11:18:43+00:00,0,1,5.0,59.0,39.0,4.59511985013459,10.0,1.0,3.0,2.0,0.0,0.0,0.0,0.0,0.0,0.0,0.0,0.0,1.0,0.0,0.0,0.0,0.0,4.4,2.0,0.0,1.0,0.0,0.0
encode/httpx,cf564a4936ea30c59c4452bf99ee079930425634,2025-11-04T07:18:42+00:00,0,1,1.0,3.0,0.0,1.3862943611198906,1.0,0.0,0.0,1.0,0.0,0.0,0.0,0.0,0.0,0.0,0.0,0.0,1.0,0.0,0.0,0.0,0.0,2.0,13.0,0.0,0.0,0.0,0.0
encode/httpx,1af531e74d9f8beab68e0e7a16c95170088ce707,2025-11-04T07:39:51+00:00,0,1,1.0,1.0,1.0,1.0986122886681098,0.0,0.0,0.0,0.0,1.0,0.0,0.0,0.0,0.0,0.0,0.0,1.0,1.0,1.0,0.0,0.0,0.0,6.0,14.0,0.0,1.0,0.0,0.0
encode/httpx,ae1ddc99af52472c08803fb9d4d3f8ce20a0e2e0,2025-11-05T10:05:57+00:00,0,1,1.0,1.0,1.0,1.0986122886681098,0.0,0.0,0.0,0.0,1.0,0.0,0.0,0.0,0.0,1.0,0.0,1.0,1.0,0.0,1.0,0.0,0.0,10.0,0.0,0.0,1.0,0.0,0.0
encode/httpx,3236b701d16a47305d535bd65b85c34041cdfc94,2025-11-06T20:06:24+00:00,0,1,2.0,26.0,10.0,3.610917912644224,4.0,1.0,1.0,1.0,0.0,0.0,0.0,0.0,0.0,0.0,0.0,0.0,1.0,0.0,1.0,0.0,0.0,1.0,0.0,0.0,1.0,0.0,0.0
encode/httpx,658353de069cce3abb83ff56d950fca7b437f404,2025-11-14T11:46:35+00:00,0,1,2.0,14.0,1.0,2.772588722239781,2.0,1.0,1.0,1.0,0.0,0.0,0.0,0.0,0.0,0.0,0.0,0.0,1.0,0.0,0.0,0.0,0.0,7.5,0.0,0.0,1.0,0.0,0.0
encode/httpx,a227a98e88dc3fd89e3e5eec6d2ae11c7341ee49,2025-11-19T10:41:04+00:00,0,1,1.0,1.0,1.0,1.0986122886681098,1.0,0.0,0.0,0.0,1.0,0.0,0.0,0.0,0.0,1.0,0.0,1.0,1.0,0.0,0.0,0.0,0.0,0.0,0.0,0.0,1.0,0.0,0.0
encode/httpx,d5721c9eded948e7dfc9540433f2e454f1d6f4ff,2025-11-28T15:31:48+00:00,0,1,2.0,3.0,3.0,1.9459101490553132,2.0,1.0,1.0,1.0,0.0,0.0,0.0,0.0,0.0,0.0,0.0,0.0,1.0,0.0,1.0,0.0,0.0,0.0,0.0,0.0,0.0,0.0,0.0
encode/httpx,4588d2b2b319fdfcc099430f7bec6f5109e230fa,2025-12-01T17:39:29+00:00,0,1,2.0,2.0,2.0,1.6094379124341005,0.0,0.0,0.0,0.0,0.0,0.0,2.0,1.0,0.0,0.0,0.0,0.0,1.0,0.0,0.0,0.0,0.0,10.5,6.0,0.0,1.0,0.0,0.0
encode/httpx,5a89e8d70f02ce9919fb1780030886a10bc0a6dc,2025-12-04T23:15:30+00:00,0,1,1.0,3.0,2.0,1.791759469228055,1.0,1.0,1.0,0.0,0.0,0.0,0.0,0.0,0.0,0.0,1.0,0.0,1.0,0.0,0.0,0.0,0.0,1.0,0.0,0.0,1.0,0.0,0.0
encode/httpx,61630c4a4b0450cd895ce6fa3a90c1635bcca112,2025-12-10T13:42:03+00:00,0,1,8.0,1446.0,64.0,7.32052696227274,2.0,2.0,6.0,1.0,1.0,0.0,0.0,0.0,0.0,0.0,0.0,0.0,1.0,0.0,0.0,0.0,0.0,1.75,0.0,0.0,0.0,0.0,0.0
encode/httpx,9d59507dc40f8532917653bc784f977c4b32a2ff,2025-12-10T13:49:37+00:00,0,1,2.0,1.0,9.0,2.3978952727983707,0.0,1.0,1.0,1.0,0.0,0.0,0.0,0.0,0.0,0.0,0.0,0.0,1.0,0.0,1.0,0.0,0.0,0.0,1.0,0.0,1.0,0.0,0.0
encode/httpx,15c4b63315d30f54dcfb3d0d2418b740afa095b3,2025-12-10T14:08:35+00:00,0,1,0.0,0.0,0.0,0.0,0.0,0.0,0.0,0.0,0.0,0.0,0.0,0.0,0.0,0.0,0.0,0.0,1.0,0.0,0.0,0.0,0.0,0.0,2.0,0.0,0.0,0.0,0.0
encode/httpx,ca097c96f97d8d2a5da09b8ca736c7e78a2467f6,2025-12-10T14:47:34+00:00,0,1,1.0,1.0,1.0,1.0986122886681098,0.0,0.0,0.0,0.0,1.0,0.0,0.0,0.0,0.0,1.0,0.0,1.0,0.0,0.0,1.0,0.0,0.0,11.0,1.0,0.0,1.0,0.0,0.0
encode/httpx,9f0c248b5105cfdf80e20309b762f5065cfe9239,2025-12-10T14:51:27+00:00,0,1,1.0,1.0,1.0,1.0986122886681098,0.0,0.0,0.0,0.0,1.0,0.0,0.0,0.0,0.0,1.0,0.0,1.0,1.0,1.0,1.0,0.0,0.0,12.0,0.0,0.0,1.0,0.0,0.0
encode/httpx,4b9f63e507c4ea75fa59f6bbdfb103e2f014a6f9,2025-12-10T14:54:43+00:00,0,1,1.0,4.0,0.0,1.6094379124341005,0.0,0.0,0.0,0.0,1.0,0.0,0.0,0.0,0.0,0.0,0.0,1.0,1.0,0.0,0.0,0.0,0.0,7.0,3.0,0.0,1.0,0.0,0.0
encode/httpx,ae1b9f66238f75ced3ced5e4485408435de10768,2025-12-10T14:58:51+00:00,0,1,3.0,6.0,1.0,2.0794415416798357,0.0,1.0,2.0,0.0,1.0,0.0,0.0,0.0,0.0,1.0,1.0,0.0,0.0,0.0,0.0,0.0,0.0,3.0,1.0,0.0,1.0,0.0,0.0
encode/httpx,07a88cc6794e0ca1ece8d04d81457f0a2bb30d2c,2025-12-10T15:17:13+00:00,0,1,4.0,7.0,2.0,2.302585092994046,0.0,1.0,2.0,0.0,2.0,0.0,0.0,0.0,0.0,2.0,1.0,0.0,1.0,1.0,0.0,0.0,0.0,6.25,6.0,0.0,1.0,0.0,0.0
encode/httpx,008b25c38c619d43d142c2bf5d173ce86090a664,2025-12-10T18:00:31+00:00,0,1,4.0,7.0,2.0,2.302585092994046,0.0,1.0,2.0,0.0,2.0,0.0,0.0,0.0,0.0,2.0,1.0,0.0,1.0,1.0,1.0,0.0,0.0,7.25,15.0,0.0,1.0,0.0,0.0
encode/httpx,58935518e9072d1d552cbdcecc3994fae01fa180,2025-12-13T04:39:08+00:00,0,1,1.0,2.0,2.0,1.6094379124341005,1.0,0.0,0.0,1.0,0.0,0.0,0.0,0.0,0.0,0.0,0.0,0.0,1.0,0.0,0.0,0.0,0.0,1.0,0.0,0.0,0.0,0.0,0.0
encode/httpx,4d05db33ceaa977e93dc07c12cbf8ea091df12a3,2025-12-13T16:14:27+00:00,0,1,5.0,24.0,16.0,3.713572066704308,3.0,1.0,1.0,1.0,2.0,1.0,0.0,0.0,0.0,0.0,0.0,0.0,1.0,0.0,0.0,0.0,0.0,6.0,0.0,0.0,1.0,0.0,0.0
encode/httpx,da5cc2645445dcb24cfec8a502d69dc8ea5a489c,2025-12-13T16:24:02+00:00,0,1,2.0,30.0,11.0,3.737669618283368,4.0,1.0,1.0,1.0,0.0,0.0,0.0,0.0,0.0,0.0,0.0,0.0,1.0,0.0,1.0,0.0,0.0,3.0,1.0,0.0,1.0,0.0,0.0
encode/httpx,c2abbfe37bc8ff0d72af526461201c249cb89202,2025-12-14T19:32:20+00:00,0,1,3.0,51.0,12.0,4.1588830833596715,6.0,1.0,1.0,2.0,0.0,0.0,0.0,0.0,0.0,3.0,0.0,0.0,1.0,0.0,0.0,0.0,0.0,5.333333333333333,0.0,0.0,1.0,0.0,0.0
encode/httpx,560ada0abc4dd5fc2e9bd584475aca651e7555e8,2025-12-15T14:30:53+00:00,0,1,1.0,122.0,8.0,4.875197323201151,4.0,0.0,0.0,1.0,0.0,0.0,0.0,0.0,0.0,1.0,0.0,0.0,1.0,0.0,1.0,0.0,0.0,2.0,1.0,0.0,0.0,0.0,0.0
encode/httpx,7eee90d1b9e0c1590dcd46de9d8ea99b2dffbe99,2025-12-15T19:11:29+00:00,0,1,2.0,44.0,12.0,4.04305126783455,6.0,1.0,1.0,1.0,0.0,0.0,0.0,0.0,0.0,0.0,0.0,0.0,1.0,0.0,1.0,0.0,0.0,4.0,2.0,0.0,1.0,0.0,0.0
encode/httpx,d664166bdae02fd6f1bb71833bb7bbfef2ab7b3d,2025-12-17T13:02:55+00:00,0,1,1.0,1.0,1.0,1.0986122886681098,0.0,0.0,0.0,0.0,0.0,0.0,1.0,1.0,0.0,0.0,0.0,0.0,1.0,0.0,0.0,0.0,0.0,13.0,7.0,0.0,1.0,0.0,0.0
encode/httpx,fd474b4050dcc21a4ca315ef0544be6633d7b765,2025-12-17T13:05:11+00:00,0,1,1.0,1.0,1.0,1.0986122886681098,0.0,0.0,0.0,0.0,0.0,0.0,1.0,1.0,0.0,0.0,0.0,0.0,0.0,0.0,0.0,0.0,0.0,14.0,8.0,0.0,1.0,0.0,0.0
encode/httpx,4777295778800b491883e337213d873a6a359264,2025-12-19T03:41:28+00:00,0,1,1.0,2.0,2.0,1.6094379124341005,2.0,1.0,1.0,0.0,0.0,0.0,0.0,0.0,1.0,0.0,1.0,0.0,1.0,0.0,0.0,0.0,0.0,1.0,0.0,0.0,1.0,0.0,0.0
encode/httpx,98d65fe0941c767e9474b5da8727932f115658b3,2025-12-19T08:21:21+00:00,0,1,1.0,0.0,1.0,0.6931471805599453,1.0,1.0,1.0,0.0,0.0,0.0,0.0,0.0,0.0,0.0,1.0,0.0,1.0,0.0,0.0,0.0,0.0,3.0,0.0,0.0,0.0,0.0,0.0
encode/httpx,53afcc488d0404e9c24e1465565aad41cb43abb2,2025-12-22T19:17:13+00:00,0,1,1.0,6.0,0.0,1.9459101490553132,0.0,0.0,0.0,0.0,1.0,0.0,0.0,0.0,0.0,0.0,0.0,1.0,1.0,0.0,0.0,0.0,0.0,10.0,0.0,0.0,1.0,0.0,0.0
encode/httpx,231323c899cab2f5750c1d6d9bdcf27f988d56c3,2025-12-22T20:08:30+00:00,0,1,1.0,1.0,1.0,1.0986122886681098,0.0,0.0,0.0,0.0,1.0,0.0,0.0,0.0,0.0,0.0,0.0,1.0,1.0,0.0,1.0,0.0,0.0,11.0,1.0,0.0,1.0,0.0,0.0
encode/httpx,d4d1959a6953ced4eca59bc7a35691e7561ec73c,2025-12-23T00:01:28+00:00,0,1,1.0,4.0,0.0,1.6094379124341005,0.0,0.0,0.0,0.0,1.0,0.0,0.0,0.0,0.0,0.0,0.0,1.0,1.0,0.0,0.0,0.0,0.0,11.0,1.0,0.0,1.0,0.0,0.0
encode/httpx,6a240f4690a2895be45069f024789fef4183d784,2025-12-28T22:04:33+00:00,0,1,4.0,199.0,66.0,5.583496308781699,30.0,2.0,3.0,1.0,0.0,0.0,0.0,0.0,0.0,0.0,0.0,0.0,1.0,0.0,0.0,0.0,0.0,1.5,0.0,0.0,0.0,0.0,0.0
encode/httpx,3e53fe315dd294802b9c220f154f957ce628d9c5,2026-01-06T21:55:22+00:00,0,1,2.0,8.0,1.0,2.302585092994046,2.0,1.0,1.0,1.0,0.0,0.0,0.0,0.0,0.0,0.0,0.0,0.0,1.0,0.0,1.0,0.0,0.0,1.5,0.0,0.0,1.0,0.0,0.0
encode/httpx,2fff214df6f99bf690a6f3c0a334ce0edc0f8688,2026-01-15T03:23:44+00:00,0,1,1.0,2.0,2.0,1.6094379124341005,2.0,0.0,0.0,1.0,0.0,0.0,0.0,0.0,0.0,0.0,0.0,0.0,1.0,0.0,0.0,0.0,0.0,0.0,0.0,0.0,0.0,0.0,0.0
encode/httpx,c02979ce660017e4acedba75ede74215bc62e18e,2026-01-15T05:22:27+00:00,0,1,3.0,23.0,2.0,3.258096538021482,4.0,1.0,1.0,2.0,0.0,0.0,0.0,0.0,0.0,0.0,0.0,0.0,1.0,0.0,1.0,0.0,0.0,1.6666666666666667,1.0,0.0,1.0,0.0,0.0
encode/httpx,9c25d4f56cadd4f72dc15b352fcc18d8888b70d4,2026-01-15T15:15:44+00:00,0,1,2.0,25.0,0.0,3.258096538021482,2.0,1.0,1.0,1.0,0.0,0.0,0.0,0.0,0.0,0.0,0.0,0.0,1.0,0.0,0.0,0.0,0.0,1.0,2.0,0.0,1.0,0.0,0.0
encode/httpx,f24f32aba9b2d23914af942e66731eb2bbcbcb4b,2026-01-26T22:49:57+00:00,0,1,2.0,30.0,0.0,3.4339872044851463,2.0,1.0,1.0,0.0,1.0,0.0,0.0,0.0,0.0,0.0,1.0,0.0,1.0,0.0,0.0,0.0,0.0,1.5,0.0,0.0,1.0,0.0,0.0
encode/httpx,8d22393a0f9fa0332a03af6c93afdb636b9fbb62,2026-01-27T00:33:17+00:00,0,1,2.0,30.0,0.0,3.4339872044851463,2.0,1.0,1.0,0.0,1.0,0.0,0.0,0.0,0.0,0.0,1.0,0.0,1.0,0.0,0.0,0.0,0.0,2.5,1.0,0.0,1.0,0.0,0.0
encode/httpx,0ec032d724df25cee80453626bb0450ea3d59db0,2026-01-27T01:02:50+00:00,0,1,3.0,127.0,0.0,4.852030263919617,10.0,1.0,1.0,1.0,1.0,0.0,0.0,0.0,0.0,0.0,0.0,0.0,1.0,0.0,0.0,0.0,0.0,2.3333333333333335,2.0,0.0,1.0,0.0,0.0
encode/httpx,4dd7928af996a2e7db036a352a7582cea24811ef,2026-01-27T22:35:30+00:00,0,1,2.0,9.0,7.0,2.833213344056216,0.0,1.0,1.0,0.0,1.0,0.0,0.0,0.0,0.0,0.0,1.0,0.0,1.0,0.0,0.0,0.0,0.0,4.5,3.0,0.0,1.0,0.0,0.0
encode/httpx,bbf3aea38dc77fbce4550701812287d276ff25f1,2026-01-28T23:14:50+00:00,0,1,1.0,7.0,0.0,2.0794415416798357,0.0,1.0,1.0,0.0,0.0,0.0,0.0,0.0,0.0,0.0,1.0,0.0,1.0,0.0,0.0,0.0,0.0,5.0,0.0,0.0,1.0,0.0,0.0
encode/httpx,fc2d503b4aa2dbda9180046fef63e9e8e7d04516,2026-01-31T21:03:01+00:00,0,1,2.0,26.0,0.0,3.295836866004329,1.0,1.0,1.0,1.0,0.0,0.0,0.0,0.0,0.0,0.0,0.0,0.0,1.0,0.0,0.0,0.0,0.0,9.5,0.0,0.0,0.0,0.0,0.0
encode/httpx,2fba056eb96936393b6bb47510fb992a6bd7707d,2026-02-08T02:05:19+00:00,0,1,2.0,46.0,3.0,3.912023005428146,4.0,1.0,1.0,1.0,0.0,0.0,0.0,0.0,0.0,0.0,0.0,0.0,1.0,0.0,1.0,0.0,0.0,3.5,0.0,0.0,1.0,0.0,0.0
encode/httpx,c7216aca6749e0407253133fa3c4e915d935e096,2026-02-08T02:42:07+00:00,0,1,1.0,2.0,0.0,1.0986122886681098,2.0,0.0,0.0,1.0,0.0,0.0,0.0,0.0,0.0,0.0,0.0,0.0,1.0,0.0,1.0,0.0,0.0,3.0,1.0,0.0,0.0,0.0,0.0
encode/httpx,5a2b1884d078e2714451e4fd0f4d2535b9da79eb,2026-02-08T03:40:15+00:00,0,1,1.0,4.0,2.0,1.9459101490553132,1.0,1.0,1.0,0.0,0.0,0.0,0.0,0.0,0.0,0.0,1.0,0.0,1.0,0.0,1.0,0.0,0.0,5.0,2.0,0.0,0.0,0.0,0.0
encode/httpx,648abb1c3a9c0821650b5a9480b35fb4e459a94f,2026-02-08T06:38:33+00:00,0,1,1.0,1.0,3.0,1.6094379124341005,1.0,1.0,1.0,0.0,0.0,0.0,0.0,0.0,0.0,0.0,1.0,0.0,1.0,0.0,0.0,0.0,0.0,12.0,3.0,0.0,0.0,0.0,0.0
encode/httpx,58e14dda2f9a345013c04cf775d022672f47638a,2026-02-08T23:02:55+00:00,0,1,2.0,11.0,3.0,2.70805020110221,2.0,1.0,1.0,1.0,0.0,0.0,0.0,0.0,1.0,0.0,0.0,0.0,1.0,0.0,0.0,0.0,0.0,1.5,4.0,0.0,1.0,0.0,0.0
encode/httpx,f6be07fbbfb52b20e028e3a169004b67bf9c6289,2026-02-11T02:30:04+00:00,0,1,1.0,1.0,1.0,1.0986122886681098,0.0,0.0,0.0,0.0,0.0,1.0,0.0,0.0,0.0,0.0,0.0,0.0,1.0,0.0,0.0,0.0,0.0,23.0,7.0,0.0,1.0,0.0,0.0
encode/httpx,1da5c87559d98da0669d04497a53739677c503ea,2026-02-11T14:46:00+00:00,0,1,4.0,7.0,2.0,2.302585092994046,0.0,1.0,2.0,0.0,2.0,0.0,0.0,0.0,0.0,2.0,1.0,0.0,1.0,1.0,0.0,0.0,0.0,9.25,1.0,0.0,1.0,0.0,0.0
encode/httpx,38fe19f18f0d2224bf243ad0507f565dca6f0314,2026-02-12T02:51:45+00:00,0,1,2.0,11.0,3.0,2.70805020110221,2.0,1.0,1.0,1.0,0.0,0.0,0.0,0.0,1.0,0.0,0.0,0.0,1.0,0.0,0.0,0.0,0.0,2.5,5.0,0.0,1.0,0.0,0.0
encode/httpx,1bdeaf65c328dce2ec6396b9af6ec621ae6954fe,2026-02-13T19:36:13+00:00,0,1,3.0,18.0,2.0,3.044522437723423,2.0,1.0,1.0,2.0,0.0,0.0,0.0,0.0,0.0,0.0,0.0,0.0,1.0,0.0,0.0,0.0,0.0,3.3333333333333335,0.0,0.0,1.0,0.0,0.0
encode/httpx,ff7190eda0ab308f1d884b228e17b32e6fdac756,2026-02-20T00:35:36+00:00,0,1,1.0,24.0,16.0,3.713572066704308,4.0,1.0,1.0,0.0,0.0,0.0,0.0,0.0,0.0,0.0,1.0,0.0,1.0,0.0,0.0,0.0,0.0,6.0,0.0,0.0,1.0,0.0,0.0
encode/httpx,275ce89bbc346f79dfa7ade4061009612c7d22dc,2026-02-20T00:36:30+00:00,0,1,1.0,12.0,12.0,3.218875824868201,12.0,1.0,1.0,0.0,0.0,0.0,0.0,0.0,0.0,0.0,1.0,0.0,1.0,0.0,0.0,0.0,0.0,6.0,0.0,0.0,1.0,0.0,0.0
encode/httpx,55ead904eff7376ccbc7f23e93be19117c642441,2026-02-20T00:36:55+00:00,0,1,1.0,3.0,1.0,1.6094379124341005,1.0,1.0,1.0,0.0,0.0,0.0,0.0,0.0,0.0,0.0,1.0,0.0,1.0,0.0,1.0,0.0,0.0,3.0,1.0,0.0,1.0,0.0,0.0
encode/httpx,63e885394a629d194b0aa867e8fbf475cdec6521,2026-02-22T11:16:28+00:00,0,1,1.0,4.0,1.0,1.791759469228055,1.0,0.0,0.0,1.0,0.0,0.0,0.0,0.0,0.0,0.0,0.0,0.0,1.0,0.0,0.0,0.0,0.0,2.0,0.0,0.0,1.0,0.0,0.0
encode/httpx,b5addb64f0161ff6bfe94c124ef76f6a1fba5254,2026-02-23T10:40:45+00:00,0,1,1.0,4.0,1.0,1.791759469228055,1.0,0.0,0.0,1.0,0.0,0.0,0.0,0.0,0.0,0.0,0.0,0.0,0.0,0.0,0.0,0.0,0.0,3.0,1.0,0.0,1.0,0.0,0.0
encode/httpx,631e9fefa2e602c7d38f74ae4a4138f67f14fd38,2026-02-23T16:32:31+00:00,0,1,1.0,6.0,15.0,3.091042453358316,4.0,0.0,0.0,0.0,1.0,0.0,0.0,0.0,0.0,0.0,0.0,1.0,1.0,0.0,1.0,0.0,0.0,4.0,0.0,0.0,1.0,0.0,0.0
encode/httpx,70c704071724bead53f1bf002cdcb0f2b8f6aea9,2026-02-24T13:45:40+00:00,0,1,1.0,1.0,1.0,1.0986122886681098,0.0,1.0,1.0,0.0,0.0,0.0,0.0,0.0,0.0,0.0,1.0,0.0,1.0,0.0,0.0,0.0,0.0,0.0,0.0,0.0,1.0,0.0,0.0
encode/httpx,8a959d830e8631f84401aeb5fd2e0ffa9bbfe3d7,2026-02-24T14:06:11+00:00,0,1,1.0,14.0,4.0,2.9444389791664403,1.0,0.0,0.0,1.0,0.0,0.0,0.0,0.0,0.0,0.0,0.0,0.0,1.0,0.0,0.0,0.0,0.0,1.0,1.0,0.0,0.0,0.0,0.0
encode/httpx,357b42fdefa4ac1f0fec37776828618176e9e7c9,2026-02-24T14:32:36+00:00,0,1,2.0,23.0,2.0,3.258096538021482,5.0,1.0,1.0,1.0,0.0,0.0,0.0,0.0,0.0,0.0,0.0,0.0,1.0,0.0,0.0,0.0,0.0,11.0,2.0,0.0,1.0,0.0,0.0
encode/httpx,09fc81a33c51f090002e340173f231d403c11ac5,2026-02-24T15:14:58+00:00,0,1,1.0,37.0,30.0,4.219507705176107,10.0,1.0,1.0,0.0,0.0,0.0,0.0,0.0,0.0,0.0,1.0,0.0,1.0,0.0,0.0,0.0,0.0,7.0,3.0,0.0,1.0,0.0,0.0
encode/httpx,fba12be30aa6e545c9ec2bbeb4c87e31961360fd,2026-02-24T18:45:33+00:00,0,1,2.0,27.0,1.0,3.367295829986474,4.0,1.0,1.0,1.0,0.0,0.0,0.0,0.0,0.0,0.0,0.0,0.0,1.0,0.0,0.0,0.0,0.0,5.0,2.0,0.0,1.0,0.0,0.0
encode/httpx,71c6448d4016fb58c46390fd2f60f2dfd9ca1d09,2026-02-25T02:17:06+00:00,0,1,3.0,45.0,6.0,3.951243718581427,8.0,1.0,1.0,2.0,0.0,0.0,0.0,0.0,0.0,0.0,0.0,0.0,1.0,0.0,1.0,0.0,0.0,2.6666666666666665,1.0,0.0,0.0,0.0,0.0
encode/httpx,aa918e2495105cef59af261b8ee6477b708cb95b,2026-02-25T02:32:41+00:00,0,1,2.0,44.0,5.0,3.912023005428146,7.0,1.0,1.0,1.0,0.0,0.0,0.0,0.0,0.0,0.0,0.0,0.0,1.0,0.0,1.0,0.0,0.0,4.0,2.0,0.0,0.0,0.0,0.0
encode/httpx,f0e232fc94a56c069fd39bc039d169f984c8524e,2026-02-26T14:35:10+00:00,0,1,2.0,53.0,0.0,3.9889840465642745,10.0,1.0,1.0,1.0,0.0,0.0,0.0,0.0,0.0,0.0,0.0,0.0,1.0,0.0,0.0,0.0,0.0,4.5,0.0,0.0,1.0,0.0,0.0
encode/httpx,324e16aab8289b3af001a2217ccfd54d0350e7fb,2026-03-10T13:08:15+00:00,0,1,1.0,2.0,0.0,1.0986122886681098,2.0,0.0,0.0,1.0,0.0,0.0,0.0,0.0,0.0,0.0,0.0,0.0,1.0,0.0,1.0,0.0,0.0,4.0,6.0,0.0,0.0,0.0,0.0
encode/httpx,843346fc98e062a7b0be0835cd055d9d11d2b175,2026-03-10T13:08:33+00:00,0,1,1.0,4.0,2.0,1.9459101490553132,1.0,1.0,1.0,0.0,0.0,0.0,0.0,0.0,0.0,0.0,1.0,0.0,1.0,0.0,1.0,0.0,0.0,7.0,6.0,0.0,0.0,0.0,0.0
encode/httpx,b2adc529e7c3ccb75965a29a35bb339198c0baff,2026-03-10T13:08:47+00:00,0,1,2.0,46.0,3.0,3.912023005428146,4.0,1.0,1.0,1.0,0.0,0.0,0.0,0.0,0.0,0.0,0.0,0.0,1.0,0.0,1.0,0.0,0.0,6.5,6.0,0.0,1.0,0.0,0.0
encode/httpx,b34be93072a43bd321ee38a7a9c086a311cfa318,2026-03-22T08:32:06+00:00,0,1,20.0,80.0,52.0,4.890349128221754,13.0,1.0,4.0,5.0,7.0,2.0,2.0,1.0,0.0,3.0,0.0,0.0,1.0,1.0,0.0,0.0,0.0,11.7,0.0,0.0,0.0,0.0,0.0
encode/httpx,54857a13dfd2d868fc52a54b0eaa4a97487f97d2,2026-03-29T00:19:16+00:00,0,1,1.0,1.0,1.0,1.0986122886681098,0.0,0.0,0.0,0.0,0.0,1.0,0.0,0.0,0.0,0.0,0.0,0.0,1.0,0.0,0.0,0.0,0.0,25.0,8.0,0.0,1.0,0.0,0.0
encode/httpx,c35286e49c3a4b4cf1091a56530f7d415e82fd9c,2026-04-05T19:27:10+00:00,0,1,8.0,14.0,6.0,3.044522437723423,1.0,1.0,2.0,1.0,3.0,0.0,2.0,1.0,0.0,2.0,0.0,0.0,1.0,1.0,0.0,0.0,0.0,10.75,2.0,0.0,1.0,0.0,0.0
encode/httpx,ed923cea1b8902cacf97b098a2adff8c51601488,2026-04-27T16:10:09+00:00,0,1,5.0,11.0,3.0,2.70805020110221,1.0,1.0,2.0,1.0,2.0,0.0,0.0,0.0,0.0,2.0,0.0,0.0,1.0,1.0,1.0,0.0,0.0,11.0,0.0,0.0,1.0,0.0,0.0
encode/httpx,83d203a86d955b7695613df6378b56f9003112ce,2026-04-28T18:01:45+00:00,0,1,1.0,4.0,1.0,1.791759469228055,1.0,0.0,0.0,1.0,0.0,0.0,0.0,0.0,0.0,0.0,0.0,0.0,1.0,1.0,0.0,0.0,0.0,7.0,0.0,0.0,1.0,0.0,0.0
encode/httpx,c95292e19df788f91a191d604cb785c2f84c3bb5,2026-04-30T10:25:17+00:00,0,1,5.0,11.0,3.0,2.70805020110221,1.0,1.0,2.0,1.0,2.0,0.0,0.0,0.0,0.0,2.0,0.0,0.0,1.0,1.0,0.0,0.0,0.0,12.2,1.0,0.0,1.0,0.0,0.0
encode/httpx,86eb33fe9d4f4ed3bca9e407c1d72ceefda4ff81,2026-05-20T16:26:32+00:00,1,1,4.0,10.0,2.0,2.5649493574615367,1.0,1.0,2.0,1.0,1.0,0.0,0.0,0.0,0.0,1.0,0.0,0.0,1.0,1.0,0.0,0.0,0.0,11.5,16.0,0.0,1.0,0.0,0.0
encode/httpx,978b5f1c5e2d997e8b6ca98b446f1b9be14cbd20,2026-07-09T05:46:06+00:00,0,1,2.0,25.0,0.0,3.258096538021482,2.0,1.0,1.0,1.0,0.0,0.0,0.0,0.0,0.0,0.0,0.0,0.0,1.0,0.0,0.0,0.0,0.0,4.5,3.0,0.0,1.0,0.0,0.05
encode/httpx,c6c11128057828601641b1cb7335f22a46758825,2026-07-09T05:46:47+00:00,0,1,3.0,23.0,2.0,3.258096538021482,4.0,1.0,1.0,2.0,0.0,0.0,0.0,0.0,0.0,0.0,0.0,0.0,1.0,0.0,1.0,0.0,0.0,5.666666666666667,3.0,0.0,1.0,0.0,0.05
encode/httpx,c1e73124c5d24aa6d61f0413d217f5810f62eb00,2026-09-16T07:59:05+00:00,1,1,2.0,61.0,0.0,4.127134385045092,10.0,1.0,1.0,1.0,0.0,0.0,0.0,0.0,0.0,0.0,0.0,0.0,1.0,0.0,0.0,0.0,0.0,6.5,1.0,0.0,1.0,0.0,0.05
encode/httpx,408943ad645e5497726584691c2020365da3ffb7,2026-10-01T16:00:51+00:00,1,1,3.0,4.0,4.0,2.1972245773362196,0.0,1.0,1.0,0.0,0.0,1.0,1.0,1.0,0.0,0.0,1.0,0.0,1.0,0.0,0.0,0.0,0.0,12.0,0.0,0.0,1.0,0.0,0.1
encode/httpx,ee446e6cac2db143dcffaf51c581082fb78562a5,2026-10-01T19:59:58+00:00,1,1,1.0,2.0,4.0,1.9459101490553132,0.0,0.0,0.0,0.0,1.0,0.0,0.0,0.0,0.0,0.0,0.0,1.0,1.0,0.0,0.0,0.0555555555555555,0.0555555555555555,18.0,1.0,1.0,1.0,1.0,0.15
jazzband/pip-tools,48934b72f946a4d676c477ef1519f97baa36c80e,2025-09-15T17:28:29+00:00,0,1,1.0,1.0,1.0,1.0986122886681098,0.0,0.0,0.0,0.0,0.0,0.0,1.0,0.0,0.0,0.0,0.0,0.0,1.0,0.0,0.0,0.0,0.0,0.0,0.0,0.0,0.0,0.0,0.0
jazzband/pip-tools,b97a0d4be0ecf597b250c520ad5fb011cfcbfd27,2025-09-16T03:21:09+00:00,0,1,1.0,1.0,1.0,1.0986122886681098,0.0,0.0,0.0,0.0,0.0,0.0,1.0,0.0,0.0,0.0,0.0,0.0,0.0,1.0,0.0,0.0,0.0,1.0,0.0,0.0,0.0,0.0,0.0
jazzband/pip-tools,d42c30bae323d7c1a8eeaad6e8a45a782a276cbc,2025-09-16T03:28:38+00:00,0,1,3.0,41.0,3.0,3.80666248977032,4.0,1.0,1.0,1.0,1.0,0.0,0.0,0.0,0.0,0.0,0.0,0.0,1.0,0.0,0.0,0.0,0.0,0.0,0.0,0.0,0.0,0.0,0.0
jazzband/pip-tools,816ee196c543be53ddba0ea33fb4c7e84217b3b3,2025-09-19T03:15:44+00:00,0,1,3.0,6.0,3.0,2.302585092994046,2.0,1.0,1.0,1.0,1.0,0.0,0.0,0.0,0.0,0.0,0.0,0.0,1.0,0.0,0.0,0.0,0.0,0.0,2.0,0.0,1.0,0.0,0.0
jazzband/pip-tools,61db0caba957e1f22667013b7b8a8ee47cff34e1,2025-09-22T13:46:20+00:00,0,1,1.0,1.0,1.0,1.0986122886681098,0.0,0.0,0.0,0.0,1.0,0.0,0.0,0.0,0.0,0.0,0.0,1.0,1.0,0.0,0.0,0.0,0.0,1.0,3.0,0.0,1.0,0.0,0.0
jazzband/pip-tools,68f167ce91b7b795892159f55afd8ab33b6bcf8e,2025-09-22T18:03:42+00:00,0,1,3.0,6.0,3.0,2.302585092994046,2.0,1.0,1.0,1.0,1.0,0.0,0.0,0.0,0.0,0.0,0.0,0.0,0.0,1.0,0.0,0.0,0.0,1.3333333333333333,4.0,0.0,1.0,0.0,0.0
jazzband/pip-tools,bac58b853242a10a47c7c3c9556ce8e91790bf8b,2025-09-24T19:49:30+00:00,0,1,3.0,41.0,3.0,3.80666248977032,4.0,1.0,1.0,1.0,1.0,0.0,0.0,0.0,0.0,0.0,0.0,0.0,1.0,0.0,0.0,0.0,0.0,1.0,5.0,0.0,0.0,0.0,0.0
jazzband/pip-tools,5876f774117eba38bb4c12dd1f0e01870a36faa7,2025-09-25T21:00:07+00:00,0,1,3.0,6.0,3.0,2.302585092994046,2.0,1.0,1.0,1.0,1.0,0.0,0.0,0.0,0.0,0.0,0.0,0.0,1.0,1.0,0.0,0.0,0.0,2.3333333333333335,6.0,0.0,0.0,0.0,0.0
jazzband/pip-tools,be571d00e43f06e67ef084ec2b42176a164c58cf,2025-09-25T21:02:35+00:00,0,1,1.0,1.0,1.0,1.0986122886681098,0.0,0.0,0.0,0.0,1.0,0.0,0.0,0.0,0.0,0.0,0.0,1.0,1.0,0.0,0.0,0.0,0.0,0.0,6.0,0.0,0.0,0.0,0.0
jazzband/pip-tools,76d4a855bcb7fa350d8d8065766a51790ae821e7,2025-09-25T21:22:51+00:00,0,1,2.0,1.0,5.0,1.9459101490553132,0.0,0.0,0.0,0.0,0.0,0.0,2.0,0.0,0.0,0.0,0.0,0.0,1.0,0.0,0.0,0.0,0.0,0.0,8.0,0.0,0.0,0.0,0.0
jazzband/pip-tools,e48c6bb8529bf1f9e4db1abe485e78eeb837e7b7,2025-09-25T21:23:06+00:00,0,1,1.0,2.0,2.0,1.6094379124341005,0.0,0.0,0.0,0.0,0.0,0.0,1.0,0.0,0.0,0.0,0.0,0.0,0.0,1.0,0.0,0.0,0.0,2.0,8.0,0.0,1.0,0.0,0.0
jazzband/pip-tools,54ced7cac49eb29f4167da33557bb7b7ee5467be,2025-09-25T21:23:41+00:00,0,1,3.0,41.0,3.0,3.80666248977032,4.0,1.0,1.0,1.0,1.0,0.0,0.0,0.0,0.0,0.0,0.0,0.0,1.0,0.0,0.0,0.0,0.0,2.0,8.0,0.0,0.0,0.0,0.0
jazzband/pip-tools,d3eed27c91ff63b9687ebeaecedb92f823b4e3cb,2025-09-26T01:47:36+00:00,0,1,3.0,33.0,37.0,4.2626798770413155,0.0,0.0,0.0,0.0,1.0,0.0,2.0,0.0,0.0,0.0,0.0,0.0,0.0,1.0,0.0,0.0,0.0,0.6666666666666666,0.0,0.0,1.0,0.0,0.0
jazzband/pip-tools,74566f93eb092b81b42cde5602b7d93d6c6b83e2,2025-09-26T01:51:56+00:00,0,1,2.0,2.0,1.0,1.3862943611198906,0.0,0.0,0.0,0.0,1.0,0.0,1.0,0.0,0.0,0.0,0.0,0.0,0.0,1.0,0.0,0.0,0.0,1.0,0.0,0.0,0.0,0.0,0.0
jazzband/pip-tools,e7e2673b289dd0b900b1d6d882e59adab55f4385,2025-09-26T10:13:38+00:00,0,1,3.0,3.0,3.0,1.9459101490553132,0.0,0.0,0.0,0.0,3.0,0.0,0.0,0.0,0.0,0.0,0.0,1.0,1.0,0.0,0.0,0.0,0.0,2.0,0.0,0.0,0.0,0.0,0.0
jazzband/pip-tools,a5cf40c6418fcc241078845509fb47fa04fbe2cb,2025-09-26T14:51:14+00:00,0,1,2.0,2.0,0.0,1.0986122886681098,0.0,0.0,0.0,0.0,2.0,0.0,0.0,0.0,0.0,0.0,0.0,1.0,1.0,0.0,0.0,0.0,0.0,0.0,11.0,0.0,0.0,0.0,0.0
jazzband/pip-tools,76bdc77f2cc44470347921c6aaa232719aab49cf,2025-09-26T15:02:15+00:00,0,1,4.0,9.0,11.0,3.044522437723423,0.0,0.0,0.0,0.0,3.0,1.0,0.0,0.0,0.0,0.0,0.0,0.0,0.0,1.0,0.0,0.0,0.0,2.25,11.0,0.0,1.0,0.0,0.0
jazzband/pip-tools,c425ea0e2c8e7d0a8510d44f26af539e325a2a5a,2025-09-26T15:13:18+00:00,0,1,3.0,18.0,6.0,3.218875824868201,0.0,0.0,0.0,0.0,1.0,0.0,2.0,1.0,0.0,0.0,0.0,0.0,1.0,0.0,0.0,0.0,0.0,0.0,13.0,0.0,1.0,0.0,0.0
jazzband/pip-tools,16c793b06897e1ab22d326ebe249780a2fac9116,2025-09-26T15:20:08+00:00,0,1,7.0,153.0,3.0,5.056245805348308,5.0,1.0,1.0,2.0,4.0,0.0,0.0,0.0,0.0,0.0,0.0,0.0,0.0,1.0,1.0,0.0,0.0,1.5714285714285714,13.0,0.0,1.0,0.0,0.0
jazzband/pip-tools,2be5b1f76a8b34f0f4555d5761bb4ec86116d461,2025-09-26T15:29:19+00:00,0,1,1.0,1.0,0.0,0.6931471805599453,0.0,0.0,0.0,0.0,1.0,0.0,0.0,0.0,0.0,0.0,0.0,1.0,1.0,0.0,0.0,0.0,0.0,0.0,1.0,0.0,0.0,0.0,0.0
jazzband/pip-tools,78020b415bf6a023d45532ddcc8f87482336b43e,2025-09-26T15:57:22+00:00,0,1,1.0,1.0,0.0,0.6931471805599453,0.0,0.0,0.0,0.0,1.0,0.0,0.0,0.0,0.0,0.0,0.0,1.0,0.0,1.0,0.0,0.0,0.0,1.0,15.0,0.0,1.0,0.0,0.0
jazzband/pip-tools,cd233ddb638f555d8a05012ffd6d61d9dc2f7b5c,2025-09-26T18:06:08+00:00,0,1,3.0,18.0,6.0,3.218875824868201,0.0,0.0,0.0,0.0,1.0,0.0,2.0,1.0,0.0,0.0,0.0,0.0,1.0,0.0,0.0,0.0,0.0,1.0,16.0,0.0,1.0,0.0,0.0
jazzband/pip-tools,9b4de7d3b8f3a4f12650a00fd6d63793ff0d4d38,2025-09-26T18:23:27+00:00,0,1,3.0,18.0,6.0,3.218875824868201,0.0,0.0,0.0,0.0,1.0,0.0,2.0,1.0,0.0,0.0,0.0,0.0,0.0,1.0,0.0,0.0,0.0,2.0,17.0,0.0,1.0,0.0,0.0
jazzband/pip-tools,e8adc41d8054c998cc1c927f1a9cddb9a13f812a,2025-09-27T03:25:44+00:00,0,1,11.0,52.0,15.0,4.219507705176107,0.0,0.0,0.0,0.0,11.0,0.0,0.0,0.0,0.0,0.0,0.0,1.0,1.0,0.0,0.0,0.0,0.0,2.272727272727273,18.0,0.0,1.0,0.0,0.0
jazzband/pip-tools,7a29213539c1df3704cbe54ccab5a30f6d9346b3,2025-09-29T14:55:32+00:00,0,1,1.0,1.0,1.0,1.0986122886681098,0.0,0.0,0.0,0.0,0.0,0.0,1.0,1.0,0.0,0.0,0.0,0.0,1.0,0.0,0.0,0.0,0.0,3.0,2.0,0.0,1.0,0.0,0.0
jazzband/pip-tools,ef8b7492b3c798fd665e23ab8aabdfa978dc5844,2025-09-29T15:10:52+00:00,0,1,1.0,2.0,0.0,1.0986122886681098,0.0,0.0,0.0,0.0,1.0,0.0,0.0,0.0,0.0,0.0,0.0,1.0,1.0,0.0,0.0,0.0,0.0,0.0,3.0,0.0,0.0,0.0,0.0
jazzband/pip-tools,d30ac9f2879edab9bc79bd40b736b96230878a45,2025-09-29T15:50:50+00:00,0,1,1.0,0.0,2.0,1.0986122886681098,0.0,0.0,0.0,0.0,1.0,0.0,0.0,0.0,0.0,0.0,0.0,1.0,1.0,0.0,1.0,0.0,0.0,1.0,19.0,0.0,0.0,0.0,0.0
jazzband/pip-tools,77c04497d8b124e5c94c1806e2f6fcdd8b7d6e11,2025-09-30T01:09:08+00:00,0,1,1.0,1.0,2.0,1.3862943611198906,0.0,0.0,0.0,0.0,1.0,0.0,0.0,0.0,0.0,0.0,0.0,1.0,1.0,0.0,0.0,0.0,0.0,2.0,20.0,0.0,1.0,0.0,0.0
jazzband/pip-tools,6a863fdebc8481adcda6fd0d019e0e1cc052b6ae,2025-09-30T18:03:13+00:00,0,1,1.0,11.0,9.0,3.044522437723423,0.0,0.0,0.0,0.0,1.0,0.0,0.0,0.0,0.0,0.0,0.0,1.0,1.0,0.0,1.0,0.0,0.0,3.0,21.0,0.0,1.0,0.0,0.0
jazzband/pip-tools,1c2692b7f45a94d93e3f4bb252da3fd711ad08a9,2025-10-02T03:35:42+00:00,0,1,11.0,54.0,15.0,4.248495242049359,0.0,0.0,0.0,0.0,11.0,0.0,0.0,0.0,0.0,0.0,0.0,1.0,0.0,1.0,0.0,0.0,0.0,3.5454545454545454,22.0,0.0,1.0,0.0,0.0
jazzband/pip-tools,f59b398d85af41af9dcc974fa6960840fc9f7dc7,2025-10-06T17:44:43+00:00,0,1,1.0,2.0,2.0,1.6094379124341005,0.0,0.0,0.0,0.0,0.0,0.0,1.0,0.0,0.0,0.0,0.0,0.0,1.0,0.0,0.0,0.0,0.0,3.0,1.0,0.0,1.0,0.0,0.0
jazzband/pip-tools,4e081802c20039967f230ac2647bb6a945788691,2025-10-06T20:20:35+00:00,0,1,1.0,2.0,2.0,1.6094379124341005,0.0,0.0,0.0,0.0,0.0,0.0,1.0,0.0,0.0,0.0,0.0,0.0,0.0,1.0,0.0,0.0,0.0,4.0,23.0,0.0,1.0,0.0,0.0
jazzband/pip-tools,c742e381cbe5a6953c2bd89d6fbc147c5003d921,2025-10-09T19:02:01+00:00,0,1,1.0,5.0,6.0,2.4849066497880004,1.0,1.0,1.0,0.0,0.0,0.0,0.0,0.0,0.0,0.0,1.0,0.0,1.0,0.0,1.0,0.0,0.0,4.0,0.0,0.0,1.0,0.0,0.0
jazzband/pip-tools,73cb9fd72b1d484d3e779774b85e1caea2da78a7,2025-10-13T17:32:11+00:00,0,1,1.0,2.0,2.0,1.6094379124341005,0.0,0.0,0.0,0.0,0.0,0.0,1.0,0.0,0.0,0.0,0.0,0.0,1.0,0.0,0.0,0.0,0.0,5.0,2.0,0.0,1.0,0.0,0.0
jazzband/pip-tools,75e4ef60579996b08fcc344c587f466018790fd5,2025-10-14T14:17:38+00:00,0,1,1.0,1.0,1.0,1.0986122886681098,0.0,0.0,0.0,0.0,0.0,0.0,1.0,0.0,0.0,0.0,0.0,0.0,1.0,0.0,0.0,0.0,0.0,3.0,4.0,0.0,0.0,0.0,0.0
jazzband/pip-tools,80db28980e6ffd1cf0848a9c9a8ba281e0b1b0cd,2025-10-14T14:26:49+00:00,0,1,1.0,1.0,1.0,1.0986122886681098,0.0,0.0,0.0,0.0,0.0,0.0,1.0,1.0,0.0,0.0,0.0,0.0,1.0,0.0,0.0,0.0,0.0,3.0,5.0,0.0,1.0,0.0,0.0
jazzband/pip-tools,d730bd44816b937fcf7e108abed35177526f5aea,2025-10-14T14:37:20+00:00,0,1,1.0,1.0,0.0,0.6931471805599453,0.0,0.0,0.0,0.0,1.0,0.0,0.0,0.0,0.0,0.0,0.0,1.0,1.0,0.0,0.0,0.0,0.0,0.0,6.0,0.0,0.0,0.0,0.0
jazzband/pip-tools,9a29a09d742f39d00ecac94ad324271d39eafc2f,2025-10-21T00:05:07+00:00,0,1,1.0,0.0,1.0,0.6931471805599453,0.0,0.0,0.0,0.0,0.0,0.0,1.0,0.0,0.0,0.0,0.0,0.0,1.0,0.0,0.0,0.0,0.0,6.0,0.0,0.0,1.0,0.0,0.0
jazzband/pip-tools,4ba8320a0bc55eaa386c8110b98547de892579af,2025-10-21T00:21:11+00:00,0,1,1.0,2.0,3.0,1.791759469228055,0.0,0.0,0.0,0.0,0.0,0.0,1.0,0.0,0.0,0.0,0.0,0.0,0.0,1.0,0.0,0.0,0.0,7.0,2.0,0.0,1.0,0.0,0.0
jazzband/pip-tools,aa1be05e444539e5428c603d160bd048175d3b08,2025-10-21T00:45:20+00:00,0,1,5.0,5.0,3.0,2.1972245773362196,0.0,0.0,0.0,0.0,1.0,1.0,3.0,1.0,0.0,0.0,0.0,0.0,0.0,1.0,0.0,0.0,0.0,2.6,3.0,0.0,1.0,0.0,0.0
jazzband/pip-tools,bb29e96ce0b8b29f842e2de2724d01113fa36d03,2025-10-27T11:29:21+00:00,0,1,1.0,2.0,0.0,1.0986122886681098,1.0,1.0,1.0,0.0,0.0,0.0,0.0,0.0,0.0,0.0,1.0,0.0,1.0,0.0,1.0,0.0,0.0,3.0,0.0,0.0,0.0,0.0,0.0
jazzband/pip-tools,481386659d200248ef35623b89716db5d685a52c,2025-10-28T14:40:37+00:00,0,1,1.0,5.0,0.0,1.791759469228055,0.0,0.0,0.0,0.0,1.0,0.0,0.0,0.0,0.0,0.0,0.0,1.0,1.0,0.0,0.0,0.0,0.0,0.0,0.0,0.0,0.0,0.0,0.0
jazzband/pip-tools,934b46a8795554f994b984ac743957f8458a29d6,2025-10-29T13:31:22+00:00,0,1,2.0,52.0,0.0,3.970291913552122,0.0,0.0,0.0,0.0,1.0,0.0,1.0,1.0,0.0,0.0,0.0,0.0,0.0,1.0,0.0,0.0,0.0,3.0,4.0,0.0,1.0,0.0,0.0
jazzband/pip-tools,e22c9dc4c793b5111a0ba6c90e2093a1279109f9,2025-10-30T10:20:39+00:00,0,1,1.0,1.0,0.0,0.6931471805599453,0.0,0.0,0.0,0.0,0.0,0.0,1.0,0.0,0.0,0.0,0.0,0.0,1.0,0.0,0.0,0.0,0.0,5.0,0.0,0.0,0.0,0.0,0.0
jazzband/pip-tools,2aeabe0eb3291d1ee43a0795ac644ff96c35815f,2025-10-30T14:40:06+00:00,0,1,1.0,5.0,0.0,1.791759469228055,0.0,0.0,0.0,0.0,0.0,0.0,1.0,0.0,0.0,0.0,0.0,0.0,1.0,0.0,0.0,0.0,0.0,8.0,1.0,0.0,1.0,0.0,0.0
jazzband/pip-tools,94afac5e4c85a2e63a878b905e39c9de118217d6,2025-10-30T16:13:28+00:00,0,1,2.0,5.0,0.0,1.791759469228055,0.0,0.0,0.0,0.0,0.0,1.0,1.0,0.0,0.0,0.0,0.0,0.0,1.0,0.0,0.0,0.0,0.0,3.5,2.0,0.0,1.0,0.0,0.0
jazzband/pip-tools,550ebf4aae131868404b52645b4684bd92b5f087,2025-11-04T17:41:22+00:00,0,1,1.0,1.0,1.0,1.0986122886681098,0.0,0.0,0.0,0.0,0.0,0.0,1.0,1.0,0.0,0.0,0.0,0.0,1.0,0.0,0.0,0.0,0.0,0.0,24.0,0.0,1.0,0.0,0.0
jazzband/pip-tools,d854ba7663cc261523cf04fdee8f9bfd79f73835,2025-11-05T01:18:33+00:00,0,1,1.0,1.0,1.0,1.0986122886681098,0.0,0.0,0.0,0.0,0.0,0.0,1.0,1.0,0.0,0.0,0.0,0.0,0.0,1.0,1.0,0.0,0.0,1.0,5.0,0.0,1.0,0.0,0.0
jazzband/pip-tools,380b4f2ff2ee6efb1921774f7e518d5a2f89196d,2025-11-05T03:23:58+00:00,0,1,1.0,1.0,0.0,0.6931471805599453,0.0,0.0,0.0,0.0,1.0,0.0,0.0,0.0,0.0,0.0,0.0,1.0,1.0,0.0,0.0,0.0,0.0,0.0,0.0,0.0,0.0,0.0,0.0
jazzband/pip-tools,6d388265bdaac17869e698b2a7d5f548f9cb4640,2025-11-05T05:04:17+00:00,0,1,3.0,37.0,6.0,3.784189633918261,2.0,1.0,1.0,1.0,1.0,0.0,0.0,0.0,0.0,0.0,0.0,0.0,0.0,1.0,0.0,0.0,0.0,3.3333333333333335,25.0,0.0,1.0,0.0,0.0
jazzband/pip-tools,3df3efa92a4316d2066d639110fba943cc56f9aa,2025-11-05T05:04:40+00:00,0,1,7.0,6.0,21.0,3.332204510175204,0.0,4.0,6.0,1.0,0.0,0.0,0.0,0.0,0.0,0.0,0.0,0.0,1.0,0.0,1.0,0.0,0.0,0.0,25.0,0.0,0.0,0.0,0.0
jazzband/pip-tools,b3e07656c4f52c7548efe265cb934b6c0fb2804a,2025-11-05T05:17:45+00:00,0,1,4.0,10.0,0.0,2.3978952727983707,0.0,1.0,2.0,0.0,2.0,0.0,0.0,0.0,0.0,0.0,1.0,0.0,1.0,0.0,0.0,0.0,0.0,0.0,26.0,0.0,1.0,0.0,0.0
jazzband/pip-tools,713c3e4be32c2ebec8d3c44de3167287fa32c24d,2025-11-05T05:37:19+00:00,0,1,4.0,10.0,0.0,2.3978952727983707,0.0,1.0,2.0,0.0,2.0,0.0,0.0,0.0,0.0,0.0,1.0,0.0,0.0,1.0,0.0,0.0,0.0,1.0,6.0,0.0,1.0,0.0,0.0
jazzband/pip-tools,d8775558d11131a96db4e062bf9157af4cb294bb,2025-11-05T05:55:51+00:00,0,1,2.0,11.0,0.0,2.4849066497880004,0.0,0.0,0.0,0.0,1.0,0.0,1.0,1.0,0.0,0.0,0.0,0.0,1.0,0.0,0.0,0.0,0.0,0.0,28.0,0.0,1.0,0.0,0.0
jazzband/pip-tools,890e8bf283e8a098f0f88d7acefc696235140bf3,2025-11-05T14:02:51+00:00,0,1,1.0,6.0,4.0,2.3978952727983707,0.0,0.0,0.0,0.0,0.0,0.0,1.0,1.0,0.0,0.0,0.0,0.0,1.0,0.0,0.0,0.0,0.0,1.0,29.0,0.0,1.0,0.0,0.0
jazzband/pip-tools,6f1a4e02278512b5ff0d665e507921d9eeb92364,2025-11-05T14:49:08+00:00,0,1,1.0,9.0,1.0,2.3978952727983707,0.0,0.0,0.0,0.0,1.0,0.0,0.0,0.0,0.0,0.0,0.0,1.0,1.0,0.0,0.0,0.0,0.0,1.0,30.0,0.0,1.0,0.0,0.0
jazzband/pip-tools,bc8d8c8fd74b5aa343e02316766bd9748d7879a7,2025-11-05T14:50:23+00:00,0,1,7.0,6.0,21.0,3.332204510175204,0.0,4.0,6.0,1.0,0.0,0.0,0.0,0.0,0.0,0.0,0.0,0.0,1.0,0.0,1.0,0.0,0.0,1.0,30.0,0.0,0.0,0.0,0.0
jazzband/pip-tools,747fb996cb9adad4ac2165dec9ed22ff9a7db51c,2025-11-05T15:02:19+00:00,0,1,2.0,3.0,3.0,1.9459101490553132,0.0,0.0,0.0,0.0,2.0,0.0,0.0,0.0,0.0,0.0,0.0,1.0,1.0,0.0,1.0,0.0,0.0,2.0,31.0,0.0,1.0,0.0,0.0
jazzband/pip-tools,c4aea1fbf60383c462cbaf350efcfd3ab9ccbcb6,2025-11-05T16:16:14+00:00,0,1,1.0,2.0,4.0,1.9459101490553132,1.0,0.0,0.0,1.0,0.0,0.0,0.0,0.0,0.0,0.0,0.0,0.0,1.0,0.0,0.0,0.0,0.0,2.0,1.0,0.0,0.0,0.0,0.0
jazzband/pip-tools,ce8dde4135d054d2b29f0dd3d981bec10b27d377,2025-11-05T17:23:37+00:00,0,1,2.0,7.0,2.0,2.302585092994046,2.0,0.0,0.0,2.0,0.0,0.0,0.0,0.0,0.0,0.0,0.0,0.0,1.0,0.0,1.0,0.0,0.0,2.0,3.0,0.0,0.0,0.0,0.0
jazzband/pip-tools,bc28c7e172989f0c881c0ecdd421e3b2cf3c61bc,2025-11-06T02:38:23+00:00,0,1,2.0,3.0,3.0,1.9459101490553132,0.0,0.0,0.0,0.0,2.0,0.0,0.0,0.0,0.0,0.0,0.0,1.0,0.0,1.0,0.0,0.0,0.0,3.0,7.0,0.0,1.0,0.0,0.0
jazzband/pip-tools,bd2ecb71adcde3089f59d8e79ec0e6789403a95a,2025-11-06T17:21:03+00:00,0,1,3.0,3.0,5.0,2.1972245773362196,0.0,0.0,0.0,0.0,2.0,0.0,2.0,1.0,0.0,0.0,0.0,0.0,1.0,0.0,0.0,0.0,0.0,1.3333333333333333,33.0,0.0,0.0,0.0,0.0
jazzband/pip-tools,0aae4aefc30c4e7e418db48110b7a8765826ce8e,2025-11-06T17:40:16+00:00,0,1,3.0,20.0,1.0,3.091042453358316,0.0,0.0,0.0,0.0,2.0,0.0,2.0,1.0,0.0,0.0,0.0,0.0,0.0,1.0,0.0,0.0,0.0,2.3333333333333335,34.0,0.0,1.0,0.0,0.0
jazzband/pip-tools,d7da20b0270eb7d26d541ba5746f777fa042b429,2025-11-06T20:05:12+00:00,0,1,1.0,3.0,1.0,1.6094379124341005,0.0,1.0,1.0,0.0,0.0,0.0,0.0,0.0,0.0,0.0,1.0,0.0,1.0,0.0,0.0,0.0,0.0,0.0,35.0,0.0,0.0,0.0,0.0
jazzband/pip-tools,30ed5888bba3f68026592b89a257281fec5b940f,2025-11-07T00:51:39+00:00,0,1,5.0,81.0,3.0,4.442651256490317,4.0,1.0,2.0,1.0,2.0,0.0,0.0,0.0,0.0,0.0,0.0,0.0,0.0,1.0,0.0,0.0,0.0,0.6,8.0,0.0,1.0,0.0,0.0
jazzband/pip-tools,e46a1c142f3acad99d440128351509ea95e436b4,2025-11-07T03:18:35+00:00,0,1,1.0,7.0,0.0,2.0794415416798357,0.0,0.0,0.0,0.0,0.0,0.0,1.0,0.0,0.0,0.0,0.0,0.0,1.0,0.0,0.0,0.0,0.0,9.0,3.0,0.0,0.0,0.0,0.0
jazzband/pip-tools,2a18950e23b7d6c55aa543961895cccd3adb7617,2025-11-07T12:11:00+00:00,0,1,1.0,7.0,0.0,2.0794415416798357,0.0,0.0,0.0,0.0,1.0,0.0,0.0,0.0,0.0,0.0,0.0,1.0,1.0,0.0,0.0,0.0,0.0,0.0,4.0,0.0,1.0,0.0,0.0
jazzband/pip-tools,c688121772df912c4dc0db5ad88cc89bb96f6f11,2025-11-07T14:29:21+00:00,0,1,1.0,1.0,1.0,1.0986122886681098,0.0,0.0,0.0,0.0,0.0,1.0,0.0,0.0,0.0,0.0,0.0,0.0,1.0,0.0,0.0,0.0,0.0,1.0,5.0,0.0,1.0,0.0,0.0
jazzband/pip-tools,26b53bcc674e3d8e0d3ae611ce9ba422d5a26d3e,2025-11-07T14:54:05+00:00,0,1,4.0,26.0,11.0,3.6375861597263857,0.0,0.0,0.0,0.0,1.0,0.0,3.0,1.0,0.0,0.0,0.0,0.0,0.0,1.0,0.0,0.0,0.0,4.75,9.0,0.0,1.0,0.0,0.0
jazzband/pip-tools,b0730a61de6cb09d78073bb5be4cfdffa55f971e,2025-11-07T18:11:37+00:00,0,1,1.0,7.0,0.0,2.0794415416798357,0.0,0.0,0.0,0.0,1.0,0.0,0.0,0.0,0.0,0.0,0.0,1.0,1.0,0.0,0.0,0.0,0.0,0.0,6.0,0.0,0.0,0.0,0.0
jazzband/pip-tools,785ed5e30f4c86c24141898553a356402b142adf,2025-11-08T20:13:33+00:00,0,1,4.0,37.0,2.0,3.688879454113936,0.0,0.0,0.0,0.0,1.0,0.0,3.0,1.0,0.0,0.0,0.0,0.0,0.0,1.0,0.0,0.0,0.0,2.0,10.0,0.0,1.0,0.0,0.0
jazzband/pip-tools,e1bab6776f9a0d82ba3a9c301e7f8aeb5ac6fd1b,2025-11-09T01:05:20+00:00,0,1,5.0,16.0,15.0,3.4657359027997265,7.0,1.0,2.0,3.0,0.0,0.0,0.0,0.0,0.0,0.0,0.0,0.0,1.0,0.0,0.0,0.0,0.0,3.4,7.0,0.0,0.0,0.0,0.0
jazzband/pip-tools,0a938508940341fb3bff8670502d08ad3d3f5a7b,2025-11-10T17:39:28+00:00,0,1,1.0,2.0,2.0,1.6094379124341005,0.0,0.0,0.0,0.0,0.0,0.0,1.0,0.0,0.0,0.0,0.0,0.0,1.0,0.0,0.0,0.0,0.0,11.0,4.0,0.0,0.0,0.0,0.0
jazzband/pip-tools,e94b3f5aa1927722d2b890c4d074c513f705b42d,2025-11-10T18:55:24+00:00,0,1,1.0,2.0,2.0,1.6094379124341005,0.0,0.0,0.0,0.0,0.0,0.0,1.0,0.0,0.0,0.0,0.0,0.0,0.0,1.0,0.0,0.0,0.0,12.0,11.0,0.0,0.0,0.0,0.0
jazzband/pip-tools,a1918ebd4a24d97d3b3e2a9de4662fbff22cc836,2025-11-11T12:12:21+00:00,0,1,1.0,5.0,0.0,1.791759469228055,0.0,0.0,0.0,0.0,0.0,0.0,1.0,1.0,0.0,0.0,0.0,0.0,1.0,0.0,0.0,0.0,0.0,8.0,2.0,0.0,0.0,0.0,0.0
jazzband/pip-tools,b7e8f9b072c9e1673ac7595c2e3f08c8ea555059,2025-11-11T16:34:31+00:00,0,1,2.0,2.0,0.0,1.0986122886681098,0.0,0.0,0.0,0.0,2.0,0.0,0.0,0.0,0.0,0.0,0.0,1.0,1.0,0.0,0.0,0.0,0.0,0.0,3.0,0.0,0.0,0.0,0.0
jazzband/pip-tools,43e115907480b10fdcd2096758d86507a231c9ba,2025-11-11T17:45:37+00:00,0,1,1.0,5.0,3.0,2.1972245773362196,2.0,0.0,0.0,1.0,0.0,0.0,0.0,0.0,0.0,0.0,0.0,0.0,1.0,0.0,0.0,0.0,0.0,4.0,4.0,0.0,1.0,0.0,0.0
jazzband/pip-tools,d33539cbf81cb0c754360674191dd4e20a8e0812,2025-11-11T21:38:27+00:00,0,1,11.0,162.0,15.0,5.181783550292085,14.0,2.0,5.0,2.0,2.0,0.0,2.0,1.0,0.0,0.0,0.0,0.0,0.0,1.0,1.0,0.0,0.0,3.5454545454545454,12.0,0.0,1.0,0.0,0.0
jazzband/pip-tools,2cbb9333ef7d0dd0d1ee00ff72cc355073587590,2025-11-12T03:41:16+00:00,0,1,12.0,77.0,37.0,4.74493212836325,0.0,0.0,0.0,0.0,12.0,0.0,0.0,0.0,0.0,0.0,0.0,1.0,1.0,0.0,0.0,0.0,0.0,2.4166666666666665,36.0,0.0,1.0,0.0,0.0
jazzband/pip-tools,eb9606f414a3d5feac521face32822ab69775d44,2025-11-12T04:18:25+00:00,0,2,12.0,77.0,37.0,4.74493212836325,0.0,0.0,0.0,0.0,12.0,0.0,0.0,0.0,0.0,0.0,0.0,1.0,0.0,1.0,0.0,0.0,0.0,3.4166666666666665,37.0,0.0,1.0,0.0,0.0
jazzband/pip-tools,7e309583a0b1d2e00efa2b2bd9c09d7668921684,2025-11-12T10:11:48+00:00,0,1,1.0,4.0,4.0,2.1972245773362196,0.0,0.0,0.0,0.0,0.0,0.0,1.0,1.0,0.0,0.0,0.0,0.0,1.0,0.0,0.0,0.0,0.0,0.0,0.0,0.0,1.0,0.0,0.0
jazzband/pip-tools,aaf24ee8976a00ecc28b7ecb6ad5316e13d2751a,2025-11-14T23:04:34+00:00,0,1,1.0,3.0,0.0,1.3862943611198906,0.0,0.0,0.0,0.0,1.0,0.0,0.0,0.0,0.0,0.0,0.0,1.0,1.0,0.0,0.0,0.0,0.0,0.0,8.0,0.0,0.0,0.0,0.0
jazzband/pip-tools,7f4ac7458432e0a86942133336a4f6540537e0d2,2025-11-15T17:02:18+00:00,0,1,1.0,3.0,0.0,1.3862943611198906,0.0,0.0,0.0,0.0,1.0,0.0,0.0,0.0,0.0,0.0,0.0,1.0,1.0,0.0,0.0,0.0,0.0,1.0,9.0,0.0,0.0,0.0,0.0
jazzband/pip-tools,d367d9fba66d3a84772ef888426aa16344fe4731,2025-11-15T17:22:28+00:00,0,1,4.0,25.0,0.0,3.258096538021482,0.0,0.0,0.0,0.0,1.0,0.0,3.0,1.0,0.0,0.0,0.0,0.0,0.0,1.0,0.0,0.0,0.0,7.0,13.0,0.0,1.0,0.0,0.0
jazzband/pip-tools,2617afa74ee557db8a1f75ef6df80e92cd3f22df,2025-11-15T23:29:57+00:00,0,1,10.0,292.0,196.0,6.192362489474872,0.0,0.0,0.0,0.0,9.0,0.0,4.0,1.0,0.0,0.0,0.0,0.0,1.0,0.0,0.0,0.0,0.0,2.7,10.0,0.0,1.0,0.0,0.0
jazzband/pip-tools,8a84567323248d473f04ad054259865974d58fa3,2025-11-17T17:30:54+00:00,0,1,1.0,2.0,2.0,1.6094379124341005,0.0,0.0,0.0,0.0,0.0,0.0,1.0,0.0,0.0,0.0,0.0,0.0,1.0,0.0,0.0,0.0,0.0,15.0,5.0,0.0,1.0,0.0,0.0
jazzband/pip-tools,cf9f191844c34113fb7e3c09a544aae0a59f81ef,2025-11-17T19:05:02+00:00,0,1,1.0,2.0,0.0,1.0986122886681098,0.0,0.0,0.0,0.0,1.0,0.0,0.0,0.0,0.0,0.0,0.0,1.0,1.0,0.0,0.0,0.0,0.0,0.0,5.0,0.0,0.0,0.0,0.0
jazzband/pip-tools,418321b1e447f8f4a19a32243eb83b399f533b96,2025-11-18T07:08:27+00:00,0,1,1.0,1.0,1.0,1.0986122886681098,0.0,0.0,0.0,0.0,1.0,0.0,0.0,0.0,0.0,0.0,0.0,1.0,1.0,0.0,0.0,0.0,0.0,1.0,6.0,0.0,1.0,0.0,0.0
jazzband/pip-tools,ed995a68b39820282da09897fa5121b04ae727a6,2025-11-18T19:49:08+00:00,0,1,1.0,12.0,16.0,3.367295829986474,0.0,0.0,0.0,0.0,1.0,0.0,0.0,0.0,0.0,0.0,0.0,1.0,1.0,0.0,0.0,0.0,0.0,1.0,38.0,0.0,1.0,0.0,0.0
jazzband/pip-tools,524edd3db4cb5fdb5c8cf66901140285f403f9ca,2025-11-18T22:17:24+00:00,0,1,1.0,16.0,8.0,3.218875824868201,0.0,0.0,0.0,0.0,1.0,0.0,0.0,0.0,0.0,0.0,0.0,1.0,1.0,0.0,0.0,0.0,0.0,2.0,39.0,0.0,1.0,0.0,0.0
jazzband/pip-tools,a2d936373f67eed3d39f69441f3ebb12c33f4803,2025-11-18T22:28:23+00:00,0,1,1.0,2.0,2.0,1.6094379124341005,0.0,0.0,0.0,0.0,0.0,0.0,1.0,0.0,0.0,0.0,0.0,0.0,0.0,1.0,0.0,0.0,0.0,16.0,14.0,0.0,1.0,0.0,0.0
jazzband/pip-tools,9b93058957c81ebdce06032539bc37d5e6a614b1,2025-11-18T23:01:39+00:00,0,1,1.0,5.0,4.0,2.302585092994046,0.0,0.0,0.0,0.0,1.0,0.0,0.0,0.0,0.0,0.0,0.0,1.0,1.0,0.0,0.0,0.0,0.0,3.0,40.0,0.0,1.0,0.0,0.0
jazzband/pip-tools,20710defd08b9637417ba9c29fb571f13b331d8f,2025-11-20T10:28:52+00:00,0,1,1.0,1.0,3.0,1.6094379124341005,1.0,1.0,1.0,0.0,0.0,0.0,0.0,0.0,0.0,0.0,1.0,0.0,1.0,0.0,1.0,0.0,0.0,3.0,6.0,0.0,0.0,0.0,0.0
jazzband/pip-tools,36d95ff9a426bb493c23f1e41bd68325fa4d6912,2025-11-20T11:07:03+00:00,0,1,1.0,1.0,3.0,1.6094379124341005,1.0,1.0,1.0,0.0,0.0,0.0,0.0,0.0,0.0,0.0,1.0,0.0,1.0,0.0,1.0,0.0,0.0,4.0,7.0,0.0,0.0,0.0,0.0
jazzband/pip-tools,62ab395b0f2e9dbd30fc7be4c21ea08e1b8b3a62,2025-11-20T17:00:46+00:00,0,1,1.0,19.0,9.0,3.367295829986474,0.0,0.0,0.0,0.0,1.0,0.0,0.0,0.0,0.0,0.0,0.0,1.0,1.0,0.0,0.0,0.0,0.0,4.0,41.0,0.0,1.0,0.0,0.0
jazzband/pip-tools,8eec2a1adc457e64e0f9d8db614347d678351f35,2025-11-24T14:22:35+00:00,0,1,2.0,6.0,0.0,1.9459101490553132,0.0,0.0,0.0,0.0,1.0,0.0,1.0,0.0,0.0,0.0,0.0,0.0,1.0,0.0,0.0,0.0,0.0,8.5,42.0,0.0,0.0,0.0,0.0
jazzband/pip-tools,c2581142a365f6f4c0893727e3054df8603d20d9,2025-11-24T17:14:46+00:00,0,1,2.0,6.0,0.0,1.9459101490553132,0.0,0.0,0.0,0.0,1.0,0.0,1.0,0.0,0.0,0.0,0.0,0.0,1.0,0.0,0.0,0.0,0.0,9.5,43.0,0.0,0.0,0.0,0.0
jazzband/pip-tools,f5b8848df938eb37b1bb1d689a9a2a4f0e828ed8,2025-11-24T17:29:28+00:00,0,1,3.0,2.0,2.0,1.6094379124341005,0.0,0.0,0.0,0.0,1.0,0.0,2.0,0.0,0.0,0.0,0.0,0.0,1.0,0.0,0.0,0.0,0.0,7.0,44.0,0.0,0.0,0.0,0.0
jazzband/pip-tools,0a01be6de32f7e8864b36079cb2292ebe6ec6a31,2025-11-24T17:36:11+00:00,0,1,1.0,3.0,3.0,1.9459101490553132,0.0,0.0,0.0,0.0,0.0,0.0,1.0,0.0,0.0,0.0,0.0,0.0,1.0,0.0,0.0,0.0,0.0,19.0,7.0,0.0,0.0,0.0,0.0
jazzband/pip-tools,130ba96f438d132cac167170b6b653ede072d9e1,2025-11-24T23:42:47+00:00,0,1,1.0,1.0,1.0,1.0986122886681098,0.0,0.0,0.0,0.0,0.0,0.0,1.0,1.0,0.0,0.0,0.0,0.0,1.0,0.0,0.0,0.0,0.0,1.0,1.0,0.0,1.0,0.0,0.0
jazzband/pip-tools,8c7702ed85ad554153fb3a683cd37645eaed5281,2025-11-24T23:48:13+00:00,0,1,3.0,2.0,2.0,1.6094379124341005,0.0,0.0,0.0,0.0,1.0,0.0,2.0,0.0,0.0,0.0,0.0,0.0,0.0,1.0,0.0,0.0,0.0,8.333333333333334,15.0,0.0,0.0,0.0,0.0
jazzband/pip-tools,2a021414da466c0865098afbe30db8c078fd544e,2025-11-25T00:19:04+00:00,0,1,4.0,11.0,5.0,2.833213344056216,0.0,0.0,0.0,0.0,1.0,0.0,3.0,1.0,0.0,0.0,0.0,0.0,0.0,1.0,1.0,0.0,0.0,9.75,16.0,0.0,1.0,0.0,0.0
jazzband/pip-tools,33778871bc04c81b4b53544608c6565ed61c9637,2025-11-25T01:05:14+00:00,0,1,17.0,34.0,43.0,4.356708826689592,4.0,3.0,12.0,0.0,1.0,1.0,3.0,1.0,0.0,0.0,1.0,0.0,1.0,0.0,0.0,0.0,0.0,3.8823529411764706,45.0,0.0,1.0,0.0,0.0
jazzband/pip-tools,72858e8055822e0e1a9b072cdbc3699f2069aed0,2025-11-25T01:10:06+00:00,0,1,2.0,4.0,4.0,2.1972245773362196,0.0,0.0,0.0,0.0,0.0,0.0,2.0,1.0,0.0,0.0,0.0,0.0,0.0,1.0,0.0,0.0,0.0,12.5,45.0,0.0,1.0,0.0,0.0
jazzband/pip-tools,b971038e32699253b267e5df1e1908a669fbd223,2025-11-25T01:32:59+00:00,0,1,17.0,34.0,43.0,4.356708826689592,4.0,3.0,12.0,0.0,1.0,1.0,3.0,1.0,0.0,0.0,1.0,0.0,1.0,0.0,0.0,0.0,0.0,4.9411764705882355,47.0,0.0,1.0,0.0,0.0
jazzband/pip-tools,aed0e18b9c558d91b14f9f7c6b99d5f5b8514010,2025-11-25T16:11:33+00:00,0,1,4.0,16.0,10.0,3.295836866004329,3.0,2.0,2.0,1.0,0.0,0.0,1.0,0.0,0.0,0.0,0.0,0.0,1.0,0.0,0.0,0.0,0.0,8.75,48.0,0.0,1.0,0.0,0.0
jazzband/pip-tools,195a39783442a9aac6de6928e7904ed8bd8f0a29,2025-11-25T16:30:41+00:00,0,1,18.0,50.0,53.0,4.6443908991413725,7.0,3.0,12.0,1.0,1.0,1.0,3.0,1.0,0.0,0.0,0.0,0.0,0.0,1.0,0.0,0.0,0.0,5.833333333333333,49.0,0.0,1.0,0.0,0.0
jazzband/pip-tools,cfd90f3fab6c9e8621303efb9a391f9329587b72,2025-11-25T22:35:10+00:00,0,1,11.0,149.0,102.0,5.529429087511423,14.0,5.0,9.0,2.0,0.0,0.0,0.0,0.0,0.0,0.0,0.0,0.0,1.0,0.0,0.0,0.0,0.0,4.0,49.0,0.0,0.0,0.0,0.0
jazzband/pip-tools,ad5f0b358da8828864671caed75967683e595015,2025-11-26T16:55:43+00:00,0,1,11.0,300.0,199.0,6.214608098422191,0.0,0.0,0.0,0.0,9.0,0.0,5.0,1.0,0.0,0.0,0.0,0.0,1.0,0.0,0.0,0.0,0.0,4.909090909090909,11.0,0.0,1.0,0.0,0.0
jazzband/pip-tools,23a17690636cdcbbc229c4b96c0e818e30410459,2025-11-28T18:38:13+00:00,0,1,1.0,2.0,2.0,1.6094379124341005,0.0,0.0,0.0,0.0,0.0,0.0,1.0,0.0,0.0,0.0,0.0,0.0,1.0,0.0,0.0,0.0,0.0,29.0,51.0,0.0,0.0,0.0,0.0
jazzband/pip-tools,63b0422bea4f78e3251e868520d6f252dbeddff1,2025-11-28T18:38:28+00:00,0,1,1.0,1.0,1.0,1.0986122886681098,0.0,0.0,0.0,0.0,1.0,0.0,0.0,0.0,0.0,0.0,0.0,1.0,1.0,0.0,1.0,0.0,0.0,3.0,12.0,0.0,1.0,0.0,0.0
jazzband/pip-tools,c5b5426efe8970130954e54e12fe9d3f87a457cd,2025-11-28T19:04:47+00:00,0,1,18.0,78.0,68.0,4.990432586778736,32.0,5.0,13.0,3.0,1.0,0.0,1.0,0.0,0.0,0.0,0.0,0.0,0.0,1.0,0.0,0.0,0.0,5.888888888888889,17.0,0.0,1.0,0.0,0.0
jazzband/pip-tools,2317649dd5555221d5c92021412f4ddc856879a1,2025-11-28T21:52:01+00:00,0,1,2.0,4.0,0.0,1.6094379124341005,0.0,0.0,0.0,0.0,1.0,0.0,1.0,1.0,0.0,0.0,0.0,0.0,0.0,1.0,0.0,0.0,0.0,0.0,18.0,0.0,1.0,0.0,0.0
jazzband/pip-tools,b5d03c9e20f85d67b1feaeffcc38f46d8cf5d0c6,2025-11-28T21:57:43+00:00,0,1,1.0,1.0,1.0,1.0986122886681098,0.0,0.0,0.0,0.0,1.0,0.0,0.0,0.0,0.0,0.0,0.0,1.0,0.0,1.0,1.0,0.0,0.0,4.0,18.0,0.0,0.0,0.0,0.0
jazzband/pip-tools,0d7c0845e5e135f06ac896e45e98a4a6d8105726,2025-11-28T22:06:41+00:00,0,1,1.0,6.0,0.0,1.9459101490553132,0.0,0.0,0.0,0.0,1.0,0.0,0.0,0.0,0.0,0.0,0.0,1.0,1.0,0.0,0.0,0.0,0.0,0.0,13.0,0.0,0.0,0.0,0.0
jazzband/pip-tools,449123a7ede5a20499fea91f91caacd4e43778c4,2025-11-29T06:54:15+00:00,0,1,1.0,110.0,0.0,4.709530201312334,4.0,0.0,0.0,1.0,0.0,0.0,0.0,0.0,0.0,0.0,0.0,0.0,1.0,0.0,0.0,0.0,0.0,0.0,52.0,0.0,1.0,0.0,0.0
jazzband/pip-tools,ef21a602c81731022b25aa5036ce421eee98b089,2025-11-29T16:26:01+00:00,0,1,1.0,1.0,1.0,1.0986122886681098,1.0,0.0,0.0,1.0,0.0,0.0,0.0,0.0,0.0,0.0,0.0,0.0,1.0,0.0,0.0,0.0,0.0,1.0,53.0,0.0,1.0,0.0,0.0
jazzband/pip-tools,21c9b84199f777f589d9c5b190a1ee1a3d2d565f,2025-11-29T19:03:34+00:00,0,1,1.0,110.0,0.0,4.709530201312334,4.0,0.0,0.0,1.0,0.0,0.0,0.0,0.0,0.0,0.0,0.0,0.0,0.0,1.0,0.0,0.0,0.0,2.0,20.0,0.0,1.0,0.0,0.0
jazzband/pip-tools,c0a3aa97d90acc1b8e9cdc0bc87e23748645b78e,2025-12-01T04:10:09+00:00,0,1,1.0,2.0,0.0,1.0986122886681098,0.0,0.0,0.0,0.0,1.0,0.0,0.0,0.0,0.0,0.0,0.0,1.0,1.0,0.0,0.0,0.0,0.0,0.0,14.0,0.0,0.0,0.0,0.0
jazzband/pip-tools,a9d5e561d86aecf21200304a5b3fa2df6652653e,2025-12-01T04:30:44+00:00,0,1,1.0,10.0,0.0,2.3978952727983707,0.0,0.0,0.0,0.0,1.0,0.0,0.0,0.0,0.0,0.0,0.0,1.0,1.0,0.0,0.0,0.0,0.0,0.0,15.0,0.0,0.0,0.0,0.0
jazzband/pip-tools,ac79f52dad0aef7e55a90b321348615bda46e7bd,2025-12-01T17:41:03+00:00,0,1,1.0,1.0,1.0,1.0986122886681098,0.0,0.0,0.0,0.0,0.0,0.0,1.0,0.0,0.0,0.0,0.0,0.0,1.0,0.0,0.0,0.0,0.0,31.0,8.0,0.0,1.0,0.0,0.0
jazzband/pip-tools,87255f5c8a310b3c88a5ea5bf55f81afdc83652f,2025-12-02T01:41:10+00:00,0,1,1.0,1.0,1.0,1.0986122886681098,0.0,0.0,0.0,0.0,0.0,0.0,1.0,0.0,0.0,0.0,0.0,0.0,0.0,1.0,0.0,0.0,0.0,32.0,21.0,0.0,1.0,0.0,0.0
jazzband/pip-tools,5fe77b4781416ff6ba08f5ce3011b895b737496b,2025-12-04T07:46:29+00:00,0,1,3.0,5.0,5.0,2.3978952727983707,5.0,1.0,3.0,0.0,0.0,0.0,0.0,0.0,0.0,0.0,1.0,0.0,1.0,0.0,0.0,0.0,0.0,6.666666666666667,8.0,0.0,1.0,0.0,0.0
jazzband/pip-tools,b10ff7ba9bdc2a8a0142fa00542f14ca6d56a7e9,2025-12-06T19:35:07+00:00,0,1,1.0,0.0,0.0,0.0,0.0,1.0,1.0,0.0,0.0,0.0,0.0,0.0,0.0,0.0,1.0,0.0,1.0,0.0,0.0,0.0,0.0,0.0,54.0,0.0,0.0,0.0,0.0
jazzband/pip-tools,30236792892e29bd6d29620d8bd437c5385533e4,2025-12-08T17:36:26+00:00,0,1,1.0,1.0,1.0,1.0986122886681098,0.0,0.0,0.0,0.0,0.0,0.0,1.0,0.0,0.0,0.0,0.0,0.0,1.0,0.0,0.0,0.0,0.0,33.0,9.0,0.0,1.0,0.0,0.0
jazzband/pip-tools,fa47496c63e56de71f86d728b882898d0da67e80,2025-12-10T15:34:51+00:00,0,1,1.0,1.0,1.0,1.0986122886681098,0.0,0.0,0.0,0.0,0.0,0.0,1.0,0.0,0.0,0.0,0.0,0.0,0.0,1.0,0.0,0.0,0.0,34.0,22.0,0.0,1.0,0.0,0.0
jazzband/pip-tools,d0743e5d0b14c89a9267dc5c7fb338c69d5a1870,2025-12-15T17:34:55+00:00,0,1,1.0,2.0,2.0,1.6094379124341005,0.0,0.0,0.0,0.0,0.0,0.0,1.0,0.0,0.0,0.0,0.0,0.0,1.0,0.0,0.0,0.0,0.0,35.0,10.0,0.0,1.0,0.0,0.0
jazzband/pip-tools,f3f8fd0f0a22a3697b624bb73725526b75eadead,2025-12-16T06:55:32+00:00,0,1,7.0,21.0,9.0,3.4339872044851463,3.0,3.0,7.0,0.0,0.0,0.0,0.0,0.0,0.0,0.0,1.0,0.0,1.0,0.0,1.0,0.0,0.0,6.714285714285714,9.0,0.0,0.0,0.0,0.0
jazzband/pip-tools,114c2f4de5678f66021cf5c62cd56b6c6b2b7a56,2025-12-24T15:52:34+00:00,0,1,1.0,0.0,0.0,0.0,0.0,1.0,1.0,0.0,0.0,0.0,0.0,0.0,0.0,0.0,1.0,0.0,1.0,0.0,0.0,0.0,0.0,1.0,55.0,0.0,0.0,0.0,0.0
jazzband/pip-tools,6b06dec046b4bb8708b254f0e8e5a79f645e84aa,2025-12-24T16:21:03+00:00,0,1,1.0,0.0,0.0,0.0,0.0,1.0,1.0,0.0,0.0,0.0,0.0,0.0,0.0,0.0,1.0,0.0,1.0,0.0,0.0,0.0,0.0,2.0,56.0,0.0,0.0,0.0,0.0
jazzband/pip-tools,e21fd303052c7493938bf391c6eb6721c16d7526,2025-12-24T16:25:25+00:00,0,1,1.0,2.0,2.0,1.6094379124341005,0.0,0.0,0.0,0.0,0.0,0.0,1.0,0.0,0.0,0.0,0.0,0.0,0.0,1.0,0.0,0.0,0.0,36.0,56.0,0.0,1.0,0.0,0.0
jazzband/pip-tools,9cf02429d7734914af47f4509bd6de9159e6b20c,2025-12-26T06:10:19+00:00,0,1,1.0,1.0,1.0,1.0986122886681098,0.0,0.0,0.0,0.0,0.0,0.0,1.0,1.0,0.0,0.0,0.0,0.0,1.0,0.0,0.0,0.0,0.0,3.0,0.0,0.0,1.0,0.0,0.0
jazzband/pip-tools,7cec40727aa025fa0db5db53f06fe140ea83a209,2025-12-31T20:38:55+00:00,0,1,7.0,26.0,14.0,3.713572066704308,8.0,3.0,7.0,0.0,0.0,0.0,0.0,0.0,0.0,0.0,1.0,0.0,0.0,1.0,0.0,0.0,0.0,7.714285714285714,58.0,0.0,1.0,0.0,0.0
jazzband/pip-tools,567f4ba85af82ba173369bd2ba863a1624fcf51d,2026-01-02T17:09:28+00:00,0,1,1.0,1.0,2.0,1.3862943611198906,0.0,0.0,0.0,0.0,0.0,1.0,0.0,0.0,0.0,0.0,0.0,0.0,1.0,0.0,0.0,0.0,0.0,2.0,0.0,0.0,1.0,0.0,0.0
jazzband/pip-tools,88693d480a06fb411215cc161172abdc68bff9c5,2026-01-02T17:29:54+00:00,0,1,1.0,1.0,0.0,0.6931471805599453,1.0,0.0,0.0,1.0,0.0,0.0,0.0,0.0,0.0,0.0,0.0,0.0,1.0,0.0,0.0,0.0,0.0,7.0,59.0,0.0,1.0,0.0,0.0
jazzband/pip-tools,538b4ff005d6973ba4fe9086a2e30967e88abd60,2026-01-02T17:49:42+00:00,0,1,1.0,2.0,2.0,1.6094379124341005,0.0,0.0,0.0,0.0,0.0,0.0,1.0,1.0,0.0,0.0,0.0,0.0,1.0,0.0,0.0,0.0,0.0,4.0,1.0,0.0,0.0,0.0,0.0
jazzband/pip-tools,ed71e2941126604c1c5fecbc009068507eb3d0b2,2026-01-02T18:30:33+00:00,0,1,1.0,2.0,2.0,1.6094379124341005,0.0,0.0,0.0,0.0,0.0,0.0,1.0,1.0,0.0,0.0,0.0,0.0,1.0,0.0,0.0,0.0,0.0,4.0,1.0,0.0,0.0,0.0,0.0
jazzband/pip-tools,24072bf39056af440845f52bbb37b7312d25b7a4,2026-01-02T18:31:00+00:00,0,1,1.0,1.0,0.0,0.6931471805599453,1.0,0.0,0.0,1.0,0.0,0.0,0.0,0.0,0.0,0.0,0.0,0.0,1.0,0.0,0.0,0.0,0.0,8.0,60.0,0.0,0.0,0.0,0.0
jazzband/pip-tools,15201fb4a27fc27abc1a99ecd0c20f4f77272ab4,2026-01-02T20:03:56+00:00,0,1,2.0,4.0,3.0,2.0794415416798357,0.0,0.0,0.0,0.0,1.0,0.0,1.0,1.0,0.0,0.0,0.0,0.0,0.0,1.0,1.0,0.0,0.0,3.0,61.0,0.0,0.0,0.0,0.0
jazzband/pip-tools,365498b7fc3f745770b59c36af1e20fffdffeb45,2026-01-03T02:32:07+00:00,0,1,1.0,0.0,0.0,0.0,0.0,1.0,1.0,0.0,0.0,0.0,0.0,0.0,0.0,0.0,1.0,0.0,1.0,0.0,0.0,0.0,0.0,3.0,62.0,0.0,0.0,0.0,0.0
jazzband/pip-tools,db9b3d875c39698548e554f8b09aa1e65090106f,2026-01-03T02:44:18+00:00,0,1,6.0,35.0,33.0,4.23410650459726,6.0,3.0,4.0,2.0,0.0,0.0,0.0,0.0,0.0,0.0,0.0,0.0,1.0,0.0,0.0,0.0,0.0,2.3333333333333335,63.0,0.0,1.0,0.0,0.0
jazzband/pip-tools,77cb79013b850604fb045dea708f3e4c30a52b74,2026-01-03T02:59:51+00:00,0,1,6.0,35.0,33.0,4.23410650459726,6.0,3.0,4.0,2.0,0.0,0.0,0.0,0.0,0.0,0.0,0.0,0.0,1.0,0.0,0.0,0.0,0.0,3.3333333333333335,64.0,0.0,0.0,0.0,0.0
jazzband/pip-tools,06eba03d88d3a20b3995f5be066bf2b8a6e04293,2026-01-03T03:17:38+00:00,0,1,25.0,261.0,191.0,6.115892125483034,39.0,6.0,15.0,9.0,1.0,0.0,0.0,0.0,0.0,0.0,0.0,0.0,0.0,1.0,0.0,0.0,0.0,4.36,65.0,0.0,1.0,0.0,0.0
jazzband/pip-tools,5d4c3a3947633540344743c0a11491923a84eb0e,2026-01-04T05:21:28+00:00,0,1,1.0,1.0,0.0,0.6931471805599453,1.0,0.0,0.0,1.0,0.0,0.0,0.0,0.0,0.0,0.0,0.0,0.0,0.0,1.0,0.0,0.0,0.0,10.0,66.0,0.0,1.0,0.0,0.0
jazzband/pip-tools,d9728ce1597eaa59c4782defa537d0bde493e7f3,2026-01-05T17:32:14+00:00,0,1,1.0,1.0,1.0,1.0986122886681098,0.0,0.0,0.0,0.0,0.0,0.0,1.0,0.0,0.0,0.0,0.0,0.0,1.0,0.0,0.0,0.0,0.0,37.0,11.0,0.0,1.0,0.0,0.0
jazzband/pip-tools,02c98ff964b156bea8732b2719798eec82bf6bac,2026-01-07T02:20:31+00:00,0,1,1.0,1.0,1.0,1.0986122886681098,0.0,0.0,0.0,0.0,0.0,0.0,1.0,0.0,0.0,0.0,0.0,0.0,0.0,1.0,0.0,0.0,0.0,38.0,67.0,0.0,1.0,0.0,0.0
jazzband/pip-tools,5a7031c2fcd7f78bde637b69f6568f1e0b557bfa,2026-01-07T04:40:15+00:00,0,1,4.0,71.0,7.0,4.3694478524670215,3.0,1.0,1.0,1.0,2.0,0.0,0.0,0.0,0.0,0.0,0.0,0.0,1.0,0.0,0.0,0.0,0.0,5.0,68.0,0.0,1.0,0.0,0.0
jazzband/pip-tools,d9c4e1b2b0d35c144b030526e7e3aece8146dc6b,2026-01-15T17:57:47+00:00,0,1,1.0,10.0,21.0,3.4657359027997265,0.0,0.0,0.0,0.0,1.0,0.0,0.0,0.0,0.0,0.0,0.0,1.0,1.0,0.0,0.0,0.0,0.0,2.0,0.0,0.0,0.0,0.0,0.0
jazzband/pip-tools,3ea2791e540c56149d82c3f4f01796d8847c4b87,2026-01-19T17:40:04+00:00,0,1,4.0,94.0,238.0,5.808142489980444,37.0,0.0,0.0,4.0,0.0,0.0,0.0,0.0,0.0,0.0,0.0,0.0,1.0,0.0,1.0,0.0,0.0,7.0,12.0,0.0,0.0,0.0,0.0
jazzband/pip-tools,cd92160957cf4492b92104016c00b117cb799988,2026-01-20T03:44:51+00:00,0,1,5.0,96.0,240.0,5.820082930352362,37.0,0.0,0.0,4.0,0.0,0.0,1.0,0.0,0.0,0.0,0.0,0.0,0.0,1.0,0.0,0.0,0.0,14.2,69.0,0.0,0.0,0.0,0.0
jazzband/pip-tools,fcf754388ce41828d1161999ddf24dee26012917,2026-01-26T17:31:54+00:00,0,1,1.0,1.0,1.0,1.0986122886681098,0.0,0.0,0.0,0.0,0.0,0.0,1.0,0.0,0.0,0.0,0.0,0.0,1.0,0.0,0.0,0.0,0.0,40.0,13.0,0.0,1.0,0.0,0.0
jazzband/pip-tools,c20766901d69e2d06619272f49a195bd02900947,2026-01-30T17:32:37+00:00,0,1,1.0,1.0,1.0,1.0986122886681098,0.0,0.0,0.0,0.0,0.0,0.0,1.0,1.0,0.0,0.0,0.0,0.0,1.0,0.0,0.0,0.0,0.0,15.0,70.0,0.0,1.0,0.0,0.0
jazzband/pip-tools,7cff312bc2fb3a492ce054ddab30d42f6c2dcea0,2026-01-30T19:41:21+00:00,0,1,1.0,1.0,1.0,1.0986122886681098,0.0,0.0,0.0,0.0,0.0,0.0,1.0,1.0,0.0,0.0,0.0,0.0,0.0,1.0,0.0,0.0,0.0,16.0,23.0,0.0,1.0,0.0,0.0
jazzband/pip-tools,68f7c52f0b8202659a6bc203069781a0b0d1bce4,2026-01-30T20:54:23+00:00,0,1,1.0,1.0,1.0,1.0986122886681098,0.0,0.0,0.0,0.0,0.0,0.0,1.0,0.0,0.0,0.0,0.0,0.0,0.0,1.0,0.0,0.0,0.0,41.0,71.0,0.0,1.0,0.0,0.0
jazzband/pip-tools,7130a1867a1fe01f5181d25a9161c1667340e0f4,2026-01-31T00:21:38+00:00,0,1,2.0,20.0,0.0,3.044522437723423,0.0,0.0,0.0,0.0,2.0,0.0,0.0,0.0,0.0,0.0,0.0,1.0,1.0,0.0,0.0,0.0,0.0,3.0,72.0,0.0,1.0,0.0,0.0
jazzband/pip-tools,d026fd2cbe2d668446eda717f62e00edc3386ba4,2026-01-31T00:25:33+00:00,0,1,1.0,2.0,2.0,1.6094379124341005,0.0,0.0,0.0,0.0,0.0,1.0,0.0,0.0,0.0,0.0,0.0,0.0,1.0,0.0,0.0,0.0,0.0,3.0,1.0,0.0,1.0,0.0,0.0
jazzband/pip-tools,9386c6bc66ead3dc7ba0d0ed6fb7706fa55888f3,2026-01-31T03:49:41+00:00,0,1,1.0,2.0,2.0,1.6094379124341005,0.0,0.0,0.0,0.0,0.0,1.0,0.0,0.0,0.0,0.0,0.0,0.0,0.0,1.0,0.0,0.0,0.0,4.0,73.0,0.0,1.0,0.0,0.0
jazzband/pip-tools,c5dec0550d172b3d9101898a8ebaa18bca164ab9,2026-02-02T05:03:07+00:00,0,1,5.0,66.0,7.0,4.30406509320417,3.0,1.0,1.0,1.0,3.0,0.0,0.0,0.0,0.0,0.0,0.0,0.0,1.0,0.0,0.0,0.0,0.0,5.2,74.0,0.0,1.0,0.0,0.0
jazzband/pip-tools,43b5ff2f10717bcf889d039d2972822bf70f7db1,2026-02-02T22:38:21+00:00,0,1,1.0,6.0,0.0,1.9459101490553132,0.0,0.0,0.0,0.0,1.0,0.0,0.0,0.0,0.0,0.0,0.0,1.0,1.0,0.0,0.0,0.0,0.0,1.0,16.0,0.0,0.0,0.0,0.0
jazzband/pip-tools,12667593cde5aee8450d0cd391babc67cf549ec6,2026-02-03T09:15:16+00:00,0,1,6.0,476.0,63.0,6.29156913955832,0.0,0.0,0.0,0.0,1.0,0.0,5.0,1.0,0.0,0.0,0.0,0.0,0.0,1.0,0.0,0.0,0.0,6.166666666666667,24.0,0.0,0.0,0.0,0.0
jazzband/pip-tools,3c864ddaaf796f88964d9adb2cd986761c1a1ef4,2026-02-03T11:25:34+00:00,0,1,1.0,2.0,0.0,1.0986122886681098,0.0,0.0,0.0,0.0,1.0,0.0,0.0,0.0,0.0,0.0,0.0,1.0,1.0,0.0,0.0,0.0,0.0,1.0,17.0,0.0,0.0,0.0,0.0
jazzband/pip-tools,8b2d6edaead694c631384bb8d05f784aa2238822,2026-02-03T11:44:56+00:00,0,1,18.0,406.0,213.0,6.429719478039138,0.0,0.0,0.0,0.0,16.0,0.0,5.0,1.0,0.0,0.0,0.0,0.0,0.0,1.0,0.0,0.0,0.0,4.833333333333333,25.0,0.0,1.0,0.0,0.0
jazzband/pip-tools,f8931c22a024338f88f36cc33d047d2bcb7ab076,2026-02-04T14:04:54+00:00,0,1,1.0,1.0,1.0,1.0986122886681098,0.0,0.0,0.0,0.0,1.0,0.0,0.0,0.0,0.0,0.0,0.0,1.0,1.0,0.0,1.0,0.0,0.0,3.0,0.0,0.0,1.0,0.0,0.0
jazzband/pip-tools,ae0919fdb2380b84f24edbe09a0ecc7e12df6cce,2026-02-04T14:16:33+00:00,0,1,1.0,43.0,40.0,4.430816798843313,0.0,0.0,0.0,0.0,0.0,1.0,0.0,0.0,0.0,0.0,0.0,0.0,1.0,0.0,0.0,0.0,0.0,5.0,18.0,0.0,1.0,0.0,0.0
jazzband/pip-tools,7969e510a77fc3e2a993f148ba1d2ad89290e225,2026-02-04T16:16:25+00:00,0,1,1.0,1.0,1.0,1.0986122886681098,0.0,0.0,0.0,0.0,1.0,0.0,0.0,0.0,0.0,0.0,0.0,1.0,0.0,1.0,0.0,0.0,0.0,4.0,75.0,0.0,1.0,0.0,0.0
jazzband/pip-tools,7ef9a298f7786cfdfb3f4674bfac427446780b91,2026-02-04T16:53:22+00:00,0,1,1.0,43.0,40.0,4.430816798843313,0.0,0.0,0.0,0.0,0.0,1.0,0.0,0.0,0.0,0.0,0.0,0.0,0.0,1.0,0.0,0.0,0.0,6.0,76.0,0.0,1.0,0.0,0.0
jazzband/pip-tools,6b6ff61bcc0078f10ff36ad9758ec77994b605c8,2026-02-05T05:05:02+00:00,0,1,2.0,2.0,0.0,1.0986122886681098,0.0,0.0,0.0,0.0,2.0,0.0,0.0,0.0,0.0,0.0,0.0,1.0,1.0,0.0,0.0,0.0,0.0,0.0,77.0,0.0,0.0,0.0,0.0
jazzband/pip-tools,cdb18edf1b09327bfa38902d79df9cd835d557bf,2026-02-05T07:47:31+00:00,0,1,15.0,146.0,10.0,5.056245805348308,15.0,4.0,6.0,6.0,2.0,0.0,2.0,0.0,0.0,0.0,0.0,0.0,0.0,1.0,0.0,0.0,0.0,3.6666666666666665,26.0,0.0,1.0,0.0,0.0
jazzband/pip-tools,7de7bc433f4e7c0836b4ed89af1b1f8d60b278dd,2026-02-05T15:01:14+00:00,0,1,1.0,1.0,1.0,1.0986122886681098,0.0,0.0,0.0,0.0,1.0,0.0,0.0,0.0,0.0,0.0,0.0,1.0,1.0,0.0,1.0,0.0,0.0,0.0,14.0,0.0,0.0,0.0,0.0
jazzband/pip-tools,cadf564a2131fe46209e848e475ffbc85f38d28f,2026-02-05T15:39:28+00:00,0,1,2.0,3.0,0.0,1.3862943611198906,0.0,0.0,0.0,0.0,2.0,0.0,0.0,0.0,0.0,0.0,0.0,1.0,1.0,0.0,0.0,0.0,0.0,0.0,19.0,0.0,0.0,0.0,0.0
jazzband/pip-tools,2756a0e455fc1d22410886c4b5b0deffa1b18b8a,2026-02-05T16:23:12+00:00,0,1,2.0,3.0,0.0,1.3862943611198906,0.0,0.0,0.0,0.0,2.0,0.0,0.0,0.0,0.0,0.0,0.0,1.0,1.0,0.0,0.0,0.0,0.0,1.0,20.0,0.0,0.0,0.0,0.0
jazzband/pip-tools,8f69978d7669ffa79402d27353865f16afa2a287,2026-02-05T16:36:58+00:00,0,1,4.0,5.0,0.0,1.791759469228055,0.0,0.0,0.0,0.0,4.0,0.0,0.0,0.0,0.0,0.0,0.0,1.0,1.0,0.0,0.0,0.0,0.0,1.0,21.0,0.0,0.0,0.0,0.0
jazzband/pip-tools,5e3de21e35fae225fec157564f728274e436c76c,2026-02-05T17:06:55+00:00,0,1,10.0,74.0,4.0,4.3694478524670215,0.0,1.0,1.0,0.0,6.0,0.0,3.0,0.0,0.0,0.0,1.0,0.0,0.0,1.0,0.0,0.0,0.0,5.9,27.0,0.0,1.0,0.0,0.0
jazzband/pip-tools,249511e2ceac1c5c4db30a5396ae32b581335f04,2026-02-05T22:24:05+00:00,0,1,1.0,2.0,2.0,1.6094379124341005,1.0,0.0,0.0,1.0,0.0,0.0,0.0,0.0,0.0,0.0,0.0,0.0,1.0,0.0,1.0,0.0,0.0,16.0,78.0,0.0,0.0,0.0,0.0
jazzband/pip-tools,9e93542b0a1085b8893d31b128fa1cfd9982f46f,2026-02-05T23:02:17+00:00,0,1,7.0,13.0,6.0,2.995732273553991,1.0,0.0,0.0,1.0,2.0,1.0,3.0,1.0,0.0,0.0,0.0,0.0,0.0,1.0,0.0,0.0,0.0,8.285714285714286,79.0,0.0,1.0,0.0,0.0
jazzband/pip-tools,6c275075a6030bf4399f7767408198103ce304b1,2026-02-06T23:17:04+00:00,0,1,3.0,44.0,16.0,4.110873864173311,5.0,2.0,2.0,1.0,0.0,0.0,0.0,0.0,0.0,0.0,0.0,0.0,1.0,0.0,0.0,0.0,0.0,9.666666666666666,80.0,0.0,0.0,0.0,0.0
jazzband/pip-tools,fc532650ac44c9f068a267f5002d5f8eac7d3381,2026-02-09T18:13:55+00:00,0,1,1.0,1.0,1.0,1.0986122886681098,0.0,0.0,0.0,0.0,0.0,0.0,1.0,0.0,0.0,0.0,0.0,0.0,1.0,0.0,0.0,0.0,0.0,44.0,15.0,0.0,1.0,0.0,0.0
jazzband/pip-tools,cc6a2b9e160ad8b5095eb72ed713f577843ca74d,2026-02-10T03:41:40+00:00,0,1,2.0,11.0,7.0,2.9444389791664403,1.0,1.0,1.0,0.0,1.0,0.0,0.0,0.0,0.0,0.0,1.0,0.0,1.0,0.0,0.0,0.0,0.0,0.5,81.0,0.0,1.0,0.0,0.0
jazzband/pip-tools,5b4d130e138553e09bec4476a93281e77533507b,2026-02-10T04:05:13+00:00,0,1,4.0,101.0,24.0,4.836281906951478,5.0,2.0,2.0,1.0,1.0,0.0,0.0,0.0,0.0,0.0,0.0,0.0,0.0,1.0,0.0,0.0,0.0,8.5,82.0,0.0,1.0,0.0,0.0
jazzband/pip-tools,08107abcc0d659ad788f74fe18118af5d377568d,2026-02-10T04:16:55+00:00,0,1,25.0,116.0,51.0,5.123963979403259,0.0,0.0,0.0,0.0,25.0,0.0,0.0,0.0,0.0,0.0,0.0,1.0,1.0,0.0,0.0,0.0,0.0,2.6,82.0,0.0,0.0,0.0,0.0
jazzband/pip-tools,e4bd31dfa39bdf6f9105dc6088de3efd4f99038e,2026-02-10T05:13:45+00:00,0,1,1.0,1.0,1.0,1.0986122886681098,0.0,0.0,0.0,0.0,0.0,0.0,1.0,0.0,0.0,0.0,0.0,0.0,0.0,1.0,0.0,0.0,0.0,45.0,84.0,0.0,1.0,0.0,0.0
jazzband/pip-tools,3a0f5edc02d2e385a0da014b23a581e0c3a33a4d,2026-02-10T16:55:11+00:00,0,1,25.0,116.0,51.0,5.123963979403259,0.0,0.0,0.0,0.0,25.0,0.0,0.0,0.0,0.0,0.0,0.0,1.0,0.0,1.0,0.0,0.0,0.0,3.64,85.0,0.0,1.0,0.0,0.0
jazzband/pip-tools,fd1441b72526ae6f132c2ef80d17765cc3cb3984,2026-02-10T18:17:53+00:00,0,1,1.0,38.0,2.0,3.713572066704308,0.0,0.0,0.0,0.0,0.0,0.0,1.0,1.0,0.0,0.0,0.0,0.0,1.0,0.0,1.0,0.0,0.0,8.0,86.0,0.0,1.0,0.0,0.0
jazzband/pip-tools,106f1d6b7e3486603dc96a317560d97dbb18484c,2026-02-10T22:59:38+00:00,0,1,1.0,26.0,16.0,3.7612001156935624,0.0,0.0,0.0,0.0,0.0,0.0,1.0,1.0,0.0,0.0,0.0,0.0,1.0,0.0,1.0,0.0,0.0,19.0,87.0,0.0,1.0,0.0,0.0
jazzband/pip-tools,5f31d8a79b5fd16305372cf700b01cc7f16c2ccf,2026-02-11T15:36:27+00:00,0,1,1.0,26.0,16.0,3.7612001156935624,0.0,0.0,0.0,0.0,0.0,0.0,1.0,1.0,0.0,0.0,0.0,0.0,0.0,1.0,1.0,0.0,0.0,20.0,88.0,0.0,1.0,0.0,0.0
jazzband/pip-tools,42e4bc2d523803d79524a21fd04d9396a6b99a8d,2026-02-12T00:51:21+00:00,0,1,1.0,43.0,17.0,4.110873864173311,7.0,1.0,1.0,0.0,0.0,0.0,0.0,0.0,0.0,0.0,1.0,0.0,1.0,0.0,0.0,0.0,0.0,7.0,89.0,0.0,1.0,0.0,0.0
jazzband/pip-tools,8a9bd97f3825a8c2d9da3b6de0f807760d687060,2026-02-12T05:51:05+00:00,0,1,1.0,19.0,3.0,3.1354942159291497,1.0,0.0,0.0,1.0,0.0,0.0,0.0,0.0,0.0,0.0,0.0,0.0,1.0,0.0,0.0,0.0,0.0,20.0,90.0,0.0,1.0,0.0,0.0
jazzband/pip-tools,e00a17cddf9c131c5934a12f569f05e879ad529c,2026-02-13T16:55:03+00:00,0,1,1.0,31.0,8.0,3.688879454113936,3.0,0.0,0.0,1.0,0.0,0.0,0.0,0.0,0.0,0.0,0.0,0.0,1.0,0.0,0.0,0.0,0.0,21.0,91.0,0.0,1.0,0.0,0.0
jazzband/pip-tools,cdbcd370d0c13ab44d5eece752c75e1ef60cd99e,2026-02-13T17:02:02+00:00,0,1,1.0,7.0,7.0,2.70805020110221,5.0,0.0,0.0,1.0,0.0,0.0,0.0,0.0,0.0,0.0,0.0,0.0,1.0,0.0,0.0,0.0,0.0,21.0,91.0,0.0,1.0,0.0,0.0
jazzband/pip-tools,a996e3b17919c2be1050399954a82d10c28bd704,2026-02-13T20:39:49+00:00,0,1,1.0,42.0,3.0,3.828641396489095,3.0,0.0,0.0,1.0,0.0,0.0,0.0,0.0,0.0,0.0,0.0,0.0,0.0,1.0,0.0,0.0,0.0,23.0,93.0,0.0,1.0,0.0,0.0
jazzband/pip-tools,29e83cca4ebe1d3b69a0ba1f61d716f065271f11,2026-02-14T21:16:32+00:00,0,1,2.0,16.0,9.0,3.258096538021482,0.0,0.0,0.0,0.0,2.0,0.0,0.0,0.0,0.0,0.0,0.0,1.0,1.0,0.0,0.0,0.0,0.0,4.0,94.0,0.0,0.0,0.0,0.0
jazzband/pip-tools,1c359a3bff7fc9d1e9dfe16e09392d34d692d0c1,2026-02-16T17:29:44+00:00,0,1,1.0,2.0,2.0,1.6094379124341005,0.0,0.0,0.0,0.0,0.0,0.0,1.0,0.0,0.0,0.0,0.0,0.0,1.0,0.0,0.0,0.0,0.0,46.0,16.0,0.0,1.0,0.0,0.0
jazzband/pip-tools,da14bc6db9c7bb29f38e238de46adc66a4b584f9,2026-02-23T23:00:43+00:00,0,1,1.0,1.0,1.0,1.0986122886681098,0.0,0.0,0.0,0.0,1.0,0.0,0.0,0.0,0.0,0.0,0.0,1.0,1.0,0.0,0.0,0.0,0.0,9.0,95.0,0.0,0.0,0.0,0.0
jazzband/pip-tools,acb2f5ee3f2adbbf91bccaaf0e278505459b5d65,2026-02-24T19:28:00+00:00,0,1,1.0,1.0,1.0,1.0986122886681098,0.0,0.0,0.0,0.0,1.0,0.0,0.0,0.0,0.0,0.0,0.0,1.0,0.0,1.0,0.0,0.0,0.0,10.0,28.0,0.0,0.0,0.0,0.0
jazzband/pip-tools,bdfa5f812c7d26ae5ab6b011cbbb45278d25085a,2026-02-24T21:29:37+00:00,0,1,1.0,3.0,0.0,1.3862943611198906,0.0,0.0,0.0,0.0,1.0,0.0,0.0,0.0,0.0,0.0,0.0,1.0,1.0,0.0,0.0,0.0,0.0,0.0,22.0,0.0,0.0,0.0,0.0
jazzband/pip-tools,7d9d527f525083856067eef8a142f978a6755275,2026-02-24T21:30:39+00:00,0,1,1.0,1.0,1.0,1.0986122886681098,0.0,0.0,0.0,0.0,0.0,0.0,1.0,0.0,0.0,0.0,0.0,0.0,1.0,0.0,0.0,0.0,0.0,47.0,17.0,0.0,1.0,0.0,0.0
jazzband/pip-tools,ab6190225fc444c7a9b79e7a6fa4de209206ebe0,2026-02-24T22:01:55+00:00,0,1,2.0,12.0,0.0,2.5649493574615367,0.0,0.0,0.0,0.0,1.0,0.0,1.0,1.0,0.0,0.0,0.0,0.0,0.0,1.0,0.0,0.0,0.0,11.0,29.0,0.0,1.0,0.0,0.0
jazzband/pip-tools,8e0e0e29e7ce436266e4c0acc06e482d81e5af27,2026-02-24T22:19:12+00:00,0,1,1.0,1.0,1.0,1.0986122886681098,0.0,0.0,0.0,0.0,0.0,0.0,1.0,0.0,0.0,0.0,0.0,0.0,0.0,1.0,0.0,0.0,0.0,48.0,96.0,0.0,0.0,0.0,0.0
jazzband/pip-tools,e10b9350c3addaa9c11023345c13ebf47b3759bd,2026-02-25T13:30:35+00:00,0,1,1.0,2.0,2.0,1.6094379124341005,0.0,1.0,1.0,0.0,0.0,0.0,0.0,0.0,0.0,0.0,1.0,0.0,1.0,0.0,0.0,0.0,0.0,1.0,23.0,0.0,0.0,0.0,0.0
jazzband/pip-tools,f453d111e603690e0543e7a7b072a019f74ac257,2026-02-26T17:32:44+00:00,0,1,1.0,7.0,7.0,2.70805020110221,5.0,0.0,0.0,1.0,0.0,0.0,0.0,0.0,0.0,0.0,0.0,0.0,0.0,1.0,0.0,0.0,0.0,24.0,30.0,0.0,1.0,0.0,0.0
jazzband/pip-tools,387a971fd229cd8aec532c0367f272df4c6a5f26,2026-02-26T21:07:24+00:00,0,1,1.0,9.0,3.0,2.5649493574615367,2.0,1.0,1.0,0.0,0.0,0.0,0.0,0.0,0.0,0.0,1.0,0.0,1.0,0.0,0.0,0.0,0.0,8.0,97.0,0.0,1.0,0.0,0.0
jazzband/pip-tools,a8528dee1f714e7973ad688690e11ba562d93170,2026-02-26T23:39:42+00:00,0,1,1.0,49.0,17.0,4.204692619390966,7.0,1.0,1.0,0.0,0.0,0.0,0.0,0.0,0.0,0.0,1.0,0.0,0.0,1.0,0.0,0.0,0.0,9.0,98.0,0.0,1.0,0.0,0.0
jazzband/pip-tools,66abb38179dc76374c40349a8429db1edce53232,2026-02-27T18:29:02+00:00,0,1,2.0,28.0,18.0,3.8501476017100584,0.0,0.0,0.0,0.0,2.0,0.0,0.0,0.0,0.0,0.0,0.0,1.0,1.0,0.0,0.0,0.0,0.0,6.0,99.0,0.0,0.0,0.0,0.0
jazzband/pip-tools,20a8d9ca0b15d7b39c7316d3b4e8436897770ea0,2026-02-27T21:44:14+00:00,0,1,1.0,1.0,0.0,0.6931471805599453,0.0,0.0,0.0,0.0,1.0,0.0,0.0,0.0,0.0,0.0,0.0,1.0,1.0,0.0,0.0,0.0,0.0,0.0,100.0,0.0,1.0,0.0,0.0
jazzband/pip-tools,3747325ff140c562f68d0a496a8bf9c884e49a66,2026-02-27T21:52:39+00:00,0,1,1.0,2.0,0.0,1.0986122886681098,0.0,0.0,0.0,0.0,1.0,0.0,0.0,0.0,0.0,0.0,0.0,1.0,1.0,0.0,0.0,0.0,0.0,0.0,100.0,0.0,1.0,0.0,0.0
jazzband/pip-tools,c111ca1868e0aaea37dcbfe869f0f1b157cacd74,2026-02-27T22:14:33+00:00,0,1,6.0,50.0,16.0,4.204692619390966,0.0,2.0,2.0,0.0,3.0,1.0,0.0,0.0,0.0,0.0,1.0,0.0,0.0,1.0,0.0,0.0,0.0,3.3333333333333335,102.0,0.0,1.0,0.0,0.0
jazzband/pip-tools,ca37302759dafbd3092c2a192cb371de5a21fa1e,2026-02-27T22:28:18+00:00,0,1,1.0,2.0,3.0,1.791759469228055,0.0,0.0,0.0,0.0,1.0,0.0,0.0,0.0,0.0,0.0,0.0,1.0,1.0,0.0,0.0,0.0,0.0,12.0,103.0,0.0,0.0,0.0,0.0
jazzband/pip-tools,360ab0a0c9312ba832c462c5bba8c9b050f855b9,2026-02-27T23:29:27+00:00,0,1,1.0,5.0,4.0,2.302585092994046,0.0,0.0,0.0,0.0,1.0,0.0,0.0,0.0,0.0,0.0,0.0,1.0,1.0,0.0,0.0,0.0,0.0,2.0,104.0,0.0,1.0,0.0,0.0
jazzband/pip-tools,194edd6180ad669ba0952c97bb66112277d3c5d9,2026-02-28T17:20:41+00:00,0,1,1.0,3.0,2.0,1.791759469228055,0.0,0.0,0.0,0.0,1.0,0.0,0.0,0.0,0.0,0.0,0.0,1.0,1.0,0.0,0.0,0.0,0.0,13.0,105.0,0.0,1.0,0.0,0.0
jazzband/pip-tools,7cbd492ffca99436f57e038951a0c563f2511016,2026-02-28T18:39:07+00:00,0,1,4.0,58.0,0.0,4.07753744390572,0.0,0.0,0.0,0.0,4.0,0.0,0.0,0.0,0.0,0.0,0.0,1.0,0.0,1.0,0.0,0.0,0.0,4.5,106.0,0.0,1.0,0.0,0.0
jazzband/pip-tools,23fd50f2b18fb39613b5a2ee985d7f8103209f9f,2026-03-02T17:41:00+00:00,0,1,1.0,3.0,3.0,1.9459101490553132,0.0,0.0,0.0,0.0,0.0,0.0,1.0,0.0,0.0,0.0,0.0,0.0,1.0,0.0,0.0,0.0,0.0,49.0,18.0,0.0,1.0,0.0,0.0
jazzband/pip-tools,358db5fa6060599d7666b60926782a3467c73323,2026-03-05T01:21:42+00:00,0,1,1.0,3.0,3.0,1.9459101490553132,0.0,0.0,0.0,0.0,0.0,0.0,1.0,0.0,0.0,0.0,0.0,0.0,0.0,1.0,0.0,0.0,0.0,50.0,107.0,0.0,1.0,0.0,0.0
jazzband/pip-tools,a26f77161dba11140a17405f2469064f6a3a03a9,2026-03-05T01:44:28+00:00,0,1,14.0,105.0,22.0,4.852030263919617,15.0,6.0,9.0,3.0,1.0,0.0,1.0,0.0,0.0,0.0,0.0,0.0,1.0,0.0,0.0,0.0,0.0,6.642857142857143,108.0,0.0,0.0,0.0,0.0
jazzband/pip-tools,e75b3f7ef207cc1bc75e8c2dc6f8e3e725d65bda,2026-03-05T19:30:06+00:00,0,1,1.0,2.0,0.0,1.0986122886681098,0.0,1.0,1.0,0.0,0.0,0.0,0.0,0.0,0.0,0.0,1.0,0.0,1.0,0.0,0.0,0.0,0.0,1.0,109.0,0.0,1.0,0.0,0.0
jazzband/pip-tools,9050177d60be990936f4706b7aac5f3c4103c940,2026-03-06T01:41:03+00:00,0,1,10.0,55.0,38.0,4.543294782270004,14.0,5.0,7.0,3.0,0.0,0.0,0.0,0.0,0.0,0.0,0.0,0.0,1.0,0.0,0.0,0.0,0.0,7.9,110.0,0.0,1.0,0.0,0.0
jazzband/pip-tools,0d0be2be151c2afce49250785ab95346c94a5e73,2026-03-06T02:42:46+00:00,0,1,1.0,69.0,11.0,4.394449154672439,6.0,0.0,0.0,1.0,0.0,0.0,0.0,0.0,0.0,0.0,0.0,0.0,1.0,0.0,0.0,0.0,0.0,0.0,111.0,0.0,0.0,0.0,0.0
jazzband/pip-tools,b5743a18e3187e901f059171fe69a435738b8ab6,2026-03-06T04:19:14+00:00,0,1,1.0,5.0,1.0,1.9459101490553132,0.0,0.0,0.0,1.0,0.0,0.0,0.0,0.0,0.0,0.0,0.0,0.0,1.0,0.0,0.0,0.0,0.0,0.0,112.0,0.0,0.0,0.0,0.0
jazzband/pip-tools,9d3344530589f789a2e9cf82c60d2eb1262cc24b,2026-03-06T04:39:40+00:00,0,1,1.0,3.0,0.0,1.3862943611198906,0.0,0.0,0.0,0.0,0.0,0.0,1.0,0.0,0.0,0.0,0.0,0.0,1.0,0.0,0.0,0.0,0.0,1.0,113.0,0.0,1.0,0.0,0.0
jazzband/pip-tools,ca1b28e13242fa4815dc34c62e0b42aa272a256a,2026-03-06T05:08:39+00:00,0,1,2.0,8.0,2.0,2.3978952727983707,0.0,0.0,0.0,0.0,1.0,0.0,1.0,1.0,0.0,0.0,0.0,0.0,1.0,0.0,0.0,0.0,0.0,11.0,114.0,0.0,0.0,0.0,0.0
jazzband/pip-tools,f5df119e4f5a7495d5f96ef82c2a6ec8d31c9e81,2026-03-06T05:51:33+00:00,0,1,3.0,17.0,17.0,3.5553480614894135,2.0,2.0,3.0,0.0,0.0,0.0,0.0,0.0,0.0,0.0,1.0,0.0,1.0,0.0,0.0,0.0,0.0,10.0,115.0,0.0,1.0,0.0,0.0
jazzband/pip-tools,c8af2cefce9215c25e43857b2899ca9a4267e1a8,2026-03-09T16:02:43+00:00,0,1,4.0,16.0,16.0,3.49650756146648,2.0,2.0,4.0,0.0,0.0,0.0,0.0,0.0,0.0,0.0,1.0,0.0,1.0,0.0,0.0,0.0,0.0,8.25,116.0,0.0,1.0,0.0,0.0
jazzband/pip-tools,fbcc4594922702471939b3d10788d4ebea95f3f8,2026-03-09T17:43:48+00:00,0,1,1.0,1.0,1.0,1.0986122886681098,0.0,0.0,0.0,0.0,0.0,0.0,1.0,0.0,0.0,0.0,0.0,0.0,1.0,0.0,0.0,0.0,0.0,51.0,19.0,0.0,1.0,0.0,0.0
jazzband/pip-tools,36313fc62f93c90a98674daa44781294829eaa1a,2026-03-09T18:46:05+00:00,0,1,1.0,1.0,1.0,1.0986122886681098,0.0,0.0,0.0,0.0,0.0,0.0,1.0,0.0,0.0,0.0,0.0,0.0,0.0,1.0,0.0,0.0,0.0,52.0,117.0,0.0,1.0,0.0,0.0
jazzband/pip-tools,ff0d7d44914f44f1c1385fdc5215cfb9974284fc,2026-03-10T01:07:57+00:00,0,1,3.0,17.0,17.0,3.5553480614894135,2.0,2.0,3.0,0.0,0.0,0.0,0.0,0.0,0.0,0.0,1.0,0.0,0.0,1.0,0.0,0.0,0.0,11.666666666666666,118.0,0.0,1.0,0.0,0.0
jazzband/pip-tools,932ccf20e887b6d2b00925f82f33c82204c2c097,2026-03-11T13:46:33+00:00,0,1,3.0,68.0,1.0,4.248495242049359,2.0,1.0,2.0,0.0,1.0,0.0,0.0,0.0,0.0,0.0,1.0,0.0,1.0,0.0,0.0,0.0,0.0,6.0,0.0,0.0,1.0,0.0,0.0
jazzband/pip-tools,720688b7cdf6cabcb91b04c5370065c67e5fe419,2026-03-11T15:58:13+00:00,0,1,3.0,10.0,2.0,2.5649493574615367,3.0,1.0,1.0,1.0,1.0,0.0,0.0,0.0,0.0,0.0,0.0,0.0,1.0,0.0,1.0,0.0,0.0,3.6666666666666665,0.0,0.0,1.0,0.0,0.0
jazzband/pip-tools,74ea4d0e36662be1dfd195f17e4c65aad40e265d,2026-03-12T02:41:39+00:00,0,1,3.0,31.0,55.0,4.465908118654584,0.0,1.0,2.0,0.0,1.0,0.0,0.0,0.0,0.0,0.0,1.0,0.0,1.0,0.0,1.0,0.0,0.0,7.0,1.0,0.0,1.0,0.0,0.0
jazzband/pip-tools,0fc7d064eb7ca88adbb11b242e7596a6765a7b63,2026-03-16T17:38:16+00:00,0,1,1.0,2.0,2.0,1.6094379124341005,0.0,0.0,0.0,0.0,0.0,0.0,1.0,0.0,0.0,0.0,0.0,0.0,1.0,0.0,0.0,0.0,0.0,53.0,20.0,0.0,1.0,0.0,0.0
jazzband/pip-tools,3f292ef8a707706b576fe88018829feaaf33ac5a,2026-03-20T05:30:01+00:00,0,1,1.0,2.0,2.0,1.6094379124341005,0.0,0.0,0.0,0.0,0.0,0.0,1.0,0.0,0.0,0.0,0.0,0.0,0.0,1.0,0.0,0.0,0.0,54.0,119.0,0.0,1.0,0.0,0.0
jazzband/pip-tools,524facfbe39a38de6bc684afc58bc45ff80a2478,2026-03-20T15:12:43+00:00,0,1,2.0,42.0,0.0,3.7612001156935624,4.0,0.0,0.0,2.0,0.0,0.0,0.0,0.0,0.0,0.0,0.0,0.0,1.0,0.0,0.0,0.0,0.0,14.0,120.0,0.0,0.0,0.0,0.0
jazzband/pip-tools,ea032fe82279877779f92bd57b851a85f3e1915b,2026-03-20T15:40:36+00:00,0,1,6.0,117.0,10.0,4.852030263919617,7.0,1.0,3.0,2.0,1.0,0.0,0.0,0.0,0.0,0.0,0.0,0.0,0.0,1.0,0.0,0.0,0.0,9.166666666666666,121.0,0.0,1.0,0.0,0.0
jazzband/pip-tools,3a8fd703354e298f5cd0236a413f547f8a30adb8,2026-03-21T03:32:18+00:00,0,1,2.0,7.0,0.0,2.0794415416798357,0.0,0.0,0.0,0.0,2.0,0.0,0.0,0.0,0.0,0.0,0.0,1.0,1.0,0.0,0.0,0.0,0.0,0.0,122.0,0.0,0.0,0.0,0.0
jazzband/pip-tools,0a44516df1eb97ac3245496351d940f3a538f5e7,2026-03-21T04:08:53+00:00,0,1,1.0,60.0,24.0,4.442651256490317,4.0,0.0,0.0,1.0,0.0,0.0,0.0,0.0,0.0,0.0,0.0,0.0,1.0,0.0,0.0,0.0,0.0,1.0,123.0,0.0,1.0,0.0,0.0
jazzband/pip-tools,99218164434d613d92539013efb602ec52f46336,2026-03-23T14:17:31+00:00,0,1,2.0,21.0,24.0,3.828641396489095,0.0,0.0,0.0,0.0,0.0,0.0,2.0,1.0,0.0,0.0,0.0,0.0,1.0,0.0,0.0,0.0,0.0,39.0,124.0,0.0,0.0,0.0,0.0
jazzband/pip-tools,7ea8d157f247615f0864f57d84bd8164b7c24338,2026-04-01T03:49:07+00:00,0,1,1.0,5.0,5.0,2.3978952727983707,3.0,0.0,0.0,1.0,0.0,0.0,0.0,0.0,0.0,0.0,0.0,0.0,1.0,0.0,1.0,0.0,0.0,29.0,125.0,0.0,1.0,0.0,0.0
jazzband/pip-tools,9de90fb0c5856cf742af4e8462a62531deb4fe9e,2026-04-01T18:03:07+00:00,0,1,1.0,10.0,24.0,3.5553480614894135,0.0,0.0,0.0,0.0,0.0,1.0,0.0,0.0,0.0,0.0,0.0,0.0,1.0,0.0,0.0,0.0,0.0,8.0,2.0,0.0,0.0,0.0,0.0
jazzband/pip-tools,ae87fc08e4065b9761a19b345e0d0ba66140d91c,2026-04-01T18:03:17+00:00,0,1,1.0,1.0,1.0,1.0986122886681098,0.0,0.0,0.0,0.0,0.0,0.0,1.0,0.0,0.0,0.0,0.0,0.0,1.0,0.0,0.0,0.0,0.0,56.0,21.0,0.0,1.0,0.0,0.0
jazzband/pip-tools,40281868a7070efbe711ffae990e44b68e190ab7,2026-04-01T18:04:15+00:00,0,1,2.0,5.0,2.0,2.0794415416798357,1.0,1.0,1.0,0.0,1.0,0.0,0.0,0.0,0.0,0.0,1.0,0.0,1.0,0.0,1.0,0.0,0.0,8.0,0.0,0.0,0.0,0.0,0.0
jazzband/pip-tools,5bc6feaf30412169742a5d7922373cc2999f7483,2026-04-01T18:51:28+00:00,0,1,1.0,23.0,9.0,3.49650756146648,0.0,0.0,0.0,0.0,0.0,1.0,0.0,0.0,0.0,0.0,0.0,0.0,1.0,0.0,1.0,0.0,0.0,9.0,126.0,0.0,0.0,0.0,0.0
jazzband/pip-tools,a5da9744bbea26276c67d446b40cc676c87ed7a7,2026-04-01T18:56:26+00:00,0,1,1.0,1.0,1.0,1.0986122886681098,0.0,0.0,0.0,0.0,0.0,1.0,0.0,0.0,0.0,0.0,0.0,0.0,1.0,0.0,0.0,0.0,0.0,9.0,3.0,0.0,0.0,0.0,0.0
jazzband/pip-tools,1e231e1663252d3ebdead4ed748e37a7a7437a2e,2026-04-01T19:49:19+00:00,0,1,1.0,1.0,1.0,1.0986122886681098,0.0,0.0,0.0,0.0,0.0,0.0,1.0,0.0,0.0,0.0,0.0,0.0,0.0,1.0,0.0,0.0,0.0,57.0,126.0,0.0,0.0,0.0,0.0
jazzband/pip-tools,75970ebb7ec633e35303922621cc5d52f92f7c95,2026-04-02T17:02:26+00:00,0,1,1.0,1.0,1.0,1.0986122886681098,0.0,0.0,0.0,0.0,0.0,1.0,0.0,0.0,0.0,0.0,0.0,0.0,0.0,1.0,0.0,0.0,0.0,11.0,128.0,0.0,0.0,0.0,0.0
jazzband/pip-tools,a91be2fd9d7f91d5642a70aeb50216fed0e06107,2026-04-03T21:14:19+00:00,0,1,1.0,1.0,1.0,1.0986122886681098,0.0,0.0,0.0,0.0,0.0,0.0,1.0,1.0,0.0,0.0,0.0,0.0,1.0,0.0,0.0,0.0,0.0,24.0,129.0,0.0,1.0,0.0,0.0
jazzband/pip-tools,663029dc6fa01c81dfd097645e054ae27261edff,2026-04-03T23:11:46+00:00,0,1,1.0,3.0,0.0,1.3862943611198906,0.0,0.0,0.0,0.0,0.0,0.0,1.0,0.0,0.0,0.0,0.0,0.0,1.0,0.0,0.0,0.0,0.0,2.0,130.0,0.0,0.0,0.0,0.0
jazzband/pip-tools,7ae2040a0961c702abd2f35bb1d1aaf79b0dc26d,2026-04-03T23:15:51+00:00,0,1,6.0,158.0,5.0,5.099866427824199,2.0,0.0,0.0,3.0,0.0,0.0,3.0,1.0,0.0,0.0,0.0,0.0,1.0,0.0,0.0,0.0,0.0,7.333333333333333,130.0,0.0,0.0,0.0,0.0
jazzband/pip-tools,58f931404ab3920ab851b8f77f3c8278ff9047ac,2026-04-03T23:24:15+00:00,0,1,4.0,12.0,10.0,3.1354942159291497,0.0,0.0,0.0,0.0,1.0,0.0,3.0,1.0,0.0,0.0,0.0,0.0,1.0,0.0,0.0,0.0,0.0,9.75,130.0,0.0,1.0,0.0,0.0
jazzband/pip-tools,6a3ede2eff1e145cc458fdb0f8e19977f8844f24,2026-04-03T23:30:06+00:00,0,1,4.0,21.0,20.0,3.737669618283368,0.0,0.0,0.0,0.0,1.0,0.0,3.0,1.0,0.0,0.0,0.0,0.0,1.0,0.0,0.0,0.0,0.0,9.75,130.0,0.0,1.0,0.0,0.0
jazzband/pip-tools,8323284b8c9724c1344cd752bf298359d87bad7e,2026-04-04T14:56:09+00:00,0,1,1.0,41.0,0.0,3.737669618283368,0.0,0.0,0.0,0.0,1.0,0.0,0.0,0.0,0.0,0.0,0.0,1.0,1.0,0.0,0.0,0.0,0.0,4.0,0.0,0.0,1.0,0.0,0.0
jazzband/pip-tools,94bb4402ca57beed58d1f850164777597aac0080,2026-04-04T21:25:16+00:00,0,1,2.0,2.0,0.0,1.0986122886681098,0.0,0.0,0.0,0.0,2.0,0.0,0.0,0.0,0.0,0.0,0.0,1.0,1.0,0.0,0.0,0.0,0.0,0.5,134.0,0.0,0.0,0.0,0.0
jazzband/pip-tools,a4fd6b9f107e5fc8ff142ad933f43f120bd8ee5f,2026-04-05T07:40:39+00:00,0,1,2.0,2.0,0.0,1.0986122886681098,0.0,0.0,0.0,0.0,2.0,0.0,0.0,0.0,0.0,0.0,0.0,1.0,0.0,1.0,1.0,0.0,0.0,1.5,31.0,0.0,0.0,0.0,0.0
jazzband/pip-tools,7ef365fe76227d035437bbd8274a5cb19e4db617,2026-04-05T21:53:19+00:00,0,1,4.0,12.0,10.0,3.1354942159291497,0.0,0.0,0.0,0.0,1.0,0.0,3.0,1.0,0.0,0.0,0.0,0.0,0.0,1.0,0.0,0.0,0.0,11.75,32.0,0.0,1.0,0.0,0.0
jazzband/pip-tools,b41e47b9c862eba49ee457bbf30236b05bb9bf7e,2026-04-06T17:37:15+00:00,0,1,1.0,1.0,1.0,1.0986122886681098,0.0,0.0,0.0,0.0,0.0,0.0,1.0,0.0,0.0,0.0,0.0,0.0,1.0,0.0,0.0,0.0,0.0,58.0,22.0,0.0,1.0,0.0,0.0
jazzband/pip-tools,eed26c9aa8627d2a7006139642ede7b54a243bbb,2026-04-06T19:06:20+00:00,0,1,1.0,1.0,1.0,1.0986122886681098,0.0,0.0,0.0,0.0,0.0,0.0,1.0,0.0,0.0,0.0,0.0,0.0,0.0,1.0,0.0,0.0,0.0,59.0,135.0,0.0,1.0,0.0,0.0
jazzband/pip-tools,bebaa03fdb38f5e9b15124b5bde8ca0730835a6b,2026-04-13T17:28:39+00:00,0,1,1.0,1.0,1.0,1.0986122886681098,0.0,0.0,0.0,0.0,0.0,0.0,1.0,0.0,0.0,0.0,0.0,0.0,1.0,0.0,0.0,0.0,0.0,60.0,23.0,0.0,1.0,0.0,0.0
jazzband/pip-tools,2f9a90cabc9179be569c3a5079a599c85ce77e40,2026-04-14T01:49:39+00:00,0,1,1.0,1.0,1.0,1.0986122886681098,0.0,0.0,0.0,0.0,0.0,0.0,1.0,0.0,0.0,0.0,0.0,0.0,0.0,1.0,0.0,0.0,0.0,61.0,136.0,0.0,1.0,0.0,0.0
jazzband/pip-tools,87a1a1f8bce3e211eaee76cc7808945da3dffd4a,2026-04-14T18:16:09+00:00,0,1,4.0,21.0,20.0,3.737669618283368,0.0,0.0,0.0,0.0,1.0,0.0,3.0,1.0,0.0,0.0,0.0,0.0,1.0,0.0,0.0,0.0,0.0,12.5,137.0,0.0,1.0,0.0,0.0
jazzband/pip-tools,0cf12bf089d9571a3e7bc02d52785e951da8c1c7,2026-04-15T16:56:44+00:00,0,1,1.0,1.0,1.0,1.0986122886681098,0.0,0.0,0.0,0.0,0.0,0.0,1.0,1.0,0.0,0.0,0.0,0.0,1.0,0.0,0.0,0.0,0.0,30.0,138.0,0.0,1.0,0.0,0.0
jazzband/pip-tools,8b72f776babb97e80d3b88e2a693fca5e7f19bfc,2026-04-15T17:03:28+00:00,0,1,4.0,21.0,20.0,3.737669618283368,0.0,0.0,0.0,0.0,1.0,0.0,3.0,1.0,0.0,0.0,0.0,0.0,0.0,1.0,0.0,0.0,0.0,13.5,33.0,0.0,1.0,0.0,0.0
jazzband/pip-tools,6be966f0c1677bdf5a49f7a8d46544f7208353b0,2026-04-15T18:07:41+00:00,0,1,1.0,1.0,1.0,1.0986122886681098,0.0,0.0,0.0,0.0,0.0,0.0,1.0,1.0,0.0,0.0,0.0,0.0,0.0,1.0,0.0,0.0,0.0,32.0,34.0,0.0,1.0,0.0,0.0
jazzband/pip-tools,2aede94c577981b6fc5c6cc2f30a65105551f923,2026-04-27T17:38:35+00:00,0,1,1.0,2.0,2.0,1.6094379124341005,0.0,0.0,0.0,0.0,0.0,0.0,1.0,0.0,0.0,0.0,0.0,0.0,1.0,0.0,0.0,0.0,0.0,62.0,24.0,0.0,1.0,0.0,0.0
jazzband/pip-tools,ef924e9abad0c452cb367aae5257fb5536bc801c,2026-04-30T18:35:16+00:00,0,1,1.0,2.0,2.0,1.6094379124341005,0.0,0.0,0.0,0.0,0.0,0.0,1.0,0.0,0.0,0.0,0.0,0.0,0.0,1.0,0.0,0.0,0.0,63.0,35.0,0.0,1.0,0.0,0.0
jazzband/pip-tools,5dc25222396818d4eb6671ca555488e395efbe3e,2026-05-01T18:25:51+00:00,1,1,6.0,253.0,9.0,5.572154032177765,11.0,2.0,4.0,1.0,0.0,0.0,1.0,0.0,1.0,0.0,0.0,0.0,1.0,0.0,1.0,0.0,0.0,0.3333333333333333,0.0,0.0,0.0,0.0,0.0
jazzband/pip-tools,1106468ef08dae61eae4f6879954daf17343d1d7,2026-05-01T18:45:37+00:00,1,1,6.0,248.0,14.0,5.572154032177765,10.0,2.0,4.0,2.0,0.0,0.0,0.0,0.0,1.0,0.0,0.0,0.0,1.0,0.0,0.0,0.0,0.0,0.3333333333333333,0.0,0.0,0.0,0.0,0.0
jazzband/pip-tools,2bc04efb7c8e4e731b462d84cee103bdab231501,2026-05-04T17:30:40+00:00,0,1,1.0,2.0,2.0,1.6094379124341005,0.0,0.0,0.0,0.0,0.0,0.0,1.0,0.0,0.0,0.0,0.0,0.0,1.0,0.0,0.0,0.0,0.0,64.0,25.0,0.0,1.0,0.0,0.1
jazzband/pip-tools,65b4c59bba499ed27010800fd15917cb6166d9a4,2026-05-07T06:24:58+00:00,0,1,112.0,16695.0,92.0,9.728419624453482,656.0,11.0,54.0,49.0,5.0,1.0,3.0,1.0,0.0,0.0,0.0,0.0,1.0,0.0,0.0,1.0,0.1,2.5357142857142856,0.0,0.0,1.0,0.0,0.1
jazzband/pip-tools,f29540725a4019a51704dde786606f06aec701a8,2026-05-07T23:35:09+00:00,1,1,52.0,4616.0,759.0,8.589699882202986,1.0,2.0,2.0,0.0,48.0,1.0,1.0,0.0,1.0,0.0,1.0,0.0,1.0,0.0,0.0,0.0,0.0,0.5576923076923077,1.0,0.0,1.0,0.0,0.1
jazzband/pip-tools,d3429879f15ba5f4b7db2add392a25b831d5ee7b,2026-05-08T01:14:47+00:00,0,1,55.0,4980.0,759.0,8.655214489313613,1.0,2.0,2.0,0.0,51.0,1.0,1.0,0.0,1.0,0.0,1.0,0.0,1.0,0.0,0.0,0.0,0.0,0.5272727272727272,1.0,0.0,1.0,0.0,0.1
jazzband/pip-tools,e3c35f877644ca39c721fe1da733ed332ff67c80,2026-05-08T03:19:37+00:00,0,1,1.0,2.0,2.0,1.6094379124341005,0.0,0.0,0.0,0.0,0.0,0.0,1.0,0.0,0.0,0.0,0.0,0.0,0.0,1.0,0.0,0.0,0.0,65.0,139.0,0.0,1.0,0.0,0.15
jazzband/pip-tools,773dce410671a6759dff670fdaec23777115b34f,2026-05-08T04:10:25+00:00,0,1,2.0,1.0,82.0,4.430816798843313,0.0,0.0,0.0,0.0,2.0,0.0,0.0,0.0,0.0,0.0,0.0,1.0,1.0,0.0,0.0,0.5,0.3333333333333333,4.0,3.0,0.3333333333333333,0.0,0.0,0.15
jazzband/pip-tools,a1785b52c9d35b66c7a8aa6d71b5d5a9f86091c9,2026-05-08T05:33:04+00:00,1,1,3.0,76.0,6.0,4.418840607796598,9.0,1.0,1.0,1.0,1.0,0.0,0.0,0.0,0.0,0.0,0.0,0.0,1.0,0.0,1.0,0.0,0.0,4.0,4.0,0.25,1.0,0.0,0.15
jazzband/pip-tools,0173dc1f621b6242d899b4961f7be3e9ddfbe83c,2026-05-08T05:37:17+00:00,1,1,3.0,55.0,1.0,4.04305126783455,4.0,1.0,1.0,1.0,1.0,0.0,0.0,0.0,0.0,0.0,0.0,0.0,1.0,0.0,1.0,0.0,0.0,6.0,4.0,0.25,1.0,0.0,0.15
jazzband/pip-tools,2500ac7f431d7af0a01eaf1b1b33076f8485c11a,2026-05-08T05:51:31+00:00,1,1,2.0,6.0,2.0,2.1972245773362196,1.0,1.0,1.0,0.0,1.0,0.0,0.0,0.0,0.0,0.0,1.0,0.0,1.0,0.0,0.0,0.0,0.0,3.5,4.0,0.25,1.0,0.0,0.15
jazzband/pip-tools,a3cbcdf1a10033bb8cc146ae05762a55bae773be,2026-05-08T13:41:21+00:00,0,1,4.0,109.0,7.0,4.762173934797756,10.0,1.0,1.0,1.0,1.0,1.0,0.0,0.0,0.0,0.0,0.0,0.0,1.0,0.0,0.0,0.25,0.1166666666666666,5.25,7.0,0.5714285714285714,1.0,0.0,0.3
jazzband/pip-tools,48459f6255f737c74d12d485e0f4f4684827d4d0,2026-05-08T14:35:15+00:00,0,1,4.0,11.0,4.0,2.772588722239781,3.0,2.0,3.0,0.0,1.0,0.0,0.0,0.0,0.0,0.0,1.0,0.0,1.0,0.0,0.0,0.0,0.0,12.0,7.0,0.5714285714285714,1.0,0.0,0.3
jazzband/pip-tools,121a92e0dd56a5c059eaf25f9902e0422647485d,2026-05-08T15:16:16+00:00,0,1,2.0,15.0,3.0,2.9444389791664403,0.0,0.0,0.0,0.0,2.0,0.0,0.0,0.0,0.0,0.0,0.0,1.0,1.0,0.0,0.0,0.1428571428571428,0.1428571428571428,3.5,7.0,0.5714285714285714,1.0,0.0,0.3
jazzband/pip-tools,ddd020c119bac988e0ca162d72dd0234209e368b,2026-05-08T16:21:18+00:00,1,1,4.0,65.0,1.0,4.204692619390966,5.0,1.0,1.0,1.0,1.0,1.0,0.0,0.0,0.0,0.0,0.0,0.0,1.0,0.0,0.0,0.25,0.1041666666666666,6.75,8.0,0.5,1.0,0.0,0.3
jazzband/pip-tools,44856951a915b3cb12a7dc16fc5c19981ce99772,2026-05-08T18:25:51+00:00,0,1,4.0,11.0,4.0,2.772588722239781,3.0,2.0,3.0,0.0,1.0,0.0,0.0,0.0,0.0,0.0,1.0,0.0,0.0,1.0,0.0,0.0,0.0,13.0,140.0,0.0,1.0,0.0,0.35
jazzband/pip-tools,e716f3119c5953df0c33f2ee564ced3c935b2875,2026-05-08T19:15:59+00:00,1,1,2.0,15.0,3.0,2.9444389791664403,0.0,0.0,0.0,0.0,2.0,0.0,0.0,0.0,0.0,0.0,0.0,1.0,0.0,1.0,0.0,0.125,0.0625,4.5,141.0,0.0,1.0,0.0,0.35
jazzband/pip-tools,9e3bebaad7a2b3167825ffef041f20b095b16f43,2026-05-08T20:06:22+00:00,1,1,1.0,1.0,1.0,1.0986122886681098,0.0,1.0,1.0,0.0,0.0,0.0,0.0,0.0,0.0,0.0,1.0,0.0,1.0,0.0,0.0,0.0,0.0,3.0,11.0,0.4545454545454545,0.0,0.0,0.4
jazzband/pip-tools,aa6384ce9774dd3e00df37452b187294c76913c0,2026-05-08T20:58:09+00:00,0,1,3.0,11.0,6.0,2.8903717578961645,0.0,2.0,3.0,0.0,0.0,0.0,0.0,0.0,0.0,0.0,1.0,0.0,1.0,0.0,0.0,0.25,0.0833333333333333,11.333333333333334,12.0,0.5,1.0,0.0,0.45
jazzband/pip-tools,bfcd3761fac8172c3a3f5f0ae0064d59fb3a1baa,2026-05-08T21:56:15+00:00,0,1,3.0,11.0,6.0,2.8903717578961645,0.0,2.0,3.0,0.0,0.0,0.0,0.0,0.0,0.0,0.0,1.0,0.0,1.0,0.0,0.0,0.2,0.0666666666666666,12.333333333333334,13.0,0.4615384615384615,1.0,1.0,0.45
jazzband/pip-tools,4b623b5e1d069373650c0cb403f5ec3a84e121fb,2026-05-08T21:57:29+00:00,0,1,4.0,106.0,7.0,4.736198448394496,10.0,1.0,1.0,1.0,1.0,1.0,0.0,0.0,0.0,0.0,0.0,0.0,1.0,0.0,0.0,0.2,0.1005050505050505,6.5,13.0,0.4615384615384615,1.0,1.0,0.45
jazzband/pip-tools,7f6e67f0e87f4db6770125b29aa98bd7a5977f97,2026-05-08T21:57:38+00:00,0,1,4.0,64.0,1.0,4.189654742026425,5.0,1.0,1.0,1.0,1.0,1.0,0.0,0.0,0.0,0.0,0.0,0.0,1.0,0.0,0.0,0.4,0.2095860566448801,7.75,13.0,0.4615384615384615,1.0,1.0,0.45
jazzband/pip-tools,fa9b160a117f9e8f2ab395efbec335024d3e9251,2026-05-08T21:57:47+00:00,1,1,3.0,70.0,1.0,4.276666119016055,3.0,1.0,1.0,1.0,1.0,0.0,0.0,0.0,0.0,0.0,0.0,0.0,1.0,0.0,0.0,0.0,0.0,9.333333333333334,13.0,0.4615384615384615,1.0,1.0,0.45
jazzband/pip-tools,7aa438ec1013fae7ad3b5f0f165179a383080539,2026-05-08T21:57:57+00:00,0,1,1.0,1.0,2.0,1.3862943611198906,1.0,1.0,1.0,0.0,0.0,0.0,0.0,0.0,0.0,0.0,1.0,0.0,1.0,0.0,0.0,0.125,0.125,8.0,13.0,0.4615384615384615,1.0,1.0,0.45
jazzband/pip-tools,e23ea74b98db6ba56974f5f85a20ecd668f9aec4,2026-05-08T21:58:07+00:00,0,1,1.0,16.0,6.0,3.1354942159291497,0.0,1.0,1.0,0.0,0.0,0.0,0.0,0.0,0.0,0.0,1.0,0.0,1.0,0.0,0.0,0.4,0.4,5.0,13.0,0.4615384615384615,1.0,1.0,0.45
jazzband/pip-tools,c484caf0b7bdfeaa61db8db68f8a836c68fb383f,2026-05-08T21:58:17+00:00,0,1,1.0,9.0,1.0,2.3978952727983707,1.0,0.0,0.0,1.0,0.0,0.0,0.0,0.0,0.0,0.0,0.0,0.0,1.0,0.0,0.0,0.0,0.0,14.0,13.0,0.4615384615384615,1.0,1.0,0.45
jazzband/pip-tools,9b244271f370f1d781f2632b39ebc8f0f9a5b1f0,2026-05-08T21:58:27+00:00,0,1,1.0,2.0,0.0,1.0986122886681098,0.0,0.0,0.0,0.0,0.0,0.0,1.0,1.0,0.0,0.0,0.0,0.0,1.0,0.0,0.0,0.0,0.0,34.0,13.0,0.4615384615384615,1.0,1.0,0.45
jazzband/pip-tools,9e5907cd05acbf2859ab84430bbbae8ee0a3ba8d,2026-05-08T22:06:28+00:00,0,1,2.0,1.0,82.0,4.430816798843313,0.0,0.0,0.0,0.0,2.0,0.0,0.0,0.0,0.0,0.0,0.0,1.0,1.0,0.0,0.0,0.3333333333333333,0.2777777777777778,6.0,13.0,0.4615384615384615,0.0,0.0,0.45
jazzband/pip-tools,59c1f32d4d0bebe274031bc8b55062fc0c70a401,2026-05-09T04:57:37+00:00,0,1,1.0,16.0,6.0,3.1354942159291497,0.0,1.0,1.0,0.0,0.0,0.0,0.0,0.0,0.0,0.0,1.0,0.0,0.0,1.0,0.0,0.3333333333333333,0.3333333333333333,6.0,142.0,0.0070422535211267,1.0,1.0,0.35
jazzband/pip-tools,0e649d0e47f3cc44c53964eb4d43c1d18167463b,2026-05-09T19:38:37+00:00,0,1,3.0,70.0,1.0,4.276666119016055,3.0,1.0,1.0,1.0,1.0,0.0,0.0,0.0,0.0,0.0,0.0,0.0,1.0,0.0,0.0,1.0,0.4027777777777778,10.333333333333334,22.0,0.3181818181818182,1.0,0.0,0.3
jazzband/pip-tools,85b93f451762dbefdbf2e21f70104011f42a1586,2026-05-09T19:38:39+00:00,0,1,3.0,11.0,6.0,2.8903717578961645,0.0,2.0,3.0,0.0,0.0,0.0,0.0,0.0,0.0,0.0,1.0,0.0,1.0,0.0,0.0,0.1666666666666666,0.0555555555555555,13.333333333333334,22.0,0.3181818181818182,1.0,0.0,0.3
jazzband/pip-tools,dfb9a8a311c54a6254fa1ebdeb4cd5ce4cd5475b,2026-05-09T19:38:43+00:00,0,2,2.0,6.0,0.0,1.9459101490553132,0.0,0.0,0.0,0.0,1.0,0.0,1.0,1.0,0.0,0.0,0.0,0.0,1.0,0.0,0.0,0.0,0.0,17.5,22.0,0.3181818181818182,1.0,0.0,0.3
jazzband/pip-tools,cbe3c692f8977270e7ae6061c8159450a73c13fe,2026-05-09T19:40:54+00:00,0,1,5.0,107.0,8.0,4.7535901911063645,10.0,1.0,1.0,1.0,1.0,1.0,1.0,0.0,0.0,0.0,0.0,0.0,1.0,0.0,0.0,0.1666666666666666,0.0681818181818181,9.6,22.0,0.3181818181818182,1.0,0.0,0.3
jazzband/pip-tools,2a6030e645869554c1542988b57a015fa06d95b3,2026-05-09T19:42:25+00:00,0,1,4.0,65.0,1.0,4.204692619390966,5.0,1.0,1.0,1.0,1.0,1.0,0.0,0.0,0.0,0.0,0.0,0.0,1.0,0.0,0.0,0.3333333333333333,0.1338383838383838,9.0,22.0,0.3181818181818182,1.0,0.0,0.3
jazzband/pip-tools,55153971eed5c0215e5842185901e54b1fff05a7,2026-05-09T19:42:26+00:00,0,1,2.0,5.0,2.0,2.0794415416798357,1.0,1.0,1.0,0.0,1.0,0.0,0.0,0.0,0.0,0.0,1.0,0.0,1.0,0.0,0.0,0.1111111111111111,0.1111111111111111,4.5,22.0,0.3181818181818182,1.0,0.0,0.3
jazzband/pip-tools,a680239f65a1df8818c7b04a1bfa738882957f1c,2026-05-09T19:42:28+00:00,0,1,2.0,14.0,1.0,2.772588722239781,1.0,0.0,0.0,1.0,1.0,0.0,0.0,0.0,0.0,0.0,0.0,0.0,1.0,0.0,0.0,0.0,0.0,7.5,22.0,0.3181818181818182,1.0,0.0,0.3
jazzband/pip-tools,5633e74780a71186bfe09775b863732d52644b40,2026-05-09T19:46:15+00:00,0,1,1.0,1.0,4.0,1.791759469228055,0.0,1.0,1.0,0.0,0.0,0.0,0.0,0.0,0.0,0.0,1.0,0.0,1.0,0.0,1.0,0.1111111111111111,0.1111111111111111,18.0,22.0,0.3181818181818182,0.0,0.0,0.3
jazzband/pip-tools,4c7a0a6a6ed8669993ed721a21954ebe65422656,2026-05-11T15:31:45+00:00,0,1,1.0,1.0,0.0,0.6931471805599453,0.0,0.0,0.0,0.0,1.0,0.0,0.0,0.0,0.0,0.0,0.0,1.0,1.0,0.0,0.0,0.0,0.0,0.0,29.0,0.2413793103448276,1.0,0.0,0.15
jazzband/pip-tools,15aa2b66f1e491e99e667e28a6d71f29b4cacc89,2026-05-11T16:50:18+00:00,1,1,1.0,10.0,24.0,3.5553480614894135,0.0,0.0,0.0,0.0,0.0,1.0,0.0,0.0,0.0,0.0,0.0,0.0,1.0,0.0,0.0,0.0714285714285714,0.0714285714285714,14.0,4.0,0.0,1.0,0.0,0.1
jazzband/pip-tools,729819f49d7ff7f2d1a4bb0b2cd0520b3415619c,2026-05-11T17:29:34+00:00,0,1,1.0,1.0,1.0,1.0986122886681098,0.0,0.0,0.0,0.0,0.0,0.0,1.0,0.0,0.0,0.0,0.0,0.0,1.0,0.0,0.0,0.0,0.0,66.0,26.0,0.0,1.0,0.0,0.1
jazzband/pip-tools,7695edcc7884f7098953fff6664ff1b042b26edf,2026-05-11T17:38:05+00:00,1,2,1.0,2.0,0.0,1.0986122886681098,0.0,0.0,0.0,0.0,1.0,0.0,0.0,0.0,0.0,0.0,0.0,1.0,1.0,0.0,0.0,0.0,0.0,1.0,30.0,0.2333333333333333,1.0,0.0,0.1
jazzband/pip-tools,1376afb2be7034aa10e1b2b4f9468f721c5d106e,2026-05-12T02:52:49+00:00,1,1,5.0,107.0,8.0,4.7535901911063645,10.0,1.0,1.0,1.0,1.0,1.0,1.0,0.0,0.0,0.0,0.0,0.0,0.0,1.0,1.0,0.1428571428571428,0.0593406593406593,10.8,143.0,0.0069930069930069,1.0,0.0,0.1
jazzband/pip-tools,443ffd958236fef8d76e22f0b8a01bda2e96ed59,2026-05-12T14:41:59+00:00,0,1,2.0,25.0,1.0,3.295836866004329,1.0,0.0,0.0,1.0,1.0,0.0,0.0,0.0,0.0,0.0,0.0,0.0,1.0,0.0,0.0,0.0,0.0,8.5,30.0,0.2333333333333333,1.0,0.0,0.15
jazzband/pip-tools,30393b9b67461be79d3971f9cbc2067df2b78263,2026-05-12T14:51:55+00:00,0,1,1.0,1.0,4.0,1.791759469228055,0.0,1.0,1.0,0.0,0.0,0.0,0.0,0.0,0.0,0.0,1.0,0.0,1.0,0.0,1.0,0.1,0.1,20.0,30.0,0.2333333333333333,0.0,0.0,0.15
jazzband/pip-tools,73a99f1109b01e8816e1056f59a79b789df69ae9,2026-05-12T19:17:13+00:00,0,1,1.0,3.0,1.0,1.6094379124341005,1.0,0.0,0.0,1.0,0.0,0.0,0.0,0.0,0.0,0.0,0.0,0.0,1.0,0.0,1.0,0.0,0.0,1.0,27.0,0.0,0.0,0.0,0.1
jazzband/pip-tools,8f1e78cfc90737c0cf90dc0f3799bafd14f87933,2026-05-12T22:14:31+00:00,1,1,1.0,3.0,1.0,1.6094379124341005,1.0,0.0,0.0,1.0,0.0,0.0,0.0,0.0,0.0,0.0,0.0,0.0,1.0,0.0,1.0,0.0,0.0,31.0,28.0,0.0,0.0,0.0,0.1
jazzband/pip-tools,d3f65df66d4e495292a0f5dba8e53d64db87df6c,2026-05-13T00:02:07+00:00,1,1,12.0,419.0,218.0,6.45833828334479,54.0,3.0,7.0,5.0,0.0,0.0,0.0,0.0,0.0,0.0,0.0,0.0,1.0,0.0,0.0,0.2857142857142857,0.0238095238095238,1.5,32.0,0.21875,0.0,0.0,0.15
jazzband/pip-tools,e4c4daf8883d92c87b8ad5c331806a1f1827af39,2026-05-13T18:42:27+00:00,1,1,4.0,131.0,12.0,4.969813299576001,11.0,2.0,2.0,2.0,0.0,0.0,0.0,0.0,0.0,0.0,0.0,0.0,1.0,0.0,0.0,0.0,0.0,1.0,33.0,0.2424242424242424,0.0,0.0,0.2
jazzband/pip-tools,dd800647b63bee5d46d2342116317e12f2fdd3d5,2026-05-13T19:11:28+00:00,1,1,9.0,177.0,111.0,5.666426688112432,47.0,0.0,0.0,9.0,0.0,0.0,0.0,0.0,0.0,0.0,0.0,0.0,1.0,0.0,1.0,0.5,0.0590277777777777,5.222222222222222,34.0,0.2647058823529412,1.0,1.0,0.25
jazzband/pip-tools,fc6a4e97fc501e42b50ce4875d8a46450c154600,2026-05-13T20:22:58+00:00,1,1,108.0,18534.0,110.0,9.833333292612922,734.0,9.0,47.0,51.0,5.0,1.0,4.0,1.0,0.0,0.0,0.0,0.0,1.0,0.0,0.0,0.6666666666666666,0.1425818550705768,4.4907407407407405,35.0,0.2857142857142857,1.0,1.0,0.3
jazzband/pip-tools,23486b5eedf51bd2043cacaa44f5252237b849d1,2026-05-13T21:24:43+00:00,1,1,80.0,2088.0,1696.0,8.23880116587155,356.0,8.0,43.0,34.0,3.0,0.0,0.0,0.0,0.0,0.0,0.0,0.0,1.0,0.0,1.0,1.0,0.4890530254500843,4.2625,36.0,0.3055555555555556,1.0,1.0,0.35
jazzband/pip-tools,0e7ec9283337126c35bbb068a00f81ce63c2eeea,2026-05-13T22:17:18+00:00,1,1,1.0,9.0,0.0,2.302585092994046,1.0,0.0,0.0,1.0,0.0,0.0,0.0,0.0,0.0,0.0,0.0,0.0,1.0,0.0,1.0,0.1142857142857142,0.1142857142857142,35.0,37.0,0.3243243243243243,1.0,1.0,0.4
jazzband/pip-tools,e64043d0deaf1ec3277e5a226d0928d71b706396,2026-05-14T16:01:40+00:00,1,1,1.0,1.0,1.0,1.0986122886681098,0.0,0.0,0.0,0.0,0.0,0.0,1.0,0.0,0.0,0.0,0.0,0.0,0.0,1.0,0.0,0.0147058823529411,0.0147058823529411,68.0,36.0,0.0,1.0,1.0,0.45
jazzband/pip-tools,0dfc80c07aae416f168956041771d046ce47ef5e,2026-05-14T16:57:13+00:00,0,1,1.0,4.0,4.0,2.1972245773362196,0.0,0.0,0.0,0.0,1.0,0.0,0.0,0.0,0.0,0.0,0.0,1.0,1.0,0.0,0.0,0.0,0.0,1.0,38.0,0.3421052631578947,1.0,0.0,0.5
jazzband/pip-tools,f129240fe6e57c6592d8e8eddaf84da4ba7d41ac,2026-05-14T17:20:24+00:00,1,1,5.0,22.0,12.0,3.5553480614894135,2.0,1.0,1.0,1.0,2.0,1.0,0.0,0.0,0.0,0.0,0.0,0.0,1.0,0.0,1.0,1.0,0.3497826086956521,9.8,38.0,0.3421052631578947,0.0,0.0,0.5
jazzband/pip-tools,8c4ae05e395c08bf6f15e0fe37ceaedd98f293cb,2026-05-14T17:37:51+00:00,0,1,2.0,29.0,17.0,3.8501476017100584,1.0,0.0,0.0,1.0,1.0,0.0,0.0,0.0,0.0,0.0,0.0,0.0,1.0,0.0,0.0,0.1052631578947368,0.0526315789473684,10.5,38.0,0.3421052631578947,1.0,0.0,0.5
jazzband/pip-tools,b9979513822f025c13b121c05002dde59407dcae,2026-05-15T15:42:12+00:00,0,2,3.0,30.0,25.0,4.02535169073515,2.0,0.0,0.0,1.0,2.0,0.0,0.0,0.0,0.0,0.0,0.0,0.0,1.0,0.0,0.0,0.3333333333333333,0.1444444444444444,11.666666666666666,41.0,0.3414634146341463,1.0,0.0,0.55
jazzband/pip-tools,b58c4bbe030138807509998bd983fa1f3df73a45,2026-05-15T15:46:26+00:00,1,2,5.0,22.0,12.0,3.5553480614894135,2.0,1.0,1.0,1.0,2.0,1.0,0.0,0.0,0.0,0.0,0.0,0.0,1.0,0.0,1.0,1.0,0.4472222222222221,10.8,41.0,0.3414634146341463,0.0,0.0,0.55
jazzband/pip-tools,95e8d8edd9e4847eee81e948751f3a473e74d352,2026-05-15T16:55:23+00:00,1,1,3.0,13.0,15.0,3.367295829986474,0.0,0.0,0.0,0.0,3.0,0.0,0.0,0.0,0.0,0.0,0.0,1.0,1.0,0.0,1.0,0.5,0.1666666666666666,2.3333333333333335,144.0,0.0138888888888888,1.0,1.0,0.55
jazzband/pip-tools,a06e1fa99ba271e0672edabe5a19074c5b733c27,2026-05-15T16:58:56+00:00,0,1,2.0,5.0,2.0,2.0794415416798357,1.0,1.0,1.0,0.0,1.0,0.0,0.0,0.0,0.0,0.0,1.0,0.0,0.0,1.0,0.0,0.1818181818181818,0.0909090909090909,6.5,37.0,0.027027027027027,1.0,1.0,0.55
jazzband/pip-tools,c638795157c799733fac432a05abf237c2afd663,2026-05-15T19:17:58+00:00,0,1,1.0,8.0,7.0,2.772588722239781,0.0,0.0,0.0,0.0,1.0,0.0,0.0,0.0,0.0,0.0,0.0,1.0,1.0,0.0,1.0,0.6666666666666666,0.6666666666666666,3.0,145.0,0.0206896551724137,1.0,1.0,0.6
jazzband/pip-tools,e7c1f7a4b93271a36e1c3be81b7e7878e05646c2,2026-05-15T20:04:27+00:00,1,1,1.0,23.0,9.0,3.49650756146648,0.0,0.0,0.0,0.0,0.0,1.0,0.0,0.0,0.0,0.0,0.0,0.0,1.0,0.0,1.0,0.1333333333333333,0.1333333333333333,15.0,146.0,0.0205479452054794,1.0,1.0,0.6
jazzband/pip-tools,7f296310131911ed0d77f964e7ada69a86b32550,2026-05-16T12:15:33+00:00,1,1,1.0,23.0,9.0,3.49650756146648,0.0,0.0,0.0,0.0,0.0,1.0,0.0,0.0,0.0,0.0,0.0,0.0,1.0,0.0,1.0,0.1875,0.1875,16.0,147.0,0.0272108843537414,0.0,0.0,0.6
jazzband/pip-tools,9568c65aa8bfe62c2ff8055646d41b8676fe3f58,2026-05-16T15:48:24+00:00,0,1,2.0,13.0,1.0,2.70805020110221,0.0,0.0,0.0,0.0,1.0,0.0,1.0,1.0,0.0,0.0,0.0,0.0,1.0,0.0,0.0,0.027027027027027,0.0135135135135135,19.0,43.0,0.3255813953488372,1.0,0.0,0.55
jazzband/pip-tools,eb49cc304e18cddbf58111706b490c1e741726c2,2026-05-16T18:02:48+00:00,0,1,2.0,21.0,24.0,3.828641396489095,7.0,0.0,0.0,2.0,0.0,0.0,0.0,0.0,0.0,0.0,0.0,0.0,1.0,0.0,0.0,0.0,0.0,2.0,148.0,0.0337837837837837,0.0,0.0,0.6
jazzband/pip-tools,ea618ea0d37a1017be4b8718701f9416375e0e47,2026-05-16T18:28:33+00:00,0,1,1.0,3.0,2.0,1.791759469228055,0.0,0.0,0.0,0.0,1.0,0.0,0.0,0.0,0.0,0.0,0.0,1.0,1.0,0.0,0.0,0.25,0.25,4.0,148.0,0.0337837837837837,1.0,0.0,0.6
jazzband/pip-tools,6a3c1e6970dd273c2fec2d8cb2a247150c031005,2026-05-17T01:27:37+00:00,1,1,1.0,7.0,8.0,2.772588722239781,0.0,0.0,0.0,0.0,1.0,0.0,0.0,0.0,0.0,0.0,0.0,1.0,1.0,0.0,1.0,0.5,0.5,4.0,150.0,0.0333333333333333,1.0,0.0,0.55
jazzband/pip-tools,f9064b419b19e604c0ae5b7d41011fd381c7116f,2026-05-18T05:37:29+00:00,1,1,1.0,1.0,1.0,1.0986122886681098,0.0,0.0,0.0,0.0,0.0,0.0,1.0,1.0,0.0,0.0,0.0,0.0,1.0,0.0,0.0,0.0263157894736842,0.0263157894736842,38.0,151.0,0.0397350993377483,1.0,0.0,0.55
jazzband/pip-tools,7cd217623d758afe372c94436e166837062c0bed,2026-05-18T06:40:19+00:00,0,1,1.0,3.0,0.0,1.3862943611198906,0.0,0.0,0.0,0.0,0.0,0.0,1.0,0.0,0.0,0.0,0.0,0.0,1.0,0.0,0.0,0.1,0.1,20.0,152.0,0.0460526315789473,1.0,0.0,0.55
jazzband/pip-tools,09f18101998b792465aeae8756dd03651d437d0f,2026-05-18T17:39:57+00:00,1,1,1.0,2.0,2.0,1.6094379124341005,0.0,0.0,0.0,0.0,0.0,0.0,1.0,0.0,0.0,0.0,0.0,0.0,1.0,0.0,0.0,0.0289855072463768,0.0289855072463768,69.0,29.0,0.0344827586206896,1.0,0.0,0.5
jazzband/pip-tools,22b0eba9dad236fd6512a6f17787ba895f9e28e6,2026-05-18T22:12:07+00:00,0,1,2.0,5.0,1.0,1.9459101490553132,0.0,0.0,0.0,0.0,0.0,0.0,2.0,1.0,0.0,0.0,0.0,0.0,1.0,0.0,0.0,0.0952380952380952,0.0732600732600732,30.0,153.0,0.0457516339869281,1.0,0.0,0.5
jazzband/pip-tools,5ddf8ca4e29e21ae61b77730ba42ed2f1552389b,2026-05-19T21:33:12+00:00,1,1,1.0,10.0,24.0,3.5553480614894135,0.0,0.0,0.0,0.0,0.0,1.0,0.0,0.0,0.0,0.0,0.0,0.0,1.0,0.0,0.0,0.2352941176470588,0.2352941176470588,17.0,5.0,0.2,1.0,0.0,0.45
jazzband/pip-tools,a9028e8b67565ae3e137c6bdcfd96325908b8e92,2026-05-20T15:00:20+00:00,0,1,2.0,2.0,1.0,1.3862943611198906,0.0,0.0,0.0,0.0,1.0,0.0,1.0,1.0,0.0,0.0,0.0,0.0,1.0,0.0,0.0,0.05,0.05,20.0,154.0,0.0454545454545454,0.0,0.0,0.5
jazzband/pip-tools,05fd9e6e54159c37e4fa80aa67a1056c5345cdc4,2026-05-20T17:49:37+00:00,0,1,1.0,1.0,1.0,1.0986122886681098,0.0,0.0,0.0,0.0,0.0,0.0,1.0,1.0,0.0,0.0,0.0,0.0,1.0,0.0,0.0,0.048780487804878,0.048780487804878,41.0,155.0,0.0451612903225806,0.0,0.0,0.45
jazzband/pip-tools,946965a17a84d2be068e6461a6447452ac442001,2026-05-21T05:26:13+00:00,0,1,2.0,5.0,2.0,2.0794415416798357,0.0,0.0,0.0,0.0,1.0,0.0,1.0,1.0,0.0,0.0,0.0,0.0,1.0,0.0,0.0,0.0476190476190476,0.0238095238095238,21.5,156.0,0.0448717948717948,0.0,0.0,0.45
jazzband/pip-tools,8777948c73d3e29108b09ac31946447e7e4ead3b,2026-05-21T07:42:55+00:00,0,1,2.0,6.0,2.0,2.1972245773362196,0.0,0.0,0.0,0.0,1.0,0.0,1.0,1.0,0.0,0.0,0.0,0.0,0.0,1.0,0.0,0.0465116279069767,0.0232558139534883,22.5,157.0,0.0445859872611464,1.0,0.0,0.4
jazzband/pip-tools,d4ce6015ea48195043d39feec0aff098cf1d717c,2026-05-21T07:44:19+00:00,0,1,1.0,7.0,8.0,2.772588722239781,0.0,0.0,0.0,0.0,1.0,0.0,0.0,0.0,0.0,0.0,0.0,1.0,1.0,0.0,1.0,0.6,0.6,5.0,157.0,0.0445859872611464,0.0,0.0,0.4
jazzband/pip-tools,d534745ccc62d2aeaf8d902a1cc35c14d9c70aaa,2026-05-21T07:45:37+00:00,1,1,1.0,23.0,9.0,3.49650756146648,0.0,0.0,0.0,0.0,0.0,1.0,0.0,0.0,0.0,0.0,0.0,0.0,1.0,0.0,1.0,0.2777777777777778,0.2777777777777778,18.0,157.0,0.0445859872611464,0.0,0.0,0.4
jazzband/pip-tools,d2119dbe7aa5d1a4d3bce7198d995fa26a822c65,2026-05-21T07:46:03+00:00,0,1,1.0,2.0,2.0,1.6094379124341005,0.0,0.0,0.0,0.0,0.0,0.0,1.0,0.0,0.0,0.0,0.0,0.0,1.0,0.0,0.0,0.0428571428571428,0.0428571428571428,70.0,30.0,0.0666666666666666,0.0,0.0,0.4
jazzband/pip-tools,09901984be6bed3223f0016ff4304214d913a527,2026-05-21T16:01:38+00:00,0,1,3.0,16.0,17.0,3.5263605246161616,0.0,0.0,0.0,0.0,3.0,0.0,0.0,0.0,0.0,0.0,0.0,1.0,0.0,1.0,0.0,0.5,0.3444444444444444,4.666666666666667,160.0,0.05,1.0,0.0,0.4
jazzband/pip-tools,f9113216700859ccbf5a2d07c149cbd2da38f47e,2026-05-21T16:59:35+00:00,0,1,1.0,2.0,2.0,1.6094379124341005,0.0,0.0,0.0,0.0,0.0,0.0,1.0,0.0,0.0,0.0,0.0,0.0,0.0,1.0,0.0,0.0422535211267605,0.0422535211267605,71.0,161.0,0.0496894409937888,1.0,0.0,0.4
jazzband/pip-tools,6800e98c5301f84c1278b006fe8c47d95d8ab9e7,2026-05-21T17:48:32+00:00,0,1,2.0,13.0,1.0,2.70805020110221,0.0,0.0,0.0,0.0,1.0,0.0,1.0,1.0,0.0,0.0,0.0,0.0,0.0,1.0,0.0,0.0454545454545454,0.0227272727272727,23.0,162.0,0.0493827160493827,1.0,0.0,0.35
jazzband/pip-tools,1cc5f07191c4b64d735bdbad60d9f8646f78162d,2026-05-22T01:32:51+00:00,0,1,14.0,149.0,32.0,5.204006687076795,11.0,2.0,2.0,1.0,7.0,1.0,3.0,1.0,0.0,0.0,0.0,0.0,1.0,1.0,0.0,0.4285714285714285,0.162564268131495,15.857142857142858,163.0,0.0490797546012269,0.0,0.0,0.35
jazzband/pip-tools,0656d80adb6ae5024ac186927ee28623a467f4f4,2026-05-22T02:38:26+00:00,0,1,10.0,93.0,77.0,5.14166355650266,0.0,0.0,0.0,0.0,10.0,0.0,0.0,0.0,0.0,0.0,0.0,1.0,1.0,0.0,0.0,0.5,0.4166666666666667,2.5,163.0,0.0490797546012269,1.0,0.0,0.35
jazzband/pip-tools,b5d337ca8a317df173008d5147d6b6e57a1b52dd,2026-05-22T03:09:13+00:00,0,1,2.0,18.0,9.0,3.332204510175204,0.0,0.0,0.0,0.0,2.0,0.0,0.0,0.0,0.0,0.0,0.0,1.0,1.0,0.0,1.0,0.3076923076923077,0.3076923076923077,6.5,164.0,0.048780487804878,0.0,0.0,0.35
jazzband/pip-tools,987b828872735bb556c4afdf5d8a295804dbf9ae,2026-05-22T14:28:21+00:00,0,1,3.0,22.0,13.0,3.58351893845611,0.0,0.0,0.0,0.0,2.0,1.0,0.0,0.0,0.0,0.0,0.0,0.0,0.0,1.0,1.0,0.3157894736842105,0.200501253132832,11.333333333333334,166.0,0.0481927710843373,1.0,0.0,0.3
jazzband/pip-tools,a315fee5354b76afe2ff56240e84d4a66c7db971,2026-05-22T14:32:31+00:00,1,1,1.0,10.0,24.0,3.5553480614894135,0.0,0.0,0.0,0.0,0.0,1.0,0.0,0.0,0.0,0.0,0.0,0.0,1.0,0.0,0.0,0.3157894736842105,0.3157894736842105,19.0,6.0,0.3333333333333333,0.0,0.0,0.3
jazzband/pip-tools,edd1288c9ccce65ba0f63505cbf9c619763b1059,2026-05-22T19:14:27+00:00,0,1,1.0,8.0,15.0,3.1780538303479458,1.0,0.0,0.0,1.0,0.0,0.0,0.0,0.0,0.0,0.0,0.0,0.0,1.0,0.0,0.0,0.0952380952380952,0.0952380952380952,21.0,167.0,0.0479041916167664,1.0,0.0,0.25
jazzband/pip-tools,4934b039daec96b4434063389bc00acac78f5651,2026-05-22T19:33:22+00:00,0,1,1.0,1.0,1.0,1.0986122886681098,0.0,0.0,0.0,0.0,0.0,1.0,0.0,0.0,0.0,0.0,0.0,0.0,1.0,0.0,0.0,0.3333333333333333,0.3333333333333333,21.0,7.0,0.4285714285714285,1.0,0.0,0.25
jazzband/pip-tools,77f05a9790db2d0c6fc0d33d53b62b806e13a13a,2026-05-23T06:10:47+00:00,0,1,1.0,1.0,1.0,1.0986122886681098,0.0,0.0,0.0,0.0,0.0,1.0,0.0,0.0,0.0,0.0,0.0,0.0,0.0,1.0,0.0,0.3181818181818182,0.3181818181818182,22.0,168.0,0.0476190476190476,1.0,0.0,0.2
jazzband/pip-tools,346aebcbc0a5a6449cc5000f7485fec472f59d04,2026-05-23T15:26:28+00:00,0,1,1.0,5.0,0.0,1.791759469228055,0.0,1.0,1.0,0.0,0.0,0.0,0.0,0.0,0.0,0.0,1.0,0.0,1.0,0.0,0.0,0.25,0.25,8.0,169.0,0.0473372781065088,0.0,0.0,0.15
jazzband/pip-tools,b106b97c65461ce51a1d8b6923310b2c5ebee4f0,2026-05-23T15:30:47+00:00,0,1,1.0,2.0,2.0,1.6094379124341005,1.0,0.0,0.0,1.0,0.0,0.0,0.0,0.0,0.0,0.0,0.0,0.0,1.0,0.0,0.0,0.0909090909090909,0.0909090909090909,22.0,169.0,0.0473372781065088,1.0,0.0,0.15
jazzband/pip-tools,34d95f0e7739f504308e1ac15c816b9d31d4308a,2026-05-23T16:37:51+00:00,1,1,3.0,22.0,0.0,3.1354942159291497,1.0,0.0,0.0,1.0,2.0,0.0,0.0,0.0,0.0,0.0,0.0,0.0,0.0,1.0,0.0,0.2666666666666666,0.1178743961352657,14.0,170.0,0.0470588235294117,1.0,0.0,0.15
jazzband/pip-tools,f7ef19c5cb1dbf390fb57d1e318b2a6088099289,2026-05-24T13:15:02+00:00,0,1,4.0,13.0,4.0,2.8903717578961645,0.0,2.0,3.0,0.0,1.0,0.0,0.0,0.0,0.0,0.0,1.0,0.0,0.0,1.0,0.0,0.5,0.2179887106357694,12.5,38.0,0.0263157894736842,1.0,1.0,0.15
jazzband/pip-tools,122a4a6ff445e9dd893ea9e619898b75b04e2090,2026-05-24T20:12:31+00:00,0,1,1.0,1.0,1.0,1.0986122886681098,0.0,0.0,0.0,0.0,1.0,0.0,0.0,0.0,0.0,0.0,0.0,1.0,1.0,0.0,0.0,0.0,0.0,1.0,172.0,0.0523255813953488,0.0,0.0,0.15
jazzband/pip-tools,ea789ca0368bad1cbde3f3eb5de89aee42898733,2026-05-24T21:00:09+00:00,0,1,10.0,93.0,77.0,5.14166355650266,0.0,0.0,0.0,0.0,10.0,0.0,0.0,0.0,0.0,0.0,0.0,1.0,0.0,1.0,0.0,0.4,0.1839393939393939,3.6,173.0,0.0520231213872832,1.0,0.0,0.15
jazzband/pip-tools,58f3e369cb853cf64631a742951d229391732445,2026-05-25T01:46:23+00:00,0,1,5.0,64.0,23.0,4.477336814478207,0.0,0.0,0.0,0.0,5.0,0.0,0.0,0.0,0.0,0.0,0.0,1.0,1.0,0.0,0.0,0.5,0.2976190476190476,4.2,174.0,0.0517241379310344,0.0,0.0,0.15
jazzband/pip-tools,43da0f615ed3703df3480f5e70e3a0600e0993f7,2026-05-25T17:35:37+00:00,0,1,1.0,1.0,1.0,1.0986122886681098,0.0,0.0,0.0,0.0,0.0,0.0,1.0,0.0,0.0,0.0,0.0,0.0,1.0,0.0,0.0,0.0410958904109589,0.0410958904109589,73.0,31.0,0.064516129032258,1.0,0.0,0.1
jazzband/pip-tools,37c4da721076ce966ddf89e816e553296a6a3473,2026-05-25T21:26:15+00:00,1,1,1.0,1.0,1.0,1.0986122886681098,0.0,0.0,0.0,0.0,0.0,0.0,1.0,0.0,0.0,0.0,0.0,0.0,0.0,1.0,0.0,0.0405405405405405,0.0405405405405405,74.0,175.0,0.0514285714285714,1.0,0.0,0.1
jazzband/pip-tools,189f41331964d29db8525450f4c1e44e514303eb,2026-06-08T19:04:50+00:00,1,1,1.0,1.0,1.0,1.0986122886681098,0.0,0.0,0.0,0.0,0.0,0.0,1.0,1.0,0.0,0.0,0.0,0.0,1.0,0.0,0.0,0.0434782608695652,0.0434782608695652,46.0,176.0,0.0568181818181818,1.0,1.0,0.15
jazzband/pip-tools,00c3017a11ab8a1540f50b512a84319827fb33a1,2026-06-09T00:51:19+00:00,0,1,1.0,2.0,2.0,1.6094379124341005,0.0,0.0,0.0,0.0,0.0,0.0,1.0,1.0,0.0,0.0,0.0,0.0,1.0,0.0,0.0,0.0638297872340425,0.0638297872340425,47.0,177.0,0.0621468926553672,1.0,1.0,0.2
jazzband/pip-tools,0b9c154dfca9209875022c559d2882152e128466,2026-06-09T01:38:19+00:00,0,1,1.0,3.0,3.0,1.9459101490553132,0.0,0.0,0.0,0.0,0.0,0.0,1.0,1.0,0.0,0.0,0.0,0.0,0.0,1.0,0.0,0.0625,0.0625,48.0,39.0,0.0256410256410256,1.0,1.0,0.2
jazzband/pip-tools,51fd70e02e90e0d48093a8191157688d97374067,2026-06-09T02:28:18+00:00,0,1,2.0,7.0,0.0,2.0794415416798357,0.0,0.0,0.0,0.0,0.0,0.0,2.0,1.0,0.0,0.0,0.0,0.0,1.0,0.0,0.0,0.0612244897959183,0.0306122448979591,29.5,178.0,0.0617977528089887,1.0,0.0,0.2
jazzband/pip-tools,91636f5a1b49f8ff55b96088e43aa1a3a5dd4b2b,2026-06-09T22:55:59+00:00,0,1,2.0,7.0,0.0,2.0794415416798357,0.0,0.0,0.0,0.0,0.0,0.0,2.0,1.0,0.0,0.0,0.0,0.0,0.0,1.0,0.0,0.06,0.03,30.5,40.0,0.025,1.0,0.0,0.2
jazzband/pip-tools,61d55936c72006293517792ec85e9a90349a5b22,2026-06-15T11:53:35+00:00,0,1,2.0,8.0,0.0,2.1972245773362196,0.0,0.0,0.0,0.0,0.0,0.0,2.0,1.0,0.0,0.0,0.0,0.0,1.0,0.0,0.0,0.0,0.0,10.0,24.0,0.0,1.0,0.0,0.2
jazzband/pip-tools,1b065ba4d25e5d20ab7a88be4d4b3558f5f1695d,2026-06-15T17:34:58+00:00,1,1,1.0,2.0,2.0,1.6094379124341005,0.0,0.0,0.0,0.0,0.0,0.0,1.0,0.0,0.0,0.0,0.0,0.0,1.0,0.0,0.0,0.0533333333333333,0.0533333333333333,75.0,32.0,0.0625,1.0,0.0,0.2
jazzband/pip-tools,056f4850f08bfbe7c6d483a4261b02e0f282fa53,2026-06-20T00:44:29+00:00,1,1,1.0,36.0,31.0,4.219507705176107,20.0,0.0,0.0,1.0,0.0,0.0,0.0,0.0,0.0,0.0,0.0,0.0,1.0,0.0,0.0,0.1388888888888889,0.1388888888888889,36.0,179.0,0.0614525139664804,1.0,0.0,0.25
jazzband/pip-tools,24f4230b0fc9c964100b73f81599b0cc4eaff79a,2026-06-20T01:27:07+00:00,0,1,2.0,8.0,0.0,2.1972245773362196,0.0,0.0,0.0,0.0,0.0,0.0,2.0,1.0,0.0,0.0,0.0,0.0,0.0,1.0,0.0,0.0,0.0,11.0,180.0,0.0666666666666666,1.0,0.0,0.25
jazzband/pip-tools,1c411cf6685b103ac92093b8a55b72d49b238ad5,2026-06-20T04:12:34+00:00,0,1,1.0,2.0,2.0,1.6094379124341005,0.0,0.0,0.0,0.0,0.0,0.0,1.0,0.0,0.0,0.0,0.0,0.0,1.0,0.0,0.0,0.0657894736842105,0.0657894736842105,76.0,33.0,0.0909090909090909,1.0,0.0,0.25
jazzband/pip-tools,0a3035c63152fa17b5dd0c6de5fb53a2efa259a6,2026-07-06T17:39:34+00:00,1,1,1.0,2.0,2.0,1.6094379124341005,0.0,0.0,0.0,0.0,0.0,0.0,1.0,0.0,0.0,0.0,0.0,0.0,1.0,0.0,0.0,0.0649350649350649,0.0649350649350649,77.0,34.0,0.088235294117647,1.0,0.0,0.25
jazzband/pip-tools,54f9c770bd83ae4585fa07f104870f9779b3b738,2026-07-10T19:59:22+00:00,1,1,1.0,10.0,24.0,3.5553480614894135,0.0,0.0,0.0,0.0,0.0,1.0,0.0,0.0,0.0,0.0,0.0,0.0,1.0,0.0,0.0,0.3043478260869565,0.3043478260869565,23.0,8.0,0.375,1.0,0.0,0.3
jazzband/pip-tools,4695c37c231d27065688119a658e9c97ff04efc0,2026-07-11T18:47:46+00:00,0,1,1.0,2.0,4.0,1.9459101490553132,0.0,0.0,0.0,1.0,0.0,1.0,0.0,0.0,0.0,0.0,0.0,0.0,1.0,0.0,1.0,0.0,0.0,0.0,181.0,0.0662983425414364,1.0,0.0,0.35
jazzband/pip-tools,e4c6852172e45520b015497f25623f2a79d068ea,2026-07-13T17:55:56+00:00,1,1,1.0,4.0,4.0,2.1972245773362196,0.0,0.0,0.0,0.0,0.0,0.0,1.0,0.0,0.0,0.0,0.0,0.0,1.0,0.0,0.0,0.0769230769230769,0.0769230769230769,78.0,35.0,0.1142857142857142,1.0,0.0,0.3
jazzband/pip-tools,57637dbf08aeefe88fec7786bcd07cf111f9f662,2026-07-13T21:03:05+00:00,0,1,1.0,2.0,4.0,1.9459101490553132,0.0,0.0,0.0,1.0,0.0,1.0,0.0,0.0,0.0,0.0,0.0,0.0,0.0,1.0,1.0,0.0,0.0,1.0,182.0,0.0659340659340659,1.0,0.0,0.35
jazzband/pip-tools,3d1faf6ad56d649d04930199e6b94110cf7341af,2026-07-13T21:19:20+00:00,0,1,1.0,1.0,1.0,1.0986122886681098,0.0,0.0,0.0,0.0,0.0,1.0,0.0,0.0,0.0,0.0,0.0,0.0,1.0,0.0,0.0,0.3333333333333333,0.3333333333333333,24.0,9.0,0.4444444444444444,0.0,0.0,0.35
jazzband/pip-tools,5247a6bd4ee11e6b88c026b887a52e18a30ae36e,2026-07-13T21:21:10+00:00,0,1,1.0,4.0,4.0,2.1972245773362196,0.0,0.0,0.0,0.0,0.0,0.0,1.0,0.0,0.0,0.0,0.0,0.0,1.0,0.0,0.0,0.0886075949367088,0.0886075949367088,79.0,36.0,0.1388888888888889,0.0,0.0,0.35
jazzband/pip-tools,fc3f877b89c27a89adce4e60d2ed224bae34caff,2026-07-13T22:54:41+00:00,1,1,1.0,1.0,1.0,1.0986122886681098,0.0,0.0,0.0,0.0,0.0,1.0,0.0,0.0,0.0,0.0,0.0,0.0,0.0,1.0,0.0,0.32,0.32,25.0,183.0,0.0655737704918032,1.0,0.0,0.35
jazzband/pip-tools,9a2d2c12a798d1986807a718e2ab0c92f1f9f81c,2026-07-13T23:15:29+00:00,0,1,1.0,4.0,4.0,2.1972245773362196,0.0,0.0,0.0,0.0,0.0,0.0,1.0,0.0,0.0,0.0,0.0,0.0,0.0,1.0,0.0,0.0875,0.0875,80.0,183.0,0.0655737704918032,0.0,0.0,0.35
jazzband/pip-tools,015146e1a114a5b6aee00f1c8d3a23db7f5898b0,2026-07-15T09:17:31+00:00,0,1,24.0,134.0,70.0,5.3230099791384085,0.0,0.0,0.0,0.0,24.0,0.0,0.0,0.0,0.0,0.0,0.0,1.0,1.0,0.0,0.0,0.375,0.0691043083900226,3.375,185.0,0.0702702702702702,1.0,0.0,0.4
jazzband/pip-tools,cbe77f06a778a6ccf5cf338f8e0a62fe7b9847c0,2026-07-16T05:03:45+00:00,0,1,1.0,2.0,2.0,1.6094379124341005,0.0,0.0,0.0,0.0,1.0,0.0,0.0,0.0,0.0,0.0,0.0,1.0,1.0,0.0,0.0,0.0,0.0,13.0,186.0,0.0698924731182795,1.0,0.0,0.35
jazzband/pip-tools,27f6a968be04fa60c0873d9025bd5e1824e09082,2026-07-17T03:16:33+00:00,1,3,24.0,134.0,70.0,5.3230099791384085,0.0,0.0,0.0,0.0,24.0,0.0,0.0,0.0,0.0,0.0,0.0,1.0,0.0,1.0,0.0,0.3333333333333333,0.0503472222222222,4.416666666666667,187.0,0.0695187165775401,1.0,0.0,0.3
jazzband/pip-tools,482f92bcb2786e63f58e80fd41b6a01b0153539d,2026-07-22T15:06:44+00:00,0,1,1.0,1.0,0.0,0.6931471805599453,0.0,0.0,0.0,0.0,1.0,0.0,0.0,0.0,0.0,0.0,0.0,1.0,1.0,0.0,0.0,0.0,0.0,0.0,0.0,0.0,0.0,0.0,0.35
jazzband/pip-tools,a2035a13359c37a70d36f37645be6cd2fe4b4851,2026-07-24T13:07:32+00:00,0,1,2.0,3.0,0.0,1.3862943611198906,0.0,0.0,0.0,0.0,1.0,1.0,0.0,0.0,0.0,0.0,0.0,0.0,1.0,0.0,0.0,0.2777777777777778,0.2777777777777778,9.0,188.0,0.0744680851063829,1.0,1.0,0.35
jazzband/pip-tools,c5dd954e5ca0cc0accdf79330a0d1056417161b1,2026-07-24T14:27:32+00:00,1,1,3.0,72.0,8.0,4.394449154672439,4.0,1.0,1.0,1.0,1.0,0.0,0.0,0.0,0.0,0.0,0.0,0.0,1.0,0.0,0.0,0.24,0.24,8.333333333333334,189.0,0.074074074074074,1.0,1.0,0.35
jazzband/pip-tools,02ac2fefa28e03984365c484c73428b635244de1,2026-07-24T15:21:55+00:00,0,1,3.0,72.0,8.0,4.394449154672439,4.0,1.0,1.0,1.0,1.0,0.0,0.0,0.0,0.0,0.0,0.0,0.0,1.0,0.0,0.0,1.0,0.7564102564102564,9.333333333333334,190.0,0.0789473684210526,1.0,1.0,0.4
jazzband/pip-tools,39e4dbcd8c9266447ff9fc395472acc7bc07c702,2026-07-24T15:27:35+00:00,0,1,1.0,1.0,1.0,1.0986122886681098,0.0,0.0,0.0,0.0,1.0,0.0,0.0,0.0,0.0,0.0,0.0,1.0,1.0,0.0,0.0,0.0,0.0,1.0,41.0,0.024390243902439,1.0,0.0,0.4
jazzband/pip-tools,6bdd2abcaea3883949733b412c76ebb21945069d,2026-07-24T15:56:10+00:00,0,1,2.0,2.0,2.0,1.6094379124341005,0.0,0.0,0.0,0.0,1.0,0.0,1.0,1.0,0.0,0.0,0.0,0.0,1.0,0.0,1.0,0.0588235294117647,0.0588235294117647,25.5,191.0,0.0785340314136125,1.0,1.0,0.35
jazzband/pip-tools,d57cb5f60a5644b10222d0183c2286244d36b397,2026-07-24T18:29:02+00:00,0,1,1.0,2.0,1.0,1.3862943611198906,0.0,0.0,0.0,0.0,1.0,0.0,0.0,0.0,0.0,0.0,0.0,1.0,1.0,0.0,0.0,0.5,0.5,2.0,191.0,0.0785340314136125,1.0,0.0,0.35
jazzband/pip-tools,7696792d0d9241e754079cc0e857fb780186ab79,2026-07-24T20:04:24+00:00,0,1,2.0,3.0,0.0,1.3862943611198906,0.0,0.0,0.0,0.0,1.0,1.0,0.0,0.0,0.0,0.0,0.0,0.0,0.0,1.0,1.0,0.2631578947368421,0.131578947368421,10.5,192.0,0.078125,1.0,1.0,0.3
jazzband/pip-tools,63a01f956c210819022ffc7f03154dcd815dbc11,2026-07-24T20:07:56+00:00,0,1,1.0,10.0,24.0,3.5553480614894135,0.0,0.0,0.0,0.0,0.0,1.0,0.0,0.0,0.0,0.0,0.0,0.0,1.0,0.0,0.0,0.3461538461538461,0.3461538461538461,26.0,10.0,0.4,0.0,0.0,0.3
jazzband/pip-tools,1710b92c9f2201bf5771daabc2d2336d34988f58,2026-07-24T21:12:51+00:00,0,1,1.0,1.0,1.0,1.0986122886681098,0.0,0.0,0.0,0.0,0.0,1.0,0.0,0.0,0.0,0.0,0.0,0.0,1.0,0.0,0.0,0.3333333333333333,0.3333333333333333,27.0,11.0,0.3636363636363636,1.0,0.0,0.3
jazzband/pip-tools,bccf97a64210a5951588608b6f33301c73ee8871,2026-07-24T21:40:44+00:00,0,1,2.0,2.0,2.0,1.6094379124341005,0.0,0.0,0.0,0.0,1.0,0.0,1.0,1.0,0.0,0.0,0.0,0.0,0.0,1.0,1.0,0.0576923076923076,0.0288461538461538,26.5,193.0,0.077720207253886,1.0,0.0,0.3
jazzband/pip-tools,e84d7436b134c433efc9ea35082606cf7ad7dd30,2026-07-25T05:33:30+00:00,0,1,3.0,49.0,0.0,3.912023005428146,3.0,1.0,1.0,1.0,1.0,0.0,0.0,0.0,0.0,0.0,0.0,0.0,1.0,0.0,0.0,0.0,0.0,5.0,0.0,0.0,1.0,0.0,0.2
jazzband/pip-tools,82ff3904d07d681306b23fcfe090706af8474f12,2026-07-28T18:59:22+00:00,0,1,1.0,1.0,1.0,1.0986122886681098,0.0,0.0,0.0,0.0,0.0,1.0,0.0,0.0,0.0,0.0,0.0,0.0,0.0,1.0,0.0,0.3214285714285714,0.3214285714285714,28.0,42.0,0.0238095238095238,1.0,0.0,0.15
jazzband/pip-tools,8a7f3e8d5545f3e105588dfedc16fab4483a4440,2026-07-29T14:44:43+00:00,0,1,1.0,1.0,1.0,1.0986122886681098,0.0,0.0,0.0,0.0,0.0,0.0,1.0,1.0,0.0,0.0,0.0,0.0,1.0,0.0,1.0,0.0,0.0,0.0,195.0,0.0769230769230769,0.0,0.0,0.15
jazzband/pip-tools,e7f9099f5a87e5c08fbdd9b6e6d7b8f2132cb8d4,2026-07-29T15:38:59+00:00,0,1,3.0,51.0,29.0,4.394449154672439,0.0,0.0,0.0,0.0,2.0,0.0,2.0,1.0,0.0,0.0,0.0,0.0,0.0,1.0,1.0,0.0,0.0,1.6666666666666667,196.0,0.0765306122448979,1.0,0.0,0.15
jazzband/pip-tools,c0f0572ae026d784a7cf2a567bd06987114ee550,2026-07-30T20:36:38+00:00,1,1,3.0,3.0,1.0,1.6094379124341005,0.0,0.0,0.0,0.0,2.0,0.0,1.0,0.0,0.0,0.0,0.0,0.0,1.0,0.0,0.0,0.0869565217391304,0.0869565217391304,7.666666666666667,0.0,0.0,0.0,0.0,0.15
jazzband/pip-tools,0946c55381d9b81e51ebef667a19f634c6e29218,2026-07-31T03:48:34+00:00,0,1,1.0,6.0,10.0,2.833213344056216,1.0,0.0,0.0,1.0,0.0,0.0,0.0,0.0,0.0,0.0,0.0,0.0,1.0,0.0,1.0,0.5,0.5,10.0,1.0,1.0,1.0,1.0,0.15
jazzband/pip-tools,5b25569e9a9ed7a2f7f7603c61b15562b5d51f16,2026-07-31T04:31:49+00:00,0,1,1.0,1.0,0.0,0.6931471805599453,0.0,0.0,0.0,0.0,1.0,0.0,0.0,0.0,0.0,0.0,0.0,1.0,1.0,0.0,0.0,0.0,0.0,0.0,1.0,0.0,0.0,0.0,0.15
jazzband/pip-tools,2e89294937a038a54fe668472280263c52f24fe1,2026-07-31T16:19:42+00:00,0,1,6.0,137.0,2.0,4.941642422609304,0.0,1.0,1.0,0.0,4.0,1.0,0.0,0.0,0.0,0.0,1.0,0.0,1.0,0.0,0.0,0.3333333333333333,0.2579022988505747,8.666666666666666,2.0,0.5,0.0,0.0,0.15
jazzband/pip-tools,75869b8d7831577e54e1f3b840d13c50f8395d9a,2026-08-04T23:53:49+00:00,1,1,1.0,3.0,0.0,1.3862943611198906,3.0,0.0,0.0,1.0,0.0,0.0,0.0,0.0,0.0,0.0,0.0,0.0,1.0,0.0,1.0,0.125,0.125,24.0,3.0,0.3333333333333333,1.0,0.0,0.15
jazzband/pip-tools,d5ff77918eae77505aa41878f382f1e4975331ae,2026-08-07T01:54:58+00:00,0,1,2.0,14.0,10.0,3.218875824868201,0.0,0.0,0.0,0.0,2.0,0.0,0.0,0.0,0.0,0.0,0.0,1.0,1.0,0.0,0.0,0.5,0.25,1.5,4.0,0.5,1.0,0.0,0.15
jazzband/pip-tools,61777e6bf86e0d8cd0909502a9f36af7d0f66b6a,2026-08-07T02:11:21+00:00,0,1,2.0,28.0,18.0,3.8501476017100584,3.0,1.0,1.0,1.0,0.0,0.0,0.0,0.0,0.0,0.0,0.0,0.0,1.0,0.0,0.0,0.5,0.3796296296296296,14.5,197.0,0.0761421319796954,1.0,0.0,0.15
jazzband/pip-tools,29e28ed670d7f98e55fda425bf5741b5c9d272ea,2026-08-07T03:12:13+00:00,0,1,11.0,239.0,23.0,5.572154032177765,0.0,1.0,1.0,0.0,9.0,1.0,0.0,0.0,0.0,0.0,1.0,0.0,0.0,1.0,0.0,0.3333333333333333,0.1848382010146716,8.0,198.0,0.0757575757575757,1.0,0.0,0.15
jazzband/pip-tools,958131d94baa57678e1a7bb29b57f4294b178e01,2026-08-07T04:04:52+00:00,0,1,2.0,2.0,2.0,1.6094379124341005,2.0,2.0,2.0,0.0,0.0,0.0,0.0,0.0,0.0,0.0,1.0,0.0,1.0,0.0,1.0,0.1538461538461538,0.1435897435897435,14.0,5.0,0.4,1.0,0.0,0.1
jazzband/pip-tools,a6a547ac6abe881b57261c560fb77bfa20a9c35d,2026-08-07T04:52:21+00:00,0,1,1.0,11.0,10.0,3.091042453358316,6.0,0.0,0.0,1.0,0.0,0.0,0.0,0.0,0.0,0.0,0.0,0.0,1.0,0.0,1.0,0.16,0.16,25.0,6.0,0.3333333333333333,1.0,0.0,0.1
jazzband/pip-tools,9675360a4bd01056be25e1f611e2f76d321e6384,2026-08-07T05:24:48+00:00,0,1,2.0,2.0,2.0,1.6094379124341005,2.0,2.0,2.0,0.0,0.0,0.0,0.0,0.0,0.0,0.0,1.0,0.0,0.0,1.0,1.0,0.1428571428571428,0.1339285714285714,15.0,199.0,0.0753768844221105,1.0,0.0,0.1
jazzband/pip-tools,3017e1883054acfc024c2f3985f2fec118f12bb3,2026-08-07T06:55:15+00:00,0,1,1.0,32.0,41.0,4.30406509320417,6.0,0.0,0.0,1.0,0.0,0.0,0.0,0.0,0.0,0.0,0.0,0.0,1.0,0.0,0.0,0.1538461538461538,0.1538461538461538,26.0,7.0,0.2857142857142857,0.0,0.0,0.1
jazzband/pip-tools,67dbce4c484fa34eb80679db3618b34ff712d2a8,2026-08-07T12:15:54+00:00,0,1,3.0,83.0,8.0,4.5217885770490405,3.0,1.0,1.0,1.0,1.0,0.0,0.0,0.0,0.0,0.0,0.0,0.0,0.0,1.0,1.0,0.3333333333333333,0.3055555555555555,11.333333333333334,200.0,0.075,1.0,0.0,0.1
jazzband/pip-tools,38f7cec5e58962a5eef516ddaff503f9eae432b9,2026-08-07T15:33:25+00:00,0,1,1.0,11.0,10.0,3.091042453358316,6.0,0.0,0.0,1.0,0.0,0.0,0.0,0.0,0.0,0.0,0.0,0.0,0.0,1.0,1.0,0.1481481481481481,0.1481481481481481,27.0,201.0,0.0746268656716417,1.0,0.0,0.1
jazzband/pip-tools,66bd44681a8855418cb51b0b817f22a9d7e039b3,2026-08-07T20:45:07+00:00,0,1,1.0,4.0,1.0,1.791759469228055,1.0,0.0,0.0,1.0,0.0,0.0,0.0,0.0,0.0,0.0,0.0,0.0,1.0,0.0,0.0,0.1428571428571428,0.1428571428571428,28.0,8.0,0.25,1.0,0.0,0.1
jazzband/pip-tools,be3feba19f990d0e54abe721b3b60a8169b91e8e,2026-08-07T21:35:43+00:00,0,1,7.0,128.0,126.0,5.541263545158426,56.0,0.0,0.0,7.0,0.0,0.0,0.0,0.0,0.0,0.0,0.0,0.0,0.0,1.0,1.0,0.4545454545454545,0.1674397751983959,13.142857142857142,202.0,0.0742574257425742,1.0,0.0,0.1
jazzband/pip-tools,e4c6ac5b48dc2f1e6447a85a116bad8f5690a61a,2026-08-09T19:55:05+00:00,0,1,1.0,10.0,0.0,2.3978952727983707,0.0,0.0,0.0,0.0,1.0,0.0,0.0,0.0,0.0,0.0,0.0,1.0,1.0,0.0,0.0,0.0,0.0,1.0,25.0,0.0,0.0,0.0,0.1
jazzband/pip-tools,d375eaec74c5817ba2544dc3b803e53fe65446e5,2026-08-10T17:34:46+00:00,1,1,7.0,39.0,11.0,3.9318256327243257,5.0,2.0,4.0,1.0,2.0,0.0,0.0,0.0,0.0,0.0,0.0,0.0,1.0,0.0,0.0,1.0,0.2482758620689655,5.142857142857143,9.0,0.2222222222222222,0.0,0.0,0.1
jazzband/pip-tools,d50abd79d4fb8a390c007e16ab8647d9c1abe495,2026-08-10T17:42:35+00:00,0,1,1.0,2.0,2.0,1.6094379124341005,0.0,0.0,0.0,0.0,0.0,0.0,1.0,0.0,0.0,0.0,0.0,0.0,1.0,0.0,0.0,0.0864197530864197,0.0864197530864197,81.0,37.0,0.1351351351351351,1.0,0.0,0.1
jazzband/pip-tools,041bf6f970b0a61cacc90c2d50bed375b9a30228,2026-08-10T20:35:22+00:00,0,1,2.0,3.0,2.0,1.791759469228055,3.0,1.0,1.0,1.0,0.0,0.0,0.0,0.0,0.0,0.0,0.0,0.0,1.0,0.0,0.0,0.5,0.3833333333333333,16.0,203.0,0.0738916256157635,0.0,0.0,0.15
jazzband/pip-tools,a37111927f6865add0baf1f143b072cf9ebf93a1,2026-08-10T21:24:34+00:00,0,1,1.0,6.0,3.0,2.302585092994046,1.0,1.0,1.0,0.0,0.0,0.0,0.0,0.0,0.0,0.0,1.0,0.0,1.0,0.0,0.0,0.2580645161290322,0.2580645161290322,31.0,10.0,0.3,1.0,0.0,0.15
jazzband/pip-tools,b62ac68053b87e810d73084663cd3edfbdeff198,2026-08-10T21:39:23+00:00,0,1,1.0,2.0,2.0,1.6094379124341005,0.0,0.0,0.0,0.0,0.0,0.0,1.0,0.0,0.0,0.0,0.0,0.0,0.0,1.0,0.0,0.0853658536585365,0.0853658536585365,82.0,43.0,0.0232558139534883,1.0,0.0,0.15
jazzband/pip-tools,2f62a446a6ff780ba10b8fda133c59b900fdd753,2026-08-10T22:41:23+00:00,0,1,17.0,167.0,52.0,5.393627546352362,12.0,5.0,10.0,4.0,2.0,0.0,1.0,0.0,0.0,0.0,0.0,0.0,0.0,1.0,0.0,1.0,0.2598173589611283,12.176470588235292,204.0,0.0735294117647058,1.0,0.0,0.1
jazzband/pip-tools,fcb5adc485304ea9c4e966af810d541a0cf4fcb0,2026-08-10T23:03:59+00:00,0,1,8.0,42.0,15.0,4.060443010546419,0.0,0.0,0.0,0.0,8.0,0.0,0.0,0.0,0.0,0.0,0.0,1.0,1.0,0.0,0.0,1.0,0.1880952380952381,3.75,11.0,0.2727272727272727,0.0,0.0,0.1
jazzband/pip-tools,bde325c946f4f8317782310b5607d9dba734ad63,2026-08-11T19:32:33+00:00,0,1,8.0,42.0,15.0,4.060443010546419,0.0,0.0,0.0,0.0,8.0,0.0,0.0,0.0,0.0,0.0,0.0,1.0,1.0,0.0,0.0,0.3333333333333333,0.0744791666666666,5.0,12.0,0.25,1.0,0.0,0.1
jazzband/pip-tools,5bc5ded0b685637d6dffb926c00829220b4c6834,2026-08-11T22:13:42+00:00,0,1,8.0,42.0,15.0,4.060443010546419,0.0,0.0,0.0,0.0,8.0,0.0,0.0,0.0,0.0,0.0,0.0,1.0,0.0,1.0,0.0,0.25,0.0594362745098039,6.0,205.0,0.073170731707317,1.0,0.0,0.05
jazzband/pip-tools,86de5f1365717abea9ac7587e06d2f5027706a8c,2026-08-12T02:25:10+00:00,1,1,10.0,14.0,27.0,3.737669618283368,7.0,3.0,4.0,1.0,1.0,1.0,3.0,1.0,0.0,0.0,0.0,0.0,1.0,0.0,0.0,0.25,0.095872767742099,26.9,13.0,0.2307692307692307,1.0,0.0,0.05
jazzband/pip-tools,aed08778053c562bb6dd41f5ade4d969f46df9db,2026-08-12T03:11:25+00:00,1,1,1.0,1.0,7.0,2.1972245773362196,0.0,1.0,1.0,0.0,0.0,0.0,0.0,0.0,0.0,0.0,1.0,0.0,1.0,0.0,1.0,0.2,0.2,10.0,14.0,0.2857142857142857,0.0,0.0,0.1
jazzband/pip-tools,1301cf5214f2545ceb71e48b3d495e94568cd267,2026-08-12T04:10:41+00:00,0,1,2.0,8.0,3.0,2.4849066497880004,2.0,1.0,1.0,1.0,0.0,0.0,0.0,0.0,0.0,0.0,0.0,0.0,1.0,0.0,0.0,0.1333333333333333,0.1222222222222222,24.0,15.0,0.3333333333333333,0.0,0.0,0.15
jazzband/pip-tools,eac8fca937cd6713d9a33ff440dc2957f43e7564,2026-08-12T05:49:10+00:00,1,1,14.0,47.0,1143.0,7.0825485693553,57.0,3.0,4.0,6.0,4.0,0.0,0.0,0.0,0.0,0.0,0.0,0.0,1.0,0.0,0.0,0.5,0.2245966874256348,14.0,15.0,0.3333333333333333,1.0,0.0,0.15
jazzband/pip-tools,73603e7084ff00078e805626f8de8418b21a1533,2026-08-12T16:46:45+00:00,0,1,2.0,16.0,9.0,3.258096538021482,2.0,0.0,0.0,1.0,0.0,0.0,1.0,0.0,0.0,0.0,0.0,0.0,1.0,0.0,1.0,0.0952380952380952,0.0476190476190476,43.5,17.0,0.3529411764705882,1.0,0.0,0.2
jazzband/pip-tools,d0757135020b42f45282540a46f00289aee09246,2026-08-12T23:16:50+00:00,0,1,3.0,103.0,25.0,4.859812404361672,6.0,2.0,2.0,1.0,0.0,0.0,0.0,0.0,0.0,0.0,0.0,0.0,1.0,0.0,0.0,0.125,0.125,8.0,18.0,0.3333333333333333,1.0,0.0,0.2
jazzband/pip-tools,bf8d7e00a7952288112fa119d21d64f7b02ed214,2026-08-12T23:59:37+00:00,0,1,1.0,18.0,0.0,2.9444389791664403,1.0,0.0,0.0,1.0,0.0,0.0,0.0,0.0,0.0,0.0,0.0,0.0,1.0,0.0,0.0,0.3,0.3,10.0,19.0,0.3157894736842105,1.0,0.0,0.2
jazzband/pip-tools,9210b3377690116230134d8b43aee2db3f87b418,2026-08-13T00:16:51+00:00,0,1,1.0,1.0,0.0,0.6931471805599453,0.0,1.0,1.0,0.0,0.0,0.0,0.0,0.0,0.0,0.0,1.0,0.0,1.0,0.0,0.0,0.2727272727272727,0.2727272727272727,11.0,19.0,0.3157894736842105,1.0,0.0,0.2
jazzband/pip-tools,fb61ab44007d58095e7b944491cf7f3051a1e039,2026-08-13T00:40:05+00:00,0,1,2.0,2.0,2.0,1.6094379124341005,0.0,0.0,0.0,0.0,1.0,0.0,1.0,1.0,0.0,0.0,0.0,0.0,1.0,0.0,0.0,0.074074074074074,0.074074074074074,27.0,20.0,0.3,1.0,0.0,0.2
jazzband/pip-tools,360318f3b9cc770c8edc25a090b5668e58aa3286,2026-08-13T00:58:36+00:00,0,1,1.0,33.0,0.0,3.5263605246161616,2.0,0.0,0.0,1.0,0.0,0.0,0.0,0.0,0.0,0.0,0.0,0.0,1.0,0.0,0.0,0.0,0.0,0.0,22.0,0.2727272727272727,1.0,0.0,0.2
jazzband/pip-tools,5dc4e0d3b62a65c28292109120fdfe0085631cb3,2026-08-13T01:17:07+00:00,0,1,3.0,35.0,4.0,3.688879454113936,3.0,1.0,2.0,1.0,0.0,0.0,0.0,0.0,0.0,0.0,0.0,0.0,1.0,0.0,0.0,0.5454545454545454,0.2954545454545454,11.0,22.0,0.2727272727272727,0.0,0.0,0.2
jazzband/pip-tools,ea3748292f9bd3d1a94da324559201cf6e700305,2026-08-14T15:27:29+00:00,1,1,1.0,18.0,0.0,2.9444389791664403,1.0,0.0,0.0,1.0,0.0,0.0,0.0,0.0,0.0,0.0,0.0,0.0,0.0,1.0,0.0,0.2727272727272727,0.2727272727272727,11.0,206.0,0.0728155339805825,0.0,0.0,0.2
jazzband/pip-tools,bada570bf3c47793355e694aa503c50bdeacfbf5,2026-08-14T15:36:25+00:00,0,1,1.0,1.0,0.0,0.6931471805599453,0.0,1.0,1.0,0.0,0.0,0.0,0.0,0.0,0.0,0.0,1.0,0.0,1.0,0.0,0.0,0.25,0.25,12.0,24.0,0.25,0.0,0.0,0.2
jazzband/pip-tools,38ab0369faf74718b9065a5ea40bdad8300fc920,2026-08-14T15:59:49+00:00,0,1,6.0,197.0,5.0,5.313205979041787,3.0,0.0,0.0,3.0,0.0,0.0,3.0,1.0,0.0,0.0,0.0,0.0,1.0,0.0,0.0,0.1538461538461538,0.0377622377622377,15.5,206.0,0.0728155339805825,0.0,0.0,0.2
jazzband/pip-tools,2a7bbe1f219fa2453c5c51b4c5a4eb4d6f6fa3eb,2026-08-14T16:05:36+00:00,0,1,6.0,197.0,5.0,5.313205979041787,3.0,0.0,0.0,3.0,0.0,0.0,3.0,1.0,0.0,0.0,0.0,0.0,1.0,0.0,0.0,0.1538461538461538,0.0377622377622377,15.5,207.0,0.0772946859903381,1.0,1.0,0.2
jazzband/pip-tools,8f2b7888ddbef793d4a3da977b5badf2298128a6,2026-08-14T18:51:05+00:00,0,1,1.0,1.0,0.0,0.6931471805599453,0.0,1.0,1.0,0.0,0.0,0.0,0.0,0.0,0.0,0.0,1.0,0.0,0.0,1.0,0.0,0.2307692307692307,0.2307692307692307,13.0,209.0,0.0765550239234449,1.0,1.0,0.2
jazzband/pip-tools,d7116c5f970d0f1995de6288f7391061a8ea85da,2026-08-15T00:17:33+00:00,0,1,1.0,9.0,0.0,2.302585092994046,2.0,0.0,0.0,1.0,0.0,0.0,0.0,0.0,0.0,0.0,0.0,0.0,1.0,0.0,0.0,0.0,0.0,2.0,25.0,0.24,0.0,0.0,0.2
jazzband/pip-tools,3a54d0cde32f9124122d16b789f14b5dd35ceb38,2026-08-15T01:32:07+00:00,0,1,1.0,42.0,0.0,3.7612001156935624,2.0,0.0,0.0,1.0,0.0,0.0,0.0,0.0,0.0,0.0,0.0,0.0,0.0,1.0,0.0,0.0,0.0,3.0,210.0,0.0761904761904762,1.0,0.0,0.2
jazzband/pip-tools,499432cac93f4b6003bec238aa1aeb76ede8c5ad,2026-08-15T01:39:35+00:00,0,1,1.0,1.0,1.0,1.0986122886681098,1.0,0.0,0.0,1.0,0.0,0.0,0.0,0.0,0.0,0.0,0.0,0.0,1.0,0.0,0.0,0.0,0.0,1.0,26.0,0.2307692307692307,1.0,0.0,0.2
jazzband/pip-tools,aa27edbd6ef9933bd564bb47952d781723fce8db,2026-08-15T01:40:08+00:00,0,1,6.0,9.0,22.0,3.4657359027997265,3.0,1.0,1.0,0.0,1.0,1.0,3.0,1.0,0.0,0.0,1.0,0.0,1.0,0.0,0.0,1.0,0.2854774190377905,36.166666666666664,26.0,0.2307692307692307,1.0,0.0,0.2
jazzband/pip-tools,d1ce0e103f31847ec539a5924e0e1752cd6e5318,2026-08-15T01:40:45+00:00,0,1,3.0,35.0,4.0,3.688879454113936,3.0,1.0,2.0,1.0,0.0,0.0,0.0,0.0,0.0,0.0,0.0,0.0,1.0,0.0,0.0,0.5,0.181159420289855,12.666666666666666,26.0,0.2307692307692307,0.0,0.0,0.2
jazzband/pip-tools,d9cc1f485c50d44c6c80b2f1d4213c3a609f7dd2,2026-08-15T02:18:37+00:00,0,1,1.0,4.0,4.0,2.1972245773362196,0.0,0.0,0.0,0.0,0.0,0.0,1.0,1.0,0.0,0.0,0.0,0.0,1.0,0.0,0.0,0.0701754385964912,0.0701754385964912,57.0,26.0,0.2307692307692307,1.0,0.0,0.2
jazzband/pip-tools,a758b28d715c01937d8b3e27ec8d96877a404503,2026-08-15T07:59:02+00:00,0,1,1.0,6.0,4.0,2.3978952727983707,1.0,1.0,1.0,0.0,0.0,0.0,0.0,0.0,0.0,0.0,1.0,0.0,1.0,0.0,0.0,0.0416666666666666,0.0416666666666666,24.0,30.0,0.2,1.0,0.0,0.1
jazzband/pip-tools,ee7a5327796fb32b14087a12714c8e7759dff010,2026-08-15T14:35:03+00:00,0,1,1.0,6.0,4.0,2.3978952727983707,1.0,1.0,1.0,0.0,0.0,0.0,0.0,0.0,0.0,0.0,1.0,0.0,0.0,1.0,0.0,0.04,0.04,25.0,44.0,0.0227272727272727,1.0,0.0,0.1
jazzband/pip-tools,9b918fdd80b414af64bddd83a074a37997a5d923,2026-08-15T19:27:46+00:00,0,1,49.0,1130.0,294.0,7.261927092702751,114.0,7.0,16.0,15.0,11.0,2.0,6.0,1.0,0.0,0.0,0.0,0.0,1.0,1.0,0.0,0.5,0.1577180911564559,13.653061224489797,0.0,0.0,0.0,0.0,0.05
jazzband/pip-tools,99943231de508af3a7232cd55be44805ccd7ea88,2026-08-15T21:56:05+00:00,0,1,2.0,2.0,0.0,1.0986122886681098,0.0,0.0,0.0,0.0,2.0,0.0,0.0,0.0,0.0,0.0,0.0,1.0,1.0,0.0,0.0,0.0,0.0,0.0,31.0,0.1935483870967742,1.0,0.0,0.05
jazzband/pip-tools,ce259da151be138de6a3c23f1bb506ef37970513,2026-08-17T17:51:32+00:00,0,1,1.0,2.0,2.0,1.6094379124341005,0.0,0.0,0.0,0.0,0.0,0.0,1.0,0.0,0.0,0.0,0.0,0.0,1.0,0.0,0.0,0.0919540229885057,0.0919540229885057,87.0,38.0,0.131578947368421,1.0,0.0,0.05
jazzband/pip-tools,7b962c0a583e264df6ba52e6357c1654747d75d8,2026-08-19T08:11:07+00:00,0,1,1.0,2.0,2.0,1.6094379124341005,0.0,0.0,0.0,0.0,0.0,0.0,1.0,0.0,0.0,0.0,0.0,0.0,0.0,1.0,0.0,0.0909090909090909,0.0909090909090909,88.0,45.0,0.0222222222222222,1.0,0.0,0.05
jazzband/pip-tools,a1f3d88277063dccf65b1c5b7dfc29bc3b6ff7c8,2026-08-22T00:51:25+00:00,0,1,1.0,17.0,0.0,2.8903717578961645,1.0,0.0,0.0,1.0,0.0,0.0,0.0,0.0,0.0,0.0,0.0,0.0,1.0,0.0,0.0,0.2,0.2,5.0,32.0,0.1875,1.0,0.0,0.05
jazzband/pip-tools,bb80934a1b61ca0ac21f731f589fca12ff4afe25,2026-08-22T00:54:54+00:00,0,1,6.0,9.0,22.0,3.4657359027997265,3.0,1.0,1.0,0.0,1.0,1.0,3.0,1.0,0.0,0.0,1.0,0.0,1.0,0.0,0.0,0.5,0.1943569701752408,38.333333333333336,32.0,0.1875,0.0,0.0,0.05
jazzband/pip-tools,f30c84870e8751a7bea1e726c30a780e93909fd4,2026-08-22T01:41:04+00:00,0,1,1.0,28.0,1.0,3.4011973816621555,2.0,0.0,0.0,1.0,0.0,0.0,0.0,0.0,0.0,0.0,0.0,0.0,1.0,0.0,0.0,0.1904761904761904,0.1904761904761904,42.0,34.0,0.1764705882352941,1.0,0.0,0.05
jazzband/pip-tools,1cfbe8a2e06ca266b84d71a671277b9a50de5371,2026-08-22T06:21:36+00:00,0,1,1.0,27.0,3.0,3.4339872044851463,2.0,0.0,0.0,1.0,0.0,0.0,0.0,0.0,0.0,0.0,0.0,0.0,1.0,0.0,0.0,0.1666666666666666,0.1666666666666666,6.0,35.0,0.1714285714285714,1.0,0.0,0.05
jazzband/pip-tools,a1c6e0b8c6f9aa1105dc341b6f82e2deaa3ec69f,2026-08-22T09:58:36+00:00,0,1,1.0,28.0,1.0,3.4011973816621555,2.0,0.0,0.0,1.0,0.0,0.0,0.0,0.0,0.0,0.0,0.0,0.0,0.0,1.0,0.0,0.1860465116279069,0.1860465116279069,43.0,46.0,0.0217391304347826,1.0,0.0,0.0
jazzband/pip-tools,0de7144fe0c4a1d41ff9a5d4d2ab31872cf436e8,2026-08-22T10:26:41+00:00,0,1,1.0,1.0,1.0,1.0986122886681098,1.0,0.0,0.0,1.0,0.0,0.0,0.0,0.0,0.0,0.0,0.0,0.0,0.0,1.0,0.0,0.0,0.0,2.0,46.0,0.0217391304347826,0.0,0.0,0.0
jazzband/pip-tools,6f2efe19f29b6160c5b0866fa4ced6b1f1721c76,2026-08-22T14:53:14+00:00,0,1,1.0,7.0,5.0,2.5649493574615367,1.0,0.0,0.0,1.0,0.0,0.0,0.0,0.0,0.0,0.0,0.0,0.0,1.0,0.0,0.0,0.1428571428571428,0.1428571428571428,7.0,36.0,0.1666666666666666,1.0,0.0,0.0
jazzband/pip-tools,c58d5d945c0f20e9713e10f5fea2491a5c984f39,2026-08-22T15:40:19+00:00,0,1,1.0,44.0,1.0,3.828641396489095,2.0,0.0,0.0,1.0,0.0,0.0,0.0,0.0,0.0,0.0,0.0,0.0,0.0,1.0,0.0,0.125,0.125,8.0,211.0,0.0758293838862559,1.0,0.0,0.0
jazzband/pip-tools,4f8f3abdd7ba2585e905983afc08fc518d82d86a,2026-08-23T07:00:09+00:00,1,1,5.0,790.0,951.0,7.462789157412448,181.0,0.0,0.0,4.0,1.0,0.0,0.0,0.0,0.0,0.0,0.0,0.0,1.0,0.0,0.0,0.1818181818181818,0.0833333333333333,17.4,37.0,0.1621621621621621,1.0,0.0,0.0
jazzband/pip-tools,68093186081eb09219af5204bc05c3866f3afd30,2026-08-23T21:35:46+00:00,0,1,2.0,8.0,12.0,3.044522437723423,1.0,0.0,0.0,2.0,0.0,0.0,0.0,0.0,0.0,0.0,0.0,0.0,1.0,0.0,0.0,0.2,0.2,22.5,38.0,0.1842105263157894,1.0,1.0,0.05
jazzband/pip-tools,9bbcac913dbd5248dfc59aeeb3412734b8cabf42,2026-08-24T01:46:25+00:00,0,1,1.0,23.0,0.0,3.1780538303479458,1.0,0.0,0.0,1.0,0.0,0.0,0.0,0.0,0.0,0.0,0.0,0.0,1.0,0.0,0.0,0.0,0.0,0.0,39.0,0.1794871794871795,1.0,0.0,0.05
jazzband/pip-tools,06cbe8069d154870132a8f3dffcfe3760190f649,2026-08-24T03:58:21+00:00,0,1,2.0,35.0,0.0,3.58351893845611,2.0,0.0,0.0,2.0,0.0,0.0,0.0,0.0,0.0,0.0,0.0,0.0,1.0,0.0,0.0,0.1956521739130435,0.0978260869565217,23.5,40.0,0.175,1.0,0.0,0.05
jazzband/pip-tools,61b66729b6a43ec32c16398194f9f761b603f732,2026-08-31T17:47:24+00:00,1,1,1.0,1.0,1.0,1.0986122886681098,0.0,0.0,0.0,0.0,0.0,0.0,1.0,0.0,0.0,0.0,0.0,0.0,1.0,0.0,0.0,0.0888888888888888,0.0888888888888888,90.0,39.0,0.1282051282051282,1.0,0.0,0.05
jazzband/pip-tools,6c4358d94b9b9b6d21612e520f1e9c81031fd4b9,2026-09-07T11:13:05+00:00,1,1,3.0,16.0,2.0,2.9444389791664403,2.0,1.0,1.0,1.0,1.0,0.0,0.0,0.0,0.0,0.0,0.0,0.0,1.0,0.0,1.0,0.3076923076923077,0.2094017094017094,13.333333333333334,0.0,0.0,1.0,0.0,0.1
jazzband/pip-tools,925a01d1f3b7248961a45f167849be2e281ca2c9,2026-09-10T15:27:48+00:00,0,1,4.0,54.0,14.0,4.23410650459726,5.0,3.0,3.0,0.0,1.0,0.0,0.0,0.0,0.0,0.0,1.0,0.0,1.0,0.0,0.0,0.1428571428571428,0.0899470899470899,13.75,41.0,0.1707317073170731,1.0,1.0,0.15
jazzband/pip-tools,9d5291328df70c85bf11c12277d190e7e41dd6e6,2026-09-10T22:12:14+00:00,0,1,2.0,6.0,5.0,2.4849066497880004,2.0,1.0,1.0,0.0,1.0,0.0,0.0,0.0,0.0,0.0,1.0,0.0,1.0,0.0,0.0,0.0,0.0,1.0,42.0,0.1666666666666666,1.0,0.0,0.15
jazzband/pip-tools,6ac50ddd1e29fb02cf15f64465a6721e77209dca,2026-09-14T17:43:28+00:00,1,1,1.0,2.0,2.0,1.6094379124341005,0.0,0.0,0.0,0.0,0.0,0.0,1.0,0.0,0.0,0.0,0.0,0.0,1.0,0.0,0.0,0.0989010989010989,0.0989010989010989,91.0,40.0,0.15,1.0,0.0,0.15
jazzband/pip-tools,b500d51ff1e2d8e67a8e013a19a29c728c9c907f,2026-09-16T15:47:29+00:00,1,1,2.0,12.0,8.0,3.044522437723423,4.0,1.0,1.0,1.0,0.0,0.0,0.0,0.0,0.0,0.0,0.0,0.0,1.0,0.0,0.0,0.3571428571428571,0.1785714285714285,8.0,212.0,0.0754716981132075,1.0,0.0,0.2
jazzband/pip-tools,194d79a74cbee102c8268a37cd297f4b0d4f7b99,2026-09-18T01:30:37+00:00,1,1,1.0,11.0,25.0,3.610917912644224,0.0,0.0,0.0,0.0,0.0,1.0,0.0,0.0,0.0,0.0,0.0,0.0,1.0,0.0,0.0,0.28125,0.28125,32.0,12.0,0.3333333333333333,1.0,0.0,0.25
jazzband/pip-tools,e4187bda8ba559e4bc1991db0635b76a86ab079c,2026-09-18T19:57:23+00:00,1,1,6.0,75.0,16.0,4.5217885770490405,6.0,3.0,3.0,1.0,2.0,0.0,0.0,0.0,0.0,0.0,0.0,0.0,0.0,1.0,0.0,1.0,0.3178297755883963,13.0,213.0,0.0798122065727699,1.0,0.0,0.3
jazzband/pip-tools,b1163e23ae1a7e471cae16deb9c2145d73fd7298,2026-09-19T01:26:50+00:00,1,1,1.0,2.0,2.0,1.6094379124341005,0.0,0.0,0.0,0.0,0.0,0.0,1.0,0.0,0.0,0.0,0.0,0.0,1.0,0.0,0.0,0.108695652173913,0.108695652173913,92.0,41.0,0.1707317073170731,1.0,1.0,0.35
jazzband/pip-tools,5b0f22581bd723fbeca390505a8a82edafbdebda,2026-09-19T02:21:15+00:00,1,1,1.0,2.0,2.0,1.6094379124341005,0.0,0.0,0.0,0.0,0.0,0.0,1.0,0.0,0.0,0.0,0.0,0.0,0.0,1.0,0.0,0.1182795698924731,0.1182795698924731,93.0,48.0,0.0208333333333333,1.0,1.0,0.4
jazzband/pip-tools,bc9eaf5264984ddf9b65c28ac472ffbf0cc74cfb,2026-09-19T06:05:21+00:00,1,1,2.0,1.0,3.0,1.6094379124341005,0.0,0.0,0.0,0.0,2.0,0.0,0.0,0.0,0.0,0.0,0.0,1.0,1.0,0.0,1.0,0.0526315789473684,0.0263157894736842,17.0,43.0,0.1627906976744186,1.0,1.0,0.45
jazzband/pip-tools,f98c3594290b7e9b11093333c3548699ed267edb,2026-09-19T06:21:56+00:00,0,1,2.0,16.0,16.0,3.49650756146648,0.0,0.0,0.0,0.0,1.0,0.0,1.0,0.0,0.0,0.0,0.0,0.0,1.0,0.0,0.0,0.1290322580645161,0.1290322580645161,15.5,43.0,0.1627906976744186,0.0,0.0,0.45
jazzband/pip-tools,e43f5f009cc45dc89b21ccfc7b2b900355ee6e97,2026-09-22T16:06:10+00:00,0,1,4.0,56.0,2.0,4.07753744390572,0.0,0.0,0.0,0.0,2.0,1.0,1.0,0.0,0.0,0.0,0.0,0.0,0.0,1.0,1.0,0.25,0.125,14.25,49.0,0.0408163265306122,1.0,1.0,0.5
jazzband/pip-tools,f3b2f02f74a7e8498fdc7ca9a7d1785664d25552,2026-09-22T18:28:09+00:00,0,1,2.0,1.0,3.0,1.6094379124341005,0.0,0.0,0.0,0.0,2.0,0.0,0.0,0.0,0.0,0.0,0.0,1.0,1.0,0.0,1.0,0.1,0.08125,18.0,45.0,0.1777777777777777,1.0,0.0,0.5
jazzband/pip-tools,5b7e07c985e04b83f026dcde83dba3d42a718902,2026-09-22T20:46:25+00:00,0,1,6.0,9.0,22.0,3.4657359027997265,3.0,1.0,1.0,0.0,1.0,1.0,3.0,1.0,0.0,0.0,1.0,0.0,1.0,0.0,0.0,0.3333333333333333,0.166481651769409,40.5,46.0,0.1739130434782608,0.0,0.0,0.5
jazzband/pip-tools,2c19c02a95585ca630923b397ba14bf852822dd3,2026-09-22T20:48:03+00:00,0,1,3.0,103.0,25.0,4.859812404361672,6.0,2.0,2.0,1.0,0.0,0.0,0.0,0.0,0.0,0.0,0.0,0.0,1.0,0.0,0.0,0.1111111111111111,0.037037037037037,9.666666666666666,46.0,0.1739130434782608,0.0,0.0,0.5
jazzband/pip-tools,58854f545a493c1da58a1a73d67f9de224c89244,2026-09-28T17:52:47+00:00,0,1,1.0,2.0,2.0,1.6094379124341005,0.0,0.0,0.0,0.0,0.0,0.0,1.0,0.0,0.0,0.0,0.0,0.0,1.0,0.0,0.0,0.1263157894736842,0.1263157894736842,95.0,42.0,0.1904761904761904,0.0,0.0,0.5
jazzband/pip-tools,29e1ef3d50ed387ac122268602c5028ba3eee97b,2026-09-28T20:10:06+00:00,1,1,1.0,2.0,2.0,1.6094379124341005,0.0,0.0,0.0,0.0,0.0,0.0,1.0,0.0,0.0,0.0,0.0,0.0,0.0,1.0,0.0,0.125,0.125,96.0,50.0,0.04,0.0,0.0,0.45
jazzband/pip-tools,e2fd0a353e5a78252c8c3df80a11aba2a00e1025,2026-09-28T22:01:16+00:00,0,1,1.0,1.0,1.0,1.0986122886681098,0.0,0.0,0.0,0.0,0.0,1.0,0.0,0.0,0.0,0.0,0.0,0.0,1.0,0.0,0.0,0.303030303030303,0.303030303030303,33.0,13.0,0.3846153846153846,1.0,0.0,0.5
jazzband/pip-tools,28538e4385d270b8500cc5e2088294cf13456aee,2026-09-28T22:57:19+00:00,0,1,1.0,1.0,1.0,1.0986122886681098,0.0,0.0,0.0,0.0,0.0,1.0,0.0,0.0,0.0,0.0,0.0,0.0,0.0,1.0,0.0,0.2941176470588235,0.2941176470588235,34.0,214.0,0.0841121495327102,1.0,1.0,0.5
jazzband/pip-tools,b6ec68aa7897ddf661461365afac41c10f21bed4,2026-10-01T16:35:44+00:00,0,1,1.0,2.0,1.0,1.3862943611198906,0.0,0.0,0.0,0.0,1.0,0.0,0.0,0.0,0.0,0.0,0.0,1.0,1.0,0.0,0.0,0.0,0.0,0.0,0.0,0.0,0.0,0.0,0.5
jazzband/pip-tools,2190d1e0474747020eac9e814ae13ef1a989c5d6,2026-10-02T06:46:32+00:00,0,1,1.0,1.0,1.0,1.0986122886681098,0.0,0.0,0.0,0.0,1.0,0.0,0.0,0.0,0.0,0.0,0.0,1.0,1.0,0.0,0.0,0.0,0.0,1.0,0.0,0.0,1.0,0.0,0.45
pallets/click,ff795b66ba945239c779b528171f5fe4536cf844,2026-03-15T05:51:28+00:00,0,1,1.0,2.0,2.0,1.6094379124341005,0.0,0.0,0.0,0.0,0.0,0.0,1.0,0.0,0.0,0.0,0.0,0.0,1.0,0.0,0.0,0.0,0.0,0.0,0.0,0.0,0.0,0.0,0.0
pallets/click,781d6a88bdd30229e72a84cd6753b0235f339679,2026-03-15T05:53:02+00:00,0,1,6.0,24.0,24.0,3.8918202981106265,0.0,0.0,0.0,0.0,0.0,0.0,6.0,1.0,0.0,0.0,0.0,0.0,0.0,1.0,0.0,0.0,0.0,0.1666666666666666,0.0,0.0,0.0,0.0,0.0
pallets/click,5540af65b0a7ff97a4252445ff103b59fcf1862f,2026-03-15T05:53:22+00:00,0,1,6.0,24.0,24.0,3.8918202981106265,0.0,0.0,0.0,0.0,0.0,0.0,6.0,1.0,0.0,0.0,0.0,0.0,1.0,1.0,0.0,0.0,0.0,0.1666666666666666,0.0,0.0,0.0,0.0,0.0
pallets/click,5db412ad777a40881c884dc0e17ade539dd58b67,2026-03-15T05:55:57+00:00,0,1,6.0,24.0,24.0,3.8918202981106265,0.0,0.0,0.0,0.0,0.0,0.0,6.0,1.0,0.0,0.0,0.0,0.0,1.0,1.0,0.0,0.0,0.0,2.1666666666666665,1.0,0.0,0.0,0.0,0.0
pallets/click,3a7c9d96ac4819c996917d9ff330c708cf6c6ffe,2026-03-18T18:29:26+00:00,0,1,2.0,29.0,0.0,3.4011973816621555,3.0,1.0,1.0,1.0,0.0,0.0,0.0,0.0,0.0,0.0,0.0,0.0,1.0,0.0,1.0,0.0,0.0,0.0,0.0,0.0,0.0,0.0,0.0
pallets/click,91a979d692f51881da6b598e6cd48542de639f72,2026-03-19T00:38:40+00:00,0,1,3.0,33.0,0.0,3.5263605246161616,5.0,2.0,2.0,1.0,0.0,0.0,0.0,0.0,0.0,0.0,0.0,0.0,1.0,0.0,0.0,0.0,0.0,0.0,0.0,0.0,0.0,0.0,0.0
pallets/click,6065e69bc249ab17bb1a38b1107e6f0dcbb8f14e,2026-03-19T00:39:14+00:00,0,1,2.0,4.0,0.0,1.6094379124341005,0.0,1.0,1.0,1.0,0.0,0.0,0.0,0.0,0.0,0.0,0.0,0.0,1.0,0.0,1.0,0.0,0.0,0.0,0.0,0.0,0.0,0.0,0.0
pallets/click,b9c7cbcb9e587739572a69a87dae3f885f3b6768,2026-03-19T11:52:23+00:00,0,1,1.0,3.0,3.0,1.9459101490553132,1.0,1.0,1.0,0.0,0.0,0.0,0.0,0.0,0.0,0.0,1.0,0.0,1.0,0.0,1.0,0.0,0.0,0.0,0.0,0.0,0.0,0.0,0.0
pallets/click,6439ba2b568e43f4e5771cab1ed243f1d3951032,2026-03-19T22:15:29+00:00,0,1,2.0,70.0,0.0,4.2626798770413155,7.0,1.0,1.0,1.0,0.0,0.0,0.0,0.0,0.0,0.0,0.0,0.0,1.0,0.0,0.0,0.0,0.0,0.5,0.0,0.0,0.0,0.0,0.0
pallets/click,42c0b7c0fd85434150185ca2da37f3dc771de024,2026-03-19T22:16:04+00:00,0,1,1.0,1.0,1.0,1.0986122886681098,0.0,0.0,0.0,1.0,0.0,0.0,0.0,0.0,0.0,0.0,0.0,0.0,1.0,0.0,1.0,0.0,0.0,0.0,1.0,0.0,0.0,0.0,0.0
pallets/click,94db5a48e78c1f319509f06d40884f83db1c7ebf,2026-03-19T23:41:03+00:00,0,1,2.0,16.0,1.0,2.8903717578961645,2.0,1.0,1.0,1.0,0.0,0.0,0.0,0.0,0.0,0.0,0.0,0.0,1.0,0.0,1.0,0.0,0.0,0.0,0.0,0.0,0.0,0.0,0.0
pallets/click,1af7bdbf3f061ca58c444d38841b5f5dfe2599ee,2026-03-19T23:55:30+00:00,0,1,2.0,40.0,2.0,3.7612001156935624,2.0,1.0,1.0,1.0,0.0,0.0,0.0,0.0,0.0,0.0,0.0,0.0,1.0,0.0,0.0,0.0,0.0,0.5,1.0,0.0,0.0,0.0,0.0
pallets/click,311aae10efac3dbf880f2005df158d28cd33e2d0,2026-03-21T00:52:13+00:00,0,1,2.0,28.0,2.0,3.4339872044851463,3.0,1.0,1.0,1.0,0.0,0.0,0.0,0.0,0.0,0.0,0.0,0.0,1.0,0.0,0.0,0.0,0.0,0.5,1.0,0.0,0.0,0.0,0.0
pallets/click,933c531d0cabad8af456b9b6debaafed2f637155,2026-03-21T00:52:51+00:00,0,1,1.0,1.0,1.0,1.0986122886681098,0.0,0.0,0.0,1.0,0.0,0.0,0.0,0.0,0.0,0.0,0.0,0.0,1.0,0.0,1.0,0.0,0.0,1.0,2.0,0.0,0.0,0.0,0.0
pallets/click,4d6140a8272e153ddf0e2f330b21b1aa58d8d741,2026-03-22T18:33:32+00:00,0,1,3.0,21.0,6.0,3.332204510175204,4.0,1.0,2.0,1.0,0.0,0.0,0.0,0.0,0.0,0.0,0.0,0.0,1.0,0.0,1.0,0.0,0.0,1.0,0.0,0.0,0.0,0.0,0.0
pallets/click,e7bcefd6e078d4d0f7c10e74495c00adee363a24,2026-03-22T18:34:11+00:00,0,1,1.0,1.0,0.0,0.6931471805599453,1.0,0.0,0.0,1.0,0.0,0.0,0.0,0.0,0.0,0.0,0.0,0.0,1.0,0.0,1.0,0.0,0.0,1.0,3.0,0.0,0.0,0.0,0.0
pallets/click,90dda27670e35b3f42d7d2bdc5176bdeebc2a34b,2026-03-23T03:09:24+00:00,0,1,1.0,3.0,0.0,1.3862943611198906,1.0,0.0,0.0,1.0,0.0,0.0,0.0,0.0,0.0,0.0,0.0,0.0,1.0,0.0,0.0,0.0,0.0,0.0,0.0,0.0,0.0,0.0,0.0
pallets/click,bc16d8a612ad7cd09e5a12711f44da1c7268ab34,2026-03-23T17:29:16+00:00,0,1,1.0,1.0,0.0,0.6931471805599453,1.0,1.0,1.0,0.0,0.0,0.0,0.0,0.0,0.0,0.0,1.0,0.0,1.0,0.0,1.0,0.0,0.0,2.0,0.0,0.0,0.0,0.0,0.0
pallets/click,cdaea104b2187a8481f3490c937616d8a03c9574,2026-03-25T02:22:16+00:00,0,1,3.0,20.0,1.0,3.091042453358316,2.0,1.0,1.0,1.0,1.0,0.0,0.0,0.0,0.0,0.0,0.0,0.0,1.0,0.0,1.0,0.0,0.0,1.3333333333333333,0.0,0.0,0.0,0.0,0.0
pallets/click,8bb35d752fa7b332b87886e7993b5a562a729e62,2026-03-25T17:54:28+00:00,0,1,1.0,3.0,3.0,1.9459101490553132,3.0,0.0,0.0,1.0,0.0,0.0,0.0,0.0,0.0,0.0,0.0,0.0,1.0,0.0,1.0,0.0,0.0,0.0,0.0,0.0,0.0,0.0,0.0
pallets/click,2007cd074d8f18eeb753fde575153b2c66403146,2026-03-25T17:57:44+00:00,0,1,1.0,2.0,1.0,1.3862943611198906,1.0,0.0,0.0,1.0,0.0,0.0,0.0,0.0,0.0,0.0,0.0,0.0,1.0,0.0,1.0,0.0,0.0,1.0,1.0,0.0,1.0,0.0,0.0
pallets/click,bf4b0bb0d6df347337935dcf763199cf75bc787b,2026-03-25T20:39:11+00:00,0,1,1.0,4.0,6.0,2.3978952727983707,1.0,1.0,1.0,0.0,0.0,0.0,0.0,0.0,0.0,0.0,1.0,0.0,1.0,0.0,0.0,0.0,0.0,1.0,0.0,0.0,0.0,0.0,0.0
pallets/click,f20eb46fc9cb5b197635336bbc9ee16b35ff44b2,2026-03-25T20:54:12+00:00,0,1,1.0,4.0,6.0,2.3978952727983707,1.0,1.0,1.0,0.0,0.0,0.0,0.0,0.0,0.0,0.0,1.0,0.0,1.0,0.0,0.0,0.0,0.0,2.0,1.0,0.0,0.0,0.0,0.0
pallets/click,5605c8e41cddba7716eb8ebea5aca94f81d92fe6,2026-03-28T14:48:51+00:00,0,1,1.0,1.0,0.0,0.6931471805599453,1.0,1.0,1.0,0.0,0.0,0.0,0.0,0.0,0.0,0.0,1.0,0.0,1.0,0.0,1.0,0.0,0.0,3.0,0.0,0.0,0.0,0.0,0.0
pallets/click,d514a5b648298b18399e8b90bb78b2c30c79ce87,2026-03-28T15:41:18+00:00,0,1,2.0,39.0,8.0,3.871201010907891,3.0,1.0,1.0,1.0,0.0,0.0,0.0,0.0,0.0,0.0,0.0,0.0,1.0,0.0,1.0,0.0,0.0,0.0,0.0,0.0,0.0,0.0,0.0
pallets/click,2126ee09d8a0cc7f39e28b60e6bb23e9f9446776,2026-03-29T13:12:36+00:00,0,1,3.0,42.0,7.0,3.912023005428146,5.0,1.0,2.0,1.0,0.0,0.0,0.0,0.0,0.0,0.0,0.0,0.0,1.0,0.0,1.0,0.0,0.0,2.3333333333333335,0.0,0.0,0.0,0.0,0.0
pallets/click,9401175a2857091ee6b40b1ad25b073c0fa93d62,2026-03-29T16:52:18+00:00,0,1,2.0,24.0,0.0,3.218875824868201,2.0,1.0,1.0,1.0,0.0,0.0,0.0,0.0,0.0,0.0,0.0,0.0,1.0,0.0,0.0,0.0,0.0,2.0,0.0,0.0,0.0,0.0,0.0
pallets/click,bdddc4cd221fb82cfa49ebd71b7535f6f01eb3b3,2026-03-30T02:36:19+00:00,0,1,3.0,283.0,0.0,5.648974238161206,15.0,0.0,0.0,3.0,0.0,0.0,0.0,0.0,0.0,0.0,0.0,0.0,1.0,0.0,0.0,0.0,0.0,1.3333333333333333,0.0,0.0,0.0,0.0,0.0
pallets/click,10786ca7696185cec9110042684303215188847e,2026-03-30T02:36:53+00:00,0,1,1.0,1.0,0.0,0.6931471805599453,1.0,0.0,0.0,1.0,0.0,0.0,0.0,0.0,0.0,0.0,0.0,0.0,1.0,0.0,1.0,0.0,0.0,4.0,4.0,0.0,0.0,0.0,0.0
pallets/click,2706b09a7ffa1ac6e246da472883110b423f74dd,2026-03-30T02:50:41+00:00,0,1,3.0,384.0,213.0,6.393590753950631,46.0,0.0,0.0,3.0,0.0,0.0,0.0,0.0,0.0,0.0,0.0,0.0,1.0,0.0,0.0,0.0,0.0,2.6666666666666665,1.0,0.0,1.0,0.0,0.0
pallets/click,c141b14c2cc95a0e06e9acb4e894e22739705ef5,2026-03-30T02:51:20+00:00,0,1,1.0,1.0,3.0,1.6094379124341005,1.0,0.0,0.0,1.0,0.0,0.0,0.0,0.0,0.0,0.0,0.0,0.0,1.0,0.0,1.0,0.0,0.0,6.0,5.0,0.0,0.0,0.0,0.0
pallets/click,0ed833db0ce727ae9aa2aa0aa9415b6b3ce09f67,2026-03-30T03:06:53+00:00,0,1,3.0,333.0,136.0,6.152732694704104,33.0,0.0,0.0,3.0,0.0,0.0,0.0,0.0,0.0,0.0,0.0,0.0,1.0,0.0,0.0,0.0,0.0,3.0,2.0,0.0,1.0,0.0,0.0
pallets/click,89a20d79d210f0111c616c97611067c1542adbbd,2026-03-30T03:07:30+00:00,0,1,2.0,10.0,3.0,2.6390573296152584,3.0,0.0,0.0,2.0,0.0,0.0,0.0,0.0,0.0,0.0,0.0,0.0,1.0,0.0,1.0,0.0,0.0,4.5,6.0,0.0,0.0,0.0,0.0
pallets/click,933355753835dbef18440ad0c5dd2ee415a98c75,2026-03-30T08:25:13+00:00,0,1,1.0,3.0,0.0,1.3862943611198906,0.0,0.0,0.0,0.0,0.0,0.0,1.0,1.0,0.0,0.0,0.0,0.0,1.0,0.0,0.0,0.0,0.0,3.0,2.0,0.0,1.0,0.0,0.0
pallets/click,3c3d22f5ec9e2ea1118b64dc8afb7b0eb5d461f1,2026-03-30T08:29:02+00:00,0,1,1.0,12.0,4.0,2.833213344056216,1.0,1.0,1.0,0.0,0.0,0.0,0.0,0.0,0.0,0.0,1.0,0.0,1.0,0.0,1.0,0.0,0.0,4.0,0.0,0.0,0.0,0.0,0.0
pallets/click,0f3f4e3edc392a52f734c593fc2d1e48abe63e68,2026-03-30T08:31:07+00:00,0,1,1.0,1.0,0.0,0.6931471805599453,0.0,0.0,0.0,0.0,0.0,0.0,1.0,1.0,0.0,0.0,0.0,0.0,1.0,0.0,0.0,0.0,0.0,4.0,3.0,0.0,1.0,0.0,0.0
pallets/click,be06d27c461707bb438a9b765f974d88cf4988db,2026-04-01T04:56:36+00:00,0,1,1.0,41.0,0.0,3.737669618283368,5.0,1.0,1.0,0.0,0.0,0.0,0.0,0.0,0.0,0.0,1.0,0.0,1.0,0.0,0.0,0.0,0.0,2.0,0.0,0.0,0.0,0.0,0.0
pallets/click,7320b4019eb7203f9e4a7e398f6811b4531dd8fb,2026-04-01T16:45:06+00:00,0,1,1.0,1.0,1.0,1.0986122886681098,1.0,1.0,1.0,0.0,0.0,0.0,0.0,0.0,0.0,0.0,1.0,0.0,1.0,0.0,1.0,0.0,0.0,5.0,2.0,0.0,1.0,0.0,0.0
pallets/click,19cfea79bad2de0a8954607969d5bd2c69e26712,2026-04-01T16:49:50+00:00,0,1,2.0,29.0,5.0,3.5553480614894135,4.0,1.0,1.0,1.0,0.0,0.0,0.0,0.0,0.0,0.0,0.0,0.0,1.0,0.0,1.0,0.0,0.0,8.0,3.0,0.0,1.0,0.0,0.0
pallets/click,67b64ce3bdb968ae32c26c907ee4e5ba868644bc,2026-04-03T05:59:25+00:00,0,1,1.0,21.0,12.0,3.5263605246161616,0.0,0.0,0.0,0.0,0.0,0.0,1.0,1.0,0.0,0.0,0.0,0.0,1.0,0.0,0.0,0.0,0.0,5.0,4.0,0.0,1.0,0.0,0.0
pallets/click,57be6fc2b40eb40279d022e6aabc983ee0dfb7a9,2026-04-03T06:09:03+00:00,0,1,1.0,21.0,8.0,3.4011973816621555,0.0,0.0,0.0,0.0,0.0,0.0,1.0,1.0,0.0,0.0,0.0,0.0,1.0,0.0,0.0,0.0,0.0,6.0,5.0,0.0,1.0,0.0,0.0
pallets/click,a0a37e411820861d48e21b131fdd840abaf746e0,2026-04-03T06:10:34+00:00,0,1,1.0,21.0,8.0,3.4011973816621555,0.0,0.0,0.0,0.0,0.0,0.0,1.0,1.0,0.0,0.0,0.0,0.0,0.0,1.0,0.0,0.0,0.0,7.0,2.0,0.0,1.0,0.0,0.0
pallets/click,93d3f9d22e90035bc2b51c2183c15bd4a021376f,2026-04-03T06:14:13+00:00,0,1,3.0,6.0,3.0,2.302585092994046,0.0,1.0,1.0,0.0,1.0,1.0,0.0,0.0,0.0,0.0,1.0,0.0,1.0,0.0,0.0,0.0,0.0,0.3333333333333333,6.0,0.0,0.0,0.0,0.0
pallets/click,502b7ce7b131473ef00a3586e60bb000f33b4c43,2026-04-03T06:15:03+00:00,0,1,6.0,41.0,28.0,4.248495242049359,0.0,0.0,0.0,0.0,0.0,0.0,6.0,1.0,0.0,0.0,0.0,0.0,1.0,1.0,0.0,0.0,0.0,4.0,7.0,0.0,1.0,0.0,0.0
pallets/click,052c006033729bbb422cbdad0c4fee988ecb5aa5,2026-04-03T06:19:01+00:00,0,1,1.0,1.0,1.0,1.0986122886681098,0.0,0.0,0.0,0.0,1.0,0.0,0.0,0.0,0.0,0.0,0.0,1.0,1.0,0.0,0.0,0.0,0.0,2.0,8.0,0.0,1.0,0.0,0.0
pallets/click,9b64eb3d2887aac45f0106deb5053f0f085fce4e,2026-04-03T11:36:03+00:00,0,1,1.0,1.0,1.0,1.0986122886681098,1.0,1.0,1.0,0.0,0.0,0.0,0.0,0.0,0.0,0.0,1.0,0.0,1.0,0.0,1.0,0.0,0.0,2.0,0.0,0.0,0.0,0.0,0.0
pallets/click,40fab56cf6603164538889a82c508c66cbc45dca,2026-04-03T11:36:47+00:00,0,1,1.0,3.0,1.0,1.6094379124341005,1.0,1.0,1.0,0.0,0.0,0.0,0.0,0.0,0.0,0.0,1.0,0.0,1.0,0.0,1.0,0.0,0.0,3.0,7.0,0.0,1.0,0.0,0.0
pallets/click,e4dbb3e8f4878a80a3a6b8380216f5f49eb7e6a7,2026-04-03T19:15:11+00:00,0,1,3.0,6.0,3.0,2.302585092994046,0.0,1.0,1.0,0.0,1.0,1.0,0.0,0.0,0.0,0.0,1.0,0.0,0.0,1.0,0.0,0.0,0.0,1.6666666666666667,0.0,0.0,1.0,0.0,0.0
pallets/click,feffea5ca2537ed36a1d699d3536a65c676fc5c1,2026-04-03T22:52:39+00:00,0,1,1.0,9.0,1.0,2.3978952727983707,0.0,0.0,0.0,1.0,0.0,0.0,0.0,0.0,0.0,0.0,0.0,0.0,0.0,0.0,1.0,0.0,0.0,0.0,1.0,0.0,0.0,0.0,0.0
pallets/click,04ef3a6f473deb2499721a8d11f92a7d2c0912f2,2026-04-03T22:55:28+00:00,0,2,6.0,660.0,419.0,6.984716320118266,0.0,1.0,1.0,0.0,0.0,0.0,5.0,1.0,0.0,0.0,1.0,0.0,0.0,0.0,0.0,0.0,0.0,4.0,2.0,0.0,1.0,0.0,0.0
pallets/click,6b28ec5bf392160bf88d3aded49cbf1b1a066911,2026-04-04T18:23:16+00:00,0,1,1.0,1.0,1.0,1.0986122886681098,1.0,1.0,1.0,0.0,0.0,0.0,0.0,0.0,0.0,0.0,1.0,0.0,1.0,0.0,1.0,0.0,0.0,4.0,0.0,0.0,1.0,0.0,0.0
pallets/click,db955d8f85c9d3fa0ada6d1a98f1b28357ccefcf,2026-04-05T02:12:54+00:00,0,1,3.0,32.0,6.0,3.6635616461296463,3.0,1.0,1.0,2.0,0.0,0.0,0.0,0.0,0.0,0.0,0.0,0.0,1.0,0.0,1.0,0.0,0.0,6.666666666666667,0.0,0.0,1.0,0.0,0.0
pallets/click,54eac5244449e3a40c844582cdb43c11f6b09f1d,2026-04-05T02:17:44+00:00,0,1,2.0,6.0,3.0,2.302585092994046,1.0,0.0,0.0,2.0,0.0,0.0,0.0,0.0,0.0,0.0,0.0,0.0,1.0,0.0,1.0,0.0,0.0,7.5,1.0,0.0,1.0,0.0,0.0
pallets/click,5679ca435067085c0f20b76e772022c3351ce8c7,2026-04-05T14:09:38+00:00,0,1,2.0,19.0,0.0,2.995732273553991,3.0,1.0,1.0,1.0,0.0,0.0,0.0,0.0,0.0,0.0,0.0,0.0,1.0,0.0,0.0,0.0,0.0,5.0,0.0,0.0,1.0,0.0,0.0
pallets/click,3d73bfad49c2cc215dd88a3b9c2fa2e599920393,2026-04-05T14:18:12+00:00,0,1,2.0,33.0,1.0,3.5553480614894135,2.0,1.0,1.0,1.0,0.0,0.0,0.0,0.0,0.0,0.0,0.0,0.0,1.0,0.0,0.0,0.0,0.0,2.5,1.0,0.0,1.0,0.0,0.0
pallets/click,7003c070828290bbe24c414d3bb3f9991555ee4a,2026-04-07T04:13:46+00:00,0,1,1.0,6.0,1.0,2.0794415416798357,1.0,1.0,1.0,0.0,0.0,0.0,0.0,0.0,0.0,0.0,1.0,0.0,1.0,0.0,1.0,0.0,0.0,3.0,0.0,0.0,1.0,0.0,0.0
pallets/click,d340b0c1202284a1b9d0ca892549208527d586ce,2026-04-08T14:29:14+00:00,0,1,2.0,29.0,5.0,3.5553480614894135,4.0,1.0,1.0,1.0,0.0,0.0,0.0,0.0,0.0,0.0,0.0,0.0,1.0,0.0,1.0,0.0,0.0,11.0,4.0,0.0,1.0,0.0,0.0
pallets/click,42b52e2af1622608385870a5c41d9602f47ca2b6,2026-04-08T14:30:47+00:00,0,1,12.0,789.0,530.0,7.1853870155804165,0.0,1.0,1.0,1.0,2.0,1.0,7.0,1.0,0.0,0.0,0.0,0.0,1.0,1.0,0.0,0.0,0.0,3.75,0.0,0.0,0.0,0.0,0.0
pallets/click,d7d41bbd8377d7e3acd37d6cec3c28dc089b6512,2026-04-08T14:31:26+00:00,0,1,3.0,54.0,13.0,4.219507705176107,3.0,1.0,2.0,0.0,1.0,0.0,0.0,0.0,0.0,0.0,1.0,0.0,1.0,0.0,0.0,0.0,0.0,3.3333333333333335,5.0,0.0,1.0,0.0,0.0
pallets/click,b96c2601af4e01341b4d2c0db494ebee4aef8f42,2026-04-08T14:31:46+00:00,0,1,3.0,170.0,14.0,5.220355825078324,10.0,1.0,1.0,1.0,1.0,0.0,0.0,0.0,0.0,0.0,0.0,0.0,1.0,0.0,1.0,0.0,0.0,4.666666666666667,5.0,0.0,1.0,0.0,0.0
pallets/click,02ee20a0907bac2ee4da4bc20140e540988d152a,2026-04-08T14:32:21+00:00,0,1,4.0,111.0,5.0,4.762173934797756,7.0,1.0,1.0,1.0,2.0,0.0,0.0,0.0,0.0,0.0,0.0,0.0,1.0,0.0,0.0,0.0,0.0,1.75,6.0,0.0,1.0,0.0,0.0
pallets/click,1df07fd9ef904c71875add1646caabf77b93a111,2026-04-08T14:33:05+00:00,0,1,1.0,22.0,25.0,3.871201010907891,2.0,1.0,1.0,0.0,0.0,0.0,0.0,0.0,0.0,0.0,1.0,0.0,1.0,0.0,0.0,0.0,0.0,11.0,8.0,0.0,0.0,0.0,0.0
pallets/click,95af7c63f8e0f785d9dde7d1864d1ae800fb6cf3,2026-04-08T14:34:15+00:00,0,1,5.0,129.0,1.0,4.875197323201151,0.0,1.0,1.0,0.0,3.0,1.0,0.0,0.0,0.0,0.0,1.0,0.0,1.0,0.0,0.0,0.0,0.0,2.8,9.0,0.0,1.0,0.0,0.0
pallets/click,3271451c0130969f4a2bca20713bda579c6d14c3,2026-04-08T14:35:51+00:00,0,1,3.0,96.0,0.0,4.574710978503383,4.0,1.0,1.0,1.0,0.0,0.0,1.0,0.0,0.0,0.0,0.0,0.0,1.0,0.0,1.0,0.0,0.0,3.6666666666666665,10.0,0.0,1.0,0.0,0.0
pallets/click,b1bc8c9c1d531c6e95576d61637796fc3a5fd462,2026-04-08T14:36:21+00:00,0,1,1.0,2.0,5.0,2.0794415416798357,1.0,0.0,0.0,1.0,0.0,0.0,0.0,0.0,0.0,0.0,0.0,0.0,1.0,0.0,1.0,0.0,0.0,2.0,10.0,0.0,1.0,0.0,0.0
pallets/click,c29e83f0c92739a424d0c9ceb9c379bcd8330df2,2026-04-08T14:52:44+00:00,0,2,1.0,4.0,6.0,2.3978952727983707,1.0,1.0,1.0,0.0,0.0,0.0,0.0,0.0,0.0,0.0,1.0,0.0,1.0,0.0,0.0,0.0,0.0,4.0,12.0,0.0,0.0,0.0,0.0
pallets/click,3eb5c5dbfab68a1b146ac93104e92d4d58a2cc8e,2026-04-08T15:10:34+00:00,0,1,1.0,67.0,6.0,4.30406509320417,0.0,0.0,0.0,0.0,1.0,0.0,0.0,0.0,0.0,0.0,0.0,1.0,1.0,0.0,0.0,0.0,0.0,1.0,12.0,0.0,0.0,0.0,0.0
pallets/click,d5a6a46674dd40f179aad41c3ce96b8bd65819a4,2026-04-08T15:20:03+00:00,0,1,1.0,70.0,5.0,4.330733340286331,0.0,0.0,0.0,0.0,1.0,0.0,0.0,0.0,0.0,0.0,0.0,1.0,1.0,0.0,0.0,0.0,0.0,2.0,13.0,0.0,0.0,0.0,0.0
pallets/click,30aca6b5ee96e7c8f3de8da8d6cd641abd9cf579,2026-04-08T15:28:21+00:00,0,1,1.0,70.0,5.0,4.330733340286331,0.0,0.0,0.0,0.0,1.0,0.0,0.0,0.0,0.0,0.0,0.0,1.0,1.0,0.0,0.0,0.0,0.0,3.0,14.0,0.0,0.0,0.0,0.0
pallets/click,1b1a5d4adca4e337556775af0d9b41fae3db8201,2026-04-08T15:50:34+00:00,0,1,5.0,90.0,2.0,4.532599493153256,0.0,1.0,1.0,0.0,3.0,1.0,0.0,0.0,0.0,0.0,1.0,0.0,1.0,0.0,0.0,0.0,0.0,3.8,16.0,0.0,1.0,0.0,0.0
pallets/click,4b2b5f28653dcf0bd5921bdced7be0a8ae86f451,2026-04-08T19:19:24+00:00,0,1,1.0,1.0,1.0,1.0986122886681098,1.0,1.0,1.0,0.0,0.0,0.0,0.0,0.0,0.0,0.0,1.0,0.0,1.0,0.0,1.0,0.0,0.0,12.0,1.0,0.0,1.0,0.0,0.0
pallets/click,1458800409ed12076f18451889b0857db36aa522,2026-04-08T21:30:50+00:00,0,1,2.0,29.0,5.0,3.5553480614894135,4.0,1.0,1.0,1.0,0.0,0.0,0.0,0.0,0.0,0.0,0.0,0.0,0.0,1.0,1.0,0.0,0.0,13.5,3.0,0.0,1.0,0.0,0.0
pallets/click,63ea71f9b0544b7c4ba21385a1164a7b29b17e42,2026-04-08T21:34:07+00:00,0,1,3.0,170.0,14.0,5.220355825078324,10.0,1.0,1.0,1.0,1.0,0.0,0.0,0.0,0.0,0.0,0.0,0.0,0.0,1.0,1.0,0.0,0.0,6.666666666666667,4.0,0.0,1.0,0.0,0.0
pallets/click,5df10013f7ed8bad94da1e82d58e3711eec1afb3,2026-04-08T21:35:55+00:00,0,1,1.0,2.0,5.0,2.0794415416798357,1.0,0.0,0.0,1.0,0.0,0.0,0.0,0.0,0.0,0.0,0.0,0.0,0.0,1.0,1.0,0.0,0.0,3.0,5.0,0.0,1.0,0.0,0.0
pallets/click,1339fd3323357119a9c7a6326c788f80295954ce,2026-04-09T09:07:14+00:00,0,1,1.0,16.0,5.0,3.091042453358316,0.0,0.0,0.0,0.0,1.0,0.0,0.0,0.0,0.0,0.0,0.0,1.0,0.0,0.0,0.0,0.0,0.0,10.0,17.0,0.0,1.0,0.0,0.0
pallets/click,ea636eb3bd36f5341eda87420501d02fab9ab7e4,2026-04-09T09:46:02+00:00,0,1,3.0,54.0,12.0,4.204692619390966,3.0,1.0,1.0,1.0,1.0,0.0,0.0,0.0,0.0,0.0,0.0,0.0,1.0,0.0,0.0,0.0,0.0,7.333333333333333,18.0,0.0,0.0,0.0,0.0
pallets/click,06e47c7f415523c675faaf78f7d8958a27cf14f9,2026-04-09T09:48:59+00:00,0,1,3.0,55.0,12.0,4.219507705176107,3.0,1.0,1.0,1.0,1.0,0.0,0.0,0.0,0.0,0.0,0.0,0.0,1.0,0.0,0.0,0.0,0.0,8.333333333333334,19.0,0.0,0.0,0.0,0.0
pallets/click,d44d711e625dacf23c169204785fe66cee8959a2,2026-04-09T12:00:17+00:00,0,1,4.0,57.0,13.0,4.2626798770413155,3.0,1.0,2.0,0.0,2.0,0.0,0.0,0.0,0.0,0.0,1.0,0.0,1.0,0.0,0.0,0.0,0.0,7.25,20.0,0.0,1.0,0.0,0.0
pallets/click,218872d02f06392db17dc6bc9110280dd38c8785,2026-04-09T12:13:35+00:00,0,1,2.0,5.0,1.0,1.9459101490553132,1.0,1.0,1.0,0.0,1.0,0.0,0.0,0.0,0.0,0.0,1.0,0.0,1.0,0.0,0.0,0.0,0.0,7.0,21.0,0.0,1.0,0.0,0.0
pallets/click,e84c7202b62846d6ee2fcd4a877c284fffe0f6ca,2026-04-09T12:14:31+00:00,0,1,2.0,5.0,1.0,1.9459101490553132,1.0,1.0,1.0,0.0,1.0,0.0,0.0,0.0,0.0,0.0,1.0,0.0,1.0,0.0,0.0,0.0,0.0,8.0,22.0,0.0,1.0,0.0,0.0
pallets/click,726d3b1ad814a8e7136dd18b067748fd59ec42ff,2026-04-09T12:22:30+00:00,0,1,4.0,112.0,6.0,4.77912349311153,7.0,1.0,1.0,1.0,2.0,0.0,0.0,0.0,0.0,0.0,0.0,0.0,1.0,0.0,0.0,0.0,0.0,5.75,23.0,0.0,1.0,0.0,0.0
pallets/click,6de212151893e4072ca21779b7b6f4cb82452f51,2026-04-09T12:46:55+00:00,0,1,3.0,47.0,12.0,4.0943445622221,5.0,1.0,1.0,1.0,1.0,0.0,0.0,0.0,0.0,0.0,0.0,0.0,1.0,0.0,0.0,0.0,0.0,10.666666666666666,24.0,0.0,1.0,0.0,0.0
pallets/click,d34f72b4b969d065d9d7b2344eec22254145ce84,2026-04-09T13:13:22+00:00,0,1,5.0,144.0,15.0,5.075173815233827,3.0,1.0,1.0,2.0,2.0,0.0,0.0,0.0,0.0,0.0,0.0,0.0,1.0,0.0,0.0,0.0,0.0,12.2,25.0,0.0,1.0,0.0,0.0
pallets/click,a8cff32b8bd42ee5e812a7a604ea747f10ed33c1,2026-04-09T14:06:20+00:00,0,1,3.0,96.0,0.0,4.574710978503383,4.0,1.0,1.0,1.0,0.0,0.0,1.0,0.0,0.0,0.0,0.0,0.0,1.0,0.0,1.0,0.0,0.0,5.333333333333333,26.0,0.0,1.0,0.0,0.0
pallets/click,4f9086bf8fd98aca1d804bf742f4f1ceb6c12295,2026-04-09T14:23:55+00:00,0,1,4.0,100.0,0.0,4.61512051684126,4.0,1.0,1.0,1.0,1.0,0.0,1.0,0.0,0.0,0.0,0.0,0.0,1.0,0.0,1.0,0.0,0.0,9.5,27.0,0.0,1.0,0.0,0.0
pallets/click,9e6c5e807e2ac9c3655cd47f70dfdc28c00a1a6f,2026-04-09T14:39:07+00:00,0,1,5.0,84.0,2.0,4.465908118654584,0.0,1.0,1.0,0.0,3.0,1.0,0.0,0.0,0.0,0.0,1.0,0.0,1.0,0.0,0.0,0.0,0.0,7.0,28.0,0.0,1.0,0.0,0.0
pallets/click,b55294797ef32e22eb41e7d9657edb8faefa4976,2026-04-10T16:17:51+00:00,0,1,2.0,119.0,32.0,5.0238805208462765,6.0,1.0,1.0,1.0,0.0,0.0,0.0,0.0,0.0,0.0,0.0,0.0,1.0,0.0,0.0,0.0,0.0,8.0,29.0,0.0,1.0,0.0,0.0
pallets/click,2af827e6a01dc6a136fb94c9453beee58342bd47,2026-04-11T00:12:35+00:00,0,1,1.0,1.0,1.0,1.0986122886681098,1.0,1.0,1.0,0.0,0.0,0.0,0.0,0.0,0.0,0.0,1.0,0.0,1.0,0.0,1.0,0.0,0.0,8.0,0.0,0.0,1.0,0.0,0.0
pallets/click,ae9c5a0a5bf37137f82933029ca241cb286e310a,2026-04-11T01:33:16+00:00,0,1,2.0,26.0,1.0,3.332204510175204,2.0,1.0,1.0,1.0,0.0,0.0,0.0,0.0,0.0,0.0,0.0,0.0,1.0,0.0,1.0,0.0,0.0,3.0,0.0,0.0,1.0,0.0,0.0
pallets/click,9a37737c5af44cd9a8ac2609e63c345a7eb4bac1,2026-04-11T01:39:31+00:00,0,1,1.0,6.0,1.0,2.0794415416798357,1.0,0.0,0.0,1.0,0.0,0.0,0.0,0.0,0.0,0.0,0.0,0.0,1.0,0.0,1.0,0.0,0.0,3.0,1.0,0.0,1.0,0.0,0.0
pallets/click,f8a0ce59539473b380ad797e132c1ddc2f672b16,2026-04-11T01:42:54+00:00,0,1,1.0,1.0,2.0,1.3862943611198906,1.0,0.0,0.0,1.0,0.0,0.0,0.0,0.0,0.0,0.0,0.0,0.0,1.0,0.0,1.0,0.0,0.0,4.0,2.0,0.0,1.0,0.0,0.0
pallets/click,ac2dd7aadf08aa0ce7f75bf0e96b95ad5e62d1b9,2026-04-11T08:32:06+00:00,0,1,4.0,100.0,0.0,4.61512051684126,4.0,1.0,1.0,1.0,1.0,0.0,1.0,0.0,0.0,0.0,0.0,0.0,0.0,1.0,0.0,0.0,0.0,10.75,6.0,0.0,1.0,0.0,0.0
pallets/click,c9e60ee1b3565ccf6ef206c69dcda75d96bd5772,2026-04-11T10:11:49+00:00,0,1,5.0,84.0,2.0,4.465908118654584,0.0,1.0,1.0,0.0,3.0,1.0,0.0,0.0,0.0,0.0,1.0,0.0,1.0,0.0,0.0,0.0,0.0,8.2,30.0,0.0,1.0,0.0,0.0
pallets/click,452935115a4073a074069d5428db998766886b8b,2026-04-12T02:57:22+00:00,0,1,2.0,119.0,32.0,5.0238805208462765,6.0,1.0,1.0,1.0,0.0,0.0,0.0,0.0,0.0,0.0,0.0,0.0,0.0,1.0,0.0,0.0,0.0,9.5,7.0,0.0,1.0,0.0,0.0
pallets/click,a5cb82f5df32a851a71ade3906e329f50b8cbc09,2026-04-12T03:00:17+00:00,0,1,5.0,84.0,2.0,4.465908118654584,0.0,1.0,1.0,0.0,3.0,1.0,0.0,0.0,0.0,0.0,1.0,0.0,0.0,1.0,0.0,0.0,0.0,9.2,8.0,0.0,1.0,0.0,0.0
pallets/click,3f00ccc7f3be13dcfdefd8669d7ea0247afb696e,2026-04-12T04:35:29+00:00,0,1,2.0,58.0,0.0,4.07753744390572,2.0,1.0,1.0,1.0,0.0,0.0,0.0,0.0,0.0,0.0,0.0,0.0,1.0,0.0,1.0,0.0,0.0,3.5,0.0,0.0,1.0,0.0,0.0
pallets/click,3da63b455b694c4e81f42b67b70bb189bf9eb5e7,2026-04-13T06:25:05+00:00,0,1,5.0,144.0,15.0,5.075173815233827,3.0,1.0,1.0,2.0,2.0,0.0,0.0,0.0,0.0,0.0,0.0,0.0,1.0,0.0,0.0,0.0,0.0,14.6,31.0,0.0,0.0,0.0,0.0
pallets/click,f9f669da77dd51e2fd20a14cb62b0aeea953f4fc,2026-04-13T07:11:49+00:00,0,1,2.0,34.0,13.0,3.871201010907891,1.0,1.0,1.0,0.0,1.0,0.0,0.0,0.0,0.0,0.0,1.0,0.0,1.0,0.0,0.0,0.0,0.0,12.0,32.0,0.0,1.0,0.0,0.0
pallets/click,c653ec820093ed1dda41aae8d35bff7834b0344a,2026-04-13T07:13:47+00:00,0,1,5.0,165.0,15.0,5.198497031265826,3.0,1.0,1.0,2.0,2.0,0.0,0.0,0.0,0.0,0.0,0.0,0.0,1.0,0.0,0.0,0.0,0.0,16.0,33.0,0.0,0.0,0.0,0.0
pallets/click,39413d9b1d782317e72e82ec09d437bef8359078,2026-04-13T18:30:50+00:00,0,1,3.0,55.0,12.0,4.219507705176107,3.0,1.0,1.0,1.0,1.0,0.0,0.0,0.0,0.0,0.0,0.0,0.0,1.0,0.0,0.0,0.0,0.0,15.333333333333334,34.0,0.0,0.0,0.0,0.0
pallets/click,8762c7752cf1632d082c76922b15fef06ac3a2f1,2026-04-14T07:55:25+00:00,0,1,4.0,137.0,6.0,4.969813299576001,7.0,1.0,1.0,1.0,2.0,0.0,0.0,0.0,0.0,0.0,0.0,0.0,1.0,0.0,0.0,0.0,0.0,10.75,35.0,0.0,0.0,0.0,0.0
pallets/click,790ebd665ce03f25990e037b3e9f16951a2723aa,2026-04-14T07:59:27+00:00,0,1,2.0,5.0,1.0,1.9459101490553132,1.0,1.0,1.0,0.0,1.0,0.0,0.0,0.0,0.0,0.0,1.0,0.0,1.0,0.0,0.0,0.0,0.0,15.0,36.0,0.0,0.0,0.0,0.0
pallets/click,fd5c641496c7793a46f7e94f1df80f227aa665fb,2026-04-14T08:24:21+00:00,0,1,3.0,32.0,16.0,3.8918202981106265,3.0,1.0,2.0,0.0,1.0,0.0,0.0,0.0,0.0,0.0,1.0,0.0,1.0,0.0,0.0,0.0,0.0,5.666666666666667,37.0,0.0,0.0,0.0,0.0
pallets/click,b8d3a07bded95b5b5bd98cab35b5cbeeb7a8fbee,2026-04-15T07:39:13+00:00,0,1,3.0,63.0,2.0,4.189654742026425,3.0,1.0,1.0,1.0,1.0,0.0,0.0,0.0,0.0,0.0,0.0,0.0,1.0,0.0,0.0,0.0,0.0,17.0,0.0,0.0,1.0,0.0,0.0
pallets/click,f6ee08e4dee5635372e68ce219a7309a6e82284a,2026-04-15T10:28:17+00:00,0,1,2.0,32.0,0.0,3.49650756146648,2.0,1.0,1.0,1.0,0.0,0.0,0.0,0.0,0.0,0.0,0.0,0.0,1.0,0.0,1.0,0.0,0.0,12.0,0.0,0.0,1.0,0.0,0.0
pallets/click,89af4ae2d682e8ab9f14a036bad19e8990d828d4,2026-04-16T08:06:07+00:00,0,1,4.0,137.0,6.0,4.969813299576001,7.0,1.0,1.0,1.0,2.0,0.0,0.0,0.0,0.0,0.0,0.0,0.0,0.0,1.0,0.0,0.0,0.0,12.5,9.0,0.0,0.0,0.0,0.0
pallets/click,a931cfd59a040c4caa8300b41fd6f698e0548bf3,2026-04-16T08:10:00+00:00,0,1,8.0,658.0,348.0,6.914730892718563,32.0,1.0,1.0,1.0,6.0,0.0,0.0,0.0,0.0,0.0,0.0,0.0,1.0,1.0,0.0,0.0,0.0,7.625,10.0,0.0,1.0,0.0,0.0
pallets/click,60cad4ad6583bf885c62d6f4597f3555d1ee1a0f,2026-04-16T08:13:03+00:00,0,1,2.0,5.0,1.0,1.9459101490553132,1.0,1.0,1.0,0.0,1.0,0.0,0.0,0.0,0.0,0.0,1.0,0.0,0.0,1.0,0.0,0.0,0.0,17.5,11.0,0.0,0.0,0.0,0.0
pallets/click,a683017931b5bcb211e18685fa623e968727aa3b,2026-04-16T08:18:00+00:00,0,1,11.0,1100.0,777.0,7.537962659768208,61.0,1.0,2.0,1.0,8.0,0.0,0.0,0.0,0.0,0.0,0.0,0.0,1.0,1.0,1.0,0.0,0.0,6.7272727272727275,12.0,0.0,1.0,0.0,0.0
pallets/click,8c95c73bd5ef89eac638f85f1904a104ba4b1a32,2026-04-16T08:19:39+00:00,0,1,5.0,165.0,15.0,5.198497031265826,3.0,1.0,1.0,2.0,2.0,0.0,0.0,0.0,0.0,0.0,0.0,0.0,0.0,1.0,0.0,0.0,0.0,19.2,13.0,0.0,1.0,0.0,0.0
pallets/click,4d0a4dd42d1944c41de678bfe825e7c3c7c864a9,2026-04-16T08:21:04+00:00,0,1,4.0,56.0,13.0,4.248495242049359,3.0,1.0,2.0,0.0,2.0,0.0,0.0,0.0,0.0,0.0,1.0,0.0,1.0,0.0,0.0,0.0,0.0,15.0,38.0,0.0,1.0,0.0,0.0
pallets/click,8c452e00e6772931b7071d9316b82b77e5b8f280,2026-04-16T08:22:14+00:00,0,1,15.0,1265.0,792.0,7.629489916393995,64.0,1.0,3.0,3.0,9.0,0.0,0.0,0.0,0.0,0.0,0.0,0.0,1.0,1.0,0.0,0.0,0.0,10.333333333333334,14.0,0.0,1.0,0.0,0.0
pallets/click,ac5cec5fe54e5a691e7bac17f441ce9498e0744c,2026-04-16T08:23:14+00:00,0,1,4.0,56.0,13.0,4.248495242049359,3.0,1.0,2.0,0.0,2.0,0.0,0.0,0.0,0.0,0.0,1.0,0.0,1.0,0.0,0.0,0.0,0.0,16.75,39.0,0.0,1.0,0.0,0.0
pallets/click,76552ff1e8c85837f911fc34037e702ae4327eda,2026-04-16T08:23:23+00:00,0,1,5.0,82.0,5.0,4.477336814478207,5.0,1.0,2.0,2.0,1.0,0.0,0.0,0.0,0.0,0.0,0.0,0.0,0.0,1.0,0.0,0.0,0.0,21.2,15.0,0.0,1.0,0.0,0.0
pallets/click,c7e1ba8448cbcb2cdd9c1c7f4a592e863dcc3995,2026-04-16T08:28:22+00:00,0,1,4.0,56.0,13.0,4.248495242049359,3.0,1.0,2.0,0.0,2.0,0.0,0.0,0.0,0.0,0.0,1.0,0.0,0.0,1.0,0.0,0.0,0.0,18.25,16.0,0.0,1.0,0.0,0.0
pallets/click,c07bb936de43fd303f9cfbefe248ab23fd2199c8,2026-04-16T08:30:43+00:00,0,1,26.0,1940.0,1069.0,8.009695357742922,88.0,2.0,7.0,3.0,14.0,1.0,1.0,0.0,0.0,0.0,0.0,0.0,1.0,1.0,0.0,0.0,0.0,9.192307692307692,17.0,0.0,1.0,0.0,0.0
pallets/click,4a352253c9ff013e36d11e4a6820d36d00ff2cd4,2026-04-16T08:32:51+00:00,0,1,3.0,47.0,12.0,4.0943445622221,5.0,1.0,1.0,1.0,1.0,0.0,0.0,0.0,0.0,0.0,0.0,0.0,0.0,1.0,0.0,0.0,0.0,23.0,18.0,0.0,1.0,0.0,0.0
pallets/click,98437edbd5363ce12558bea4d71331891d6c2d58,2026-04-16T08:52:15+00:00,0,1,3.0,32.0,16.0,3.8918202981106265,3.0,1.0,2.0,0.0,1.0,0.0,0.0,0.0,0.0,0.0,1.0,0.0,1.0,0.0,0.0,0.0,0.0,9.0,40.0,0.0,1.0,0.0,0.0
pallets/click,bb59ba0fd279ca085d1113f0499b6a602ca31081,2026-04-16T09:30:00+00:00,0,1,9.0,178.0,82.0,5.564520407322694,7.0,1.0,3.0,0.0,6.0,0.0,0.0,0.0,0.0,0.0,1.0,0.0,1.0,0.0,0.0,0.0,0.0,14.333333333333334,41.0,0.0,1.0,0.0,0.0
pallets/click,138c0cd2ff0d7eccd96c7a918182e2b76f8c14f3,2026-04-16T11:56:32+00:00,0,1,1.0,8.0,1.0,2.302585092994046,1.0,1.0,1.0,0.0,0.0,0.0,0.0,0.0,0.0,0.0,1.0,0.0,1.0,0.0,1.0,0.0,0.0,1.0,0.0,0.0,1.0,0.0,0.0
pallets/click,6296ea015edcfa9cc58ccb3b8085e6ef72ce1f99,2026-04-16T20:32:02+00:00,0,1,3.0,36.0,2.0,3.6635616461296463,3.0,1.0,1.0,1.0,1.0,0.0,0.0,0.0,0.0,0.0,0.0,0.0,1.0,0.0,1.0,0.0,0.0,25.0,0.0,0.0,1.0,0.0,0.0
pallets/click,2744c5151e61492aa65cc6b9f461fe1ab009339e,2026-04-17T08:25:56+00:00,0,1,2.0,34.0,0.0,3.5553480614894135,2.0,1.0,1.0,1.0,0.0,0.0,0.0,0.0,0.0,0.0,0.0,0.0,1.0,0.0,1.0,0.0,0.0,5.0,0.0,0.0,1.0,0.0,0.0
pallets/click,f1f191ecd2c790b161187c78e7c88440e9524e5c,2026-04-17T21:43:17+00:00,0,1,9.0,178.0,82.0,5.564520407322694,7.0,1.0,3.0,0.0,6.0,0.0,0.0,0.0,0.0,0.0,1.0,0.0,0.0,1.0,0.0,0.0,0.0,15.555555555555555,19.0,0.0,1.0,0.0,0.0
pallets/click,c06d2d0a6aee6bcc50bd8257be2a4a592f4e75d0,2026-04-17T22:01:10+00:00,0,1,3.0,16.0,16.0,3.49650756146648,0.0,1.0,1.0,0.0,1.0,1.0,0.0,0.0,0.0,0.0,1.0,0.0,1.0,0.0,0.0,0.0,0.0,21.333333333333332,0.0,0.0,1.0,0.0,0.0
pallets/click,902c27625f21a0d584edaebc16f80e95fcee86a9,2026-04-18T03:20:13+00:00,0,1,1.0,3.0,3.0,1.9459101490553132,0.0,0.0,0.0,1.0,0.0,0.0,0.0,0.0,0.0,0.0,0.0,0.0,1.0,0.0,0.0,0.0,0.0,19.0,0.0,0.0,0.0,0.0,0.0
pallets/click,e8a741125a38955377c321b517ab9da2ad5662f3,2026-04-19T11:44:51+00:00,1,1,2.0,80.0,3.0,4.430816798843313,9.0,1.0,1.0,1.0,0.0,0.0,0.0,0.0,0.0,0.0,0.0,0.0,1.0,0.0,0.0,0.0,0.0,0.0,0.0,0.0,0.0,0.0,0.0
pallets/click,058ecb180d377d35c78898f5c30b9a4148bacce5,2026-04-19T21:44:54+00:00,0,1,3.0,70.0,3.0,4.30406509320417,6.0,1.0,1.0,1.0,1.0,0.0,0.0,0.0,0.0,0.0,0.0,0.0,1.0,0.0,0.0,0.0,0.0,27.333333333333332,0.0,0.0,1.0,0.0,0.05
pallets/click,5c223eac7d64e1bb8dfab8b5a2ae24922f7ac61d,2026-04-20T12:34:43+00:00,0,1,3.0,188.0,2.0,5.25227342804663,24.0,1.0,1.0,2.0,0.0,0.0,0.0,0.0,0.0,0.0,0.0,0.0,1.0,0.0,0.0,0.0,0.0,11.666666666666666,0.0,0.0,1.0,0.0,0.05
pallets/click,2215d5d310fc38b8d7477cb26077d007a5b5919e,2026-04-20T21:41:37+00:00,0,1,2.0,68.0,7.0,4.330733340286331,4.0,1.0,1.0,1.0,0.0,0.0,0.0,0.0,0.0,0.0,0.0,0.0,1.0,0.0,0.0,0.0,0.0,12.0,0.0,0.0,1.0,0.0,0.05
pallets/click,d04d3679f3cc3f0850e7ff40bec0ea1072684097,2026-04-21T09:46:50+00:00,0,1,2.0,12.0,10.0,3.1354942159291497,1.0,1.0,1.0,0.0,1.0,0.0,0.0,0.0,0.0,0.0,1.0,0.0,1.0,0.0,0.0,0.0,0.0,31.5,42.0,0.0,1.0,0.0,0.05
pallets/click,758d9be3d03c17d7c4c285efed1ecdc9765cb615,2026-04-21T11:02:53+00:00,0,1,3.0,92.0,19.0,4.718498871295094,7.0,1.0,1.0,1.0,1.0,0.0,0.0,0.0,0.0,0.0,0.0,0.0,1.0,0.0,0.0,0.0,0.0,35.0,43.0,0.0,1.0,0.0,0.05
pallets/click,4e4c7a69b7953ccb8c14e92368ca65d9525f1d2b,2026-04-21T11:05:21+00:00,0,1,3.0,92.0,19.0,4.718498871295094,7.0,1.0,1.0,1.0,1.0,0.0,0.0,0.0,0.0,0.0,0.0,0.0,1.0,0.0,0.0,0.0,0.0,36.0,44.0,0.0,1.0,0.0,0.05
pallets/click,6fd012b5cf566a633478261db66dc6b3edf214d2,2026-04-21T14:28:53+00:00,0,1,1.0,47.0,2.0,3.912023005428146,2.0,0.0,0.0,1.0,0.0,0.0,0.0,0.0,0.0,0.0,0.0,0.0,1.0,0.0,0.0,0.0,0.0,0.0,45.0,0.0,1.0,0.0,0.05
pallets/click,e2784dcd4aa6eaff38562ea26bf66c4d5cb6e7b5,2026-04-21T15:07:22+00:00,0,1,3.0,40.0,0.0,3.713572066704308,2.0,1.0,1.0,1.0,1.0,0.0,0.0,0.0,0.0,0.0,0.0,0.0,1.0,0.0,0.0,0.0,0.0,28.666666666666668,46.0,0.0,1.0,0.0,0.05
pallets/click,cc5417f246fd24822a0dafd66d84bee43114f366,2026-04-21T15:08:44+00:00,0,1,3.0,40.0,0.0,3.713572066704308,2.0,1.0,1.0,1.0,1.0,0.0,0.0,0.0,0.0,0.0,0.0,0.0,1.0,0.0,0.0,0.0,0.0,29.666666666666668,47.0,0.0,1.0,0.0,0.05
pallets/click,63ee5ec6f6ae5190b18485afb7b436d8d70269d2,2026-04-21T15:12:32+00:00,0,1,3.0,45.0,0.0,3.828641396489095,2.0,1.0,1.0,1.0,1.0,0.0,0.0,0.0,0.0,0.0,0.0,0.0,1.0,0.0,0.0,0.0,0.0,30.666666666666668,48.0,0.0,1.0,0.0,0.05
pallets/click,10841e51fc2a8993a027072744e36402943899c9,2026-04-21T15:57:51+00:00,0,1,3.0,68.0,1.0,4.248495242049359,3.0,1.0,1.0,1.0,1.0,0.0,0.0,0.0,0.0,0.0,0.0,0.0,1.0,0.0,0.0,0.0,0.0,19.333333333333332,49.0,0.0,1.0,0.0,0.05
pallets/click,1241abaed4e441582a21f4bf90c8482de02b92df,2026-04-21T16:03:48+00:00,0,1,3.0,76.0,1.0,4.356708826689592,3.0,1.0,1.0,1.0,1.0,0.0,0.0,0.0,0.0,0.0,0.0,0.0,1.0,0.0,0.0,0.0,0.0,20.333333333333332,50.0,0.0,1.0,0.0,0.05
pallets/click,d3a4bbda4ac895e46ba495aa0416f67ce621498c,2026-04-21T19:30:39+00:00,0,1,3.0,20.0,1.0,3.091042453358316,2.0,1.0,1.0,1.0,1.0,0.0,0.0,0.0,0.0,0.0,0.0,0.0,1.0,0.0,1.0,0.0,0.0,20.0,0.0,0.0,1.0,0.0,0.05
pallets/click,56370d09c20edfa725f457a54a9067edc5ccecc1,2026-04-22T08:00:40+00:00,0,1,4.0,74.0,0.0,4.31748811353631,2.0,1.0,1.0,1.0,2.0,0.0,0.0,0.0,0.0,0.0,0.0,0.0,1.0,0.0,0.0,0.0,0.0,25.75,51.0,0.0,1.0,0.0,0.05
pallets/click,ab873181c1bf1ea39a6bbc872747cdedf98ddd5f,2026-04-22T13:52:47+00:00,0,1,3.0,78.0,21.0,4.605170185988092,6.0,1.0,1.0,1.0,1.0,0.0,0.0,0.0,0.0,0.0,0.0,0.0,1.0,0.0,1.0,0.0,0.0,23.666666666666668,0.0,0.0,1.0,0.0,0.05
pallets/click,a919b963d85a2a0e69bafd9e5fabaceae10386fd,2026-04-22T13:57:23+00:00,0,1,3.0,74.0,21.0,4.564348191467836,6.0,1.0,1.0,1.0,1.0,0.0,0.0,0.0,0.0,0.0,0.0,0.0,1.0,0.0,1.0,0.0,0.0,24.666666666666668,1.0,0.0,1.0,0.0,0.05
pallets/click,c18107abf919b38f48a09f30a408faed36ae33b1,2026-04-22T16:08:25+00:00,0,1,4.0,50.0,33.0,4.430816798843313,19.0,1.0,2.0,1.0,1.0,0.0,0.0,0.0,0.0,0.0,0.0,0.0,1.0,0.0,0.0,0.0,0.0,25.75,0.0,0.0,1.0,0.0,0.05
pallets/click,27562752152749b74b0df833db831ab7daac8a6d,2026-04-22T16:13:33+00:00,0,1,4.0,50.0,35.0,4.454347296253507,19.0,1.0,2.0,1.0,1.0,0.0,0.0,0.0,0.0,0.0,0.0,0.0,1.0,0.0,0.0,0.0,0.0,26.75,1.0,0.0,1.0,0.0,0.05
pallets/click,d777956105fde08e01dd895dde2b86ccdf558d59,2026-04-22T16:20:56+00:00,0,1,3.0,16.0,16.0,3.49650756146648,0.0,1.0,1.0,0.0,1.0,1.0,0.0,0.0,0.0,0.0,1.0,0.0,0.0,1.0,0.0,0.0,0.0,27.333333333333332,3.0,0.0,1.0,0.0,0.05
pallets/click,ffe4a45b4a2f6f4fbc89208dbd3bc38b1e621775,2026-04-22T17:00:48+00:00,1,1,3.0,151.0,85.0,5.4680601411351315,37.0,1.0,1.0,1.0,1.0,0.0,0.0,0.0,0.0,0.0,0.0,0.0,1.0,0.0,0.0,0.0,0.0,24.0,2.0,0.0,1.0,0.0,0.05
pallets/click,37a90d509cee99ff48108fcf847bec1302f09aa9,2026-04-22T17:14:59+00:00,0,1,1.0,65.0,34.0,4.605170185988092,2.0,1.0,1.0,0.0,0.0,0.0,0.0,0.0,0.0,0.0,1.0,0.0,1.0,0.0,0.0,0.1428571428571428,0.1428571428571428,7.0,3.0,0.3333333333333333,1.0,0.0,0.05
pallets/click,5989375dc3953a5709c411e11f658c242319858e,2026-04-22T17:28:08+00:00,0,1,5.0,159.0,95.0,5.541263545158426,41.0,1.0,3.0,1.0,1.0,0.0,0.0,0.0,0.0,0.0,0.0,0.0,1.0,0.0,0.0,0.2,0.0681746031746031,25.6,4.0,0.25,1.0,0.0,0.05
pallets/click,e3c0898975a7e095a3f11fd2d13035872a55a3e5,2026-04-22T19:04:33+00:00,0,1,11.0,26.0,21.0,3.871201010907891,14.0,3.0,5.0,4.0,1.0,0.0,1.0,0.0,0.0,0.0,0.0,0.0,1.0,0.0,0.0,0.1111111111111111,0.0140817901234567,17.363636363636363,4.0,0.0,1.0,0.0,0.05
pallets/click,8bd8b4a074c55c03b6eb5666edc44a9c43df38a2,2026-04-22T19:07:33+00:00,0,2,11.0,26.0,21.0,3.871201010907891,14.0,3.0,5.0,4.0,1.0,0.0,1.0,0.0,0.0,0.0,0.0,0.0,0.0,1.0,0.0,0.1,0.0104895104895104,18.363636363636363,5.0,0.0,1.0,0.0,0.05
pallets/click,51e2d3a4352cf89c2a349e98b5fcfe458ce14ea8,2026-04-23T03:22:56+00:00,0,1,2.0,14.0,1.0,2.772588722239781,2.0,1.0,1.0,1.0,0.0,0.0,0.0,0.0,0.0,0.0,0.0,0.0,1.0,0.0,1.0,0.0,0.0,3.5,0.0,0.0,1.0,0.0,0.05
pallets/click,48687430bd69fd05375cfc3e3450f080084fea65,2026-04-23T09:14:20+00:00,0,1,2.0,47.0,18.0,4.189654742026425,4.0,1.0,1.0,1.0,0.0,0.0,0.0,0.0,0.0,0.0,0.0,0.0,1.0,0.0,1.0,0.0,0.0,4.5,0.0,0.0,1.0,0.0,0.05
pallets/click,4716000535af83574949e30be30770beb9fea616,2026-04-23T10:43:08+00:00,0,1,2.0,205.0,0.0,5.327876168789581,12.0,1.0,1.0,1.0,0.0,0.0,0.0,0.0,0.0,0.0,0.0,0.0,1.0,0.0,0.0,0.0,0.0,6.5,0.0,0.0,1.0,0.0,0.05
pallets/click,eadd6fda63bb9d81c9692cceb6122d9d93d10a62,2026-04-23T11:28:00+00:00,1,1,2.0,560.0,28.0,6.3784261836515865,54.0,1.0,1.0,1.0,0.0,0.0,0.0,0.0,0.0,0.0,0.0,0.0,1.0,0.0,0.0,0.0,0.0,21.0,1.0,0.0,1.0,0.0,0.05
pallets/click,78ad170e243d4cfbbd448a51dc5bf98e5db4e400,2026-04-24T00:13:15+00:00,0,1,1.0,17.0,13.0,3.4339872044851463,1.0,1.0,1.0,0.0,0.0,0.0,0.0,0.0,0.0,0.0,1.0,0.0,1.0,0.0,1.0,0.0,0.0,3.0,0.0,0.0,1.0,0.0,0.1
pallets/click,a252df0334607358687a5c0b484d1896b28740b7,2026-04-25T02:16:10+00:00,0,1,1.0,24.0,0.0,3.218875824868201,1.0,1.0,1.0,0.0,0.0,0.0,0.0,0.0,0.0,0.0,1.0,0.0,1.0,0.0,1.0,0.0,0.0,8.0,0.0,0.0,1.0,0.0,0.1
pallets/click,12e9a96fc2e2bd1a2989a882a491017870dae4b1,2026-04-26T21:05:09+00:00,0,1,2.0,12.0,0.0,2.5649493574615367,2.0,1.0,1.0,1.0,0.0,0.0,0.0,0.0,0.0,0.0,0.0,0.0,1.0,0.0,1.0,0.0,0.0,6.0,0.0,0.0,1.0,0.0,0.1
pallets/click,4026eda4d2d7d113285b55c4185398029f244508,2026-04-27T03:17:47+00:00,1,1,5.0,520.0,0.0,6.255750041753367,27.0,2.0,4.0,1.0,0.0,0.0,0.0,0.0,0.0,0.0,0.0,0.0,1.0,0.0,0.0,0.0,0.0,3.8,0.0,0.0,1.0,0.0,0.1
pallets/click,78b2f2dc37ccc2e8cc9b17f7d9dacd6add9e26d2,2026-04-27T03:26:50+00:00,0,1,3.0,37.0,0.0,3.6375861597263857,4.0,1.0,1.0,1.0,1.0,0.0,0.0,0.0,0.0,0.0,0.0,0.0,1.0,0.0,1.0,0.0151515151515151,0.005050505050505,26.666666666666668,0.0,0.0,1.0,0.0,0.15
pallets/click,f2f37ff2452819abb92c6e60aa827db26a1b1a31,2026-04-27T05:27:15+00:00,0,1,2.0,13.0,1.0,2.70805020110221,2.0,1.0,1.0,1.0,0.0,0.0,0.0,0.0,0.0,0.0,0.0,0.0,1.0,0.0,1.0,0.0,0.0,8.0,0.0,0.0,1.0,0.0,0.15
pallets/click,5bd448d8dd60ebb42c673e1305b7d4527472b796,2026-04-27T13:00:48+00:00,0,1,4.0,50.0,35.0,4.454347296253507,19.0,1.0,2.0,1.0,1.0,0.0,0.0,0.0,0.0,0.0,0.0,0.0,1.0,0.0,0.0,0.1666666666666666,0.0510798281320669,30.75,5.0,0.2,1.0,0.0,0.15
pallets/click,e3d0d372468fc0e02ef69292f1b127c46aab1744,2026-04-27T13:09:46+00:00,0,1,2.0,3.0,5.0,2.1972245773362196,4.0,1.0,2.0,0.0,0.0,0.0,0.0,0.0,0.0,0.0,1.0,0.0,1.0,0.0,0.0,0.0222222222222222,0.0111111111111111,24.0,52.0,0.0,1.0,0.0,0.15
pallets/click,854645fdd44798b13790fd14c16e272be06eba89,2026-04-27T13:12:36+00:00,0,1,2.0,3.0,9.0,2.5649493574615367,4.0,1.0,2.0,0.0,0.0,0.0,0.0,0.0,0.0,0.0,1.0,0.0,1.0,0.0,0.0,0.0217391304347826,0.0108695652173913,25.0,53.0,0.0,1.0,0.0,0.15
pallets/click,8e19856263f92424475a4cb055c7bc0d0dad4577,2026-04-27T13:36:26+00:00,0,1,1.0,10.0,8.0,2.9444389791664403,1.0,1.0,1.0,0.0,0.0,0.0,0.0,0.0,0.0,0.0,1.0,0.0,1.0,0.0,0.0,0.0909090909090909,0.0909090909090909,11.0,54.0,0.0,1.0,0.0,0.15
pallets/click,6e981edefaeafa6c16b478dc131fba4d936024f1,2026-04-27T13:37:11+00:00,0,1,1.0,10.0,8.0,2.9444389791664403,1.0,1.0,1.0,0.0,0.0,0.0,0.0,0.0,0.0,0.0,1.0,0.0,1.0,0.0,0.0,0.0833333333333333,0.0833333333333333,12.0,6.0,0.1666666666666666,1.0,0.0,0.15
pallets/click,3e2d92c590c34c92e116acdda71e7678ca50895e,2026-04-27T13:56:15+00:00,0,1,1.0,3.0,1.0,1.6094379124341005,1.0,1.0,1.0,0.0,0.0,0.0,0.0,0.0,0.0,0.0,1.0,0.0,1.0,0.0,0.0,0.0769230769230769,0.0769230769230769,13.0,55.0,0.0,1.0,0.0,0.15
pallets/click,0b5fdd7602f248c009d4fdb89307cb586ac94c89,2026-04-27T14:00:08+00:00,0,1,3.0,46.0,1.0,3.871201010907891,3.0,1.0,1.0,1.0,1.0,0.0,0.0,0.0,0.0,0.0,0.0,0.0,1.0,0.0,1.0,0.0147058823529411,0.0049019607843137,28.666666666666668,0.0,0.0,1.0,0.0,0.1
pallets/click,78a4efcdce1067566fa58771afbaeb18e2c1cf0f,2026-04-27T14:19:41+00:00,0,1,1.0,3.0,3.0,1.9459101490553132,2.0,1.0,1.0,0.0,0.0,0.0,0.0,0.0,0.0,0.0,1.0,0.0,1.0,0.0,0.0,0.0714285714285714,0.0714285714285714,14.0,56.0,0.0,1.0,0.0,0.1
pallets/click,ded5b692472629154ab5a2f63bd7cdd4deea3146,2026-04-27T14:37:25+00:00,0,1,4.0,25.0,6.0,3.4657359027997265,6.0,1.0,1.0,0.0,3.0,0.0,0.0,0.0,0.0,0.0,1.0,0.0,1.0,0.0,0.0,0.0,0.0,0.0,57.0,0.0,1.0,0.0,0.1
pallets/click,cf0c36d33734af1de9ecd5d3305970eb26ebba7f,2026-04-27T14:41:41+00:00,0,1,1.0,47.0,2.0,3.912023005428146,2.0,0.0,0.0,1.0,0.0,0.0,0.0,0.0,0.0,0.0,0.0,0.0,1.0,0.0,0.0,0.0,0.0,1.0,58.0,0.0,1.0,0.0,0.1
pallets/click,c314f9672ba40f386bfb5f5574b852563990da9f,2026-04-27T14:44:44+00:00,0,1,1.0,65.0,34.0,4.605170185988092,2.0,1.0,1.0,0.0,0.0,0.0,0.0,0.0,0.0,0.0,1.0,0.0,1.0,0.0,0.0,0.0666666666666666,0.0666666666666666,15.0,7.0,0.1428571428571428,1.0,0.0,0.1
pallets/click,dd4dc439f6a6559302e779ac20f4e153cc26b47f,2026-04-27T14:51:41+00:00,0,1,4.0,74.0,0.0,4.31748811353631,2.0,1.0,1.0,1.0,2.0,0.0,0.0,0.0,0.0,0.0,0.0,0.0,1.0,0.0,0.0,0.0212765957446808,0.0089423373419673,32.5,59.0,0.0,1.0,0.0,0.1
pallets/click,3a3e0350b6a2ea3e799440d48e779acabcf44de9,2026-04-27T14:56:08+00:00,0,1,5.0,75.0,0.0,4.330733340286331,2.0,1.0,1.0,1.0,3.0,0.0,0.0,0.0,0.0,0.0,0.0,0.0,1.0,0.0,0.0,0.0208333333333333,0.0087797619047619,26.8,60.0,0.0,1.0,0.0,0.1
pallets/click,2f72f4a1b4d24bc7b18845bf6dbe28f95f162a15,2026-04-27T23:30:53+00:00,0,1,2.0,24.0,1.0,3.258096538021482,4.0,1.0,1.0,1.0,0.0,0.0,0.0,0.0,0.0,0.0,0.0,0.0,1.0,0.0,1.0,0.0,0.0,10.0,0.0,0.0,1.0,0.0,0.05
pallets/click,a5c0af7f506b841b492408109a763024d32995f4,2026-04-28T20:23:45+00:00,0,1,3.0,80.0,6.0,4.465908118654584,4.0,1.0,1.0,1.0,1.0,0.0,0.0,0.0,0.0,0.0,0.0,0.0,1.0,0.0,0.0,0.0140845070422535,0.0046948356807511,33.666666666666664,0.0,0.0,1.0,0.0,0.05
pallets/click,daf6ca5d2b48f5b581af259cd9d706fac1a3d0c3,2026-04-28T21:05:21+00:00,0,1,3.0,60.0,1.0,4.127134385045092,3.0,1.0,1.0,1.0,1.0,0.0,0.0,0.0,0.0,0.0,0.0,0.0,1.0,0.0,0.0,0.0138888888888888,0.0046296296296296,31.333333333333332,1.0,0.0,1.0,0.0,0.05
pallets/click,8a2b48901a08b3d2ec3a9bbd151948a9765368c6,2026-04-29T06:31:28+00:00,0,1,9.0,196.0,109.0,5.723585101952381,49.0,2.0,4.0,1.0,4.0,0.0,0.0,0.0,0.0,0.0,0.0,0.0,0.0,1.0,0.0,0.1428571428571428,0.0266071040288261,18.0,20.0,0.0,0.0,0.0,0.05
pallets/click,a014796098fe79d61f8a78bc9dfd888adfd19c01,2026-04-29T06:38:02+00:00,0,1,9.0,205.0,113.0,5.765191102784844,49.0,2.0,4.0,1.0,4.0,0.0,0.0,0.0,0.0,0.0,0.0,0.0,1.0,1.0,1.0,0.125,0.0226470588235294,11.444444444444445,21.0,0.0,0.0,0.0,0.05
pallets/click,c8da1fcc2cb4523c1fb5bef7f0ca82394dde1efd,2026-04-29T06:41:22+00:00,0,1,5.0,75.0,0.0,4.330733340286331,2.0,1.0,1.0,1.0,3.0,0.0,0.0,0.0,0.0,0.0,0.0,0.0,0.0,1.0,0.0,0.0196078431372549,0.0066242713301536,28.8,22.0,0.0,1.0,0.0,0.0
pallets/click,235e03ee0cb8d575630427158393a9c6fce39b31,2026-04-29T06:43:49+00:00,0,1,1.0,26.0,5.0,3.4657359027997265,0.0,0.0,0.0,0.0,1.0,0.0,0.0,0.0,0.0,0.0,0.0,1.0,1.0,0.0,0.0,0.0133333333333333,0.0133333333333333,75.0,23.0,0.0,1.0,0.0,0.0
pallets/click,cf93868770f48556d2caa0a19c65e36302a71c6f,2026-04-29T06:45:14+00:00,0,1,22.0,339.0,149.0,6.192362489474872,64.0,5.0,8.0,5.0,7.0,1.0,1.0,0.0,0.0,0.0,0.0,0.0,1.0,1.0,0.0,0.1111111111111111,0.0090479695742853,14.545454545454543,24.0,0.0,1.0,0.0,0.0
pallets/click,b03f211e602d915f413068eba87ff08469b38477,2026-04-29T06:47:39+00:00,0,1,3.0,113.0,19.0,4.890349128221754,7.0,1.0,1.0,1.0,1.0,0.0,0.0,0.0,0.0,0.0,0.0,0.0,0.0,1.0,0.0,0.0188679245283018,0.0106183125051049,53.333333333333336,25.0,0.0,1.0,0.0,0.0
pallets/click,3ca8f96c7568ee8ec1ba604d603821d0762243f5,2026-04-29T06:50:16+00:00,0,1,1.0,0.0,21.0,3.091042453358316,0.0,0.0,0.0,0.0,1.0,0.0,0.0,0.0,0.0,0.0,0.0,1.0,1.0,0.0,1.0,0.0128205128205128,0.0128205128205128,78.0,26.0,0.0,1.0,0.0,0.0
pallets/click,8d3449517a97b6fd457a025bd9c3d2acfd301fa4,2026-04-29T06:50:59+00:00,0,1,1.0,0.0,21.0,3.091042453358316,0.0,0.0,0.0,0.0,1.0,0.0,0.0,0.0,0.0,0.0,0.0,1.0,0.0,1.0,1.0,0.0126582278481012,0.0126582278481012,79.0,27.0,0.0,1.0,0.0,0.0
pallets/click,a34f960488e777ae795c41de7d33ae3c6edeb6fb,2026-04-29T06:56:26+00:00,0,1,1.0,30.0,4.0,3.5553480614894135,0.0,0.0,0.0,0.0,1.0,0.0,0.0,0.0,0.0,0.0,0.0,1.0,1.0,0.0,0.0,0.0125,0.0125,80.0,28.0,0.0,1.0,0.0,0.0
pallets/click,2d0490b12ceebb5c68a6aa7a9a7bb2a7ad522e86,2026-04-29T07:00:24+00:00,0,1,22.0,406.0,169.0,6.3561076606958915,70.0,5.0,8.0,5.0,7.0,1.0,1.0,0.0,0.0,0.0,0.0,0.0,1.0,1.0,1.0,0.1,0.0083407171126469,15.818181818181818,29.0,0.0,1.0,0.0,0.0
pallets/click,0cd28d6548f92e46396e0ffdd19ec5ea75b4b5e4,2026-04-29T07:01:45+00:00,0,1,3.0,76.0,1.0,4.356708826689592,3.0,1.0,1.0,1.0,1.0,0.0,0.0,0.0,0.0,0.0,0.0,0.0,0.0,1.0,1.0,0.0121951219512195,0.0040650406504065,34.333333333333336,30.0,0.0,1.0,0.0,0.0
pallets/click,25edc1e31360efba4f64c8c3c540bbbcfb7876da,2026-04-29T07:07:53+00:00,0,1,1.0,47.0,2.0,3.912023005428146,2.0,0.0,0.0,1.0,0.0,0.0,0.0,0.0,0.0,0.0,0.0,0.0,0.0,1.0,0.0,0.0,0.0,2.0,31.0,0.0,1.0,0.0,0.0
pallets/click,da7774b5ac228a78e0935bbdf45435cf7341de20,2026-04-29T08:53:32+00:00,0,1,2.0,3.0,9.0,2.5649493574615367,4.0,1.0,2.0,0.0,0.0,0.0,0.0,0.0,0.0,0.0,1.0,0.0,1.0,0.0,0.0,0.0181818181818181,0.009090909090909,30.0,61.0,0.0,0.0,0.0,0.0
pallets/click,76472b1bd94cb15fd7f00d3fbde57c703878dab2,2026-04-29T09:14:36+00:00,0,1,2.0,12.0,10.0,3.1354942159291497,1.0,1.0,1.0,0.0,1.0,0.0,0.0,0.0,0.0,0.0,1.0,0.0,1.0,0.0,0.0,0.0120481927710843,0.0060240963855421,50.0,62.0,0.0,1.0,0.0,0.0
pallets/click,987174bb236f2ebf63d668e9edfe8a1ac4a23962,2026-04-29T09:20:56+00:00,0,1,3.0,74.0,21.0,4.564348191467836,6.0,1.0,1.0,1.0,1.0,0.0,0.0,0.0,0.0,0.0,0.0,0.0,1.0,0.0,1.0,0.0119047619047619,0.0039682539682539,36.0,2.0,0.0,1.0,0.0,0.0
pallets/click,6677867c207025465db42eda02013e86cbb014d4,2026-04-29T09:22:42+00:00,0,1,3.0,74.0,21.0,4.564348191467836,6.0,1.0,1.0,1.0,1.0,0.0,0.0,0.0,0.0,0.0,0.0,0.0,1.0,0.0,1.0,0.0117647058823529,0.0039215686274509,37.0,3.0,0.0,1.0,0.0,0.0
pallets/click,b2bfd55245721c47688605ac590646a96c85121d,2026-04-29T09:27:30+00:00,0,1,1.0,69.0,34.0,4.6443908991413725,2.0,1.0,1.0,0.0,0.0,0.0,0.0,0.0,0.0,0.0,1.0,0.0,1.0,0.0,0.0,0.05,0.05,20.0,8.0,0.125,1.0,0.0,0.0
pallets/click,b1a4103d90437c72b2042d02bfb1c7d602070215,2026-04-29T10:28:11+00:00,0,1,4.0,357.0,99.0,6.124683390894205,20.0,1.0,1.0,1.0,2.0,0.0,0.0,0.0,0.0,0.0,0.0,0.0,1.0,0.0,1.0,0.0116279069767441,0.002906976744186,32.0,63.0,0.0,1.0,0.0,0.0
pallets/click,aad0fd68b6e20e33438bba3e7fb9bb637822effc,2026-04-29T11:09:14+00:00,0,1,4.0,355.0,98.0,6.118097198041348,20.0,1.0,1.0,1.0,2.0,0.0,0.0,0.0,0.0,0.0,0.0,0.0,1.0,0.0,1.0,0.0114942528735632,0.0028735632183908,33.0,64.0,0.0,1.0,0.0,0.0
pallets/click,d2e4a42ff410d92e88293f3552422a4a284c749b,2026-04-29T23:10:48+00:00,0,1,1.0,69.0,34.0,4.6443908991413725,2.0,1.0,1.0,0.0,0.0,0.0,0.0,0.0,0.0,0.0,1.0,0.0,0.0,0.0,0.0,0.0476190476190476,0.0476190476190476,21.0,1.0,0.0,1.0,0.0,0.0
pallets/click,ddede2147c9370ab8275f81db4826b6895d2e7dc,2026-04-29T23:11:50+00:00,0,1,4.0,46.0,44.0,4.51085950651685,23.0,1.0,3.0,0.0,1.0,0.0,0.0,0.0,0.0,0.0,1.0,0.0,0.0,0.0,0.0,0.0178571428571428,0.0073051948051948,39.5,9.0,0.1111111111111111,1.0,0.0,0.0
pallets/click,2468b70997a6ec27ced4b4867954c90da3f92075,2026-04-29T23:20:25+00:00,0,1,3.0,74.0,21.0,4.564348191467836,6.0,1.0,1.0,1.0,1.0,0.0,0.0,0.0,0.0,0.0,0.0,0.0,0.0,0.0,1.0,0.0112359550561797,0.0037453183520599,39.0,0.0,0.0,1.0,0.0,0.0
pallets/click,3dbe4f81197e670cb6082d4ed6e157b08610a7aa,2026-04-29T23:24:27+00:00,0,1,7.0,189.0,99.0,5.666426688112432,31.0,1.0,5.0,1.0,1.0,0.0,0.0,0.0,0.0,0.0,0.0,0.0,1.0,1.0,0.0,0.0454545454545454,0.0105870737449684,30.714285714285715,10.0,0.1,1.0,0.0,0.0
pallets/click,c5cced7b3096804567688df645194e3ed3dfa88b,2026-04-29T23:25:41+00:00,0,1,2.0,12.0,10.0,3.1354942159291497,1.0,1.0,1.0,0.0,1.0,0.0,0.0,0.0,0.0,0.0,1.0,0.0,0.0,0.0,1.0,0.0109890109890109,0.0054945054945054,54.5,0.0,0.0,1.0,0.0,0.0
pallets/click,9cbbf10782d555d6995ef8969276d6a89792bc0c,2026-04-29T23:32:47+00:00,0,1,54.0,5225.0,2225.0,8.916103530553727,269.0,5.0,14.0,12.0,21.0,1.0,6.0,1.0,0.0,0.0,0.0,0.0,1.0,1.0,0.0,0.1428571428571428,0.0083293310054929,11.203703703703704,11.0,0.0909090909090909,0.0,0.0,0.0
pallets/click,c69643b60cf971cd5d8e5d3902632807ceab9b8f,2026-04-29T23:33:46+00:00,0,1,7.0,138.0,74.0,5.3612921657094255,12.0,1.0,4.0,0.0,3.0,0.0,0.0,0.0,0.0,0.0,1.0,0.0,0.0,0.0,0.0,0.125,0.0339381720430107,20.428571428571427,0.0,0.0,1.0,0.0,0.0
pallets/click,8e1c9170168fcdb67f867df88d16e498673e26f3,2026-04-29T23:36:11+00:00,0,1,67.0,5989.0,2610.0,9.0595174822416,307.0,5.0,15.0,13.0,32.0,1.0,6.0,1.0,0.0,0.0,0.0,0.0,1.0,1.0,0.0,0.1111111111111111,0.0063806765179969,9.940298507462687,12.0,0.0833333333333333,0.0,0.0,0.0
pallets/click,19fd4d6e18bc9fce451f92f422696b11169faa57,2026-04-29T23:37:35+00:00,0,1,4.0,71.0,8.0,4.382026634673881,3.0,1.0,1.0,1.0,1.0,0.0,1.0,0.0,0.0,0.0,0.0,0.0,0.0,0.0,1.0,0.0105263157894736,0.0035087719298245,28.0,0.0,0.0,1.0,0.0,0.0
pallets/click,f6da6a7470dcc222513675d47345707710596488,2026-04-29T23:39:02+00:00,0,1,6.0,84.0,22.0,4.672828834461906,13.0,1.0,4.0,2.0,0.0,0.0,0.0,0.0,0.0,0.0,0.0,0.0,1.0,0.0,0.0,0.2,0.0527777777777777,22.333333333333332,0.0,0.0,1.0,0.0,0.0
pallets/click,dc3e1e0294f7bee639fb170112f87d9ddbe51db5,2026-04-29T23:52:25+00:00,0,1,1.0,2.0,0.0,1.0986122886681098,0.0,0.0,0.0,0.0,1.0,0.0,0.0,0.0,0.0,0.0,0.0,1.0,1.0,0.0,0.0,0.0104166666666666,0.0104166666666666,96.0,0.0,0.0,1.0,0.0,0.0
pallets/click,831c8f0948af519e45b90801d7430ff25451f972,2026-04-29T23:53:17+00:00,0,1,7.0,86.0,22.0,4.6913478822291435,13.0,1.0,4.0,2.0,1.0,0.0,0.0,0.0,0.0,0.0,0.0,0.0,0.0,0.0,0.0,0.1666666666666666,0.0406112112213176,33.857142857142854,1.0,0.0,1.0,0.0,0.0
pallets/click,36a0badd92907f82dc967de90cece58267a3f925,2026-04-29T23:57:03+00:00,0,1,55.0,4088.0,1972.0,8.709630081951286,227.0,5.0,15.0,11.0,20.0,1.0,8.0,1.0,0.0,0.0,0.0,0.0,1.0,1.0,1.0,0.1428571428571428,0.0083701046893338,13.50909090909091,13.0,0.0769230769230769,0.0,0.0,0.0
pallets/click,3ea593e3e039303abd02ef1044ca84b6ef90d7ea,2026-04-30T00:34:17+00:00,0,1,43.0,4148.0,1630.0,8.661985936317778,168.0,4.0,11.0,10.0,14.0,1.0,7.0,1.0,0.0,0.0,0.0,0.0,1.0,1.0,0.0,0.0833333333333333,0.0068865243283847,16.023255813953487,14.0,0.0714285714285714,0.0,0.0,0.0
pallets/click,22aeb7bcd7c2a20c1a7acfcf4c63fb59bdb99de1,2026-04-30T00:36:59+00:00,0,1,1.0,8.0,2.0,2.3978952727983707,0.0,0.0,0.0,0.0,1.0,0.0,0.0,0.0,0.0,0.0,0.0,1.0,1.0,0.0,0.0,0.01,0.01,100.0,1.0,0.0,1.0,0.0,0.0
pallets/click,abde410a1c6bcb3541801b165e18360360013410,2026-04-30T05:38:49+00:00,0,1,1.0,3.0,0.0,1.3862943611198906,0.0,0.0,0.0,0.0,1.0,0.0,0.0,0.0,0.0,0.0,0.0,1.0,1.0,0.0,0.0,0.0099009900990099,0.0099009900990099,101.0,65.0,0.0,1.0,0.0,0.0
pallets/click,3694e9aeffb8d59370461c0e1b4a758187a4b6ef,2026-04-30T05:49:51+00:00,0,1,1.0,3.0,0.0,1.3862943611198906,0.0,0.0,0.0,0.0,1.0,0.0,0.0,0.0,0.0,0.0,0.0,1.0,1.0,0.0,0.0,0.0098039215686274,0.0098039215686274,102.0,66.0,0.0,1.0,0.0,0.0
pallets/click,c07cd75395c5597128a4c4525846958edd767da9,2026-04-30T06:15:50+00:00,0,1,3.0,11.0,10.0,3.091042453358316,1.0,1.0,1.0,0.0,1.0,0.0,1.0,0.0,0.0,0.0,1.0,0.0,1.0,0.0,0.0,0.0097087378640776,0.0032362459546925,39.0,67.0,0.0,1.0,0.0,0.0
pallets/click,3dac31185776ddad4320b24a0de354387b3a9e52,2026-04-30T08:12:48+00:00,1,1,1.0,70.0,3.0,4.30406509320417,4.0,0.0,0.0,1.0,0.0,0.0,0.0,0.0,0.0,0.0,0.0,0.0,1.0,0.0,0.0,0.0,0.0,28.0,68.0,0.0,0.0,0.0,0.0
pallets/click,4a70df6b8addae298145efb34de4bb0f8b83d97d,2026-04-30T19:11:50+00:00,0,1,2.0,14.0,1.0,2.772588722239781,2.0,1.0,1.0,1.0,0.0,0.0,0.0,0.0,0.0,0.0,0.0,0.0,1.0,0.0,1.0,0.0,0.0,27.5,0.0,0.0,1.0,0.0,0.05
pallets/click,f27d80b067c1a6ad22a0c8422e56fad21162c9b5,2026-04-30T21:57:00+00:00,0,1,1.0,0.0,1.0,0.6931471805599453,0.0,0.0,0.0,0.0,1.0,0.0,0.0,0.0,0.0,0.0,0.0,1.0,1.0,0.0,0.0,0.0096153846153846,0.0096153846153846,104.0,15.0,0.0666666666666666,0.0,0.0,0.05
pallets/click,fed9049f7a07550d560a91b30c5b0b3e17d54981,2026-04-30T22:03:35+00:00,0,1,1.0,2.0,2.0,1.6094379124341005,0.0,0.0,0.0,0.0,1.0,0.0,0.0,0.0,0.0,0.0,0.0,1.0,0.0,0.0,0.0,0.0095238095238095,0.0095238095238095,105.0,2.0,0.0,1.0,0.0,0.05
pallets/click,9aecc0c7ee2dfd223bbd9e42cfef31edc3bc152c,2026-04-30T22:06:31+00:00,0,1,1.0,2.0,2.0,1.6094379124341005,0.0,0.0,0.0,0.0,1.0,0.0,0.0,0.0,0.0,0.0,0.0,1.0,1.0,1.0,0.0,0.0094339622641509,0.0094339622641509,106.0,16.0,0.0625,1.0,0.0,0.05
pallets/click,ca9698cf7d7eb104634cf368c86daaa9ec478b26,2026-05-01T01:12:26+00:00,0,1,1.0,11.0,11.0,3.1354942159291497,3.0,1.0,1.0,0.0,0.0,0.0,0.0,0.0,0.0,0.0,1.0,0.0,1.0,0.0,1.0,0.0,0.0,18.0,3.0,0.0,0.0,0.0,0.05
pallets/click,9e90ad93bddb5ce88e583734fac9d4d70848d51b,2026-05-01T04:12:46+00:00,0,1,60.0,5517.0,2327.0,8.967631665167133,294.0,5.0,15.0,14.0,23.0,1.0,7.0,1.0,0.0,0.0,0.0,0.0,1.0,1.0,0.0,0.125,0.0072751484178094,14.366666666666667,0.0,0.0,0.0,0.0,0.05
pallets/click,900acf28bdf6b98d0aa2862d84c350ac31f02fe0,2026-05-01T14:01:48+00:00,0,1,2.0,30.0,1.0,3.4657359027997265,2.0,1.0,1.0,1.0,0.0,0.0,0.0,0.0,0.0,0.0,0.0,0.0,1.0,0.0,1.0,0.0714285714285714,0.0357142857142857,15.0,0.0,0.0,1.0,0.0,0.05
pallets/click,3df4d601a5f1d1db50cbf0b33e5b0816189bc5a8,2026-05-01T14:33:03+00:00,0,1,2.0,2.0,1.0,1.3862943611198906,2.0,1.0,2.0,0.0,0.0,0.0,0.0,0.0,0.0,0.0,1.0,0.0,1.0,0.0,0.0,0.0153846153846153,0.0076923076923076,42.5,4.0,0.0,1.0,0.0,0.05
pallets/click,69120406d6a4fabda61f4afdef24cd64002a7b29,2026-05-01T14:46:49+00:00,0,1,2.0,3.0,4.0,2.0794415416798357,1.0,0.0,0.0,1.0,1.0,0.0,0.0,0.0,0.0,0.0,0.0,0.0,1.0,0.0,0.0,0.0,0.0,0.5,1.0,0.0,1.0,0.0,0.05
pallets/click,5e1d85babcbbe28afd3a30ff852d321773a960bd,2026-05-02T11:41:52+00:00,0,1,2.0,42.0,1.0,3.784189633918261,3.0,1.0,1.0,1.0,0.0,0.0,0.0,0.0,0.0,0.0,0.0,0.0,1.0,0.0,0.0,0.0,0.0,14.5,0.0,0.0,1.0,0.0,0.05
pallets/click,cbbf18f5179f979860f467aa3c9e528f85c32d8d,2026-05-03T13:33:33+00:00,0,1,2.0,8.0,1.0,2.302585092994046,2.0,1.0,1.0,1.0,0.0,0.0,0.0,0.0,0.0,0.0,0.0,0.0,1.0,0.0,1.0,0.0,0.0,15.5,0.0,0.0,1.0,0.0,0.05
pallets/click,4ec81c88dd628c69a279bf7331b615edbbe52c23,2026-05-04T13:33:53+00:00,0,1,4.0,391.0,98.0,6.194405391104672,21.0,1.0,1.0,1.0,2.0,0.0,0.0,0.0,0.0,0.0,0.0,0.0,1.0,0.0,1.0,0.0092592592592592,0.0023148148148148,42.75,69.0,0.0144927536231884,1.0,0.0,0.05
pallets/click,b24a333522976deeaf675284e59de17887cf54b7,2026-05-04T14:52:20+00:00,1,1,1.0,28.0,0.0,3.367295829986474,1.0,0.0,0.0,1.0,0.0,0.0,0.0,0.0,0.0,0.0,0.0,0.0,1.0,0.0,0.0,0.0,0.0,40.0,70.0,0.0142857142857142,1.0,0.0,0.05
pallets/click,fee483d691a56616cdca46d91240358e02277f84,2026-05-04T19:33:35+00:00,0,1,1.0,160.0,0.0,5.081404364984463,11.0,0.0,0.0,1.0,0.0,0.0,0.0,0.0,0.0,0.0,0.0,0.0,1.0,0.0,0.0,0.0333333333333333,0.0333333333333333,30.0,5.0,0.0,1.0,0.0,0.1
pallets/click,73e155006526575548d143ef519995f540547e52,2026-05-04T20:03:04+00:00,0,1,3.0,17.0,16.0,3.5263605246161616,4.0,1.0,3.0,0.0,0.0,0.0,0.0,0.0,0.0,0.0,1.0,0.0,0.0,0.0,1.0,0.0151515151515151,0.0075757575757575,29.0,17.0,0.0588235294117647,1.0,0.0,0.1
pallets/click,a3c0a3e21b625e6d512fd7d1b9a31c9fbe209d62,2026-05-04T20:26:53+00:00,1,1,2.0,8.0,0.0,2.1972245773362196,1.0,1.0,1.0,0.0,1.0,0.0,0.0,0.0,0.0,0.0,1.0,0.0,1.0,0.0,0.0,0.0091743119266055,0.0045871559633027,68.0,6.0,0.0,0.0,0.0,0.1
pallets/click,0b75b01ec37ea591d76a51d50604589c69163a43,2026-05-05T08:28:23+00:00,0,1,1.0,3.0,3.0,1.9459101490553132,1.0,1.0,1.0,0.0,0.0,0.0,0.0,0.0,0.0,0.0,1.0,0.0,1.0,0.0,0.0,0.0357142857142857,0.0357142857142857,28.0,1.0,0.0,0.0,0.0,0.15
pallets/click,dae9fcafffa4bd7691837c6f9e855615959dc9d3,2026-05-05T08:31:05+00:00,0,1,3.0,17.0,16.0,3.5263605246161616,4.0,1.0,3.0,0.0,0.0,0.0,0.0,0.0,0.0,0.0,1.0,0.0,1.0,1.0,0.0,0.0149253731343283,0.0049751243781094,30.0,2.0,0.0,1.0,0.0,0.15
pallets/click,7c71919cc0a854cbd4aa005ff10cf70d521e3033,2026-05-05T11:57:14+00:00,0,1,1.0,4.0,0.0,1.6094379124341005,1.0,1.0,1.0,0.0,0.0,0.0,0.0,0.0,0.0,0.0,1.0,0.0,1.0,0.0,1.0,0.0,0.0,12.0,0.0,0.0,1.0,0.0,0.15
pallets/click,3264a4ca3c87023786dfe596ec2a8e38b0d3782c,2026-05-05T14:09:49+00:00,0,1,2.0,27.0,0.0,3.332204510175204,2.0,1.0,1.0,1.0,0.0,0.0,0.0,0.0,0.0,0.0,0.0,0.0,1.0,0.0,1.0,0.0,0.0,17.0,1.0,0.0,1.0,0.0,0.15
pallets/click,352db9b056e3249d70c73f3faa0b4a53ff7f81c3,2026-05-05T16:39:31+00:00,1,1,1.0,2.0,2.0,1.6094379124341005,1.0,1.0,1.0,0.0,0.0,0.0,0.0,0.0,0.0,0.0,1.0,0.0,1.0,0.0,0.0,0.0344827586206896,0.0344827586206896,29.0,7.0,0.1428571428571428,0.0,0.0,0.1
pallets/click,c6eb223251d967f2b64066f45533e0f034d0ac92,2026-05-05T17:53:49+00:00,0,1,1.0,5.0,1.0,1.9459101490553132,2.0,1.0,1.0,0.0,0.0,0.0,0.0,0.0,0.0,0.0,1.0,0.0,1.0,0.0,1.0,0.0,0.0,14.0,0.0,0.0,1.0,0.0,0.15
pallets/click,c9954405e47e52bf02c8ac98c37deda3a4381471,2026-05-05T18:19:37+00:00,1,1,2.0,117.0,112.0,5.438079308923196,18.0,1.0,1.0,1.0,0.0,0.0,0.0,0.0,0.0,0.0,0.0,0.0,1.0,0.0,0.0,0.032258064516129,0.0161290322580645,28.0,8.0,0.25,1.0,0.0,0.15
pallets/click,87ddb679f96ce01b9accaca1681fc27bbde6262a,2026-05-07T06:50:44+00:00,1,1,1.0,121.0,8.0,4.867534450455582,4.0,0.0,0.0,1.0,0.0,0.0,0.0,0.0,0.0,0.0,0.0,0.0,1.0,0.0,0.0,0.024390243902439,0.024390243902439,41.0,71.0,0.028169014084507,1.0,1.0,0.2
pallets/click,a83dde072f37f0b4981b6b355ed0d9ed44816199,2026-05-07T08:16:38+00:00,1,1,1.0,63.0,0.0,4.1588830833596715,1.0,0.0,0.0,1.0,0.0,0.0,0.0,0.0,0.0,0.0,0.0,0.0,1.0,0.0,0.0,0.0476190476190476,0.0476190476190476,42.0,72.0,0.0416666666666666,1.0,1.0,0.25
pallets/click,effa02496846ef7944388b6a65e88c681f15c5a4,2026-05-07T08:21:20+00:00,1,1,1.0,278.0,1.0,5.634789603169249,2.0,0.0,0.0,1.0,0.0,0.0,0.0,0.0,0.0,0.0,0.0,0.0,1.0,0.0,0.0,0.0697674418604651,0.0697674418604651,43.0,73.0,0.0547945205479452,1.0,1.0,0.3
pallets/click,404bf350345524274ccedf13ac0a2965a536634f,2026-05-07T08:47:58+00:00,1,1,1.0,21.0,3.0,3.218875824868201,0.0,0.0,0.0,0.0,1.0,0.0,0.0,0.0,0.0,0.0,0.0,1.0,1.0,0.0,0.0,0.0,0.0,18.0,74.0,0.0675675675675675,0.0,0.0,0.35
pallets/click,80c4ed0d4474c86193ed55388ff343d6bb274c4a,2026-05-07T08:50:31+00:00,1,1,1.0,64.0,0.0,4.174387269895637,1.0,0.0,0.0,1.0,0.0,0.0,0.0,0.0,0.0,0.0,0.0,0.0,1.0,0.0,0.0,0.0909090909090909,0.0909090909090909,44.0,75.0,0.08,0.0,0.0,0.4
pallets/click,fd50ce9c318bdcb0804eea25155a13087cb755e1,2026-05-07T08:57:04+00:00,1,1,1.0,23.0,0.0,3.1780538303479458,1.0,0.0,0.0,1.0,0.0,0.0,0.0,0.0,0.0,0.0,0.0,0.0,1.0,0.0,0.0,0.1111111111111111,0.1111111111111111,45.0,76.0,0.0921052631578947,1.0,1.0,0.45
pallets/click,2dc265e04dbb337a7e0d6f2824b7149243b57408,2026-05-07T09:00:18+00:00,0,1,1.0,34.0,11.0,3.828641396489095,1.0,1.0,1.0,0.0,0.0,0.0,0.0,0.0,0.0,0.0,1.0,0.0,1.0,0.0,0.0,0.0147058823529411,0.0147058823529411,68.0,77.0,0.1038961038961039,1.0,1.0,0.5
pallets/click,933ecf815ee7e5943c519b5824122bf71b148797,2026-05-07T10:05:36+00:00,0,1,1.0,8.0,0.0,2.1972245773362196,0.0,0.0,0.0,0.0,1.0,0.0,0.0,0.0,0.0,0.0,0.0,1.0,1.0,0.0,0.0,0.0181818181818181,0.0181818181818181,110.0,78.0,0.1025641025641025,0.0,0.0,0.5
pallets/click,d30cd2669ce8d44224e12f29c8756faf0aa89d73,2026-05-07T10:29:25+00:00,0,1,1.0,37.0,1.0,3.6635616461296463,0.0,0.0,0.0,0.0,1.0,0.0,0.0,0.0,0.0,0.0,0.0,1.0,1.0,0.0,0.0,0.0526315789473684,0.0526315789473684,19.0,79.0,0.1012658227848101,1.0,0.0,0.5
pallets/click,2817d99a18d2d25c2f27b7191f673f0510983e1f,2026-05-08T02:57:52+00:00,0,1,1.0,3.0,3.0,1.9459101490553132,1.0,1.0,1.0,0.0,0.0,0.0,0.0,0.0,0.0,0.0,1.0,0.0,1.0,0.0,1.0,0.0666666666666666,0.0666666666666666,30.0,3.0,0.0,1.0,0.0,0.5
pallets/click,5b9630f50fde938b72ad8c99542efe3a6f5717e2,2026-05-08T04:42:12+00:00,0,1,9.0,54.0,32.0,4.465908118654584,15.0,1.0,9.0,0.0,0.0,0.0,0.0,0.0,0.0,0.0,1.0,0.0,0.0,0.0,0.0,0.5,0.0899814216872421,23.22222222222222,4.0,0.0,1.0,0.0,0.45
pallets/click,1fd5b6f2215a76ee083d4a15c97d82e84bc47686,2026-05-08T04:53:06+00:00,0,1,1.0,62.0,0.0,4.143134726391533,0.0,0.0,0.0,0.0,1.0,0.0,0.0,0.0,0.0,0.0,0.0,1.0,1.0,0.0,0.0,0.05,0.05,20.0,80.0,0.1,1.0,0.0,0.45
pallets/click,516e141dd59b3e4a3dcd01c3e92d85e77e7d6733,2026-05-08T04:57:52+00:00,0,1,1.0,2.0,0.0,1.0986122886681098,0.0,0.0,0.0,0.0,1.0,0.0,0.0,0.0,0.0,0.0,0.0,1.0,1.0,0.0,0.0,0.018018018018018,0.018018018018018,111.0,81.0,0.0987654320987654,0.0,0.0,0.45
pallets/click,9a067e387eee19b9c5151cd7cf095e046973e2c9,2026-05-08T12:45:57+00:00,0,1,1.0,10.0,3.0,2.6390573296152584,1.0,0.0,0.0,1.0,0.0,0.0,0.0,0.0,0.0,0.0,0.0,0.0,1.0,0.0,0.0,0.0,0.0,15.0,0.0,0.0,1.0,0.0,0.4
pallets/click,fc6c7c47edd6110b6bd5a1a5297b2035214b0cd1,2026-05-08T13:47:51+00:00,0,1,3.0,30.0,6.0,3.610917912644224,2.0,1.0,1.0,1.0,1.0,0.0,0.0,0.0,0.0,0.0,0.0,0.0,0.0,0.0,0.0,0.0344827586206896,0.0174466338259441,52.333333333333336,0.0,0.0,1.0,0.0,0.4
pallets/click,3c2fc3330369d6431eea0b3f9c23293a3e096344,2026-05-08T14:41:28+00:00,0,1,2.0,165.0,21.0,5.231108616854587,9.0,1.0,1.0,1.0,0.0,0.0,0.0,0.0,0.0,0.0,0.0,0.0,1.0,0.0,0.0,0.0625,0.0625,32.0,82.0,0.0975609756097561,0.0,0.0,0.4
pallets/click,c5d29670f806a10c02f47459dc1c08896d0233e4,2026-05-08T14:44:07+00:00,1,1,1.0,4.0,6.0,2.3978952727983707,1.0,0.0,0.0,1.0,0.0,0.0,0.0,0.0,0.0,0.0,0.0,0.0,1.0,0.0,0.0,0.0606060606060606,0.0606060606060606,33.0,83.0,0.0963855421686747,1.0,0.0,0.4
pallets/click,61bdc2ae81f6d0dc19bd247504544659245df056,2026-05-08T14:47:25+00:00,0,1,2.0,162.0,21.0,5.214935757608986,9.0,1.0,1.0,1.0,0.0,0.0,0.0,0.0,0.0,0.0,0.0,0.0,1.0,0.0,0.0,0.088235294117647,0.0744206773618538,33.5,84.0,0.1071428571428571,0.0,0.0,0.45
pallets/click,be84142f7e8fe7ac27ac44ee62aa923a1242ce92,2026-05-08T21:22:05+00:00,0,1,5.0,17.0,8.0,3.258096538021482,1.0,2.0,2.0,1.0,1.0,1.0,0.0,0.0,0.0,0.0,0.0,0.0,1.0,0.0,0.0,0.0625,0.0278045288912024,40.0,9.0,0.3333333333333333,1.0,1.0,0.4
pallets/click,c1b419d4201c08ea76642ffb1d486aa2e6ab893d,2026-05-08T22:14:15+00:00,0,1,3.0,44.0,0.0,3.80666248977032,0.0,1.0,1.0,0.0,0.0,1.0,1.0,1.0,0.0,0.0,1.0,0.0,1.0,0.0,0.0,0.0,0.0,16.666666666666668,10.0,0.3,1.0,0.0,0.4
pallets/click,d84a563cb9becb5047360d05b49f09090b5e728d,2026-05-09T02:59:42+00:00,0,1,2.0,10.0,1.0,2.4849066497880004,2.0,1.0,1.0,1.0,0.0,0.0,0.0,0.0,0.0,0.0,0.0,0.0,1.0,0.0,1.0,0.0,0.0,19.0,0.0,0.0,1.0,0.0,0.35
pallets/click,380bb8f459a4b8bf143f8031a476e33a38dd271a,2026-05-09T09:39:44+00:00,0,1,3.0,27.0,1.0,3.367295829986474,3.0,1.0,1.0,1.0,1.0,0.0,0.0,0.0,0.0,0.0,0.0,0.0,1.0,0.0,1.0,0.0175438596491228,0.0058479532163742,51.333333333333336,0.0,0.0,1.0,0.0,0.3
pallets/click,32448269ad89296e7659b2f4397bc0b4d149ca2d,2026-05-09T13:27:46+00:00,1,1,23.0,559.0,14.0,6.352629396319567,11.0,8.0,19.0,1.0,2.0,1.0,0.0,0.0,0.0,0.0,0.0,0.0,1.0,0.0,0.0,0.3333333333333333,0.0399421604390548,18.52173913043478,0.0,0.0,1.0,0.0,0.25
pallets/click,e316138a0555e87369726456c9832b59e648b5bf,2026-05-09T13:29:40+00:00,1,1,23.0,556.0,14.0,6.3473892096560105,11.0,8.0,19.0,1.0,2.0,1.0,0.0,0.0,0.0,0.0,0.0,0.0,1.0,0.0,0.0,1.0,0.4464860062877059,19.52173913043478,1.0,1.0,1.0,0.0,0.25
pallets/click,e6cfbbf0aa9f770db120fac5ab55499711e73395,2026-05-09T19:15:14+00:00,1,1,4.0,59.0,53.0,4.727387818712341,16.0,1.0,3.0,1.0,0.0,0.0,0.0,0.0,0.0,0.0,0.0,0.0,1.0,0.0,0.0,0.09375,0.0520833333333333,13.0,11.0,0.2727272727272727,0.0,0.0,0.25
pallets/click,fa1c3d946e447f62f2ba7e9adf79d7e9d17a7766,2026-05-10T01:14:22+00:00,0,1,2.0,20.0,7.0,3.332204510175204,2.0,1.0,1.0,1.0,0.0,0.0,0.0,0.0,0.0,0.0,0.0,0.0,1.0,0.0,1.0,0.1,0.05,22.0,0.0,0.0,1.0,0.0,0.25
pallets/click,f2cbc8573cfb97af40e1198cb55552020aac0c1c,2026-05-11T12:24:38+00:00,0,1,1.0,17.0,5.0,3.1354942159291497,3.0,0.0,0.0,1.0,0.0,0.0,0.0,0.0,0.0,0.0,0.0,0.0,1.0,0.0,0.0,0.0857142857142857,0.0857142857142857,35.0,85.0,0.1058823529411764,0.0,0.0,0.2
pallets/click,1a1e6f7a0a171ead1277a86597390a6736dee475,2026-05-12T02:55:15+00:00,0,1,2.0,11.0,0.0,2.4849066497880004,2.0,1.0,1.0,1.0,0.0,0.0,0.0,0.0,0.0,0.0,0.0,0.0,1.0,0.0,1.0,0.0952380952380952,0.0476190476190476,23.0,0.0,0.0,1.0,0.0,0.2
pallets/click,955ca47dba8f185bd2c58166ff2d55c323752a19,2026-05-12T07:00:09+00:00,1,1,4.0,168.0,1.0,5.135798437050262,14.0,1.0,1.0,1.0,2.0,0.0,0.0,0.0,0.0,0.0,0.0,0.0,1.0,0.0,0.0,0.0416666666666666,0.0379273504273504,47.25,0.0,0.0,1.0,0.0,0.2
pallets/click,2c5db5e4af9328d0da62136d864f71f3cd65e4f1,2026-05-12T15:06:54+00:00,1,1,2.0,202.0,2.0,5.3230099791384085,7.0,1.0,1.0,1.0,0.0,0.0,0.0,0.0,0.0,0.0,0.0,0.0,1.0,0.0,0.0,0.0,0.0,13.0,86.0,0.1046511627906976,1.0,0.0,0.25
pallets/click,a3eca6daf51bb50692f186f9fd2e8fd29c782222,2026-05-12T15:22:16+00:00,0,1,2.0,22.0,16.0,3.6635616461296463,2.0,1.0,1.0,1.0,0.0,0.0,0.0,0.0,0.0,0.0,0.0,0.0,1.0,0.0,0.0,1.0,0.5185185185185185,14.0,87.0,0.1149425287356321,1.0,1.0,0.3
pallets/click,e64601ad1e7d04b15612a3084cfa2197b17e65e4,2026-05-12T15:36:59+00:00,0,1,1.0,11.0,0.0,2.4849066497880004,1.0,1.0,1.0,0.0,0.0,0.0,0.0,0.0,0.0,0.0,1.0,0.0,1.0,0.0,1.0,0.0769230769230769,0.0769230769230769,26.0,0.0,0.0,1.0,0.0,0.3
pallets/click,558d88d35962351b996bb9a4b5a5df5784af7fa9,2026-05-12T15:45:33+00:00,0,1,1.0,48.0,52.0,4.61512051684126,5.0,0.0,0.0,1.0,0.0,0.0,0.0,0.0,0.0,0.0,0.0,0.0,1.0,0.0,0.0,0.0357142857142857,0.0357142857142857,28.0,88.0,0.1136363636363636,1.0,0.0,0.3
pallets/click,8906ae8b33755282cbf0244b3ee4fb8a5b9c6d75,2026-05-12T15:48:35+00:00,0,1,1.0,2.0,1.0,1.3862943611198906,0.0,1.0,1.0,0.0,0.0,0.0,0.0,0.0,0.0,0.0,1.0,0.0,1.0,0.0,0.0,0.5,0.5,2.0,89.0,0.1123595505617977,0.0,0.0,0.3
pallets/click,d946074a8fd4bd743dcde12e08e1561f062a2a68,2026-05-12T15:51:09+00:00,0,1,4.0,214.0,2.0,5.37989735354046,6.0,1.0,2.0,1.0,1.0,0.0,0.0,0.0,0.0,0.0,0.0,0.0,1.0,0.0,0.0,0.3333333333333333,0.1252745160547615,43.0,90.0,0.1111111111111111,1.0,0.0,0.3
pallets/click,279ce7b01666a57e61e94514b39312c02a3184d2,2026-05-12T20:14:03+00:00,0,1,1.0,12.0,4.0,2.833213344056216,2.0,1.0,1.0,0.0,0.0,0.0,0.0,0.0,0.0,0.0,1.0,0.0,1.0,0.0,0.0,0.1176470588235294,0.1176470588235294,17.0,0.0,0.0,1.0,0.0,0.3
pallets/click,63d18e61bca06ab6778323d1a319f4b6bb826806,2026-05-13T13:58:23+00:00,0,1,1.0,1.0,1.0,1.0986122886681098,1.0,1.0,1.0,0.0,0.0,0.0,0.0,0.0,0.0,0.0,1.0,0.0,1.0,0.0,0.0,0.0547945205479452,0.0547945205479452,73.0,0.0,0.0,1.0,0.0,0.3
pallets/click,61acdcc4ce718f1f6e49e79625c0a6b088bc8189,2026-05-13T14:00:00+00:00,0,1,1.0,5.0,1.0,1.9459101490553132,1.0,1.0,1.0,0.0,0.0,0.0,0.0,0.0,0.0,0.0,1.0,0.0,1.0,0.0,0.0,0.054054054054054,0.054054054054054,74.0,1.0,0.0,1.0,0.0,0.25
pallets/click,c943271a269e6941fcc51e3506ead074b9dda6be,2026-05-14T05:01:13+00:00,0,1,3.0,284.0,4.0,5.666426688112432,14.0,1.0,1.0,1.0,1.0,0.0,0.0,0.0,0.0,0.0,0.0,0.0,0.0,1.0,0.0,0.1081081081081081,0.0778194160547101,64.0,32.0,0.0,1.0,0.0,0.25
pallets/click,6cc592979cf91f23456be4f7b0eff78ee79680cd,2026-05-14T09:25:23+00:00,1,1,23.0,555.0,13.0,6.343880434126331,10.0,8.0,19.0,1.0,2.0,1.0,0.0,0.0,0.0,0.0,0.0,0.0,1.0,0.0,0.0,1.0,0.4734138702222479,21.043478260869566,2.0,1.0,1.0,0.0,0.25
pallets/click,7c57faf1b8d25b836ab57554f81651d6d4c02792,2026-05-14T12:42:40+00:00,0,1,2.0,38.0,1.0,3.688879454113936,3.0,1.0,1.0,1.0,0.0,0.0,0.0,0.0,0.0,0.0,0.0,0.0,1.0,0.0,1.0,0.125,0.0791666666666666,27.0,0.0,0.0,1.0,0.0,0.3
pallets/click,5d9bf29aa65cccc3b69eb592316e160836044243,2026-05-14T13:53:42+00:00,0,1,2.0,26.0,2.0,3.367295829986474,2.0,1.0,1.0,1.0,0.0,0.0,0.0,0.0,0.0,0.0,0.0,0.0,1.0,0.0,0.0,0.1304347826086956,0.1187888198757763,37.0,0.0,0.0,1.0,0.0,0.3
pallets/click,300bf56c1c27396d8b50e0fa8dd7d16163d0cc07,2026-05-15T09:54:31+00:00,1,1,1.0,62.0,0.0,4.143134726391533,0.0,0.0,0.0,0.0,1.0,0.0,0.0,0.0,0.0,0.0,0.0,1.0,1.0,0.0,0.0,0.0476190476190476,0.0476190476190476,21.0,91.0,0.1098901098901098,0.0,0.0,0.3
pallets/click,0f71fe771ceefd5715b3b375c9b2e3a701c0648e,2026-05-15T09:58:31+00:00,0,1,4.0,991.0,15.0,6.914730892718563,12.0,1.0,1.0,1.0,2.0,0.0,0.0,0.0,0.0,0.0,0.0,0.0,1.0,0.0,1.0,0.1276595744680851,0.0834862289802226,66.5,92.0,0.1195652173913043,1.0,0.0,0.3
pallets/click,5dd4acdc7b8f99d29603404b3b8d25b1fe9e52e8,2026-05-15T10:07:07+00:00,0,1,1.0,2.0,0.0,1.0986122886681098,0.0,0.0,0.0,0.0,1.0,0.0,0.0,0.0,0.0,0.0,0.0,1.0,1.0,0.0,0.0,0.0491803278688524,0.0491803278688524,122.0,93.0,0.1182795698924731,0.0,0.0,0.25
pallets/click,0039359443e73ab1034c63a1f6d58aba22c0ebc8,2026-05-15T10:41:27+00:00,0,1,1.0,5.0,1.0,1.9459101490553132,1.0,1.0,1.0,0.0,0.0,0.0,0.0,0.0,0.0,0.0,1.0,0.0,0.0,0.0,0.0,0.0649350649350649,0.0649350649350649,77.0,2.0,0.0,1.0,0.0,0.2
pallets/click,c040135a74180d65c97c66614f234ea89c337ceb,2026-05-15T11:17:50+00:00,0,1,2.0,30.0,32.0,4.143134726391533,7.0,1.0,1.0,0.0,1.0,0.0,0.0,0.0,0.0,0.0,1.0,0.0,1.0,0.0,0.0,0.0641025641025641,0.056441525953721,100.5,94.0,0.1170212765957446,1.0,0.0,0.2
pallets/click,bd3b2d6b0fb1f186afb9a3ad72909f0b95392f67,2026-05-15T11:28:36+00:00,0,1,2.0,45.0,0.0,3.828641396489095,1.0,0.0,0.0,0.0,2.0,0.0,0.0,0.0,0.0,0.0,0.0,1.0,1.0,0.0,0.0,0.0869565217391304,0.067671809256662,73.5,95.0,0.1157894736842105,1.0,0.0,0.2
pallets/click,ad39d749be85af02bf191636062eef51323ad5ab,2026-05-15T11:34:51+00:00,0,1,4.0,391.0,98.0,6.194405391104672,21.0,1.0,1.0,1.0,2.0,0.0,0.0,0.0,0.0,0.0,0.0,0.0,1.0,0.0,1.0,0.1071428571428571,0.0387857142857142,48.5,96.0,0.1145833333333333,1.0,0.0,0.2
pallets/click,63daae27b124b717cffa8b458e1a0a43525f2b34,2026-05-15T15:03:42+00:00,0,1,2.0,45.0,0.0,3.828641396489095,1.0,0.0,0.0,0.0,2.0,0.0,0.0,0.0,0.0,0.0,0.0,1.0,0.0,1.0,0.0,0.0833333333333333,0.0654761904761904,75.0,33.0,0.0,1.0,0.0,0.15
pallets/click,64fd2bda82f3c3cd21549c9a9daeca1cc6e110b6,2026-05-16T02:18:44+00:00,0,1,1.0,4.0,0.0,1.6094379124341005,1.0,1.0,1.0,0.0,0.0,0.0,0.0,0.0,0.0,0.0,1.0,0.0,1.0,0.0,1.0,0.12,0.12,25.0,0.0,0.0,1.0,0.0,0.1
pallets/click,843879880e94023317699ac2e85e5f7a44fb1b68,2026-05-16T04:36:34+00:00,1,1,2.0,45.0,0.0,3.828641396489095,1.0,0.0,0.0,0.0,2.0,0.0,0.0,0.0,0.0,0.0,0.0,1.0,1.0,1.0,0.0,0.08,0.0636220472440944,76.0,34.0,0.0,1.0,0.0,0.1
pallets/click,3619563d9bf8763360d3f0d95eb76e43f26dea5e,2026-05-16T04:38:42+00:00,0,1,2.0,30.0,32.0,4.143134726391533,7.0,1.0,1.0,0.0,1.0,0.0,0.0,0.0,0.0,0.0,1.0,0.0,0.0,1.0,0.0,0.0632911392405063,0.0589893196202531,103.5,35.0,0.0285714285714285,1.0,0.0,0.15
pallets/click,98cba78d0a567eca8f19620a5cb3bcad3f63dbe5,2026-05-16T04:44:00+00:00,0,1,3.0,75.0,28.0,4.6443908991413725,8.0,1.0,1.0,0.0,2.0,0.0,0.0,0.0,0.0,0.0,1.0,0.0,1.0,1.0,0.0,0.1153846153846153,0.0773827270920294,78.33333333333333,36.0,0.0277777777777777,1.0,0.0,0.15
pallets/click,ec8226954e2657324e7a25fec6657e4fbde33bcb,2026-05-16T04:44:52+00:00,0,1,4.0,991.0,15.0,6.914730892718563,12.0,1.0,1.0,1.0,2.0,0.0,0.0,0.0,0.0,0.0,0.0,0.0,0.0,1.0,0.0,0.125,0.0879214150047483,71.5,37.0,0.027027027027027,1.0,0.0,0.15
pallets/click,84a42d35822ab3aa6607212fc993f37dced5e9ac,2026-05-16T04:46:46+00:00,0,1,4.0,1066.0,43.0,7.01211529430638,19.0,1.0,1.0,1.0,2.0,0.0,0.0,0.0,0.0,0.0,0.0,0.0,1.0,1.0,0.0,0.1224489795918367,0.086000640248652,72.5,38.0,0.0263157894736842,1.0,0.0,0.15
pallets/click,ba745ac64037b7d4cdd0abce10446c0a2861935f,2026-05-16T04:48:06+00:00,0,1,3.0,16.0,10.0,3.295836866004329,1.0,1.0,1.0,0.0,1.0,0.0,1.0,0.0,0.0,0.0,1.0,0.0,0.0,1.0,0.0,0.1764705882352941,0.0765002970885323,51.0,39.0,0.0256410256410256,1.0,0.0,0.15
pallets/click,d65315cfc3577a0e9f1f4e77f8c9cebb0e570164,2026-05-16T04:56:59+00:00,0,1,6.0,1082.0,57.0,7.038783541388542,20.0,1.0,2.0,1.0,2.0,0.0,1.0,0.0,0.0,0.0,0.0,0.0,1.0,1.0,1.0,0.1666666666666666,0.0838312475552542,53.0,40.0,0.025,1.0,0.0,0.15
pallets/click,d959898db264aaf07e70ad4eafa254286f9a5185,2026-05-16T04:57:48+00:00,0,1,4.0,391.0,98.0,6.194405391104672,21.0,1.0,1.0,1.0,2.0,0.0,0.0,0.0,0.0,0.0,0.0,0.0,0.0,1.0,1.0,0.1034482758620689,0.0389217704580545,51.5,41.0,0.024390243902439,1.0,0.0,0.15
pallets/click,587e3cc7f4804a4fa62f3dab8839a6e1f8954d7c,2026-05-16T05:03:43+00:00,0,1,11.0,1757.0,155.0,7.556427969440253,55.0,1.0,4.0,3.0,3.0,0.0,1.0,0.0,0.0,0.0,0.0,0.0,1.0,1.0,1.0,0.1578947368421052,0.0723821514843186,43.27272727272727,42.0,0.0238095238095238,1.0,0.0,0.15
pallets/click,7c99ebe23b931f27562d926814423cce85fd9766,2026-05-16T05:04:32+00:00,0,1,4.0,214.0,2.0,5.37989735354046,6.0,1.0,2.0,1.0,1.0,0.0,0.0,0.0,0.0,0.0,0.0,0.0,0.0,1.0,0.0,0.25,0.1122783170340096,49.25,43.0,0.0232558139534883,1.0,0.0,0.1
pallets/click,b761eda3bad977ec2f485451d85fd8ec365f0bf4,2026-05-16T05:34:26+00:00,0,1,1.0,17.0,5.0,3.1354942159291497,3.0,0.0,0.0,1.0,0.0,0.0,0.0,0.0,0.0,0.0,0.0,0.0,1.0,0.0,0.0,0.0789473684210526,0.0789473684210526,38.0,97.0,0.1134020618556701,0.0,0.0,0.1
pallets/click,fc41aa1d0b62494eb93e92ff3929601221e3abf4,2026-05-16T05:49:47+00:00,0,1,1.0,3.0,1.0,1.6094379124341005,1.0,1.0,1.0,0.0,0.0,0.0,0.0,0.0,0.0,0.0,1.0,0.0,1.0,0.0,0.0,0.1111111111111111,0.1111111111111111,18.0,98.0,0.1122448979591836,1.0,0.0,0.1
pallets/click,e5bfebd859f13e4a8c2bfd3748050151a766e3a2,2026-05-16T06:20:29+00:00,0,1,2.0,124.0,3.0,4.852030263919617,5.0,1.0,1.0,1.0,0.0,0.0,0.0,0.0,0.0,0.0,0.0,0.0,1.0,0.0,1.0,0.1111111111111111,0.0711805555555555,29.5,99.0,0.1111111111111111,1.0,0.0,0.05
pallets/click,9d43f96ed008d4c7589ffceb84afca920b4df637,2026-05-16T06:23:09+00:00,0,1,1.0,5.0,0.0,1.791759469228055,0.0,0.0,0.0,0.0,1.0,0.0,0.0,0.0,0.0,0.0,0.0,1.0,1.0,0.0,0.0,0.0510948905109489,0.0510948905109489,137.0,100.0,0.11,0.0,0.0,0.05
pallets/click,0551bf53588ae87f462d336f24f853a156fefe3a,2026-05-16T06:39:40+00:00,0,1,3.0,128.0,0.0,4.859812404361672,4.0,1.0,1.0,1.0,1.0,0.0,0.0,0.0,0.0,0.0,0.0,0.0,1.0,0.0,1.0,0.1071428571428571,0.0627235083756822,66.33333333333333,101.0,0.1089108910891089,1.0,0.0,0.05
pallets/click,63274a79d08fdc5c19220696144489f7144a8547,2026-05-16T15:50:49+00:00,0,1,3.0,253.0,13.0,5.58724865840025,15.0,1.0,1.0,1.0,1.0,0.0,0.0,0.0,0.0,0.0,0.0,0.0,0.0,1.0,0.0,0.1333333333333333,0.0868720408288753,69.33333333333333,44.0,0.0227272727272727,1.0,0.0,0.05
pallets/click,3bb230dcd5d751f8605b46e9df5a541639d5fd4e,2026-05-16T15:53:42+00:00,0,1,3.0,128.0,0.0,4.859812404361672,4.0,1.0,1.0,1.0,1.0,0.0,0.0,0.0,0.0,0.0,0.0,0.0,0.0,1.0,1.0,0.1034482758620689,0.0609533468559837,67.66666666666667,45.0,0.0222222222222222,1.0,0.0,0.05
pallets/click,e3e69e3bf8d749ac1a632f2ece4d38ec7f6588f5,2026-05-16T15:55:49+00:00,0,2,1.0,15.0,5.0,3.044522437723423,3.0,1.0,1.0,0.0,0.0,0.0,0.0,0.0,0.0,0.0,1.0,0.0,1.0,1.0,0.0,0.1052631578947368,0.1052631578947368,19.0,46.0,0.0217391304347826,1.0,0.0,0.05
pallets/click,41f410fb7528305d7e87c8cfa704f6c2456f57fc,2026-05-16T16:47:39+00:00,0,1,3.0,3.0,3.0,1.9459101490553132,0.0,1.0,1.0,0.0,1.0,1.0,0.0,0.0,0.0,0.0,1.0,0.0,1.0,0.0,0.0,0.1304347826086956,0.0600267242265392,61.666666666666664,1.0,0.0,0.0,0.0,0.05
pallets/click,752d5258268b4e57eda2b2a41a1209ac68e2459b,2026-05-17T00:42:21+00:00,0,1,3.0,25.0,2.0,3.332204510175204,2.0,1.0,1.0,1.0,1.0,0.0,0.0,0.0,0.0,0.0,0.0,0.0,1.0,0.0,1.0,0.1290322580645161,0.0594426775708011,63.333333333333336,0.0,0.0,0.0,0.0,0.05
pallets/click,219f91fd65fa063dc597b1ff6acde33613cb51a9,2026-05-17T00:46:27+00:00,0,1,3.0,40.0,1.0,3.737669618283368,3.0,1.0,1.0,1.0,1.0,0.0,0.0,0.0,0.0,0.0,0.0,0.0,1.0,0.0,0.0,0.1,0.0591741591741591,69.33333333333333,0.0,0.0,0.0,0.0,0.05
pallets/click,cd4674a6de725e1d7cac7ea7b6cd27ea68b4094c,2026-05-17T05:15:14+00:00,0,1,39.0,3418.0,541.0,8.283999304248526,209.0,2.0,17.0,11.0,10.0,0.0,1.0,0.0,0.0,0.0,0.0,0.0,0.0,1.0,0.0,0.6666666666666666,0.0764908969224559,23.05128205128205,47.0,0.0212765957446808,0.0,0.0,0.0
pallets/click,c938ac0a9602350463bcac02a075900f45400cf8,2026-05-17T05:15:45+00:00,0,2,3.0,3.0,3.0,1.9459101490553132,0.0,1.0,1.0,0.0,1.0,1.0,0.0,0.0,0.0,0.0,1.0,0.0,1.0,1.0,0.0,0.125,0.0578703703703703,63.333333333333336,47.0,0.0212765957446808,1.0,0.0,0.0
pallets/click,e364f8b362e0dec197d0991950bac0383120b371,2026-05-17T05:20:52+00:00,0,1,3.0,3.0,3.0,1.9459101490553132,0.0,1.0,1.0,0.0,1.0,1.0,0.0,0.0,0.0,0.0,1.0,0.0,0.0,1.0,0.0,0.12,0.0559817351598173,64.66666666666667,49.0,0.0204081632653061,1.0,0.0,0.0
pallets/click,0c694e006c3a17ad9897f557a7cc3cc107c81572,2026-05-17T05:31:11+00:00,0,1,3.0,9.0,2.0,2.4849066497880004,0.0,1.0,1.0,0.0,1.0,1.0,0.0,0.0,0.0,0.0,1.0,0.0,1.0,0.0,0.0,0.1153846153846153,0.0543345543345543,65.66666666666667,9.0,0.0,1.0,0.0,0.0
pallets/click,613cb9a0c0b7ecf7455b3eefe7004c7839f2f231,2026-05-17T05:33:01+00:00,0,1,3.0,9.0,2.0,2.4849066497880004,0.0,1.0,1.0,0.0,1.0,1.0,0.0,0.0,0.0,0.0,1.0,0.0,0.0,1.0,0.0,0.1111111111111111,0.0528028028028028,66.66666666666667,50.0,0.02,1.0,0.0,0.0
pallets/click,4ed8bb2cc6a1bf5c3c8cfa8f224b13c370f63a84,2026-05-17T09:18:06+00:00,0,1,2.0,16.0,1.0,2.8903717578961645,2.0,1.0,1.0,1.0,0.0,0.0,0.0,0.0,0.0,0.0,0.0,0.0,1.0,0.0,0.0,0.1212121212121212,0.0971914264597191,37.0,0.0,0.0,1.0,0.0,0.0
pallets/click,37aa0c6568eb156749aea613dd78fe35bc5cfcef,2026-05-17T20:19:28+00:00,0,1,3.0,3.0,3.0,1.9459101490553132,0.0,1.0,1.0,0.0,1.0,1.0,0.0,0.0,0.0,0.0,1.0,0.0,1.0,0.0,1.0,0.1071428571428571,0.0513742409715564,67.66666666666667,2.0,0.0,1.0,0.0,0.0
pallets/click,c9e94136b39b1fad4a47ac0d4478fa372bd07ff8,2026-05-17T20:20:22+00:00,0,1,3.0,9.0,2.0,2.4849066497880004,0.0,1.0,1.0,0.0,1.0,1.0,0.0,0.0,0.0,0.0,1.0,0.0,0.0,1.0,1.0,0.1034482758620689,0.0500383141762452,68.66666666666667,51.0,0.0196078431372549,1.0,0.0,0.0
pallets/click,59f87d6e74d197a9f7fd0924e7c4009089bc4b09,2026-05-17T23:30:53+00:00,0,1,1.0,7.0,9.0,2.833213344056216,0.0,0.0,0.0,0.0,1.0,0.0,0.0,0.0,0.0,0.0,0.0,1.0,1.0,0.0,1.0,0.0,0.0,0.0,3.0,0.0,0.0,0.0,0.0
pallets/click,c732c6d11044ce0ad7c4062be6c86fabf443702a,2026-05-17T23:38:26+00:00,0,1,4.0,157.0,149.0,5.726847747587197,2.0,0.0,0.0,0.0,4.0,0.0,0.0,0.0,0.0,0.0,0.0,1.0,1.0,0.0,0.0,0.0,0.0,3.75,4.0,0.0,1.0,0.0,0.0
pallets/click,873846e3dd3c470c9d5e2be6bcf0c7ecf02a6221,2026-05-18T12:19:08+00:00,1,1,1.0,117.0,81.0,5.293304824724492,34.0,1.0,1.0,0.0,0.0,0.0,0.0,0.0,0.0,0.0,1.0,0.0,1.0,0.0,1.0,0.1428571428571428,0.1428571428571428,35.0,1.0,0.0,1.0,0.0,0.0
pallets/click,22ea58b6f568ca32fa4d069ee6e30c6045dc1797,2026-05-18T12:25:58+00:00,0,1,1.0,40.0,11.0,3.951243718581427,3.0,1.0,1.0,0.0,0.0,0.0,0.0,0.0,0.0,0.0,1.0,0.0,1.0,0.0,1.0,0.1666666666666666,0.1666666666666666,36.0,2.0,0.5,1.0,1.0,0.05
pallets/click,c7e493d6f8c79f2022a803ddf302e3ae14281985,2026-05-18T12:57:30+00:00,0,1,1.0,48.0,15.0,4.1588830833596715,10.0,1.0,1.0,0.0,0.0,0.0,0.0,0.0,0.0,0.0,1.0,0.0,1.0,0.0,0.0,0.09375,0.09375,32.0,3.0,0.3333333333333333,1.0,0.0,0.05
pallets/click,bd0c361480ad9939821e38e8169cbdaa13c74edc,2026-05-18T13:09:09+00:00,0,1,1.0,5.0,1.0,1.9459101490553132,0.0,1.0,1.0,0.0,0.0,0.0,0.0,0.0,0.0,0.0,1.0,0.0,1.0,0.0,0.0,0.0909090909090909,0.0909090909090909,33.0,4.0,0.25,1.0,0.0,0.05
pallets/click,b8c8729bc22364d6aa4911f34e45d15af0e2fae4,2026-05-18T13:44:10+00:00,0,1,1.0,44.0,11.0,4.02535169073515,11.0,1.0,1.0,0.0,0.0,0.0,0.0,0.0,0.0,0.0,1.0,0.0,1.0,0.0,0.0,0.15,0.15,20.0,5.0,0.2,1.0,0.0,0.05
pallets/click,f416938cacd9f36d1b2600585437ed6d48680f5c,2026-05-18T13:55:54+00:00,0,1,1.0,11.0,6.0,2.8903717578961645,5.0,1.0,1.0,0.0,0.0,0.0,0.0,0.0,0.0,0.0,1.0,0.0,1.0,0.0,0.0,0.09375,0.09375,32.0,6.0,0.1666666666666666,1.0,0.0,0.05
pallets/click,49024c14cb26e5eed73393966336bcaf62796694,2026-05-18T14:06:22+00:00,0,1,1.0,11.0,6.0,2.8903717578961645,4.0,1.0,1.0,0.0,0.0,0.0,0.0,0.0,0.0,0.0,1.0,0.0,1.0,0.0,0.0,0.1428571428571428,0.1428571428571428,21.0,7.0,0.1428571428571428,1.0,0.0,0.05
pallets/click,9dac5675dd0c9cfdf46e24caa0b58f71c4370a9a,2026-05-18T14:40:29+00:00,0,1,2.0,62.0,12.0,4.31748811353631,4.0,1.0,1.0,1.0,0.0,0.0,0.0,0.0,0.0,0.0,0.0,0.0,1.0,0.0,1.0,0.1363636363636363,0.0681818181818181,16.5,0.0,0.0,1.0,0.0,0.05
pallets/click,cec42a6706b75757a31426f3194768785b0f7bb2,2026-05-18T15:03:41+00:00,0,1,3.0,18.0,0.0,2.9444389791664403,2.0,1.0,1.0,1.0,1.0,0.0,0.0,0.0,0.0,0.0,0.0,0.0,1.0,0.0,0.0,0.1176470588235294,0.0784777487153801,75.66666666666667,0.0,0.0,1.0,0.0,0.05
pallets/click,f97a24c01c3e6c9b3b158639cc8c07adbdd51da8,2026-05-18T15:07:44+00:00,0,1,3.0,24.0,1.0,3.258096538021482,3.0,1.0,1.0,1.0,1.0,0.0,0.0,0.0,0.0,0.0,0.0,0.0,1.0,0.0,0.0,0.0581395348837209,0.0347307221542227,79.66666666666667,1.0,0.0,1.0,0.0,0.05
pallets/click,064209507938f8bb7e1a39fccda537a0426644da,2026-05-18T15:49:42+00:00,0,1,1.0,40.0,16.0,4.04305126783455,11.0,1.0,1.0,0.0,0.0,0.0,0.0,0.0,0.0,0.0,1.0,0.0,1.0,0.0,0.0,0.1304347826086956,0.1304347826086956,23.0,8.0,0.125,1.0,0.0,0.05
pallets/click,0dc574607a684dde8a2dce1bf50b9d09da988048,2026-05-18T16:37:02+00:00,1,1,1.0,124.0,40.0,5.10594547390058,10.0,1.0,1.0,0.0,0.0,0.0,0.0,0.0,0.0,0.0,1.0,0.0,1.0,0.0,0.0,0.057471264367816,0.057471264367816,87.0,9.0,0.1111111111111111,1.0,0.0,0.05
pallets/click,038ef62cd16ce2ca2f9243d9751e9254542df4c1,2026-05-18T17:22:41+00:00,0,1,3.0,23.0,2.0,3.258096538021482,2.0,1.0,1.0,1.0,1.0,0.0,0.0,0.0,0.0,0.0,0.0,0.0,1.0,0.0,0.0,0.125,0.056917211328976,63.0,0.0,0.0,1.0,0.0,0.1
pallets/click,4596ed4f3f9b30229f93932cae59ad4efa0325f8,2026-05-18T18:07:22+00:00,0,1,1.0,1.0,1.0,1.0986122886681098,0.0,0.0,0.0,0.0,0.0,1.0,0.0,0.0,0.0,0.0,0.0,0.0,1.0,0.0,0.0,0.1,0.1,30.0,0.0,0.0,0.0,0.0,0.1
pallets/click,25c7b786713da503458a6b29984df2721a5ac74d,2026-05-18T19:09:09+00:00,0,1,3.0,20.0,2.0,3.1354942159291497,2.0,1.0,1.0,1.0,1.0,0.0,0.0,0.0,0.0,0.0,0.0,0.0,1.0,0.0,0.0,0.12,0.0551515151515151,64.0,1.0,0.0,0.0,0.0,0.1
pallets/click,b8b9ffeb5d012f5d041685c81152636bf596cf72,2026-05-18T19:11:13+00:00,0,1,3.0,4.0,4.0,2.1972245773362196,0.0,1.0,1.0,0.0,1.0,1.0,0.0,0.0,0.0,0.0,1.0,0.0,0.0,0.0,1.0,0.0967741935483871,0.0473118279569892,71.33333333333333,6.0,0.0,0.0,0.0,0.1
pallets/click,4e869f3a172a58df077932dc80b130cdf4ba9774,2026-05-18T19:14:06+00:00,0,1,3.0,8.0,2.0,2.3978952727983707,0.0,1.0,1.0,0.0,1.0,1.0,0.0,0.0,0.0,0.0,1.0,0.0,0.0,0.0,0.0,0.09375,0.0462072649572649,72.33333333333333,7.0,0.0,0.0,0.0,0.1
pallets/click,a3321c9ca14ddb951f04ac981f275b0de2f46208,2026-05-18T19:14:07+00:00,0,1,3.0,20.0,2.0,3.1354942159291497,2.0,1.0,1.0,1.0,1.0,0.0,0.0,0.0,0.0,0.0,0.0,0.0,1.0,0.0,0.0,0.1153846153846153,0.0534188034188034,65.33333333333333,2.0,0.0,1.0,0.0,0.1
pallets/click,e0d1678ebc10cc663f2bc1973e0399b31415f8db,2026-05-18T19:19:18+00:00,1,1,3.0,20.0,2.0,3.1354942159291497,2.0,1.0,1.0,1.0,1.0,0.0,0.0,0.0,0.0,0.0,0.0,0.0,0.0,1.0,0.0,0.1111111111111111,0.0518049695264885,66.66666666666667,8.0,0.0,1.0,0.0,0.1
pallets/click,a96e27c4760b51fe6d65d16307c1b700b8d81f8d,2026-05-18T20:05:46+00:00,0,1,2.0,7.0,0.0,2.0794415416798357,1.0,1.0,1.0,1.0,0.0,0.0,0.0,0.0,0.0,0.0,0.0,0.0,1.0,0.0,1.0,0.1666666666666666,0.0833333333333333,12.5,0.0,0.0,1.0,1.0,0.15
pallets/click,46b1b1ce10245c6a1d81b052d788ab392e8522e9,2026-05-18T20:07:14+00:00,0,1,2.0,7.0,0.0,2.0794415416798357,1.0,1.0,1.0,1.0,0.0,0.0,0.0,0.0,0.0,0.0,0.0,0.0,1.0,0.0,1.0,0.1428571428571428,0.0714285714285714,13.5,1.0,0.0,1.0,1.0,0.15
pallets/click,351484da1a6d6fc6acfc239a92cf491166bc4d2c,2026-05-18T20:09:34+00:00,1,1,2.0,7.0,0.0,2.0794415416798357,1.0,1.0,1.0,1.0,0.0,0.0,0.0,0.0,0.0,0.0,0.0,0.0,1.0,0.0,1.0,0.125,0.0625,14.5,2.0,0.0,1.0,1.0,0.1
pallets/click,aa9442ce02607bf1100345d7314210c2128ae18b,2026-05-18T20:15:09+00:00,0,1,2.0,7.0,0.0,2.0794415416798357,1.0,1.0,1.0,1.0,0.0,0.0,0.0,0.0,0.0,0.0,0.0,0.0,1.0,0.0,1.0,0.2222222222222222,0.1338383838383838,15.5,3.0,0.3333333333333333,1.0,1.0,0.15
pallets/click,d15f3c23a177e80c324e1ee9681c9449c31ac965,2026-05-18T21:01:58+00:00,0,1,2.0,6.0,0.0,1.9459101490553132,1.0,1.0,1.0,1.0,0.0,0.0,0.0,0.0,0.0,0.0,0.0,0.0,1.0,0.0,1.0,0.2,0.1217391304347826,16.5,4.0,0.25,1.0,1.0,0.15
pallets/click,bee33141650ce7c91551f5fac9ebfb0c8fca473e,2026-05-18T21:02:57+00:00,0,1,2.0,6.0,0.0,1.9459101490553132,1.0,1.0,1.0,1.0,0.0,0.0,0.0,0.0,0.0,0.0,0.0,0.0,0.0,1.0,1.0,0.1818181818181818,0.1117424242424242,17.5,9.0,0.1111111111111111,1.0,1.0,0.15
pallets/click,d8bf3bc034610836a0842ef0c05e9db9b31e0be6,2026-05-18T21:26:19+00:00,1,1,2.0,3.0,2.0,1.791759469228055,1.0,1.0,1.0,1.0,0.0,0.0,0.0,0.0,0.0,0.0,0.0,0.0,1.0,0.0,1.0,0.1621621621621621,0.112331081081081,26.5,0.0,0.0,0.0,0.0,0.15
pallets/click,a831c498d4b212e61ef2fc04715f788d25a4565d,2026-05-18T21:53:33+00:00,0,1,2.0,3.0,4.0,2.0794415416798357,2.0,1.0,1.0,1.0,0.0,0.0,0.0,0.0,0.0,0.0,0.0,0.0,1.0,0.0,1.0,0.1842105263157894,0.1509287925696594,27.5,1.0,1.0,0.0,0.0,0.2
pallets/click,105a044bf8a24fd6b2e6e7ab865395d683664be7,2026-05-18T21:54:46+00:00,0,1,2.0,3.0,3.0,1.9459101490553132,2.0,1.0,1.0,1.0,0.0,0.0,0.0,0.0,0.0,0.0,0.0,0.0,1.0,0.0,1.0,0.1794871794871795,0.1452991452991452,28.5,2.0,0.5,0.0,0.0,0.2
pallets/click,32ae2acd3474a57d2450ea849545b2e1258bf76a,2026-05-18T23:44:03+00:00,0,1,3.0,5.0,3.0,2.1972245773362196,2.0,1.0,1.0,1.0,1.0,0.0,0.0,0.0,0.0,0.0,0.0,0.0,1.0,0.0,0.0,0.175,0.1101925411011806,72.66666666666667,3.0,0.3333333333333333,1.0,0.0,0.2
pallets/click,3c12ce7050bf63c9fa522e5d7b95543037da0f63,2026-05-19T00:03:30+00:00,0,1,3.0,5.0,3.0,2.1972245773362196,2.0,1.0,1.0,1.0,1.0,0.0,0.0,0.0,0.0,0.0,0.0,0.0,0.0,1.0,0.0,0.1707317073170731,0.106910569105691,73.66666666666667,10.0,0.1,1.0,0.0,0.2
pallets/click,9bfc3f6c2671c8239948aecb5cebe0a750c66c7b,2026-05-19T00:21:29+00:00,0,1,6.0,94.0,7.0,4.624972813284271,7.0,1.0,1.0,2.0,3.0,0.0,0.0,0.0,0.0,0.0,0.0,0.0,1.0,0.0,0.0,0.0681818181818181,0.0196452098626011,44.833333333333336,0.0,0.0,1.0,0.0,0.2
pallets/click,73e3c13aa134159310bfd5b473bbff574381d3e6,2026-05-19T01:48:10+00:00,1,1,6.0,94.0,7.0,4.624972813284271,7.0,1.0,1.0,2.0,3.0,0.0,0.0,0.0,0.0,0.0,0.0,0.0,1.0,0.0,0.0,0.0674157303370786,0.0194664077310768,45.833333333333336,1.0,0.0,1.0,0.0,0.2
pallets/click,20953fa7373514175bcb823692020df47450d613,2026-05-19T03:27:48+00:00,1,1,3.0,70.0,2.0,4.290459441148391,3.0,1.0,1.0,1.0,1.0,0.0,0.0,0.0,0.0,0.0,0.0,0.0,1.0,0.0,1.0,0.1142857142857142,0.0797559600241866,80.33333333333333,0.0,0.0,1.0,0.0,0.2
pallets/click,c2fbcf0cb66f6234450eceaaeacc279e465caf7d,2026-05-19T03:28:51+00:00,0,1,3.0,69.0,5.0,4.31748811353631,5.0,1.0,1.0,1.0,1.0,0.0,0.0,0.0,0.0,0.0,0.0,0.0,1.0,0.0,1.0,0.0777777777777777,0.0462511291779584,85.33333333333333,1.0,1.0,1.0,0.0,0.25
pallets/click,12dc81ead725e78208ca05a66bbf41a6a5d9d850,2026-05-19T10:23:29+00:00,0,1,2.0,67.0,4.0,4.276666119016055,5.0,1.0,1.0,1.0,0.0,0.0,0.0,0.0,0.0,0.0,0.0,0.0,1.0,0.0,1.0,0.0769230769230769,0.0384615384615384,47.0,0.0,0.0,1.0,0.0,0.25
pallets/click,c6bf75fa74bff6523375cf91f97af0a7aae85fce,2026-05-19T16:39:16+00:00,0,1,1.0,1.0,1.0,1.0986122886681098,1.0,1.0,1.0,0.0,0.0,0.0,0.0,0.0,0.0,0.0,1.0,0.0,1.0,0.0,1.0,0.1388888888888889,0.1388888888888889,36.0,0.0,0.0,1.0,0.0,0.25
pallets/click,9b327da8275bb63bd7bbd43ad8ff9862480da267,2026-05-19T16:46:36+00:00,0,2,1.0,1.0,1.0,1.0986122886681098,1.0,1.0,1.0,0.0,0.0,0.0,0.0,0.0,0.0,0.0,1.0,0.0,1.0,1.0,1.0,0.1351351351351351,0.1351351351351351,37.0,52.0,0.0192307692307692,1.0,0.0,0.25
pallets/click,dbf4d14c712750c31e15916b659925683150533b,2026-05-19T18:49:10+00:00,0,1,7.0,32.0,6.0,3.6635616461296463,6.0,1.0,4.0,2.0,1.0,0.0,0.0,0.0,0.0,0.0,0.0,0.0,0.0,1.0,0.0,0.1666666666666666,0.1148019399147218,47.285714285714285,53.0,0.0188679245283018,1.0,0.0,0.25
pallets/click,b145f9177fdd7b6f88e778e88f1045a079a95ec8,2026-05-19T18:55:10+00:00,0,1,1.0,15.0,10.0,3.258096538021482,3.0,1.0,1.0,0.0,0.0,0.0,0.0,0.0,0.0,0.0,1.0,0.0,1.0,0.0,0.0,0.0760869565217391,0.0760869565217391,92.0,2.0,0.5,0.0,0.0,0.25
pallets/click,6c6316e50f808bf1fd8e906015eb2b589bd75309,2026-05-19T19:45:44+00:00,1,1,1.0,1.0,0.0,0.6931471805599453,0.0,0.0,0.0,0.0,1.0,0.0,0.0,0.0,0.0,0.0,0.0,1.0,1.0,0.0,0.0,0.0602409638554216,0.0602409638554216,166.0,0.0,0.0,0.0,0.0,0.2
pallets/click,2cf8e0143878ccf055547f463b32459a502bfaac,2026-05-19T19:47:38+00:00,1,1,1.0,1.0,1.0,1.0986122886681098,1.0,1.0,1.0,0.0,0.0,0.0,0.0,0.0,0.0,0.0,1.0,0.0,1.0,0.0,1.0,0.1282051282051282,0.1282051282051282,39.0,1.0,1.0,1.0,1.0,0.25
pallets/click,71240f8c7f89bfe934b5d0b9f44d79bbf001147f,2026-05-19T20:02:59+00:00,0,1,6.0,99.0,7.0,4.672828834461906,9.0,1.0,1.0,2.0,3.0,0.0,0.0,0.0,0.0,0.0,0.0,0.0,1.0,0.0,0.0,0.25,0.1362212594779718,48.0,3.0,0.3333333333333333,1.0,0.0,0.3
pallets/click,ac2cd072555905176955eaf33909ebbcbd94b827,2026-05-19T22:39:21+00:00,0,1,1.0,5.0,0.0,1.791759469228055,0.0,0.0,0.0,0.0,0.0,1.0,0.0,0.0,0.0,0.0,0.0,0.0,1.0,0.0,0.0,0.0909090909090909,0.0909090909090909,33.0,0.0,0.0,1.0,0.0,0.25
pallets/click,4b24a6c8f6658ef89fd6db4dcaf8ee88eef75dfa,2026-05-19T23:16:14+00:00,0,1,1.0,5.0,0.0,1.791759469228055,0.0,0.0,0.0,0.0,0.0,1.0,0.0,0.0,0.0,0.0,0.0,0.0,0.0,1.0,0.0,0.088235294117647,0.088235294117647,34.0,54.0,0.0185185185185185,1.0,0.0,0.25
pallets/click,547d9a4b7f4e729235c773a69e463b562f853012,2026-05-20T00:09:18+00:00,0,1,4.0,196.0,5.0,5.308267697401205,8.0,1.0,1.0,2.0,1.0,0.0,0.0,0.0,0.0,0.0,0.0,0.0,1.0,0.0,1.0,0.1132075471698113,0.0632879556880962,83.5,4.0,0.25,1.0,0.0,0.25
pallets/click,9cfcc18a224c497529b76ef273fa8f8799d9e36b,2026-05-20T06:25:59+00:00,0,1,3.0,62.0,1.0,4.1588830833596715,4.0,1.0,1.0,1.0,1.0,0.0,0.0,0.0,0.0,0.0,0.0,0.0,1.0,0.0,1.0,0.1111111111111111,0.0832946930112922,106.0,0.0,0.0,1.0,0.0,0.25
pallets/click,cb2c28fedb4e17810fa788d96ee0c6b5d61816b5,2026-05-20T07:15:50+00:00,0,1,3.0,98.0,8.0,4.672828834461906,7.0,1.0,1.0,1.0,1.0,0.0,0.0,0.0,0.0,0.0,0.0,0.0,1.0,0.0,1.0,0.1379310344827586,0.0978486692482635,73.66666666666667,1.0,0.0,1.0,0.0,0.2
pallets/click,d816d4058bf27ccc4d88ca1f3030c93dbac78f72,2026-05-20T22:10:11+00:00,0,1,3.0,13.0,1.0,2.70805020110221,2.0,1.0,1.0,1.0,1.0,0.0,0.0,0.0,0.0,0.0,0.0,0.0,1.0,0.0,1.0,0.0952380952380952,0.0660090396932502,72.66666666666667,0.0,0.0,1.0,0.0,0.2
pallets/click,3b517a686eb5ed9e747895ac0bd55884f15c4ef5,2026-05-21T04:31:45+00:00,0,1,2.0,20.0,4.0,3.218875824868201,2.0,1.0,1.0,1.0,0.0,0.0,0.0,0.0,0.0,0.0,0.0,0.0,1.0,0.0,1.0,0.0909090909090909,0.0639730639730639,24.5,0.0,0.0,1.0,0.0,0.2
pallets/click,6873ae38e3eba9a8e15f43c78aea01ad647c812d,2026-05-21T10:18:50+00:00,0,1,2.0,17.0,8.0,3.258096538021482,3.0,1.0,1.0,1.0,0.0,0.0,0.0,0.0,0.0,0.0,0.0,0.0,1.0,0.0,0.0,0.0869565217391304,0.061335403726708,25.5,0.0,0.0,1.0,0.0,0.2
pallets/click,e6d8d88faa0458d0366095d0730ae8748da65f67,2026-05-21T10:26:01+00:00,0,1,1.0,6.0,0.0,1.9459101490553132,0.0,0.0,0.0,0.0,1.0,0.0,0.0,0.0,0.0,0.0,0.0,1.0,1.0,0.0,0.0,0.063953488372093,0.063953488372093,172.0,1.0,0.0,1.0,0.0,0.2
pallets/click,9f14364af54f891f5daf56860538c87705d4e090,2026-05-21T10:30:38+00:00,0,1,1.0,0.0,5.0,1.791759469228055,0.0,0.0,0.0,0.0,1.0,0.0,0.0,0.0,0.0,0.0,0.0,1.0,1.0,1.0,0.0,0.0635838150289017,0.0635838150289017,173.0,2.0,0.0,0.0,0.0,0.2
pallets/click,f261000073cd5e2c98086b152e6a9e064d4623d2,2026-05-21T10:34:53+00:00,0,1,1.0,2.0,2.0,1.6094379124341005,1.0,1.0,1.0,0.0,0.0,0.0,0.0,0.0,0.0,0.0,1.0,0.0,1.0,0.0,0.0,0.0833333333333333,0.0833333333333333,24.0,3.0,0.0,1.0,0.0,0.15
pallets/click,7a6020b8098ba16ee3741775686895b4dd708f0b,2026-05-21T12:50:25+00:00,0,1,2.0,19.0,0.0,2.995732273553991,2.0,1.0,1.0,1.0,0.0,0.0,0.0,0.0,0.0,0.0,0.0,0.0,1.0,0.0,1.0,0.15,0.075,33.5,0.0,0.0,1.0,0.0,0.1
pallets/click,0baa8db07736fc7ad3d3eed97d4c73b0059c63e1,2026-05-21T13:06:43+00:00,0,1,4.0,44.0,5.0,3.912023005428146,3.0,1.0,1.0,1.0,2.0,0.0,0.0,0.0,0.0,0.0,0.0,0.0,1.0,0.0,0.0,0.0729166666666666,0.0453783524904214,72.5,102.0,0.1078431372549019,0.0,0.0,0.1
pallets/click,1dd5d12c4061721c712c0934c9e7f54693cb50f0,2026-05-21T14:34:31+00:00,0,1,9.0,35.0,12.0,3.871201010907891,7.0,1.0,6.0,0.0,3.0,0.0,0.0,0.0,0.0,0.0,1.0,0.0,1.0,0.0,1.0,0.1627906976744186,0.0978459528441035,53.0,103.0,0.1067961165048543,1.0,0.0,0.1
pallets/click,d42f15b71757de791a5781fb179fd972da9169f5,2026-05-21T15:20:45+00:00,0,1,5.0,238.0,8.0,5.5093883366279774,10.0,1.0,1.0,2.0,2.0,0.0,0.0,0.0,0.0,0.0,0.0,0.0,0.0,1.0,1.0,0.109090909090909,0.0486038961038961,70.2,11.0,0.0909090909090909,1.0,0.0,0.1
pallets/click,e6cea3607a8024a7a926f042db99e140c774c15b,2026-05-21T15:29:05+00:00,0,1,3.0,19.0,8.0,3.332204510175204,2.0,1.0,1.0,1.0,1.0,0.0,0.0,0.0,0.0,0.0,0.0,0.0,1.0,0.0,0.0,0.08,0.0588765504253523,77.0,4.0,0.0,1.0,0.0,0.1
pallets/click,e2f90b963d7860ef357eaf9f4dbe33910b61eafa,2026-05-21T22:37:49+00:00,0,1,3.0,19.0,8.0,3.332204510175204,2.0,1.0,1.0,1.0,1.0,0.0,0.0,0.0,0.0,0.0,0.0,0.0,1.0,0.0,0.0,0.0769230769230769,0.0573513876884663,78.0,5.0,0.0,1.0,0.0,0.1
pallets/click,4d3db84b251518e97299a38a5ca4bab3d01873a2,2026-05-21T22:43:44+00:00,0,1,3.0,15.0,8.0,3.1780538303479458,2.0,1.0,1.0,1.0,1.0,0.0,0.0,0.0,0.0,0.0,0.0,0.0,1.0,0.0,0.0,0.074074074074074,0.0559282175188945,79.0,6.0,0.0,1.0,0.0,0.1
pallets/click,a5f5aa6d4012d256ccca24638f2642fc371e9f77,2026-05-21T22:46:03+00:00,0,1,3.0,15.0,8.0,3.1780538303479458,2.0,1.0,1.0,1.0,1.0,0.0,0.0,0.0,0.0,0.0,0.0,0.0,0.0,1.0,0.0,0.0714285714285714,0.0545965608465608,80.0,12.0,0.0833333333333333,1.0,0.0,0.05
pallets/click,becbde5cf416441627f779e8dd34e57738ee1c1f,2026-05-22T03:36:39+00:00,0,1,4.0,38.0,12.0,3.9318256327243257,8.0,1.0,1.0,2.0,1.0,0.0,0.0,0.0,0.0,0.0,0.0,0.0,1.0,0.0,0.0,0.1463414634146341,0.0745060087466771,73.5,2.0,1.0,1.0,0.0,0.0
pallets/click,5ee8e3123d8ddece6c47eff9a7a7d4ca478c4f37,2026-05-22T03:40:22+00:00,0,1,4.0,38.0,12.0,3.9318256327243257,8.0,1.0,1.0,2.0,1.0,0.0,0.0,0.0,0.0,0.0,0.0,0.0,0.0,1.0,1.0,0.1428571428571428,0.073046398046398,74.5,13.0,0.0769230769230769,1.0,0.0,0.0
pallets/click,6cb34774f20598aa288332f8da02c5aee85448a6,2026-05-22T03:55:22+00:00,0,1,1.0,1.0,1.0,1.0986122886681098,1.0,0.0,0.0,1.0,0.0,0.0,0.0,0.0,0.0,0.0,0.0,0.0,0.0,0.0,1.0,0.0303030303030303,0.0303030303030303,33.0,14.0,0.0714285714285714,1.0,0.0,0.0
pallets/click,9c41f46a4015700489ad009266edf1f3893d01d1,2026-05-22T03:58:25+00:00,0,1,9.0,35.0,12.0,3.871201010907891,7.0,1.0,6.0,0.0,3.0,0.0,0.0,0.0,0.0,0.0,1.0,0.0,1.0,0.0,1.0,0.1590909090909091,0.0948327964353306,54.888888888888886,104.0,0.1057692307692307,1.0,0.0,0.0
pallets/click,67921d5b71584112eebcbf89596b5f0e6d14c49f,2026-05-22T03:59:46+00:00,0,1,9.0,35.0,12.0,3.871201010907891,7.0,1.0,6.0,0.0,3.0,0.0,0.0,0.0,0.0,0.0,1.0,0.0,0.0,1.0,1.0,0.1555555555555555,0.0923335107176975,55.888888888888886,15.0,0.0666666666666666,1.0,0.0,0.0
pallets/click,6eeb50e948ea136db145280f6f5dd52eca3fa7e5,2026-05-22T04:02:26+00:00,0,1,3.0,3.0,3.0,1.9459101490553132,0.0,1.0,1.0,0.0,1.0,1.0,0.0,0.0,0.0,0.0,1.0,0.0,1.0,0.0,0.0,0.0857142857142857,0.0483912483912483,83.33333333333333,16.0,0.0625,1.0,0.0,0.0
pallets/click,7064ccf0dbcad268e8f86773003c594f9449c63a,2026-05-22T04:09:13+00:00,0,1,3.0,3.0,3.0,1.9459101490553132,0.0,1.0,1.0,0.0,1.0,1.0,0.0,0.0,0.0,0.0,1.0,0.0,0.0,1.0,0.0,0.0833333333333333,0.0474910394265232,84.33333333333333,17.0,0.0588235294117647,1.0,0.0,0.0
pallets/click,a42300ab9eb032c986ad030fae65f1eb58518dae,2026-05-22T04:10:10+00:00,0,1,3.0,8.0,2.0,2.3978952727983707,0.0,1.0,1.0,0.0,1.0,1.0,0.0,0.0,0.0,0.0,1.0,0.0,0.0,0.0,0.0,0.081081081081081,0.0466348701642819,85.33333333333333,18.0,0.0555555555555555,1.0,0.0,0.0
pallets/click,bc36cd1a2b3bc18f401a98476154dbc5a2d212c9,2026-05-22T04:11:21+00:00,0,1,18.0,338.0,41.0,5.940171252720432,28.0,1.0,8.0,5.0,4.0,1.0,0.0,0.0,0.0,0.0,0.0,0.0,0.0,1.0,0.0,0.1521739130434782,0.0733248054945419,45.27777777777778,19.0,0.0526315789473684,1.0,0.0,0.0
pallets/click,1339b17d51faa509b9f9adfd659756fd1a8b3915,2026-05-22T07:27:59+00:00,0,1,1.0,2.0,2.0,1.6094379124341005,0.0,0.0,0.0,0.0,1.0,0.0,0.0,0.0,0.0,0.0,0.0,1.0,1.0,0.0,1.0,0.0582010582010582,0.0582010582010582,189.0,105.0,0.1047619047619047,1.0,0.0,0.0
pallets/click,4c3024a49dc1b652c929e4a926af72c92d7b203f,2026-05-22T08:14:54+00:00,0,1,1.0,4.0,1.0,1.791759469228055,1.0,1.0,1.0,0.0,0.0,0.0,0.0,0.0,0.0,0.0,1.0,0.0,1.0,0.0,1.0,0.1363636363636363,0.1363636363636363,44.0,106.0,0.1037735849056603,1.0,0.0,0.0
pallets/click,86d6015f78f0ed854122d7b90bcebc6062288d93,2026-05-22T08:18:01+00:00,0,1,1.0,5.0,1.0,1.9459101490553132,0.0,0.0,0.0,0.0,1.0,0.0,0.0,0.0,0.0,0.0,0.0,1.0,1.0,0.0,0.0,0.0,0.0,2.0,107.0,0.102803738317757,1.0,0.0,0.0
pallets/click,13dd763a931cc095df1ed5e7e689c28013b67c40,2026-05-22T08:27:58+00:00,1,1,2.0,2.0,4.0,1.9459101490553132,0.0,0.0,0.0,0.0,2.0,0.0,0.0,0.0,0.0,0.0,0.0,1.0,1.0,0.0,0.0,0.0,0.0,6.0,108.0,0.1018518518518518,1.0,0.0,0.0
pallets/click,3978c7080f3501611c383b9d88f7eb762fa92b96,2026-05-22T08:34:20+00:00,0,1,1.0,1.0,1.0,1.0986122886681098,0.0,0.0,0.0,0.0,1.0,0.0,0.0,0.0,0.0,0.0,0.0,1.0,1.0,0.0,0.0,0.0578947368421052,0.0578947368421052,190.0,109.0,0.110091743119266,1.0,1.0,0.05
pallets/click,8232903d1bac9f570854d0342d18fcd18933b5dc,2026-05-22T08:35:35+00:00,0,1,1.0,2.0,2.0,1.6094379124341005,0.0,0.0,0.0,0.0,1.0,0.0,0.0,0.0,0.0,0.0,0.0,1.0,1.0,0.0,0.0,0.0575916230366492,0.0575916230366492,191.0,110.0,0.109090909090909,1.0,0.0,0.05
pallets/click,6733c128063bdb83245c523691161beea7461558,2026-05-22T08:40:46+00:00,0,1,1.0,2.0,0.0,1.0986122886681098,0.0,0.0,0.0,0.0,1.0,0.0,0.0,0.0,0.0,0.0,0.0,1.0,1.0,0.0,0.0,0.0572916666666666,0.0572916666666666,192.0,111.0,0.1081081081081081,1.0,0.0,0.05
pallets/click,ff88e1694fa5dd7d6a45b0f5c12022059e60ff5f,2026-05-22T09:46:53+00:00,0,1,2.0,35.0,2.0,3.6375861597263857,1.0,0.0,0.0,1.0,0.0,1.0,0.0,0.0,0.0,0.0,0.0,0.0,1.0,0.0,0.0,0.0769230769230769,0.0527472527472527,37.0,112.0,0.1071428571428571,0.0,0.0,0.05
pallets/click,49b23781e1f20abc77b4e9056c9eebe2d54a23c4,2026-05-22T10:00:33+00:00,0,1,3.0,38.0,3.0,3.737669618283368,1.0,0.0,0.0,2.0,0.0,1.0,0.0,0.0,0.0,0.0,0.0,0.0,1.0,0.0,0.0,0.075,0.0342592592592592,26.666666666666668,113.0,0.1061946902654867,0.0,0.0,0.05
pallets/click,aa5a8dab430d23f4a5e6f518052b40afca5d54d0,2026-05-22T10:47:43+00:00,1,2,1.0,42.0,0.0,3.7612001156935624,0.0,0.0,0.0,0.0,0.0,0.0,1.0,1.0,0.0,0.0,0.0,0.0,1.0,0.0,0.0,0.0,0.0,0.0,114.0,0.1052631578947368,1.0,0.0,0.05
pallets/click,167069a9bdc23c6775aa76eb20657a2210950540,2026-05-22T11:38:10+00:00,0,1,1.0,40.0,0.0,3.713572066704308,2.0,0.0,0.0,1.0,0.0,0.0,0.0,0.0,0.0,0.0,0.0,0.0,1.0,0.0,0.0,0.027027027027027,0.027027027027027,37.0,115.0,0.1130434782608695,1.0,0.0,0.1
pallets/click,d4ed88f875107317c05a3586c319d464d682753e,2026-05-22T11:40:04+00:00,0,1,1.0,40.0,0.0,3.713572066704308,2.0,0.0,0.0,1.0,0.0,0.0,0.0,0.0,0.0,0.0,0.0,0.0,1.0,0.0,0.0,0.0263157894736842,0.0263157894736842,38.0,116.0,0.1120689655172413,1.0,0.0,0.1
pallets/click,56336e56d5d59a6f758e750794a24f0c1e638648,2026-05-22T11:59:53+00:00,0,1,1.0,7.0,0.0,2.0794415416798357,0.0,0.0,0.0,0.0,1.0,0.0,0.0,0.0,0.0,0.0,0.0,1.0,1.0,0.0,0.0,0.0569948186528497,0.0569948186528497,193.0,117.0,0.1111111111111111,1.0,0.0,0.1
pallets/click,5207f4324fe7ce83a923b07bc0597407102996c9,2026-05-22T14:21:33+00:00,0,1,1.0,1.0,1.0,1.0986122886681098,0.0,0.0,0.0,0.0,1.0,0.0,0.0,0.0,0.0,0.0,0.0,1.0,1.0,0.0,0.0,0.056701030927835,0.056701030927835,194.0,118.0,0.1101694915254237,1.0,0.0,0.1
pallets/click,82fdd69608bf7868dcc16ffd221320ec7f33f203,2026-05-22T16:30:02+00:00,0,1,1.0,6.0,1.0,2.0794415416798357,1.0,1.0,1.0,0.0,0.0,0.0,0.0,0.0,0.0,0.0,1.0,0.0,1.0,0.0,1.0,0.1176470588235294,0.1176470588235294,34.0,0.0,0.0,0.0,0.0,0.1
pallets/click,31eb1639bf5dd58166626ed77b13b7256e78fb0c,2026-05-22T16:35:24+00:00,0,1,1.0,6.0,1.0,2.0794415416798357,1.0,1.0,1.0,0.0,0.0,0.0,0.0,0.0,0.0,0.0,1.0,0.0,1.0,0.0,1.0,0.1142857142857142,0.1142857142857142,35.0,1.0,0.0,0.0,0.0,0.1
pallets/click,fd9d20625d9a0db9310da752e7e83dbd7158df7e,2026-05-23T04:45:47+00:00,0,1,10.0,26.0,95.0,4.804021044733257,3.0,3.0,5.0,1.0,3.0,1.0,0.0,0.0,0.0,0.0,0.0,0.0,1.0,0.0,0.0,1.0,0.1652051050425034,40.2,20.0,0.05,1.0,0.0,0.1
pallets/click,5b1aba82745cbde04c75e0bab995e5ddf0804196,2026-05-23T05:28:07+00:00,0,1,1.0,40.0,0.0,3.713572066704308,2.0,0.0,0.0,0.0,1.0,0.0,0.0,0.0,0.0,0.0,0.0,1.0,1.0,1.0,0.0,0.1666666666666666,0.1666666666666666,6.0,55.0,0.0181818181818181,1.0,1.0,0.1
pallets/click,3c77550b772b4cda83d70fabf01a223effb501e6,2026-05-23T05:31:05+00:00,0,1,5.0,73.0,1.0,4.31748811353631,4.0,1.0,1.0,2.0,2.0,0.0,0.0,0.0,0.0,0.0,0.0,0.0,1.0,0.0,0.0,0.1428571428571428,0.0985214085634253,64.6,119.0,0.1092436974789916,1.0,0.0,0.1
pallets/click,0d62e12217e896b48c57bfdf25a2d48dd91f8e1d,2026-05-23T05:34:35+00:00,0,1,5.0,73.0,1.0,4.31748811353631,4.0,1.0,1.0,2.0,2.0,0.0,0.0,0.0,0.0,0.0,0.0,0.0,1.0,0.0,0.0,0.125,0.0901637861041044,65.6,120.0,0.1083333333333333,1.0,0.0,0.1
pallets/click,c3535905c77a29afc84861b29d3ad366ce5451bd,2026-05-23T07:05:19+00:00,0,1,2.0,14.0,65.0,4.382026634673881,3.0,1.0,1.0,1.0,0.0,0.0,0.0,0.0,0.0,0.0,0.0,0.0,0.0,0.0,1.0,0.1111111111111111,0.0990338164251207,29.5,2.0,0.0,1.0,0.0,0.1
pallets/click,93dd2885dc3ff97d0d4a22a3ffb2b641766f3d07,2026-05-23T07:25:21+00:00,0,1,1.0,5.0,0.0,1.791759469228055,0.0,0.0,0.0,0.0,1.0,0.0,0.0,0.0,0.0,0.0,0.0,1.0,1.0,0.0,1.0,0.0555555555555555,0.0555555555555555,198.0,121.0,0.1074380165289256,0.0,0.0,0.1
pallets/click,ddf20d0673788ebe8ec28b6031a24a36cba92115,2026-05-23T08:15:25+00:00,0,1,3.0,17.0,3.0,3.044522437723423,2.0,1.0,1.0,1.0,1.0,0.0,0.0,0.0,0.0,0.0,0.0,0.0,1.0,0.0,1.0,0.1081081081081081,0.0822392744503297,86.66666666666667,122.0,0.1065573770491803,0.0,0.0,0.1
pallets/click,648d7c403829013ade629d63ddbfe808f6b2b770,2026-05-23T08:21:33+00:00,0,1,3.0,29.0,66.0,4.564348191467836,4.0,1.0,1.0,1.0,1.0,0.0,0.0,0.0,0.0,0.0,0.0,0.0,0.0,1.0,0.0,0.1052631578947368,0.0800877192982456,87.66666666666667,2.0,0.0,1.0,0.0,0.1
pallets/click,3a40e43e8f61761cb7bd4f3e27ae3060690a84eb,2026-05-23T08:49:02+00:00,0,1,5.0,99.0,3.0,4.634728988229636,4.0,1.0,1.0,1.0,2.0,0.0,1.0,1.0,0.0,0.0,0.0,0.0,0.0,1.0,0.0,1.0,0.2690649317514989,55.2,123.0,0.1056910569105691,1.0,0.0,0.05
pallets/click,b24f18c001474bd95a7fd412ade231f534851f87,2026-05-23T13:56:10+00:00,0,1,4.0,35.0,2.0,3.6375861597263857,4.0,1.0,1.0,2.0,1.0,0.0,0.0,0.0,0.0,0.0,0.0,0.0,1.0,0.0,1.0,0.1052631578947368,0.0775899072700792,93.75,124.0,0.1048387096774193,1.0,0.0,0.05
pallets/click,82f377c547e1867d073f02bb8f476214d07e245b,2026-05-23T13:59:52+00:00,0,1,4.0,35.0,2.0,3.6375861597263857,4.0,1.0,1.0,2.0,1.0,0.0,0.0,0.0,0.0,0.0,0.0,0.0,1.0,0.0,1.0,0.1034482758620689,0.0753063028925098,94.75,125.0,0.104,1.0,0.0,0.05
pallets/click,745464765a3fc9ddd5f9e445e5a2ca37efd63237,2026-05-23T14:31:38+00:00,0,1,10.0,26.0,95.0,4.804021044733257,3.0,3.0,5.0,1.0,3.0,1.0,0.0,0.0,0.0,0.0,0.0,0.0,1.0,0.0,0.0,0.5,0.0966419064119336,42.0,21.0,0.0476190476190476,1.0,0.0,0.05
pallets/click,c1067bb25471279184a73e81ce60d9c8f6284db7,2026-05-24T13:14:56+00:00,0,1,2.0,74.0,13.0,4.477336814478207,3.0,1.0,1.0,1.0,0.0,0.0,0.0,0.0,0.0,0.0,0.0,0.0,1.0,0.0,1.0,0.088235294117647,0.0441176470588235,32.5,0.0,0.0,1.0,0.0,0.05
pallets/click,6a141c3681027e8124ce5a3c70e608dbbebffafb,2026-05-24T14:30:09+00:00,0,1,10.0,26.0,95.0,4.804021044733257,3.0,3.0,5.0,1.0,3.0,1.0,0.0,0.0,0.0,0.0,0.0,0.0,0.0,1.0,0.0,0.3333333333333333,0.0783365867738341,43.0,22.0,0.0454545454545454,1.0,0.0,0.05
pallets/click,a1a4e8ad2f2d92c20a24fc01354239f50ab550f8,2026-05-25T08:57:54+00:00,0,1,1.0,8.0,0.0,2.1972245773362196,2.0,0.0,0.0,1.0,0.0,0.0,0.0,0.0,0.0,0.0,0.0,0.0,1.0,0.0,1.0,0.0,0.0,18.0,0.0,0.0,1.0,0.0,0.0
pallets/click,9a2d169fcf5c3cce7b0cd5971ca2786e1f72c210,2026-05-25T09:59:38+00:00,0,1,1.0,40.0,11.0,3.951243718581427,3.0,1.0,1.0,0.0,0.0,0.0,0.0,0.0,0.0,0.0,1.0,0.0,1.0,0.0,1.0,0.1489361702127659,0.1489361702127659,47.0,10.0,0.2,0.0,0.0,0.0
pallets/click,e39679ab8d0cf0a8ce203a881c5ae7f44fadaebc,2026-05-25T10:04:10+00:00,0,1,1.0,48.0,15.0,4.1588830833596715,10.0,1.0,1.0,0.0,0.0,0.0,0.0,0.0,0.0,0.0,1.0,0.0,1.0,0.0,0.0,0.0857142857142857,0.0857142857142857,35.0,11.0,0.1818181818181818,1.0,0.0,0.0
pallets/click,d5da63588cdef9bf16596d40ea39d1e69954e4f5,2026-05-25T10:12:10+00:00,0,1,1.0,124.0,40.0,5.10594547390058,10.0,1.0,1.0,0.0,0.0,0.0,0.0,0.0,0.0,0.0,1.0,0.0,1.0,0.0,0.0,0.0660377358490566,0.0660377358490566,106.0,12.0,0.1666666666666666,1.0,0.0,0.0
pallets/click,bb0cd175d574a06fb4a5a7276ebe9570bb5c083d,2026-05-25T10:39:51+00:00,0,1,1.0,40.0,16.0,4.04305126783455,11.0,1.0,1.0,0.0,0.0,0.0,0.0,0.0,0.0,0.0,1.0,0.0,1.0,0.0,0.0,0.1,0.1,40.0,13.0,0.1538461538461538,1.0,0.0,0.0
pallets/click,ea76281c3f5ad062e9f24eb5deaa961ac6a5c0e7,2026-05-25T10:42:34+00:00,0,1,1.0,11.0,6.0,2.8903717578961645,4.0,1.0,1.0,0.0,0.0,0.0,0.0,0.0,0.0,0.0,1.0,0.0,1.0,0.0,0.0,0.0975609756097561,0.0975609756097561,41.0,14.0,0.1428571428571428,1.0,0.0,0.0
pallets/click,9207bdc073181b0699938a7d7b4d0b7dde23fe4f,2026-05-25T10:46:07+00:00,0,1,1.0,42.0,11.0,3.9889840465642745,11.0,1.0,1.0,0.0,0.0,0.0,0.0,0.0,0.0,0.0,1.0,0.0,1.0,0.0,0.0,0.12,0.12,25.0,15.0,0.1333333333333333,1.0,0.0,0.0
pallets/click,82826b844807677260786174e99a1c12c8b3a644,2026-05-25T10:50:01+00:00,0,1,1.0,5.0,1.0,1.9459101490553132,0.0,1.0,1.0,0.0,0.0,0.0,0.0,0.0,0.0,0.0,1.0,0.0,1.0,0.0,0.0,0.0833333333333333,0.0833333333333333,36.0,16.0,0.125,1.0,0.0,0.0
pallets/click,aef225df47377a1bc3d967327b501f577dd5462c,2026-05-25T10:52:11+00:00,0,1,1.0,11.0,6.0,2.8903717578961645,5.0,1.0,1.0,0.0,0.0,0.0,0.0,0.0,0.0,0.0,1.0,0.0,1.0,0.0,0.0,0.081081081081081,0.081081081081081,37.0,17.0,0.1176470588235294,1.0,0.0,0.0
pallets/click,551e427d79e4cf14922eec144d207fdc6a000504,2026-05-25T16:05:35+00:00,0,1,1.0,0.0,0.0,0.0,0.0,0.0,0.0,0.0,0.0,1.0,0.0,0.0,0.0,0.0,0.0,0.0,1.0,0.0,1.0,0.0,0.0,0.0,0.0,0.0,1.0,0.0,0.0
pallets/click,350dd7c7061f9bf3b50d66d134d8b7dcb8f7fa3b,2026-05-25T19:13:37+00:00,0,1,1.0,4.0,6.0,2.3978952727983707,1.0,0.0,0.0,1.0,0.0,0.0,0.0,0.0,0.0,0.0,0.0,0.0,1.0,0.0,0.0,0.1016949152542373,0.1016949152542373,59.0,0.0,0.0,1.0,0.0,0.0
pallets/click,b86e60e752921abfa0f0ec9b74287dc72c4b0d5d,2026-05-25T20:12:41+00:00,0,1,3.0,64.0,0.0,4.174387269895637,10.0,1.0,1.0,1.0,1.0,0.0,0.0,0.0,0.0,0.0,0.0,0.0,1.0,0.0,1.0,0.1041666666666666,0.0604580829095392,98.66666666666669,0.0,0.0,1.0,0.0,0.0
pallets/click,12aa0385b2592a0a75ca652c37792b22d989da4f,2026-05-27T04:13:58+00:00,0,1,2.0,30.0,0.0,3.4339872044851463,0.0,0.0,0.0,0.0,2.0,0.0,0.0,0.0,0.0,0.0,0.0,1.0,1.0,0.0,0.0,0.0531400966183574,0.0265700483091787,104.0,0.0,0.0,1.0,0.0,0.0
pallets/click,29bacc773e817b2e49a75b6258399dc3e129b031,2026-05-27T04:53:15+00:00,0,1,4.0,35.0,2.0,3.6375861597263857,4.0,1.0,1.0,2.0,1.0,0.0,0.0,0.0,0.0,0.0,0.0,0.0,0.0,1.0,1.0,0.1,0.0724334368902125,97.25,56.0,0.0178571428571428,1.0,0.0,0.0
pallets/click,2b4d35bb8d83b220ae6f76e085c7501e76746e51,2026-05-27T05:13:27+00:00,0,1,1.0,42.0,11.0,3.9889840465642745,11.0,1.0,1.0,0.0,0.0,0.0,0.0,0.0,0.0,0.0,1.0,0.0,0.0,1.0,0.0,0.1153846153846153,0.1153846153846153,26.0,57.0,0.0175438596491228,0.0,0.0,0.0
pallets/click,9830b602440a04576d6a4b19717fd15b5cf4efc5,2026-05-27T05:15:41+00:00,0,1,1.0,48.0,15.0,4.1588830833596715,10.0,1.0,1.0,0.0,0.0,0.0,0.0,0.0,0.0,0.0,1.0,0.0,0.0,1.0,0.0,0.081081081081081,0.081081081081081,37.0,58.0,0.0172413793103448,0.0,0.0,0.0
pallets/click,7eb57cff7cd292fbd526eaf861c8f945ddeb07a3,2026-05-27T07:54:24+00:00,0,1,4.0,78.0,9.0,4.477336814478207,5.0,1.0,1.0,2.0,0.0,1.0,0.0,0.0,0.0,0.0,0.0,0.0,1.0,0.0,1.0,0.125,0.0541094080338266,27.0,126.0,0.1031746031746031,0.0,0.0,0.0
pallets/click,88b8e313f7ec09ddd16f33bded0b4c39d7935f58,2026-05-27T08:59:38+00:00,0,1,1.0,4.0,1.0,1.791759469228055,0.0,1.0,1.0,0.0,0.0,0.0,0.0,0.0,0.0,0.0,1.0,0.0,1.0,0.0,0.0,0.0789473684210526,0.0789473684210526,38.0,18.0,0.1111111111111111,0.0,0.0,0.0
pallets/click,665736bc85a19a7a2357c071394b4a545617faa3,2026-05-27T09:34:05+00:00,0,1,5.0,72.0,1.0,4.30406509320417,4.0,1.0,1.0,2.0,2.0,0.0,0.0,0.0,0.0,0.0,0.0,0.0,1.0,0.0,0.0,0.1,0.0768226120857699,70.4,127.0,0.1023622047244094,0.0,0.0,0.0
pallets/click,3dd3b66af121f99e16ae49d0d91e5242456609f3,2026-05-27T10:22:29+00:00,0,1,3.0,74.0,0.0,4.31748811353631,7.0,1.0,1.0,1.0,0.0,0.0,1.0,0.0,0.0,0.0,0.0,0.0,1.0,0.0,1.0,0.0789473684210526,0.0394736842105263,15.333333333333334,0.0,0.0,0.0,0.0,0.0
pallets/click,97210f24eb22399eb6db87d01bfef14f78862d01,2026-05-27T16:23:39+00:00,0,2,5.0,72.0,1.0,4.30406509320417,4.0,1.0,1.0,2.0,2.0,0.0,0.0,0.0,0.0,0.0,0.0,0.0,1.0,1.0,0.0,0.0909090909090909,0.0721838635370745,71.4,59.0,0.0169491525423728,0.0,0.0,0.0
pallets/click,21942ede1e9e00a90d027a689fe970dd3e3b0a6b,2026-05-27T22:20:17+00:00,0,1,5.0,84.0,12.0,4.574710978503383,10.0,1.0,1.0,2.0,2.0,0.0,0.0,0.0,0.0,0.0,0.0,0.0,1.0,0.0,0.0,0.2,0.1045922884454994,29.8,5.0,0.2,0.0,0.0,0.0
pallets/click,b66defb4fa8ed98a5c7316438a630a708cbbc764,2026-05-27T23:52:05+00:00,1,1,2.0,88.0,18.0,4.672828834461906,5.0,1.0,1.0,1.0,0.0,0.0,0.0,0.0,0.0,0.0,0.0,0.0,1.0,0.0,0.0,0.0769230769230769,0.0384615384615384,35.5,0.0,0.0,1.0,0.0,0.0
pallets/click,1a994adbb114d402275a614942e2f838a654e648,2026-05-28T03:55:21+00:00,0,1,12.0,232.0,58.0,5.673323267171493,40.0,1.0,5.0,3.0,4.0,0.0,0.0,0.0,0.0,0.0,0.0,0.0,0.0,1.0,0.0,0.1111111111111111,0.0744026433405086,51.083333333333336,60.0,0.0166666666666666,1.0,0.0,0.05
pallets/click,04cd2e4e698f00c70570a736786c0bd452d5902a,2026-05-28T07:24:01+00:00,0,1,6.0,184.0,7.0,5.2574953720277815,15.0,1.0,1.0,2.0,3.0,0.0,0.0,0.0,0.0,0.0,0.0,0.0,1.0,0.0,0.0,0.1666666666666666,0.0825565289008685,62.0,6.0,0.1666666666666666,1.0,0.0,0.05
pallets/click,684b3f5b5150761ec1c930bef300eb6169f483d8,2026-05-28T07:27:13+00:00,0,1,6.0,184.0,7.0,5.2574953720277815,15.0,1.0,1.0,2.0,3.0,0.0,0.0,0.0,0.0,0.0,0.0,0.0,1.0,0.0,0.0,0.1428571428571428,0.0760745396667121,63.0,7.0,0.1428571428571428,1.0,0.0,0.05
pallets/click,c48021040a50c659b74e24ac2b11c9c9c6620a21,2026-05-28T07:30:49+00:00,0,1,6.0,184.0,7.0,5.2574953720277815,15.0,1.0,1.0,2.0,3.0,0.0,0.0,0.0,0.0,0.0,0.0,0.0,0.0,1.0,0.0,0.125,0.0708842296551347,64.0,3.0,0.0,1.0,0.0,0.05
pallets/click,7450fb97e22e952dec6e73a327fbbca852239dea,2026-05-28T09:05:35+00:00,1,1,3.0,19.0,1.0,3.044522437723423,2.0,1.0,1.0,1.0,1.0,0.0,0.0,0.0,0.0,0.0,0.0,0.0,1.0,0.0,1.0,0.0606060606060606,0.0448320413436692,97.33333333333331,0.0,0.0,1.0,0.0,0.05
pallets/click,52d48d9de78edb2ec86a0ae064d3649e0762a4f0,2026-05-28T09:30:30+00:00,0,1,3.0,26.0,1.0,3.332204510175204,3.0,1.0,1.0,1.0,1.0,0.0,0.0,0.0,0.0,0.0,0.0,0.0,1.0,0.0,1.0,0.088235294117647,0.0627450980392156,98.33333333333331,1.0,1.0,1.0,0.0,0.1
pallets/click,e0b04bc702bc50a45d1cabfdc771a1435594e430,2026-05-28T11:22:56+00:00,0,1,1.0,3.0,0.0,1.3862943611198906,0.0,0.0,0.0,0.0,1.0,0.0,0.0,0.0,0.0,0.0,0.0,1.0,1.0,0.0,1.0,0.0552995391705069,0.0552995391705069,217.0,0.0,0.0,0.0,0.0,0.1
pallets/click,9f9ae4538cea5ff672f6da51b2df184a4cd4304c,2026-05-28T12:28:30+00:00,0,1,1.0,15.0,6.0,3.091042453358316,1.0,0.0,0.0,1.0,0.0,0.0,0.0,0.0,0.0,0.0,0.0,0.0,1.0,0.0,0.0,0.0,0.0,19.0,128.0,0.1015625,1.0,0.0,0.1
pallets/click,b64b20657ebdeae545aee83733b3924955d9c560,2026-05-28T22:00:49+00:00,0,1,3.0,82.0,0.0,4.418840607796598,6.0,1.0,1.0,1.0,1.0,0.0,0.0,0.0,0.0,0.0,0.0,0.0,1.0,0.0,1.0,0.0967741935483871,0.0708965434418038,131.66666666666666,0.0,0.0,0.0,0.0,0.1
pallets/click,2728617033e5b62d18f26075a19dcd8bd4bb9bd3,2026-05-28T22:01:33+00:00,0,1,3.0,82.0,0.0,4.418840607796598,6.0,1.0,1.0,1.0,1.0,0.0,0.0,0.0,0.0,0.0,0.0,0.0,1.0,0.0,1.0,0.0952380952380952,0.0701258144574157,132.66666666666666,1.0,0.0,1.0,0.0,0.1
pallets/click,567d7e9220d6d6f52104ddbccd333d3f0c5b2d41,2026-05-29T03:42:17+00:00,0,1,1.0,15.0,6.0,3.091042453358316,1.0,0.0,0.0,1.0,0.0,0.0,0.0,0.0,0.0,0.0,0.0,0.0,0.0,1.0,0.0,0.0,0.0,20.0,61.0,0.0163934426229508,1.0,0.0,0.1
pallets/click,ed6b3963b88e9a075b655576adb5545f6d0c80ec,2026-05-29T04:17:40+00:00,0,1,1.0,2.0,0.0,1.0986122886681098,0.0,0.0,0.0,0.0,1.0,0.0,0.0,0.0,0.0,0.0,0.0,1.0,1.0,0.0,0.0,0.0545454545454545,0.0545454545454545,220.0,0.0,0.0,0.0,0.0,0.1
pallets/click,8c92b0eb43ccd39e231f3ce695f53257e347320b,2026-05-29T04:23:44+00:00,0,1,2.0,10.0,4.0,2.70805020110221,2.0,1.0,1.0,1.0,0.0,0.0,0.0,0.0,0.0,0.0,0.0,0.0,1.0,0.0,1.0,0.0975609756097561,0.0639320029563932,37.0,1.0,0.0,1.0,0.0,0.1
pallets/click,ffcc7494c991c9197902fdf4995e11b2da3e9762,2026-05-29T06:26:30+00:00,0,1,4.0,78.0,9.0,4.477336814478207,5.0,1.0,1.0,2.0,0.0,1.0,0.0,0.0,0.0,0.0,0.0,0.0,0.0,1.0,1.0,0.1176470588235294,0.0569479965899403,28.5,62.0,0.0161290322580645,1.0,0.0,0.1
pallets/click,534761cde3b1ae4877232c42feee063ca68f8480,2026-05-29T06:39:09+00:00,0,1,1.0,1.0,1.0,1.0986122886681098,0.0,0.0,0.0,0.0,1.0,0.0,0.0,0.0,0.0,0.0,0.0,1.0,1.0,0.0,0.0,0.0542986425339366,0.0542986425339366,221.0,129.0,0.1007751937984496,0.0,0.0,0.1
pallets/click,9a4792cac7cae88b7c470d5f9b0e75e8f092a059,2026-05-29T08:03:15+00:00,0,1,1.0,5.0,4.0,2.302585092994046,1.0,0.0,0.0,1.0,0.0,0.0,0.0,0.0,0.0,0.0,0.0,0.0,1.0,0.0,0.0,0.09375,0.09375,64.0,0.0,0.0,1.0,0.0,0.1
pallets/click,f5cb58825fafff912aae41e3c89bf538f5ad9786,2026-05-29T13:38:27+00:00,1,1,3.0,138.0,6.0,4.976733742420574,11.0,1.0,1.0,1.0,1.0,0.0,0.0,0.0,0.0,0.0,0.0,0.0,1.0,0.0,1.0,0.1333333333333333,0.0908312567887035,104.66666666666669,130.0,0.1,1.0,0.0,0.1
pallets/click,966cd0df6bb77f1512e9b27c9c8feea8591744fd,2026-05-29T13:51:31+00:00,0,1,1.0,1.0,1.0,1.0986122886681098,1.0,0.0,0.0,1.0,0.0,0.0,0.0,0.0,0.0,0.0,0.0,0.0,1.0,0.0,0.0,0.1041666666666666,0.1041666666666666,48.0,131.0,0.1068702290076335,1.0,1.0,0.15
pallets/click,d7d49c1c47ef13df71dc7cf2e789ed51429c5be5,2026-05-29T14:00:22+00:00,0,1,1.0,1.0,1.0,1.0986122886681098,0.0,0.0,0.0,0.0,1.0,0.0,0.0,0.0,0.0,0.0,0.0,1.0,1.0,0.0,0.0,0.0582959641255605,0.0582959641255605,223.0,132.0,0.106060606060606,1.0,0.0,0.15
pallets/click,ba4ddcc24d71a0ec5ab9b6037b98b991b8e0578b,2026-05-29T14:10:35+00:00,0,1,1.0,3.0,3.0,1.9459101490553132,0.0,0.0,0.0,0.0,1.0,0.0,0.0,0.0,0.0,0.0,0.0,1.0,1.0,0.0,0.0,0.0580357142857142,0.0580357142857142,224.0,133.0,0.1052631578947368,0.0,0.0,0.1
pallets/click,72c07e8e4417c46e21b2c574a96fd81e243e04e7,2026-05-29T14:28:49+00:00,0,1,1.0,4.0,6.0,2.3978952727983707,1.0,1.0,1.0,0.0,0.0,0.0,0.0,0.0,0.0,0.0,1.0,0.0,1.0,0.0,0.0,0.1521739130434782,0.1521739130434782,46.0,134.0,0.1044776119402985,1.0,0.0,0.1
pallets/click,8b6441f1759b521eb1f09e4daf01c255c3d906b6,2026-05-29T14:32:08+00:00,0,1,4.0,112.0,27.0,4.941642422609304,11.0,1.0,2.0,1.0,1.0,0.0,0.0,0.0,0.0,0.0,0.0,0.0,1.0,0.0,0.0,0.1489361702127659,0.09861726250784,89.0,135.0,0.1037037037037037,1.0,0.0,0.1
pallets/click,a5326772e57d25c15d2bb972918bee425a8dcc90,2026-05-29T14:49:30+00:00,0,1,3.0,45.0,0.0,3.828641396489095,5.0,1.0,1.0,1.0,1.0,0.0,0.0,0.0,0.0,0.0,0.0,0.0,1.0,0.0,0.0,0.1020408163265306,0.0865209800734453,108.33333333333331,136.0,0.1029411764705882,1.0,0.0,0.1
pallets/click,399919f740bfd26cb30d544877fafd03cfcd9091,2026-05-29T14:51:49+00:00,0,1,3.0,45.0,0.0,3.828641396489095,5.0,1.0,1.0,1.0,1.0,0.0,0.0,0.0,0.0,0.0,0.0,0.0,1.0,0.0,0.0,0.1,0.0851026460510783,109.33333333333331,137.0,0.1021897810218978,1.0,0.0,0.1
pallets/click,e02a981c98cde14152ac38fe2b1d7daae7c37167,2026-05-30T06:12:39+00:00,0,1,4.0,15.0,8.0,3.1780538303479458,1.0,1.0,1.0,0.0,3.0,0.0,0.0,0.0,0.0,0.0,1.0,0.0,0.0,1.0,1.0,0.25,0.1382127192982456,72.5,63.0,0.0158730158730158,0.0,0.0,0.1
pallets/click,9be25a239b5a664ce1ef0f0c20f8be614feeb342,2026-05-30T06:22:53+00:00,0,1,1.0,4.0,1.0,1.791759469228055,0.0,1.0,1.0,0.0,0.0,0.0,0.0,0.0,0.0,0.0,1.0,0.0,0.0,1.0,0.0,0.0952380952380952,0.0952380952380952,42.0,64.0,0.015625,1.0,0.0,0.05
pallets/click,e34e526e4e4738f3c75d4bf7c792de8d302cf4e7,2026-05-30T06:40:59+00:00,0,1,1.0,124.0,40.0,5.10594547390058,10.0,1.0,1.0,0.0,0.0,0.0,0.0,0.0,0.0,0.0,1.0,0.0,0.0,1.0,0.0,0.0598290598290598,0.0598290598290598,117.0,4.0,0.0,1.0,0.0,0.05
pallets/click,b5da585798e61ceb1696271f528902df238b4da1,2026-05-30T10:17:46+00:00,0,1,3.0,51.0,4.0,4.02535169073515,6.0,1.0,1.0,1.0,1.0,0.0,0.0,0.0,0.0,0.0,0.0,0.0,1.0,0.0,1.0,0.074074074074074,0.0633882223081147,124.66666666666669,0.0,0.0,1.0,0.0,0.05
pallets/click,65feb6127e33ce6339e0c0ae230a90ea6b3772bc,2026-05-30T19:28:29+00:00,0,1,1.0,148.0,83.0,5.44673737166631,34.0,1.0,1.0,0.0,0.0,0.0,0.0,0.0,0.0,0.0,1.0,0.0,0.0,1.0,1.0,0.1458333333333333,0.1458333333333333,48.0,65.0,0.0153846153846153,1.0,0.0,0.05
pallets/click,cd9bdd96a9dcc8e4ecabd45b5c244dbc70034484,2026-05-30T20:23:14+00:00,0,1,3.0,45.0,0.0,3.828641396489095,5.0,1.0,1.0,1.0,1.0,0.0,0.0,0.0,0.0,0.0,0.0,0.0,0.0,1.0,0.0,0.0980392156862745,0.0835716003235184,111.0,66.0,0.0151515151515151,1.0,0.0,0.05
pallets/click,f77c3931694d8bbfd2f1c392fbd13967a289319b,2026-05-31T06:52:40+00:00,0,1,2.0,42.0,7.0,3.912023005428146,3.0,1.0,1.0,1.0,0.0,0.0,0.0,0.0,0.0,0.0,0.0,0.0,1.0,0.0,1.0,0.0930232558139534,0.0822259136212624,35.5,0.0,0.0,1.0,0.0,0.05
pallets/click,a0987d25728e315316c5f4ab36fb18df9486b3a5,2026-05-31T07:17:23+00:00,0,1,2.0,20.0,1.0,3.091042453358316,2.0,1.0,1.0,1.0,0.0,0.0,0.0,0.0,0.0,0.0,0.0,0.0,1.0,0.0,0.0,0.0689655172413793,0.063894523326572,74.0,0.0,0.0,1.0,0.0,0.05
pallets/click,f13c20f015f6ed3b556c7660e15ad4ef2353bea4,2026-05-31T13:07:10+00:00,1,1,2.0,44.0,2.0,3.8501476017100584,5.0,1.0,1.0,1.0,0.0,0.0,0.0,0.0,0.0,0.0,0.0,0.0,1.0,0.0,0.0,0.0923076923076923,0.0753205128205128,92.5,0.0,0.0,1.0,0.0,0.05
pallets/click,eecb50670cca50c5253c4e5ed587c9584c7481cc,2026-05-31T13:08:38+00:00,1,1,3.0,29.0,1.0,3.4339872044851463,4.0,1.0,2.0,1.0,0.0,0.0,0.0,0.0,0.0,0.0,0.0,0.0,1.0,0.0,0.0,0.0930232558139534,0.0650167609469935,40.0,1.0,1.0,1.0,0.0,0.1
pallets/click,e46e6eb2b925f6db24d25373c078b317491834c3,2026-05-31T15:31:40+00:00,0,1,1.0,2.0,1.0,1.3862943611198906,1.0,1.0,1.0,0.0,0.0,0.0,0.0,0.0,0.0,0.0,1.0,0.0,1.0,0.0,0.0,0.1428571428571428,0.1428571428571428,49.0,0.0,0.0,1.0,0.0,0.15
pallets/click,50323143860bb82061eb852f48aa8d11ab888717,2026-06-01T10:21:24+00:00,0,1,1.0,7.0,5.0,2.5649493574615367,1.0,0.0,0.0,1.0,0.0,0.0,0.0,0.0,0.0,0.0,0.0,0.0,1.0,0.0,0.0,0.106060606060606,0.106060606060606,66.0,0.0,0.0,1.0,0.0,0.15
pallets/click,4bd3be6532783dbdb1f4b88edca895f0b26aedef,2026-06-01T11:23:42+00:00,0,1,3.0,77.0,0.0,4.356708826689592,5.0,1.0,1.0,1.0,1.0,0.0,0.0,0.0,0.0,0.0,0.0,0.0,1.0,0.0,0.0,0.1044776119402985,0.0756234568988978,139.66666666666666,0.0,0.0,1.0,0.0,0.15
pallets/click,6f9b9cb3a2c417ec6fa05a80f0b2a6f0d4f12242,2026-06-01T18:57:02+00:00,1,1,3.0,27.0,0.0,3.332204510175204,2.0,1.0,1.0,1.0,1.0,0.0,0.0,0.0,0.0,0.0,0.0,0.0,1.0,0.0,0.0,0.0975609756097561,0.068742345771915,103.66666666666669,0.0,0.0,1.0,0.0,0.1
pallets/click,5e76b8626e54c47a926c8b97da1bcab58d01c866,2026-06-01T23:43:02+00:00,0,1,2.0,58.0,1.0,4.0943445622221,7.0,1.0,1.0,1.0,0.0,0.0,0.0,0.0,0.0,0.0,0.0,0.0,1.0,0.0,1.0,0.1029411764705882,0.0842574734811957,95.0,0.0,0.0,1.0,0.0,0.15
pallets/click,8ba07a5980f8c9ed22598db54a1a127744601552,2026-06-01T23:57:14+00:00,0,1,2.0,2.0,8.0,2.3978952727983707,2.0,1.0,1.0,1.0,0.0,0.0,0.0,0.0,0.0,0.0,0.0,0.0,1.0,0.0,0.0,0.1014492753623188,0.0832449628844114,96.0,0.0,0.0,1.0,0.0,0.15
pallets/click,78e0b430ab1d90992c7329ec7f2768c473ffa7f2,2026-06-03T03:28:44+00:00,1,1,1.0,1.0,1.0,1.0986122886681098,0.0,0.0,0.0,0.0,1.0,0.0,0.0,0.0,0.0,0.0,0.0,1.0,1.0,0.0,0.0,0.0600858369098712,0.0600858369098712,233.0,0.0,0.0,0.0,0.0,0.15
pallets/click,4663623184707d59432546a4e0af5bc2a7695cad,2026-06-03T06:49:26+00:00,0,1,3.0,71.0,3.0,4.31748811353631,6.0,1.0,1.0,1.0,1.0,0.0,0.0,0.0,0.0,0.0,0.0,0.0,1.0,0.0,1.0,0.0909090909090909,0.0738927738927738,102.66666666666669,0.0,0.0,1.0,0.0,0.2
pallets/click,051bb0f30b545cf7426deef819811815297c2798,2026-06-03T11:49:10+00:00,0,1,4.0,112.0,27.0,4.941642422609304,11.0,1.0,2.0,1.0,1.0,0.0,0.0,0.0,0.0,0.0,0.0,0.0,1.0,0.0,0.0,0.1428571428571428,0.096089971516507,93.25,138.0,0.1014492753623188,1.0,0.0,0.2
pallets/click,cfb1cb9363fb8ba58f576694f74f139968cc9543,2026-06-03T14:19:59+00:00,0,1,3.0,32.0,1.0,3.5263605246161616,3.0,1.0,1.0,1.0,1.0,0.0,0.0,0.0,0.0,0.0,0.0,0.0,1.0,0.0,0.0,0.064516129032258,0.0641971933661381,130.33333333333334,0.0,0.0,1.0,0.0,0.2
pallets/click,4df304c658666f34a5ca4335ab0da15832f02f9e,2026-06-03T16:04:46+00:00,0,1,4.0,112.0,27.0,4.941642422609304,11.0,1.0,2.0,1.0,1.0,0.0,0.0,0.0,0.0,0.0,0.0,0.0,0.0,1.0,0.0,0.14,0.094241203228545,94.5,67.0,0.0149253731343283,1.0,0.0,0.2
pallets/click,5ec03bdba195737aeb8f5b3d9625607c41a35236,2026-06-04T12:52:32+00:00,0,1,1.0,7.0,5.0,2.5649493574615367,0.0,0.0,0.0,0.0,0.0,0.0,1.0,1.0,0.0,0.0,0.0,0.0,1.0,0.0,0.0,0.5,0.5,2.0,139.0,0.1007194244604316,1.0,0.0,0.2
pallets/click,832ca2231174bff71e0af600a52c1b18612573a2,2026-06-04T16:22:46+00:00,0,1,1.0,7.0,5.0,2.5649493574615367,0.0,0.0,0.0,0.0,0.0,0.0,1.0,1.0,0.0,0.0,0.0,0.0,0.0,1.0,0.0,0.3333333333333333,0.3333333333333333,3.0,68.0,0.0147058823529411,1.0,0.0,0.2
pallets/click,ef96f96efda377c531ad9e87c5b1251dec599135,2026-06-04T22:20:15+00:00,1,1,2.0,23.0,1.0,3.218875824868201,3.0,1.0,1.0,1.0,0.0,0.0,0.0,0.0,0.0,0.0,0.0,0.0,1.0,0.0,0.0,0.0789473684210526,0.0607502799552071,42.5,0.0,0.0,1.0,0.0,0.2
pallets/click,356a6311b056ddc50aefeca1a4c171b9b0409efe,2026-06-04T22:22:03+00:00,0,1,1.0,1.0,1.0,1.0986122886681098,1.0,1.0,1.0,0.0,0.0,0.0,0.0,0.0,0.0,0.0,1.0,0.0,1.0,0.0,0.0,0.1025641025641025,0.1025641025641025,39.0,1.0,1.0,1.0,1.0,0.25
pallets/click,711e7a9e41ddc73f297418cbb4bee0c35dbc6dfd,2026-06-05T04:52:20+00:00,0,1,2.0,29.0,1.0,3.4339872044851463,2.0,1.0,1.0,1.0,0.0,0.0,0.0,0.0,0.0,0.0,0.0,0.0,1.0,0.0,1.0,0.1372549019607843,0.1140819964349376,53.0,0.0,0.0,1.0,0.0,0.25
pallets/click,a0ba4682fc5259f8e230c66cde9fb4c06df36501,2026-06-05T08:10:51+00:00,0,1,2.0,23.0,0.0,3.1780538303479458,1.0,0.0,0.0,1.0,1.0,0.0,0.0,0.0,0.0,0.0,0.0,0.0,1.0,0.0,0.0,0.0769230769230769,0.0699741435035552,138.5,0.0,0.0,0.0,0.0,0.25
pallets/click,26f0205eb82cf47990fcd114e75652389ac36cb4,2026-06-05T18:01:01+00:00,0,1,1.0,6.0,7.0,2.6390573296152584,1.0,0.0,0.0,1.0,0.0,0.0,0.0,0.0,0.0,0.0,0.0,0.0,1.0,0.0,1.0,0.1,0.1,70.0,0.0,0.0,1.0,0.0,0.25
pallets/click,a2c03e0a46233481f1c9cd63d248e00526f46f6f,2026-06-05T19:08:04+00:00,0,1,2.0,37.0,7.0,3.80666248977032,3.0,1.0,1.0,1.0,0.0,0.0,0.0,0.0,0.0,0.0,0.0,0.0,1.0,0.0,0.0,0.0985915492957746,0.0985915492957746,35.5,0.0,0.0,1.0,0.0,0.25
pallets/click,a0232a8ffc75269dd10af67881538b12bdf95a9c,2026-06-06T05:32:18+00:00,0,1,2.0,2.0,1507.0,7.31986492980897,0.0,0.0,0.0,0.0,2.0,0.0,0.0,0.0,0.0,0.0,0.0,1.0,1.0,0.0,0.0,0.0627615062761506,0.0313807531380753,120.0,10.0,0.0,1.0,0.0,0.2
pallets/click,237be507dbe3e653f6b41b3ea53266805534e8cd,2026-06-06T05:52:23+00:00,0,1,1.0,1556.0,0.0,7.350516171833998,0.0,0.0,0.0,0.0,1.0,0.0,0.0,0.0,0.0,0.0,0.0,1.0,1.0,0.0,0.0,0.0,0.0,0.0,11.0,0.0,1.0,0.0,0.15
pallets/click,8929d392781c8113bc569f388c15c47b94f86581,2026-06-06T05:53:42+00:00,0,1,3.0,1558.0,1507.0,8.028129059431759,0.0,0.0,0.0,0.0,3.0,0.0,0.0,0.0,0.0,0.0,0.0,1.0,0.0,1.0,0.0,0.0625,0.0208333333333333,81.0,69.0,0.0144927536231884,1.0,0.0,0.15
pallets/click,03d3b8a313f2676380f6a34a080b3ca09423082e,2026-06-06T06:00:54+00:00,0,1,3.0,1557.0,1508.0,8.028129059431759,0.0,0.0,0.0,0.0,3.0,0.0,0.0,0.0,0.0,0.0,0.0,1.0,1.0,0.0,0.0,0.0622406639004149,0.0207468879668049,82.0,12.0,0.0,1.0,0.0,0.15
pallets/click,4fc0e90e1c19faf82bc18f8551eb1ed78dc738ac,2026-06-06T06:02:04+00:00,1,1,3.0,1557.0,1508.0,8.028129059431759,0.0,0.0,0.0,0.0,3.0,0.0,0.0,0.0,0.0,0.0,0.0,1.0,0.0,1.0,0.0,0.0619834710743801,0.0206611570247933,83.0,70.0,0.0142857142857142,1.0,0.0,0.15
pallets/click,2b657493fa8afae9731a7237c58d737ec3ccf2ae,2026-06-06T06:10:29+00:00,0,1,2.0,38.0,1.0,3.688879454113936,3.0,1.0,1.0,1.0,0.0,0.0,0.0,0.0,0.0,0.0,0.0,0.0,1.0,0.0,1.0,0.0972222222222222,0.0806111111111111,98.5,0.0,0.0,1.0,1.0,0.15
pallets/click,bccc36b097f9e4240691076604bf3cd95ad49ebe,2026-06-06T06:13:04+00:00,0,1,17.0,550.0,180.0,6.594413459749778,66.0,1.0,7.0,4.0,4.0,1.0,1.0,1.0,0.0,0.0,0.0,0.0,1.0,0.0,0.0,0.25,0.1104325603442451,34.35294117647059,13.0,0.0,1.0,1.0,0.15
pallets/click,c3c14fad0ac09f37d05601b0cd55c93fc07ecb18,2026-06-06T14:35:32+00:00,1,1,1.0,5.0,4.0,2.302585092994046,1.0,0.0,0.0,1.0,0.0,0.0,0.0,0.0,0.0,0.0,0.0,0.0,1.0,0.0,0.0,0.0958904109589041,0.0958904109589041,73.0,0.0,0.0,1.0,1.0,0.15
pallets/click,5ef8c6abe4bec7747775602454f2c4b1995debc6,2026-06-06T21:36:54+00:00,0,1,1.0,12.0,0.0,2.5649493574615367,1.0,0.0,0.0,1.0,0.0,0.0,0.0,0.0,0.0,0.0,0.0,0.0,1.0,0.0,0.0,0.0,0.0,23.0,0.0,0.0,1.0,1.0,0.15
pallets/click,f1db3c63ecdf13ab9a7122ae609daf71265ff3ff,2026-06-06T21:38:21+00:00,0,1,1.0,1.0,0.0,0.6931471805599453,0.0,0.0,0.0,1.0,0.0,0.0,0.0,0.0,0.0,0.0,0.0,0.0,1.0,0.0,0.0,0.0,0.0,24.0,1.0,0.0,1.0,0.0,0.15
pallets/click,e1af24bdecb0d2bcbc37ddd31a26bb3b6df40796,2026-06-06T21:51:19+00:00,0,1,2.0,63.0,0.0,4.1588830833596715,5.0,1.0,1.0,1.0,0.0,0.0,0.0,0.0,0.0,0.0,0.0,0.0,1.0,0.0,1.0,0.0888888888888888,0.0756944444444444,38.5,0.0,0.0,1.0,1.0,0.15
pallets/click,1ca1cea0f034f370bb6d95cfc9096031d017125a,2026-06-07T03:40:23+00:00,0,1,17.0,549.0,180.0,6.593044534142437,66.0,1.0,7.0,4.0,4.0,1.0,1.0,1.0,0.0,0.0,0.0,0.0,1.0,1.0,0.0,0.2,0.0943159377750492,35.35294117647059,140.0,0.1,1.0,1.0,0.15
pallets/click,8a1b1a33d739be05b7e91251e3c0dde77c5e152f,2026-06-07T03:59:50+00:00,0,1,17.0,549.0,180.0,6.593044534142437,66.0,1.0,7.0,4.0,4.0,1.0,1.0,1.0,0.0,0.0,0.0,0.0,0.0,1.0,0.0,0.1666666666666666,0.0873583414067583,36.35294117647059,5.0,0.0,1.0,1.0,0.15
pallets/click,0f82e0e55abc412cf05ddb83caecf2dc63ba3e69,2026-06-07T17:14:16+00:00,0,1,1.0,1.0,0.0,0.6931471805599453,0.0,0.0,0.0,0.0,1.0,0.0,0.0,0.0,0.0,0.0,0.0,1.0,1.0,0.0,0.0,0.1428571428571428,0.1428571428571428,7.0,0.0,0.0,0.0,0.0,0.15
pallets/click,8e4dec84e9b00fb560a6e4c869b63bde51af6549,2026-06-07T20:27:46+00:00,0,1,1.0,1.0,1.0,1.0986122886681098,0.0,0.0,0.0,0.0,1.0,0.0,0.0,0.0,0.0,0.0,0.0,1.0,1.0,0.0,0.0,0.125,0.125,8.0,0.0,0.0,0.0,0.0,0.15
pallets/click,ffabf60c0935e577b6a559ff599ca252279b326a,2026-06-07T22:01:15+00:00,0,1,2.0,20.0,0.0,3.044522437723423,0.0,0.0,0.0,0.0,2.0,0.0,0.0,0.0,0.0,0.0,0.0,1.0,1.0,0.0,0.0,0.1111111111111111,0.1111111111111111,4.5,0.0,0.0,1.0,0.0,0.1
pallets/click,3df280c553158030ca36b9ffc74a4103a57308f2,2026-06-08T09:50:41+00:00,0,1,3.0,75.0,10.0,4.454347296253507,6.0,1.0,1.0,1.0,1.0,0.0,0.0,0.0,0.0,0.0,0.0,0.0,1.0,0.0,0.0,0.1,0.0742071881606765,57.333333333333336,0.0,0.0,1.0,0.0,0.1
pallets/click,4b4fe4fab740c9124fd9b88ed4e3306959c66548,2026-06-08T17:29:50+00:00,0,1,3.0,33.0,2.0,3.58351893845611,3.0,1.0,1.0,1.0,1.0,0.0,0.0,0.0,0.0,0.0,0.0,0.0,1.0,0.0,0.0,0.1063829787234042,0.0755679447794591,30.666666666666668,0.0,0.0,1.0,0.0,0.1
pallets/click,4f9a27226a8b0628a6888def9a1ddfc00acf5fe9,2026-06-08T17:36:19+00:00,0,1,3.0,36.0,2.0,3.6635616461296463,4.0,1.0,1.0,1.0,1.0,0.0,0.0,0.0,0.0,0.0,0.0,0.0,1.0,0.0,0.0,0.1041666666666666,0.0720238095238095,31.666666666666668,1.0,0.0,1.0,0.0,0.1
pallets/click,25f3773878308facf5deedac2c3749cbc2af43bb,2026-06-09T14:36:54+00:00,0,1,3.0,117.0,0.0,4.770684624465665,5.0,1.0,1.0,1.0,1.0,0.0,0.0,0.0,0.0,0.0,0.0,0.0,1.0,0.0,1.0,0.0869565217391304,0.0742343760246573,31.0,0.0,0.0,1.0,0.0,0.1
pallets/click,ff0d6d0fad7dafee001d716fba7f0b7bba21477d,2026-06-10T04:50:17+00:00,0,1,3.0,54.0,0.0,4.007333185232471,4.0,1.0,1.0,1.0,1.0,0.0,0.0,0.0,0.0,0.0,0.0,0.0,1.0,0.0,0.0,0.0909090909090909,0.0823611416831755,42.666666666666664,0.0,0.0,1.0,0.0,0.1
pallets/click,6fdd97666b315858f0c4f3cd5e025005eca42697,2026-06-10T13:28:33+00:00,0,1,3.0,50.0,1.0,3.951243718581427,4.0,1.0,1.0,1.0,1.0,0.0,0.0,0.0,0.0,0.0,0.0,0.0,1.0,0.0,1.0,0.0666666666666666,0.0427350427350427,50.333333333333336,141.0,0.0992907801418439,1.0,0.0,0.1
pallets/click,b6407377c717cc1a924b6636cc1a42dc5de48588,2026-06-10T13:30:04+00:00,0,1,3.0,50.0,1.0,3.951243718581427,4.0,1.0,1.0,1.0,1.0,0.0,0.0,0.0,0.0,0.0,0.0,0.0,1.0,0.0,1.0,0.0625,0.0411895674300254,51.333333333333336,142.0,0.0985915492957746,1.0,0.0,0.1
pallets/click,762c97eef7c1b3779678992f26a553a2a8c80793,2026-06-10T13:31:52+00:00,0,1,3.0,48.0,1.0,3.912023005428146,4.0,1.0,1.0,1.0,1.0,0.0,0.0,0.0,0.0,0.0,0.0,0.0,1.0,0.0,1.0,0.0606060606060606,0.0398098633392751,52.333333333333336,143.0,0.0979020979020979,1.0,0.0,0.1
pallets/click,a352605a17d45b23b755533f2ebbf84227ba5f4e,2026-06-10T14:56:28+00:00,0,1,2.0,4.0,4.0,2.1972245773362196,1.0,0.0,0.0,1.0,1.0,0.0,0.0,0.0,0.0,0.0,0.0,0.0,1.0,0.0,0.0,0.1081081081081081,0.0818318318318318,46.0,0.0,0.0,1.0,0.0,0.1
pallets/click,4fd56f47ad19b00442d169dd32c9f51a269a723e,2026-06-10T16:06:20+00:00,0,1,3.0,24.0,0.0,3.218875824868201,3.0,1.0,1.0,1.0,1.0,0.0,0.0,0.0,0.0,0.0,0.0,0.0,1.0,0.0,0.0,0.0892857142857142,0.0750835421888053,45.0,1.0,0.0,1.0,0.0,0.05
pallets/click,6360211b80801b1b15a14c080ed5b883e501e1a1,2026-06-11T05:28:38+00:00,0,1,5.0,85.0,6.0,4.5217885770490405,4.0,1.0,2.0,1.0,2.0,0.0,0.0,0.0,0.0,0.0,0.0,0.0,1.0,0.0,0.0,0.5714285714285714,0.166390977443609,12.8,144.0,0.0972222222222222,1.0,1.0,0.05
pallets/click,9a54d78af8713e5d2fad68c119b91b28864d7879,2026-06-11T05:30:20+00:00,0,1,5.0,84.0,0.0,4.442651256490317,4.0,1.0,2.0,1.0,2.0,0.0,0.0,0.0,0.0,0.0,0.0,0.0,1.0,0.0,0.0,0.5,0.1495238095238095,13.8,145.0,0.096551724137931,1.0,1.0,0.05
pallets/click,dddd70303d9be6bd66cf08b82e360a78f06e11f0,2026-06-11T05:32:16+00:00,0,1,5.0,84.0,0.0,4.442651256490317,4.0,1.0,2.0,1.0,2.0,0.0,0.0,0.0,0.0,0.0,0.0,0.0,1.0,0.0,0.0,0.4444444444444444,0.136075036075036,14.8,146.0,0.0958904109589041,1.0,1.0,0.0
pallets/click,002b2820a58d26ac2c13b07e50519b89f912b3bb,2026-06-11T06:09:43+00:00,0,1,3.0,115.0,6.0,4.804021044733257,7.0,1.0,1.0,1.0,1.0,0.0,0.0,0.0,0.0,0.0,0.0,0.0,1.0,0.0,1.0,0.4,0.1478260869565217,15.0,147.0,0.0952380952380952,1.0,0.0,0.0
pallets/click,ce308a920db6fca1268b25d1e7aa7be02bdc2bb8,2026-06-11T06:11:34+00:00,0,1,3.0,115.0,6.0,4.804021044733257,7.0,1.0,1.0,1.0,1.0,0.0,0.0,0.0,0.0,0.0,0.0,0.0,1.0,0.0,1.0,0.3636363636363636,0.1351010101010101,16.0,148.0,0.0945945945945946,1.0,0.0,0.0
pallets/click,1eaf6c459187558fefa75a9327be07620f06242a,2026-06-11T16:51:50+00:00,0,1,3.0,57.0,7.0,4.174387269895637,3.0,1.0,1.0,1.0,1.0,0.0,0.0,0.0,0.0,0.0,0.0,0.0,1.0,0.0,1.0,0.0851063829787234,0.0607497467071935,35.666666666666664,0.0,0.0,1.0,0.0,0.0
pallets/click,1226f53fb1a5dd3ebf6ca9d50e223bdb76baa3e2,2026-06-12T03:17:27+00:00,0,1,2.0,3.0,0.0,1.3862943611198906,1.0,1.0,1.0,0.0,1.0,0.0,0.0,0.0,0.0,0.0,1.0,0.0,1.0,0.0,1.0,0.1020408163265306,0.0702511773940345,37.5,0.0,0.0,1.0,0.0,0.0
pallets/click,a07f036e9b6af60c25683cb07aed8c337f27e7a9,2026-06-12T03:30:50+00:00,0,1,1.0,5.0,0.0,1.791759469228055,1.0,1.0,1.0,0.0,0.0,0.0,0.0,0.0,0.0,0.0,1.0,0.0,1.0,0.0,1.0,0.1272727272727272,0.1272727272727272,55.0,1.0,0.0,1.0,0.0,0.0
pallets/click,c5ea474a3f95205036b95b1703457cbefcee9c8b,2026-06-12T03:44:47+00:00,0,1,3.0,114.0,6.0,4.795790545596741,7.0,1.0,1.0,1.0,1.0,0.0,0.0,0.0,0.0,0.0,0.0,0.0,1.0,0.0,1.0,0.3333333333333333,0.1234567901234567,17.666666666666668,2.0,0.0,1.0,0.0,0.0
pallets/click,76c960a03a9d0d96393ea32191683c5a4bc98ff8,2026-06-12T03:50:22+00:00,0,1,1.0,1.0,0.0,0.6931471805599453,0.0,0.0,0.0,1.0,0.0,0.0,0.0,0.0,0.0,0.0,0.0,0.0,1.0,0.0,0.0,0.0,0.0,15.0,3.0,0.0,1.0,0.0,0.0
pallets/click,ffe0aff3d15aa2eae38decc907b0320e36ae343f,2026-06-12T03:56:30+00:00,0,1,1.0,7.0,4.0,2.4849066497880004,1.0,0.0,0.0,1.0,0.0,0.0,0.0,0.0,0.0,0.0,0.0,0.0,1.0,0.0,1.0,0.1066666666666666,0.1066666666666666,75.0,4.0,0.0,1.0,0.0,0.0
pallets/click,827d8539a49e01321e504c75e2e6b988c1efe136,2026-06-12T04:11:17+00:00,0,1,1.0,1.0,1.0,1.0986122886681098,1.0,0.0,0.0,1.0,0.0,0.0,0.0,0.0,0.0,0.0,0.0,0.0,1.0,0.0,1.0,0.1052631578947368,0.1052631578947368,76.0,5.0,0.0,1.0,0.0,0.0
pallets/click,931d0f92a5fe3a5945e765ac31968e77098f9ce7,2026-06-12T17:43:16+00:00,0,1,3.0,85.0,1.0,4.465908118654584,5.0,1.0,1.0,1.0,1.0,0.0,0.0,0.0,0.0,0.0,0.0,0.0,1.0,0.0,1.0,0.0833333333333333,0.0582010582010582,37.333333333333336,0.0,0.0,1.0,0.0,0.0
pallets/click,de09576e1f01339908798b02f905116f9deabea1,2026-06-12T17:57:12+00:00,0,1,2.0,19.0,2.0,3.091042453358316,3.0,1.0,1.0,1.0,0.0,0.0,0.0,0.0,0.0,0.0,0.0,0.0,1.0,0.0,0.0,0.1071428571428571,0.0535714285714285,22.0,0.0,0.0,1.0,0.0,0.0
pallets/click,febd7a13f547657fd4e6a3c3cb3f914fcd376489,2026-06-12T19:26:51+00:00,0,1,3.0,32.0,2.0,3.5553480614894135,4.0,1.0,1.0,1.0,1.0,0.0,0.0,0.0,0.0,0.0,0.0,0.0,1.0,0.0,0.0,0.087719298245614,0.0603418620926894,45.666666666666664,0.0,0.0,1.0,0.0,0.0
pallets/click,d9ff13369ac78d9acff693faa79f26badd566ab3,2026-06-13T02:29:14+00:00,0,1,1.0,40.0,16.0,4.04305126783455,11.0,1.0,1.0,0.0,0.0,0.0,0.0,0.0,0.0,0.0,1.0,0.0,0.0,1.0,0.0,0.0816326530612244,0.0816326530612244,49.0,6.0,0.0,1.0,0.0,0.0
pallets/click,1557e265222c431b1e4d6c4dd6754006ed10dc02,2026-06-13T02:55:02+00:00,0,1,1.0,2.0,4.0,1.9459101490553132,1.0,0.0,0.0,1.0,0.0,0.0,0.0,0.0,0.0,0.0,0.0,0.0,1.0,0.0,0.0,0.1038961038961039,0.1038961038961039,77.0,149.0,0.0939597315436241,1.0,0.0,0.0
pallets/click,09195f6a92972c4e1bbb5493686456e6ba624520,2026-06-13T03:59:06+00:00,0,1,3.0,48.0,1.0,3.912023005428146,4.0,1.0,1.0,1.0,1.0,0.0,0.0,0.0,0.0,0.0,0.0,0.0,0.0,1.0,1.0,0.0601503759398496,0.0311612364243943,60.0,71.0,0.028169014084507,1.0,0.0,0.0
pallets/click,916883afad450c0c9bbc4212817900949131adbd,2026-06-13T19:00:13+00:00,0,1,1.0,2.0,4.0,1.9459101490553132,1.0,0.0,0.0,1.0,0.0,0.0,0.0,0.0,0.0,0.0,0.0,0.0,0.0,1.0,1.0,0.1025641025641025,0.1025641025641025,78.0,72.0,0.0277777777777777,1.0,0.0,0.0
pallets/click,e01a478a218ae16a8536e047d796b6460248c625,2026-06-13T23:06:46+00:00,0,1,1.0,9.0,0.0,2.302585092994046,1.0,1.0,1.0,0.0,0.0,0.0,0.0,0.0,0.0,0.0,1.0,0.0,1.0,0.0,1.0,0.125,0.125,56.0,0.0,0.0,1.0,0.0,0.0
pallets/click,8a0d658b2e9ae70a5c296755ab8c76e12a7ca5ec,2026-06-14T01:40:09+00:00,0,1,2.0,56.0,8.0,4.174387269895637,3.0,1.0,1.0,1.0,0.0,0.0,0.0,0.0,0.0,0.0,0.0,0.0,1.0,0.0,1.0,0.08,0.067027027027027,43.5,0.0,0.0,1.0,0.0,0.0
pallets/click,bec59289d8cf9b9b4010642b2fee483e5f8eeefc,2026-06-14T04:55:38+00:00,0,1,3.0,115.0,6.0,4.804021044733257,7.0,1.0,1.0,1.0,1.0,0.0,0.0,0.0,0.0,0.0,0.0,0.0,1.0,0.0,1.0,0.3076923076923077,0.1133167907361455,20.666666666666668,150.0,0.0933333333333333,1.0,0.0,0.0
pallets/click,7a16b20e8a8a9bb57c7b4f6f15f60f6597478a49,2026-06-14T20:30:18+00:00,0,1,3.0,115.0,6.0,4.804021044733257,7.0,1.0,1.0,1.0,1.0,0.0,0.0,0.0,0.0,0.0,0.0,0.0,0.0,1.0,1.0,0.2857142857142857,0.1056547619047619,21.666666666666668,73.0,0.0273972602739726,1.0,0.0,0.0
pallets/click,072a13aecb006d06be0a0b157ef9b67d713e88fb,2026-06-15T10:46:23+00:00,0,1,1.0,2.0,2.0,1.6094379124341005,1.0,0.0,0.0,1.0,0.0,0.0,0.0,0.0,0.0,0.0,0.0,0.0,1.0,0.0,1.0,0.0,0.0,20.0,0.0,0.0,1.0,0.0,0.0
pallets/click,0d340091df4acc6e21333ab6ffa20508540cadf6,2026-06-15T11:11:57+00:00,0,1,1.0,5.0,3.0,2.1972245773362196,1.0,0.0,0.0,1.0,0.0,0.0,0.0,0.0,0.0,0.0,0.0,0.0,1.0,0.0,1.0,0.0,0.0,21.0,1.0,0.0,1.0,0.0,0.0
pallets/click,2a3a205c0717b9176b482ab01f274aff8b248fac,2026-06-15T11:53:16+00:00,0,1,3.0,31.0,0.0,3.4657359027997265,2.0,1.0,1.0,1.0,1.0,0.0,0.0,0.0,0.0,0.0,0.0,0.0,1.0,0.0,1.0,0.1228070175438596,0.0783590869872146,50.333333333333336,0.0,0.0,1.0,0.0,0.0
pallets/click,4adc228e21aa587a427d89b549ea09f76d5b41e0,2026-06-16T03:19:34+00:00,1,1,1.0,108.0,0.0,4.6913478822291435,13.0,0.0,0.0,1.0,0.0,0.0,0.0,0.0,0.0,0.0,0.0,0.0,1.0,0.0,0.0,0.0,0.0,0.0,0.0,0.0,1.0,0.0,0.0
pallets/click,5bce59a3821ac17339efaa2294826c252b07a90c,2026-06-16T17:00:14+00:00,0,1,1.0,1.0,0.0,0.6931471805599453,0.0,0.0,0.0,0.0,1.0,0.0,0.0,0.0,0.0,0.0,0.0,1.0,1.0,0.0,0.0,0.0294117647058823,0.0294117647058823,34.0,1.0,1.0,0.0,0.0,0.05
pallets/click,cc4b0396c4e4bbe58070c57aa8fa5d0ab61d6030,2026-06-17T00:03:17+00:00,0,1,3.0,27.0,0.0,3.332204510175204,2.0,1.0,1.0,1.0,1.0,0.0,0.0,0.0,0.0,0.0,0.0,0.0,1.0,0.0,1.0,0.1206896551724138,0.0766354150113883,51.666666666666664,0.0,0.0,1.0,0.0,0.05
pallets/click,6cedea39bae818d6c8145067ddad4e8631c6fcea,2026-06-17T06:16:21+00:00,0,1,2.0,13.0,2.0,2.772588722239781,2.0,1.0,1.0,1.0,0.0,0.0,0.0,0.0,0.0,0.0,0.0,0.0,1.0,0.0,1.0,0.1320754716981132,0.0923535253227408,45.5,0.0,0.0,1.0,0.0,0.05
pallets/click,525baee8045eec8a612ec104322621817f44cd8f,2026-06-17T06:53:39+00:00,0,1,1.0,4.0,1.0,1.791759469228055,1.0,0.0,0.0,1.0,0.0,0.0,0.0,0.0,0.0,0.0,0.0,0.0,1.0,0.0,0.0,0.0512820512820512,0.0512820512820512,39.0,1.0,0.0,1.0,0.0,0.05
pallets/click,d6f4fab423cd5e0656dfdd245062ac6a14a61fbc,2026-06-17T11:19:20+00:00,0,1,3.0,80.0,0.0,4.394449154672439,4.0,1.0,1.0,1.0,1.0,0.0,0.0,0.0,0.0,0.0,0.0,0.0,1.0,0.0,1.0,0.1186440677966101,0.0752623083131557,52.666666666666664,0.0,0.0,1.0,0.0,0.05
pallets/click,f2d405afd94f992bb5ad0ed80132ccc198869208,2026-06-17T15:53:32+00:00,0,1,3.0,37.0,1.0,3.6635616461296463,3.0,1.0,1.0,1.0,1.0,0.0,0.0,0.0,0.0,0.0,0.0,0.0,1.0,0.0,1.0,0.1166666666666666,0.0739395645645645,53.666666666666664,0.0,0.0,1.0,0.0,0.05
pallets/click,85b338c8de66cb4225ecb2f02b01a321916888fa,2026-06-17T15:58:06+00:00,0,1,3.0,35.0,0.0,3.58351893845611,5.0,1.0,1.0,1.0,1.0,0.0,0.0,0.0,0.0,0.0,0.0,0.0,1.0,0.0,1.0,0.1012658227848101,0.0624277015986025,83.66666666666667,1.0,0.0,1.0,0.0,0.05
pallets/click,af31ba206be53de2ccad92498a5c648147e71ec7,2026-06-17T16:23:30+00:00,0,1,3.0,49.0,8.0,4.060443010546419,3.0,1.0,1.0,1.0,1.0,0.0,0.0,0.0,0.0,0.0,0.0,0.0,1.0,0.0,1.0,0.0784313725490196,0.0513574660633484,43.333333333333336,2.0,0.0,1.0,0.0,0.05
pallets/click,bace9435ee27f530554b3045e9fecbe2c0c8f9f5,2026-06-17T16:26:20+00:00,1,1,3.0,27.0,1.0,3.367295829986474,2.0,1.0,1.0,1.0,1.0,0.0,0.0,0.0,0.0,0.0,0.0,0.0,1.0,0.0,0.0,0.0930232558139534,0.058571854502087,45.0,3.0,0.0,1.0,0.0,0.05
pallets/click,024017d8853fcd18a7534309d299bd33ad63b769,2026-06-17T16:30:35+00:00,0,1,3.0,70.0,7.0,4.356708826689592,6.0,1.0,1.0,1.0,1.0,0.0,0.0,0.0,0.0,0.0,0.0,0.0,1.0,0.0,0.0,0.0769230769230769,0.0502345215759849,44.333333333333336,3.0,0.0,1.0,0.0,0.05
pallets/click,121a0d6f4ab1155dc765934b579edf91927930e1,2026-06-17T18:42:25+00:00,0,1,2.0,20.0,0.0,3.044522437723423,2.0,1.0,1.0,1.0,0.0,0.0,0.0,0.0,0.0,0.0,0.0,0.0,1.0,0.0,1.0,0.1147540983606557,0.0958385876418663,63.0,0.0,0.0,1.0,0.0,0.1
pallets/click,2962de375559d70129f136811d0ce2b7d69bd846,2026-06-17T19:19:16+00:00,1,1,6.0,43.0,90.0,4.897839799950911,4.0,2.0,6.0,0.0,0.0,0.0,0.0,0.0,0.0,0.0,1.0,0.0,1.0,0.0,0.0,0.119047619047619,0.1090629800307219,20.833333333333332,0.0,0.0,1.0,0.0,0.1
pallets/click,7c45834a18424b754ac559b72f9f5a884f5a8515,2026-06-17T19:58:42+00:00,1,1,4.0,0.0,90.0,4.51085950651685,4.0,1.0,4.0,0.0,0.0,0.0,0.0,0.0,0.0,0.0,1.0,0.0,1.0,0.0,0.0,1.0,0.3507206617671734,32.25,1.0,1.0,1.0,0.0,0.15
pallets/click,9acd6cd388d1d0c908daff85a3fa8c908d05a8a2,2026-06-17T20:02:54+00:00,1,1,2.0,69.0,0.0,4.248495242049359,2.0,1.0,2.0,0.0,0.0,0.0,0.0,0.0,0.0,0.0,1.0,0.0,1.0,0.0,0.0,1.0,0.5703125,33.0,2.0,1.0,1.0,1.0,0.2
pallets/click,75f3a814dc58fcb4d6f689b961f3d3c9a5722774,2026-06-18T09:50:50+00:00,0,1,1.0,6.0,0.0,1.9459101490553132,1.0,1.0,1.0,0.0,0.0,0.0,0.0,0.0,0.0,0.0,1.0,0.0,1.0,0.0,1.0,0.1538461538461538,0.1538461538461538,65.0,0.0,0.0,1.0,0.0,0.25
pallets/click,1475138ce92ad231db5618d4c2eddfa5d3d9ff02,2026-06-18T10:52:11+00:00,0,1,1.0,7.0,0.0,2.0794415416798357,1.0,1.0,1.0,0.0,0.0,0.0,0.0,0.0,0.0,0.0,1.0,0.0,1.0,0.0,1.0,0.1515151515151515,0.1515151515151515,66.0,0.0,0.0,1.0,0.0,0.25
pallets/click,9840b66b2f43d411dd5bac53a6b962e54e92e2cd,2026-06-18T11:28:07+00:00,0,1,2.0,19.0,0.0,2.995732273553991,2.0,1.0,1.0,1.0,0.0,0.0,0.0,0.0,0.0,0.0,0.0,0.0,1.0,0.0,0.0,0.1492537313432835,0.1125056535504296,66.5,0.0,0.0,1.0,0.0,0.25
pallets/click,f7dacf230e897ac60cb6628d7ce8bcb71ee01dfb,2026-06-18T15:22:58+00:00,0,1,2.0,71.0,0.0,4.276666119016055,4.0,1.0,1.0,1.0,0.0,0.0,0.0,0.0,0.0,0.0,0.0,0.0,1.0,0.0,0.0,0.1470588235294117,0.1470588235294117,34.0,0.0,0.0,1.0,0.0,0.25
pallets/click,d73ead593d24308c2ccf7165a2ed026828b8b741,2026-06-21T09:47:56+00:00,0,1,2.0,15.0,2.0,2.8903717578961645,2.0,1.0,1.0,1.0,0.0,0.0,0.0,0.0,0.0,0.0,0.0,0.0,1.0,0.0,0.0,0.1296296296296296,0.0886243386243386,48.0,0.0,0.0,1.0,0.0,0.25
pallets/click,a6b16590e2a4f549cfc8479cef8a22bc3e0b5997,2026-06-21T11:58:11+00:00,0,1,1.0,3.0,0.0,1.3862943611198906,1.0,1.0,1.0,0.0,0.0,0.0,0.0,0.0,0.0,0.0,1.0,0.0,1.0,0.0,1.0,0.144927536231884,0.144927536231884,69.0,0.0,0.0,1.0,0.0,0.25
pallets/click,9e05e2e7df43b2c8132a21151b87d045f0408ff8,2026-06-21T17:22:23+00:00,0,1,3.0,41.0,4.0,3.828641396489095,2.0,1.0,1.0,1.0,1.0,0.0,0.0,0.0,0.0,0.0,0.0,0.0,1.0,0.0,0.0,0.0862068965517241,0.0694842699474711,55.666666666666664,0.0,0.0,1.0,0.0,0.2
pallets/click,38f3f1b0e44f0c6bcc210b1f16c32078ec2faf89,2026-06-21T17:25:28+00:00,0,1,1.0,1.0,1.0,1.0986122886681098,0.0,0.0,0.0,0.0,1.0,0.0,0.0,0.0,0.0,0.0,0.0,1.0,1.0,0.0,0.0,0.0465116279069767,0.0465116279069767,43.0,1.0,0.0,1.0,0.0,0.2
pallets/click,e8a6ef1c21ebbff5164fcc7ba4e70f51e4b0e50c,2026-06-22T05:20:35+00:00,0,1,1.0,3.0,0.0,1.3862943611198906,1.0,1.0,1.0,0.0,0.0,0.0,0.0,0.0,0.0,0.0,1.0,0.0,1.0,0.0,1.0,0.1428571428571428,0.1428571428571428,70.0,0.0,0.0,1.0,0.0,0.2
pallets/click,0144d10fb186a74759275f96d08f2dc414f7d25d,2026-06-22T06:39:36+00:00,0,1,2.0,60.0,0.0,4.110873864173311,6.0,1.0,1.0,1.0,0.0,0.0,0.0,0.0,0.0,0.0,0.0,0.0,1.0,0.0,1.0,0.0847457627118644,0.0801087304125359,56.0,0.0,0.0,1.0,0.0,0.2
pallets/click,cd02b2c4be19458c437cd2893465a2868477934e,2026-06-23T02:47:25+00:00,0,1,1.0,4.0,0.0,1.6094379124341005,2.0,1.0,1.0,0.0,0.0,0.0,0.0,0.0,0.0,0.0,1.0,0.0,1.0,0.0,0.0,0.1,0.1,30.0,0.0,0.0,1.0,0.0,0.2
pallets/click,ffe0af0813cd590cff9a46c22c918003e2bfe4f6,2026-06-23T02:51:35+00:00,0,1,1.0,1.0,0.0,0.6931471805599453,0.0,0.0,0.0,0.0,1.0,0.0,0.0,0.0,0.0,0.0,0.0,1.0,1.0,0.0,0.0,0.0454545454545454,0.0454545454545454,44.0,1.0,0.0,1.0,0.0,0.2
pallets/click,748a34d01e0f4f2e5f75e293c1dd8480b16c2068,2026-06-23T03:35:33+00:00,1,1,1.0,1.0,2.0,1.3862943611198906,1.0,1.0,1.0,0.0,0.0,0.0,0.0,0.0,0.0,0.0,1.0,0.0,1.0,0.0,0.0,0.0754716981132075,0.0754716981132075,53.0,2.0,0.0,1.0,0.0,0.2
pallets/click,c4a6b57bb8a79556ceb6a91b1e756bbaf896ffae,2026-06-23T03:37:13+00:00,0,1,1.0,1.0,1.0,1.0986122886681098,1.0,1.0,1.0,0.0,0.0,0.0,0.0,0.0,0.0,0.0,1.0,0.0,1.0,0.0,0.0,0.0925925925925925,0.0925925925925925,54.0,3.0,0.3333333333333333,1.0,1.0,0.25
pallets/click,4d8810832fa1cc71eca2d6c1bfb7edeae685e9f3,2026-06-23T17:43:19+00:00,0,1,3.0,126.0,3.0,4.867534450455582,7.0,1.0,1.0,1.0,1.0,0.0,0.0,0.0,0.0,0.0,0.0,0.0,1.0,0.0,0.0,1.0,0.3728395061728395,34.0,0.0,0.0,1.0,0.0,0.25
pallets/click,dd73b88f86daea5c7c4ba6577aaeac9911b03a16,2026-06-23T17:49:49+00:00,0,1,3.0,46.0,0.0,3.8501476017100584,3.0,1.0,1.0,1.0,1.0,0.0,0.0,0.0,0.0,0.0,0.0,0.0,1.0,0.0,0.0,0.1408450704225352,0.0859509143522687,61.666666666666664,1.0,0.0,1.0,0.0,0.2
pallets/click,679a7a0eccbdded7a6e85680bdaaf08003765e01,2026-06-24T02:43:39+00:00,0,1,1.0,2.0,3.0,1.791759469228055,1.0,1.0,1.0,0.0,0.0,0.0,0.0,0.0,0.0,0.0,1.0,0.0,0.0,1.0,0.0,0.0909090909090909,0.0909090909090909,55.0,74.0,0.027027027027027,1.0,0.0,0.2
pallets/click,b2e30a175449cfda909ee4fbf4a29a6a071cad53,2026-06-24T06:22:49+00:00,0,1,3.0,3.0,3.0,1.9459101490553132,0.0,1.0,1.0,0.0,1.0,1.0,0.0,0.0,0.0,0.0,1.0,0.0,1.0,0.0,0.0,0.0612244897959183,0.0345925604284266,44.0,14.0,0.0,1.0,0.0,0.2
pallets/click,d378c9083327c60254481135add4d67efbf60bb3,2026-06-24T17:12:20+00:00,0,1,3.0,23.0,0.0,3.1780538303479458,2.0,1.0,1.0,1.0,1.0,0.0,0.0,0.0,0.0,0.0,0.0,0.0,1.0,0.0,0.0,0.1388888888888889,0.0843397745571658,63.0,0.0,0.0,1.0,0.0,0.15
pallets/click,362ab1cd8c2f1f37db02a88e1a1f8518c403b25d,2026-06-25T12:37:39+00:00,0,1,1.0,3.0,0.0,1.3862943611198906,0.0,0.0,0.0,0.0,1.0,0.0,0.0,0.0,0.0,0.0,0.0,1.0,1.0,0.0,0.0,0.0408163265306122,0.0408163265306122,49.0,0.0,0.0,0.0,0.0,0.1
pallets/click,adc8addb3f9a700c48b6ddba1bbd85782d47664c,2026-06-25T20:11:58+00:00,0,1,2.0,25.0,0.0,3.258096538021482,2.0,1.0,1.0,1.0,0.0,0.0,0.0,0.0,0.0,0.0,0.0,0.0,1.0,0.0,1.0,0.136986301369863,0.1042074363992172,71.5,0.0,0.0,1.0,0.0,0.05
pallets/click,4ba44be1a01fddbd765be2c78ed2cbb55ab30b4f,2026-06-26T07:21:30+00:00,0,1,3.0,31.0,0.0,3.4657359027997265,3.0,1.0,1.0,1.0,1.0,0.0,0.0,0.0,0.0,0.0,0.0,0.0,1.0,0.0,0.0,0.0892857142857142,0.0585991140642303,49.666666666666664,0.0,0.0,1.0,0.0,0.05
pallets/click,27b3ee2633f80aeb04d6e15c2fb3c91542efa32b,2026-06-26T10:33:33+00:00,0,1,4.0,157.0,1.0,5.0689042022202315,5.0,1.0,1.0,1.0,2.0,0.0,0.0,0.0,0.0,0.0,0.0,0.0,1.0,0.0,0.0,0.087719298245614,0.0430973824936673,40.5,0.0,0.0,1.0,0.0,0.05
pallets/click,1ac08db953684e10ed97adbbda81381efd82ce09,2026-06-26T10:37:02+00:00,0,2,1.0,5.0,3.0,2.1972245773362196,0.0,1.0,1.0,0.0,0.0,0.0,0.0,0.0,0.0,0.0,1.0,0.0,1.0,0.0,1.0,0.0862068965517241,0.0862068965517241,58.0,1.0,0.0,1.0,0.0,0.05
pallets/click,df2e5ed8c4e89f51ff4eddb9600d913083613e62,2026-06-26T16:08:05+00:00,0,1,3.0,3.0,3.0,1.9459101490553132,0.0,1.0,1.0,0.0,1.0,1.0,0.0,0.0,0.0,0.0,1.0,0.0,0.0,1.0,0.0,0.06,0.0328205128205128,46.333333333333336,75.0,0.0266666666666666,1.0,0.0,0.05
pallets/click,373814c9fb1d2fa9f575961fa2ee8f30522b75b2,2026-06-26T16:46:42+00:00,0,1,2.0,20.0,0.0,3.044522437723423,2.0,1.0,1.0,1.0,0.0,0.0,0.0,0.0,0.0,0.0,0.0,0.0,1.0,0.0,1.0,0.1351351351351351,0.1027788351732013,72.5,0.0,0.0,1.0,0.0,0.05
pallets/click,9ca44eccbf29c19151a1d14e36ad9efeffb285d7,2026-06-27T08:06:22+00:00,1,1,2.0,232.0,160.0,5.973809611869261,17.0,1.0,1.0,0.0,1.0,0.0,0.0,0.0,0.0,0.0,1.0,0.0,1.0,0.0,0.0,0.0592592592592592,0.0484975541579315,94.0,151.0,0.0927152317880794,1.0,0.0,0.05
pallets/click,3a9316a2b46b09ca5b8b32d17adafdde70afed22,2026-06-27T08:07:43+00:00,1,1,2.0,232.0,160.0,5.973809611869261,17.0,1.0,1.0,0.0,1.0,0.0,0.0,0.0,0.0,0.0,1.0,0.0,1.0,0.0,0.0,0.0661764705882353,0.0608660130718954,95.0,152.0,0.0986842105263157,1.0,0.0,0.1
pallets/click,3b743b83b5be181ef35e939906b71a9340fb4f93,2026-06-27T08:20:18+00:00,0,1,2.0,234.0,160.0,5.978885764901122,17.0,1.0,1.0,0.0,1.0,0.0,0.0,0.0,0.0,0.0,1.0,0.0,1.0,0.0,0.0,0.072992700729927,0.0728599867285998,96.0,153.0,0.1045751633986928,1.0,0.0,0.15
pallets/click,6f85d26dcd50c1745e81040ed4f2b61f8bf293cf,2026-06-27T08:50:15+00:00,0,1,2.0,27.0,1.0,3.367295829986474,2.0,1.0,1.0,1.0,0.0,0.0,0.0,0.0,0.0,0.0,0.0,0.0,1.0,0.0,0.0,0.1272727272727272,0.0636363636363636,39.5,154.0,0.1038961038961039,1.0,0.0,0.15
pallets/click,b2123e4bf181311033647469fef35510c6f8be6c,2026-06-27T18:33:04+00:00,0,1,3.0,42.0,7.0,3.912023005428146,3.0,1.0,1.0,1.0,1.0,0.0,0.0,0.0,0.0,0.0,0.0,0.0,1.0,0.0,1.0,0.0847457627118644,0.06687292619496,53.333333333333336,0.0,0.0,1.0,0.0,0.15
pallets/click,4a2fb3b7106a472919cf5b6bc72a5719a658a656,2026-06-28T09:27:59+00:00,0,1,3.0,49.0,0.0,3.912023005428146,5.0,1.0,1.0,1.0,1.0,0.0,0.0,0.0,0.0,0.0,0.0,0.0,1.0,0.0,1.0,0.0833333333333333,0.0743177387914229,63.0,0.0,0.0,1.0,0.0,0.15
pallets/click,677242a454f0b67706bdb34310290b7666a52250,2026-06-28T18:36:34+00:00,0,1,2.0,28.0,0.0,3.367295829986474,4.0,1.0,1.0,1.0,0.0,0.0,0.0,0.0,0.0,0.0,0.0,0.0,1.0,0.0,1.0,0.1333333333333333,0.1009132420091324,74.0,0.0,0.0,1.0,0.0,0.15
pallets/click,10eed979adaa77a08215919e13e212ee4bec26b2,2026-06-28T23:35:06+00:00,0,1,1.0,5.0,0.0,1.791759469228055,0.0,1.0,1.0,0.0,0.0,0.0,0.0,0.0,0.0,0.0,1.0,0.0,1.0,0.0,1.0,0.0833333333333333,0.0833333333333333,60.0,0.0,0.0,1.0,0.0,0.1
pallets/click,81b128b12d9b9810a0958e1ebadfd99da06707b6,2026-06-29T01:57:07+00:00,0,1,2.0,21.0,0.0,3.091042453358316,2.0,1.0,1.0,1.0,0.0,0.0,0.0,0.0,0.0,0.0,0.0,0.0,1.0,0.0,1.0,0.131578947368421,0.0995732574679943,75.0,0.0,0.0,1.0,0.0,0.1
pallets/click,8c6bc9b41c4e9a8cd0b4c0bdef979c00ff22fa5d,2026-06-29T10:42:25+00:00,0,1,3.0,36.0,5.0,3.737669618283368,3.0,1.0,1.0,2.0,0.0,0.0,0.0,0.0,0.0,0.0,0.0,0.0,1.0,0.0,0.0,0.081967213114754,0.0418151579947731,43.0,0.0,0.0,1.0,0.0,0.1
pallets/click,ac91883f6731ef4d7a337778ee1dec22fc008be4,2026-06-30T16:39:38+00:00,0,1,3.0,74.0,0.0,4.31748811353631,2.0,1.0,1.0,1.0,1.0,0.0,0.0,0.0,0.0,0.0,0.0,0.0,1.0,0.0,0.0,0.081967213114754,0.0725331323409333,64.66666666666667,155.0,0.1032258064516129,1.0,0.0,0.1
pallets/click,e61ec9656da5a1f405276e7ce40ff6921a257b43,2026-06-30T18:20:52+00:00,0,1,2.0,21.0,1.0,3.1354942159291497,2.0,1.0,1.0,1.0,0.0,0.0,0.0,0.0,0.0,0.0,0.0,0.0,1.0,0.0,1.0,0.125,0.0625,40.5,0.0,0.0,1.0,0.0,0.1
pallets/click,0c7a36a76501be0735fe248546c89eebd9a8f26e,2026-06-30T18:29:49+00:00,0,1,1.0,2.0,0.0,1.0986122886681098,0.0,0.0,0.0,0.0,1.0,0.0,0.0,0.0,0.0,0.0,0.0,1.0,1.0,0.0,1.0,0.0677966101694915,0.0677966101694915,59.0,0.0,0.0,0.0,0.0,0.1
pallets/click,240603f240a9ff179d834fede836060d897c6980,2026-07-01T04:07:02+00:00,0,1,6.0,206.0,28.0,5.459585514144159,23.0,1.0,3.0,2.0,1.0,0.0,0.0,0.0,0.0,0.0,0.0,0.0,0.0,1.0,0.0,0.2666666666666666,0.0977403771232663,63.0,156.0,0.1025641025641025,1.0,0.0,0.1
pallets/click,dbfb10aba610605dc646bf9374e888905366c545,2026-07-01T04:57:31+00:00,0,1,17.0,218.0,108.0,5.7899601708972535,19.0,3.0,7.0,3.0,6.0,1.0,0.0,0.0,0.0,0.0,0.0,0.0,1.0,1.0,1.0,0.25,0.0855416685759081,36.23529411764706,7.0,0.0,1.0,0.0,0.1
pallets/click,13f5085f29ffd1c3ac890e81169a2edcf1c6e058,2026-07-01T05:10:53+00:00,0,1,5.0,84.0,0.0,4.442651256490317,4.0,1.0,2.0,1.0,2.0,0.0,0.0,0.0,0.0,0.0,0.0,0.0,1.0,0.0,0.0,0.25,0.0992668621700879,27.2,157.0,0.1019108280254777,1.0,0.0,0.1
pallets/click,93ba0075f4881b858b61f89a753c7c10e330027e,2026-07-01T05:19:23+00:00,0,1,3.0,68.0,0.0,4.23410650459726,2.0,1.0,1.0,1.0,1.0,0.0,0.0,0.0,0.0,0.0,0.0,0.0,1.0,0.0,0.0,0.0793650793650793,0.0695488721804511,67.33333333333333,158.0,0.1012658227848101,1.0,0.0,0.1
pallets/click,cbc676549ec50e391c75560a8e560f37aa3ab524,2026-07-01T07:45:52+00:00,0,1,6.0,207.0,29.0,5.4680601411351315,24.0,1.0,3.0,2.0,1.0,0.0,0.0,0.0,0.0,0.0,0.0,0.0,1.0,1.0,0.0,0.2352941176470588,0.0910188535290659,65.16666666666667,2.0,0.0,1.0,0.0,0.1
pallets/click,fa671f31c341a9b9afd330007f319dd9d7a0edad,2026-07-01T09:18:02+00:00,0,1,1.0,4.0,5.0,2.302585092994046,1.0,0.0,0.0,1.0,0.0,0.0,0.0,0.0,0.0,0.0,0.0,0.0,1.0,0.0,0.0,0.0,0.0,26.0,0.0,0.0,1.0,0.0,0.1
pallets/click,30749b45c50f4811a3487fc9d11da2b7afc6007f,2026-07-01T09:20:30+00:00,0,1,2.0,5.0,5.0,2.3978952727983707,1.0,0.0,0.0,1.0,1.0,0.0,0.0,0.0,0.0,0.0,0.0,0.0,1.0,0.0,0.0,0.0615384615384615,0.0307692307692307,46.0,1.0,0.0,1.0,0.0,0.1
pallets/click,6ec99f89261b32f8a50848786eca055e1967659f,2026-07-01T10:13:08+00:00,0,1,2.0,5.0,5.0,2.3978952727983707,1.0,0.0,0.0,1.0,1.0,0.0,0.0,0.0,0.0,0.0,0.0,0.0,0.0,1.0,0.0,0.0606060606060606,0.0303030303030303,47.0,8.0,0.0,1.0,0.0,0.1
pallets/click,916c4fe742491cb0233440cca8a825fec7992971,2026-07-01T14:11:40+00:00,0,1,2.0,30.0,0.0,3.4339872044851463,2.0,1.0,1.0,1.0,0.0,0.0,0.0,0.0,0.0,0.0,0.0,0.0,1.0,0.0,1.0,0.1298701298701298,0.0974025974025974,77.0,0.0,0.0,1.0,0.0,0.05
pallets/click,5f4d345b850e887abce6737f3c8dbc356e534c47,2026-07-01T20:26:57+00:00,0,1,2.0,19.0,0.0,2.995732273553991,2.0,1.0,1.0,1.0,0.0,0.0,0.0,0.0,0.0,0.0,0.0,0.0,1.0,0.0,1.0,0.1282051282051282,0.0961538461538461,78.0,0.0,0.0,1.0,0.0,0.0
pallets/click,4664daf6bf606e6a088d74f67f61be3b2ab3f0a1,2026-07-02T12:24:04+00:00,0,1,1.0,10.0,0.0,2.3978952727983707,2.0,1.0,1.0,0.0,0.0,0.0,0.0,0.0,0.0,0.0,1.0,0.0,1.0,0.0,0.0,0.1590909090909091,0.1590909090909091,44.0,0.0,0.0,1.0,0.0,0.0
pallets/click,6471c3bfb8ea98ae2cad6cdbda0cd359102a7832,2026-07-02T16:48:41+00:00,1,1,1.0,4.0,0.0,1.6094379124341005,2.0,1.0,1.0,0.0,0.0,0.0,0.0,0.0,0.0,0.0,1.0,0.0,1.0,0.0,1.0,0.1,0.1,50.0,0.0,0.0,1.0,0.0,0.0
pallets/click,8008ab93aa43c44a4008ac871571aa52ee0fffe1,2026-07-02T23:37:49+00:00,0,1,2.0,5.0,5.0,2.3978952727983707,1.0,0.0,0.0,1.0,1.0,0.0,0.0,0.0,0.0,0.0,0.0,0.0,1.0,1.0,1.0,0.0597014925373134,0.0298507462686567,48.0,76.0,0.0263157894736842,1.0,0.0,0.05
pallets/click,fe3ad76e5807e7a401ed7520f051071c6ae1fa6e,2026-07-02T23:39:12+00:00,0,1,3.0,68.0,0.0,4.23410650459726,2.0,1.0,1.0,1.0,1.0,0.0,0.0,0.0,0.0,0.0,0.0,0.0,0.0,1.0,0.0,0.078125,0.0667465562174236,70.33333333333333,77.0,0.0259740259740259,1.0,0.0,0.05
pallets/click,16fc00e2f4a2717a521084f193709a6058afc693,2026-07-03T01:11:50+00:00,0,1,2.0,27.0,1.0,3.367295829986474,2.0,1.0,1.0,1.0,0.0,0.0,0.0,0.0,0.0,0.0,0.0,0.0,0.0,1.0,0.0,0.1228070175438596,0.0614035087719298,41.5,78.0,0.0256410256410256,1.0,0.0,0.05
pallets/click,8115d6c931b92a4b6826aa0602b10ce0009c6628,2026-07-04T22:33:51+00:00,0,1,6.0,100.0,6.0,4.672828834461906,5.0,1.0,2.0,3.0,1.0,0.0,0.0,0.0,0.0,0.0,0.0,0.0,1.0,1.0,0.0,0.1206896551724138,0.0530139577647073,54.833333333333336,79.0,0.0253164556962025,1.0,0.0,0.05
pallets/click,07d20bf62c825b34f8485fc08f57d190e59939fd,2026-07-06T05:46:02+00:00,1,1,21.0,313.0,111.0,6.052089168924417,23.0,3.0,8.0,6.0,6.0,1.0,0.0,0.0,0.0,0.0,0.0,0.0,1.0,1.0,1.0,0.2,0.0714928547014019,40.23809523809524,0.0,0.0,0.0,0.0,0.05
pallets/click,169383ee98d8617bd3364716fe64e16820d712e1,2026-07-06T05:58:29+00:00,0,1,1.0,9.0,11.0,3.044522437723423,1.0,1.0,1.0,0.0,0.0,0.0,0.0,0.0,0.0,0.0,1.0,0.0,1.0,0.0,1.0,0.0895522388059701,0.0895522388059701,67.0,1.0,1.0,1.0,1.0,0.1
pallets/click,0c28f44ed1b679d0a919a10002b78062d607a390,2026-07-06T06:07:40+00:00,0,1,1.0,4.0,1.0,1.791759469228055,0.0,1.0,1.0,0.0,0.0,0.0,0.0,0.0,0.0,0.0,1.0,0.0,1.0,0.0,1.0,0.088235294117647,0.088235294117647,68.0,2.0,0.5,1.0,0.0,0.1
pallets/click,8361e425b141155eb0128d9db2468cf10ec81c84,2026-07-07T03:52:02+00:00,0,1,1.0,1.0,1.0,1.0986122886681098,0.0,0.0,0.0,0.0,1.0,0.0,0.0,0.0,0.0,0.0,0.0,1.0,1.0,0.0,0.0,0.0704225352112676,0.0704225352112676,71.0,0.0,0.0,0.0,0.0,0.1
pallets/click,e83d7033e22e332a50c8dc7738e8ca1855c745a7,2026-07-07T05:15:29+00:00,0,1,1.0,2.0,0.0,1.0986122886681098,1.0,1.0,1.0,0.0,0.0,0.0,0.0,0.0,0.0,0.0,1.0,0.0,1.0,0.0,1.0,0.1265822784810126,0.1265822784810126,79.0,0.0,0.0,1.0,0.0,0.1
pallets/click,e786f06ca79a76fbf4007b55bfaa48e31b9c8b1d,2026-07-07T06:18:56+00:00,0,1,3.0,9.0,2.0,2.4849066497880004,2.0,1.0,1.0,1.0,1.0,0.0,0.0,0.0,0.0,0.0,0.0,0.0,1.0,0.0,0.0,0.087719298245614,0.0813734214763963,66.0,0.0,0.0,1.0,0.0,0.1
pallets/click,807f892aa7768358bea98b9ca29d5cc1fb26b089,2026-07-07T07:48:26+00:00,0,1,2.0,40.0,1.0,3.737669618283368,5.0,1.0,1.0,1.0,0.0,0.0,0.0,0.0,0.0,0.0,0.0,0.0,1.0,0.0,0.0,0.2,0.1,16.5,1.0,0.0,1.0,0.0,0.1
pallets/click,be05c0670f0aedf3ad72c2accb6a56dd42373cd3,2026-07-07T11:05:35+00:00,0,1,3.0,84.0,18.0,4.634728988229636,4.0,1.0,1.0,1.0,1.0,0.0,0.0,0.0,0.0,0.0,0.0,0.0,1.0,0.0,0.0,0.0862068965517241,0.0801381109836471,67.0,159.0,0.10062893081761,1.0,0.0,0.1
pallets/click,a2606e99218583b714a4a138bfe98e52755aafe3,2026-07-07T12:50:21+00:00,0,1,2.0,21.0,0.0,3.091042453358316,2.0,1.0,1.0,1.0,0.0,0.0,0.0,0.0,0.0,0.0,0.0,0.0,1.0,0.0,1.0,0.125,0.0990853658536585,81.0,0.0,0.0,1.0,0.0,0.1
pallets/click,445310365b3a0437d5e46bf57fa2a801b704c30d,2026-07-07T13:24:23+00:00,0,1,1.0,8.0,1.0,2.302585092994046,0.0,0.0,0.0,0.0,1.0,0.0,0.0,0.0,0.0,0.0,0.0,1.0,1.0,0.0,0.0,0.1,0.1,10.0,160.0,0.1,0.0,0.0,0.1
pallets/click,6e805fa410a54fd8c521470084fd7b28e4744b7a,2026-07-07T22:32:46+00:00,0,1,3.0,76.0,8.0,4.442651256490317,3.0,1.0,1.0,1.0,1.0,0.0,0.0,0.0,0.0,0.0,0.0,0.0,1.0,0.0,1.0,0.0909090909090909,0.0670099499886733,62.333333333333336,0.0,0.0,1.0,0.0,0.1
pallets/click,94c191ca6c9598865fc5672b85cf138845b337d5,2026-07-08T03:26:31+00:00,0,1,6.0,92.0,1.0,4.543294782270004,4.0,1.0,2.0,1.0,3.0,0.0,0.0,0.0,0.0,0.0,0.0,0.0,0.0,1.0,0.0,0.2222222222222222,0.0974935038793734,28.666666666666668,80.0,0.025,1.0,0.0,0.1
pallets/click,13f075c4bd2d1343eaac528994165750671da351,2026-07-08T04:53:23+00:00,0,1,3.0,5.0,10.0,2.772588722239781,2.0,1.0,2.0,0.0,1.0,0.0,0.0,0.0,0.0,0.0,1.0,0.0,1.0,0.0,0.0,0.1304347826086956,0.09942505273185,43.0,161.0,0.0993788819875776,1.0,0.0,0.1
pallets/click,47cc96fb1fcaca88f55c1937afc50ba518d0ca8a,2026-07-08T05:53:45+00:00,0,1,26.0,898.0,894.0,7.491645473605133,78.0,0.0,0.0,26.0,0.0,0.0,0.0,0.0,0.0,0.0,0.0,0.0,1.0,0.0,0.0,0.0847457627118644,0.0847457627118644,2.269230769230769,15.0,0.0,0.0,0.0,0.1
pallets/click,9ab346f6b57f2c99388b4e9db58a0961bc3027c8,2026-07-08T05:55:06+00:00,0,1,15.0,898.0,861.0,7.473069088032197,78.0,0.0,0.0,15.0,0.0,0.0,0.0,0.0,0.0,0.0,0.0,0.0,0.0,1.0,0.0,0.0833333333333333,0.0055555555555555,4.933333333333334,81.0,0.0246913580246913,1.0,0.0,0.1
pallets/click,a44e9f05edbfcea04b5ec91d4403976a50381c59,2026-07-08T05:57:15+00:00,0,1,3.0,5.0,10.0,2.772588722239781,2.0,1.0,2.0,0.0,1.0,0.0,0.0,0.0,0.0,0.0,1.0,0.0,0.0,1.0,0.0,0.1276595744680851,0.0959719949081651,44.0,82.0,0.024390243902439,1.0,0.0,0.1
pallets/click,ea811f9540a9117fd0edbfebb0589213bc9f7dc9,2026-07-08T06:26:24+00:00,0,1,23.0,406.0,112.0,6.251903883165888,26.0,3.0,10.0,5.0,7.0,1.0,0.0,0.0,0.0,0.0,0.0,0.0,1.0,1.0,0.0,0.3333333333333333,0.1203679469471162,38.56521739130435,16.0,0.0,1.0,0.0,0.05
pallets/click,7925a3410d7098c28cfca3b2baa6c852666bbd14,2026-07-08T06:27:43+00:00,0,1,15.0,898.0,857.0,7.470793774195062,78.0,0.0,0.0,15.0,0.0,0.0,0.0,0.0,0.0,0.0,0.0,0.0,0.0,1.0,0.0,0.081967213114754,0.0054644808743169,5.933333333333334,83.0,0.0240963855421686,1.0,0.0,0.05
pallets/click,0576c5180cf551c00de39e6939941bd1df223a20,2026-07-08T08:10:55+00:00,0,1,3.0,33.0,0.0,3.5263605246161616,2.0,1.0,1.0,1.0,1.0,0.0,0.0,0.0,0.0,0.0,0.0,0.0,1.0,0.0,1.0,0.1234567901234567,0.086606808829031,80.66666666666667,0.0,0.0,1.0,0.0,0.05
pallets/click,c52f43c8ba734545b222af36ac35d87579031870,2026-07-08T10:42:39+00:00,0,1,1.0,7.0,11.0,2.9444389791664403,1.0,0.0,0.0,1.0,0.0,0.0,0.0,0.0,0.0,0.0,0.0,0.0,1.0,0.0,0.0,0.0,0.0,3.0,162.0,0.0987654320987654,1.0,0.0,0.05
pallets/click,5f080f8bf743bc1f07240d84094b394bb64a84f2,2026-07-08T10:54:40+00:00,0,1,2.0,234.0,160.0,5.978885764901122,17.0,1.0,1.0,0.0,1.0,0.0,0.0,0.0,0.0,0.0,1.0,0.0,1.0,0.0,0.0,0.0769230769230769,0.0705128205128205,110.5,163.0,0.0981595092024539,1.0,0.0,0.05
pallets/click,a4e7f2be25b90e992dc8085e209ef98410ce17a0,2026-07-08T11:21:28+00:00,0,1,3.0,88.0,18.0,4.672828834461906,4.0,1.0,1.0,1.0,1.0,0.0,0.0,0.0,0.0,0.0,0.0,0.0,1.0,0.0,1.0,0.081081081081081,0.0481240734405291,52.0,164.0,0.0975609756097561,1.0,0.0,0.0
pallets/click,d602e9f596b64f760bb3112c7498905bdee7ae34,2026-07-08T11:24:00+00:00,0,1,3.0,88.0,18.0,4.672828834461906,4.0,1.0,1.0,1.0,1.0,0.0,0.0,0.0,0.0,0.0,0.0,0.0,1.0,0.0,1.0,0.08,0.0475,53.0,165.0,0.0969696969696969,1.0,0.0,0.0
pallets/click,44f9b055420c396e8c987434216494d306b8ce3c,2026-07-08T12:19:15+00:00,0,1,4.0,86.0,2.0,4.48863636973214,3.0,1.0,1.0,1.0,2.0,0.0,0.0,0.0,0.0,0.0,0.0,0.0,1.0,0.0,1.0,0.1,0.0668822621641249,69.75,166.0,0.0963855421686747,1.0,0.0,0.0
pallets/click,bb8244c4697fd9d10948da2f8f007c6422ea5d82,2026-07-08T12:22:16+00:00,0,1,4.0,86.0,2.0,4.48863636973214,3.0,1.0,1.0,1.0,2.0,0.0,0.0,0.0,0.0,0.0,0.0,0.0,1.0,0.0,1.0,0.0952380952380952,0.0651618006327846,70.75,167.0,0.0958083832335329,1.0,0.0,0.0
pallets/click,775a1cf0497d47e4f82ea14be7fc73a63ac4f01e,2026-07-08T13:04:35+00:00,0,1,4.0,132.0,3.0,4.912654885736052,3.0,1.0,1.0,1.0,2.0,0.0,0.0,0.0,0.0,0.0,0.0,0.0,1.0,0.0,1.0,0.0909090909090909,0.0635675745739287,71.75,168.0,0.0952380952380952,1.0,0.0,0.0
pallets/click,4860fa974a079fef7ddccab1296afaf8762af73d,2026-07-08T13:29:02+00:00,1,1,3.0,88.0,18.0,4.672828834461906,4.0,1.0,1.0,1.0,1.0,0.0,0.0,0.0,0.0,0.0,0.0,0.0,1.0,0.0,1.0,0.0789473684210526,0.046157059314954,55.0,169.0,0.0946745562130177,1.0,0.0,0.0
pallets/click,d088ed4a4a87112b66f7ec63aa8014386eb0101d,2026-07-08T13:30:46+00:00,0,1,3.0,88.0,18.0,4.672828834461906,4.0,1.0,1.0,1.0,1.0,0.0,0.0,0.0,0.0,0.0,0.0,0.0,1.0,0.0,1.0,0.1666666666666666,0.1093879976232917,56.0,170.0,0.1,1.0,0.0,0.05
pallets/click,b674be1194d9745852cbc86c7a6b3e60fef84e28,2026-07-08T13:31:42+00:00,0,1,3.0,88.0,18.0,4.672828834461906,4.0,1.0,1.0,1.0,1.0,0.0,0.0,0.0,0.0,0.0,0.0,0.0,1.0,0.0,1.0,0.1428571428571428,0.1007893914870659,57.0,171.0,0.0994152046783625,1.0,0.0,0.05
pallets/click,07c909f23f0f83b5ca137c167b9a134d66201f67,2026-07-08T14:46:50+00:00,0,1,3.0,88.0,15.0,4.6443908991413725,4.0,1.0,1.0,1.0,1.0,0.0,0.0,0.0,0.0,0.0,0.0,0.0,1.0,0.0,1.0,0.125,0.094191037392696,58.0,172.0,0.0988372093023255,1.0,0.0,0.05
pallets/click,8dd4d60eb5ad4532abdd9b2809a7d9e2aa679b87,2026-07-08T15:57:41+00:00,0,1,1.0,7.0,11.0,2.9444389791664403,1.0,0.0,0.0,1.0,0.0,0.0,0.0,0.0,0.0,0.0,0.0,0.0,0.0,1.0,0.0,0.0,0.0,4.0,84.0,0.0238095238095238,1.0,0.0,0.05
pallets/click,8a4ce842564ae94ab050062db8525196ad476c19,2026-07-08T16:05:27+00:00,0,1,3.0,88.0,15.0,4.6443908991413725,4.0,1.0,1.0,1.0,1.0,0.0,0.0,0.0,0.0,0.0,0.0,0.0,0.0,1.0,0.0,0.1111111111111111,0.0889309764309764,59.0,85.0,0.0235294117647058,1.0,0.0,0.05
pallets/click,ee8a410b152fc05996175330bab9b7ac4a700480,2026-07-08T16:18:23+00:00,0,1,4.0,132.0,3.0,4.912654885736052,3.0,1.0,1.0,1.0,2.0,0.0,0.0,0.0,0.0,0.0,0.0,0.0,1.0,0.0,1.0,0.0869565217391304,0.0640573027690063,74.0,173.0,0.0982658959537572,1.0,0.0,0.05
pallets/click,4e99c30a18d0b4f49aaacda9fe8c7bad8cb8ba3f,2026-07-08T16:22:54+00:00,0,1,2.0,234.0,160.0,5.978885764901122,17.0,1.0,1.0,0.0,1.0,0.0,0.0,0.0,0.0,0.0,1.0,0.0,1.0,0.0,0.0,0.0743243243243243,0.0704954954954955,119.0,174.0,0.0977011494252873,1.0,0.0,0.05
pallets/click,c04cc898eb1868dfe55d301869832b9ba2e04d43,2026-07-08T18:08:59+00:00,0,1,2.0,18.0,0.0,2.9444389791664403,2.0,1.0,1.0,1.0,0.0,0.0,0.0,0.0,0.0,0.0,0.0,0.0,1.0,0.0,0.0,0.1219512195121951,0.0962697274031563,83.5,0.0,0.0,1.0,0.0,0.05
pallets/click,674fba90124d03226e8ffd2bf48c4c108a603b8a,2026-07-08T20:06:13+00:00,0,1,3.0,33.0,1.0,3.5553480614894135,2.0,1.0,1.0,1.0,1.0,0.0,0.0,0.0,0.0,0.0,0.0,0.0,1.0,0.0,1.0,0.088235294117647,0.0652786755727932,69.0,0.0,0.0,1.0,0.0,0.05
pallets/click,5a4e928e6274b88beadf9e7614ef3a2739a71d23,2026-07-08T20:11:19+00:00,0,1,1.0,4.0,2.0,1.9459101490553132,1.0,1.0,1.0,0.0,0.0,0.0,0.0,0.0,0.0,0.0,1.0,0.0,1.0,0.0,1.0,0.0869565217391304,0.0869565217391304,69.0,1.0,0.0,1.0,0.0,0.05
pallets/click,3495fba163dd61dea837cd557095df6c21515ac8,2026-07-09T12:05:17+00:00,0,1,6.0,172.0,4.0,5.176149732573829,7.0,1.0,1.0,3.0,2.0,0.0,0.0,0.0,0.0,0.0,0.0,0.0,1.0,0.0,0.0,0.1666666666666666,0.0854866099572488,66.16666666666667,175.0,0.0971428571428571,1.0,0.0,0.05
pallets/click,71f2bafa541e7f798834e74076786ff4281ac83e,2026-07-09T14:06:46+00:00,0,1,5.0,254.0,2.0,5.54907608489522,12.0,1.0,1.0,3.0,1.0,0.0,0.0,0.0,0.0,0.0,0.0,0.0,1.0,0.0,0.0,0.1851851851851851,0.0849402628434886,35.8,176.0,0.096590909090909,1.0,0.0,0.05
pallets/click,8c1a0a7abbc1c36f70d1f65f3604acc46c5ce6ab,2026-07-10T03:14:28+00:00,0,1,5.0,254.0,2.0,5.54907608489522,12.0,1.0,1.0,3.0,1.0,0.0,0.0,0.0,0.0,0.0,0.0,0.0,0.0,1.0,0.0,0.1785714285714285,0.0812962076843758,36.8,86.0,0.0232558139534883,1.0,0.0,0.05
pallets/click,a28d839d3e68bb81b77bcd862fb29e35dcf894f9,2026-07-10T03:23:10+00:00,0,1,5.0,254.0,2.0,5.54907608489522,12.0,1.0,1.0,3.0,1.0,0.0,0.0,0.0,0.0,0.0,0.0,0.0,1.0,1.0,1.0,0.1724137931034483,0.078066718520439,37.8,87.0,0.0229885057471264,1.0,0.0,0.05
pallets/click,b67832c2167e5b0ff6764a8c04a0a9087e697b5a,2026-07-10T03:24:11+00:00,0,1,6.0,172.0,4.0,5.176149732573829,7.0,1.0,1.0,3.0,2.0,0.0,0.0,0.0,0.0,0.0,0.0,0.0,0.0,1.0,1.0,0.1538461538461538,0.0819510091648645,67.66666666666667,88.0,0.0227272727272727,1.0,0.0,0.05
pallets/click,5df48318ccbacda815b4dac88ac9797444a99020,2026-07-11T00:25:46+00:00,0,1,3.0,29.0,1.0,3.4339872044851463,2.0,1.0,1.0,1.0,1.0,0.0,0.0,0.0,0.0,0.0,0.0,0.0,1.0,0.0,0.0,0.1204819277108433,0.0840350132248004,88.66666666666667,0.0,0.0,1.0,0.0,0.05
pallets/click,8f300853dc5f33120d9872ea0e4c9e00318446b1,2026-07-11T14:01:11+00:00,0,1,2.0,234.0,160.0,5.978885764901122,17.0,1.0,1.0,0.0,1.0,0.0,0.0,0.0,0.0,0.0,1.0,0.0,1.0,0.0,0.0,0.0728476821192053,0.0670360859575618,124.5,177.0,0.096045197740113,1.0,0.0,0.05
pallets/click,3357e08ee5d7961e49c2a57d6b29f22155b19111,2026-07-12T11:20:10+00:00,0,1,5.0,40.0,5.0,3.828641396489095,3.0,1.0,2.0,2.0,1.0,0.0,0.0,0.0,0.0,0.0,0.0,0.0,1.0,0.0,0.0,0.119047619047619,0.0837597374953696,70.2,0.0,0.0,1.0,0.0,0.05
pallets/click,b3a191bf58db2a4bd13706981af78d41b7b5a056,2026-07-12T16:59:10+00:00,0,2,1.0,1.0,1.0,1.0986122886681098,0.0,0.0,0.0,0.0,0.0,1.0,0.0,0.0,0.0,0.0,0.0,0.0,1.0,0.0,1.0,0.074074074074074,0.074074074074074,54.0,0.0,0.0,1.0,0.0,0.05
pallets/click,23056ca643c962934e41d300c25e3da48a279327,2026-07-12T21:34:29+00:00,0,2,2.0,21.0,0.0,3.091042453358316,2.0,1.0,1.0,1.0,0.0,0.0,0.0,0.0,0.0,0.0,0.0,0.0,1.0,0.0,1.0,0.1176470588235294,0.0929144385026738,86.5,0.0,0.0,1.0,0.0,0.05
pallets/click,355140efaf3634a4a14629c42a4b4ea42282eb8f,2026-07-15T12:59:25+00:00,0,1,3.0,40.0,0.0,3.713572066704308,2.0,1.0,1.0,1.0,1.0,0.0,0.0,0.0,0.0,0.0,0.0,0.0,1.0,0.0,0.0,0.1162790697674418,0.0812316000348401,91.66666666666669,0.0,0.0,1.0,0.0,0.0
pallets/click,27e252aa7558a1d17653d42c84a67f56e8dbfcba,2026-07-15T16:05:58+00:00,1,1,1.0,1.0,0.0,0.6931471805599453,0.0,1.0,1.0,0.0,0.0,0.0,0.0,0.0,0.0,0.0,1.0,0.0,1.0,0.0,1.0,0.1149425287356321,0.1149425287356321,87.0,0.0,0.0,1.0,0.0,0.0
pallets/click,b551fe85714c906565303fae98136d7c72b252ea,2026-07-16T04:54:45+00:00,0,1,2.0,234.0,160.0,5.978885764901122,17.0,1.0,1.0,0.0,1.0,0.0,0.0,0.0,0.0,0.0,1.0,0.0,0.0,1.0,0.0,0.0723684210526315,0.0658871808233454,126.5,89.0,0.0224719101123595,1.0,0.0,0.05
pallets/click,e8c928d94cd116123892fb08d2c93829e97ae75f,2026-07-16T06:02:35+00:00,0,1,9.0,174.0,61.0,5.4638318050256105,10.0,2.0,3.0,4.0,1.0,1.0,0.0,0.0,0.0,0.0,0.0,0.0,1.0,0.0,0.0,0.1311475409836065,0.0576679161965635,43.55555555555556,178.0,0.095505617977528,0.0,0.0,0.05
pallets/click,51e6fa65fb63c5a77853e57d1c558a57a458d1a5,2026-07-16T08:15:24+00:00,0,1,3.0,46.0,0.0,3.8501476017100584,3.0,1.0,1.0,1.0,1.0,0.0,0.0,0.0,0.0,0.0,0.0,0.0,1.0,0.0,1.0,0.125,0.0833063646170442,93.66666666666669,0.0,0.0,1.0,0.0,0.05
pallets/click,425e8fd34780bdff36667a9b3d3488841d41f842,2026-07-16T08:22:02+00:00,0,1,6.0,626.0,0.0,6.440946540632921,14.0,1.0,2.0,0.0,3.0,1.0,0.0,0.0,0.0,0.0,1.0,0.0,1.0,0.0,0.0,0.2857142857142857,0.1269841269841269,17.5,0.0,0.0,1.0,0.0,0.05
pallets/click,6a319a2bc9c6f9af70d92dd848c6d5123da6bc63,2026-07-16T18:37:59+00:00,0,1,4.0,104.0,1.0,4.663439094112067,10.0,1.0,2.0,2.0,0.0,0.0,0.0,0.0,0.0,0.0,0.0,0.0,1.0,0.0,0.0,0.1034482758620689,0.0738954489841913,76.5,0.0,0.0,1.0,0.0,0.05
pallets/click,5ff6caf3ef9c53ddf2d1ae4ef9835e6fa2514374,2026-07-16T19:01:17+00:00,0,1,2.0,34.0,1.0,3.58351893845611,2.0,1.0,1.0,1.0,0.0,0.0,0.0,0.0,0.0,0.0,0.0,0.0,1.0,0.0,0.0,0.0857142857142857,0.0632653061224489,59.5,0.0,0.0,1.0,0.0,0.05
pallets/click,414deaf556c16fa27969484fd2f4a3c2a1d95ed4,2026-07-16T20:32:45+00:00,0,1,1.0,20.0,0.0,3.044522437723423,1.0,1.0,1.0,0.0,0.0,0.0,0.0,0.0,0.0,0.0,1.0,0.0,1.0,0.0,0.0,0.16,0.16,25.0,90.0,0.0222222222222222,1.0,0.0,0.05
pallets/click,770a5bd5871f263faec8442ca386398703f05adc,2026-07-16T21:45:44+00:00,0,1,2.0,86.0,4.0,4.51085950651685,7.0,1.0,2.0,0.0,0.0,0.0,0.0,0.0,0.0,0.0,1.0,0.0,1.0,0.0,0.0,0.1538461538461538,0.1381475667189953,37.5,91.0,0.0219780219780219,1.0,0.0,0.05
pallets/click,7e1989e6c3157432337e091d317c5bb018f05066,2026-07-16T22:14:15+00:00,0,1,4.0,113.0,40.0,5.0369526024136295,10.0,1.0,2.0,1.0,1.0,0.0,0.0,0.0,0.0,0.0,0.0,0.0,1.0,0.0,0.0,0.1481481481481481,0.0906481481481481,32.0,92.0,0.0217391304347826,1.0,0.0,0.05
pallets/click,0a563408d846edfb3458408b734a14e964db43de,2026-07-16T22:32:50+00:00,0,1,11.0,101.0,67.0,5.1298987149230735,26.0,1.0,6.0,4.0,1.0,0.0,0.0,0.0,0.0,0.0,0.0,0.0,1.0,0.0,0.0,0.1428571428571428,0.0689477193833049,48.09090909090909,93.0,0.021505376344086,1.0,0.0,0.05
pallets/click,7a0a3447f6ddd2c15438c5d098e289323f9f9556,2026-07-16T22:50:24+00:00,0,1,13.0,109.0,68.0,5.181783550292085,26.0,1.0,6.0,4.0,3.0,0.0,0.0,0.0,0.0,0.0,0.0,0.0,1.0,0.0,0.0,0.1379310344827586,0.066637891743358,49.53846153846154,94.0,0.0212765957446808,1.0,0.0,0.05
pallets/click,7df2f82305f20f1611a9668b38d26933b648d807,2026-07-16T23:56:46+00:00,0,1,4.0,159.0,1.0,5.081404364984463,5.0,1.0,1.0,1.0,2.0,0.0,0.0,0.0,0.0,0.0,0.0,0.0,0.0,1.0,0.0,0.0845070422535211,0.0454124748490945,59.25,95.0,0.0210526315789473,1.0,0.0,0.05
pallets/click,e0fbc725d11c99f05c3716eaf9855b9fda0254f0,2026-07-17T09:36:08+00:00,0,1,1.0,1.0,1.0,1.0986122886681098,0.0,0.0,0.0,0.0,1.0,0.0,0.0,0.0,0.0,0.0,0.0,1.0,1.0,0.0,0.0,0.0566037735849056,0.0566037735849056,106.0,179.0,0.0949720670391061,1.0,0.0,0.05
pallets/click,5948803728ef4e88089330dae567e5981738b372,2026-07-17T09:59:05+00:00,0,1,1.0,2.0,2.0,1.6094379124341005,0.0,0.0,0.0,0.0,1.0,0.0,0.0,0.0,0.0,0.0,0.0,1.0,1.0,0.0,0.0,0.0560747663551401,0.0560747663551401,107.0,180.0,0.0944444444444444,1.0,0.0,0.05
pallets/click,8855a4d1f7b580ffa43ebc40986bbe05f0fb7dde,2026-07-17T10:00:08+00:00,0,1,4.0,12.0,9.0,3.091042453358316,0.0,0.0,0.0,0.0,4.0,0.0,0.0,0.0,0.0,0.0,0.0,1.0,1.0,0.0,0.0,0.1,0.072008547008547,43.0,181.0,0.0939226519337016,1.0,0.0,0.05
pallets/click,953f1a559d6006396330f20bb39579837670db0d,2026-07-17T10:08:43+00:00,0,1,10.0,31.0,19.0,3.9318256327243257,4.0,1.0,4.0,0.0,6.0,0.0,0.0,0.0,0.0,0.0,1.0,0.0,1.0,0.0,0.0,0.1132075471698113,0.0695995846679562,55.4,182.0,0.0934065934065934,1.0,0.0,0.05
pallets/click,b4edf0a4b736047bef7e729f4117d5090dedb1fa,2026-07-17T10:28:34+00:00,0,1,18.0,96.0,84.0,5.198497031265826,14.0,1.0,4.0,8.0,6.0,0.0,0.0,0.0,0.0,0.0,0.0,0.0,1.0,0.0,0.0,0.1111111111111111,0.0436889322800622,32.22222222222222,183.0,0.0928961748633879,1.0,0.0,0.05
pallets/click,4b1f1a84196360d639f143c794b823273b25af8b,2026-07-17T10:34:49+00:00,0,1,19.0,98.0,86.0,5.220355825078324,15.0,1.0,5.0,8.0,6.0,0.0,0.0,0.0,0.0,0.0,0.0,0.0,1.0,0.0,1.0,0.1666666666666666,0.0402375695143035,33.05263157894737,184.0,0.092391304347826,1.0,0.0,0.05
pallets/click,8674947e84481c3f51cd1c889c7d4dbf26783a52,2026-07-17T11:28:41+00:00,0,1,3.0,52.0,1.0,3.9889840465642745,2.0,0.0,0.0,1.0,2.0,0.0,0.0,0.0,0.0,0.0,0.0,0.0,1.0,0.0,1.0,0.0535714285714285,0.0309290382819794,55.0,0.0,0.0,1.0,0.0,0.05
pallets/click,051725fa7e0c69effc9107066d8791c5b99242c3,2026-07-17T19:21:38+00:00,0,1,5.0,48.0,25.0,4.30406509320417,13.0,1.0,2.0,2.0,1.0,0.0,0.0,0.0,0.0,0.0,0.0,0.0,1.0,0.0,0.0,0.1333333333333333,0.066529304029304,25.2,96.0,0.0208333333333333,1.0,0.0,0.05
pallets/click,333c28d79cd982990ee98eef61ec20ab1a4f38ba,2026-07-17T19:25:01+00:00,0,1,14.0,134.0,70.0,5.3230099791384085,30.0,1.0,6.0,5.0,3.0,0.0,0.0,0.0,0.0,0.0,0.0,0.0,0.0,1.0,0.0,0.1290322580645161,0.0537467337077302,49.07142857142857,97.0,0.0206185567010309,1.0,0.0,0.0
pallets/click,8fdd4ca321e587bd0c62f35641ca9417c14b2123,2026-07-17T20:29:30+00:00,0,1,9.0,174.0,61.0,5.4638318050256105,10.0,2.0,3.0,4.0,1.0,1.0,0.0,0.0,0.0,0.0,0.0,0.0,1.0,0.0,0.0,0.123076923076923,0.0480756759367807,47.0,185.0,0.0918918918918919,0.0,0.0,0.0
pallets/click,fbdd434028fe07ecf35084c945b43b938dfd639f,2026-07-17T20:38:38+00:00,0,2,9.0,292.0,165.0,6.126869184114185,25.0,1.0,1.0,5.0,3.0,0.0,0.0,0.0,0.0,0.0,0.0,0.0,1.0,0.0,0.0,0.1176470588235294,0.0396736664592693,38.44444444444444,186.0,0.0913978494623656,1.0,0.0,0.0
pallets/click,8ee83ddbf5a7a4c2eac5308c9599c5ee67ee005e,2026-07-17T21:33:49+00:00,0,1,9.0,165.0,292.0,6.126869184114185,25.0,1.0,1.0,5.0,3.0,0.0,0.0,0.0,0.0,0.0,0.0,0.0,0.0,0.0,1.0,0.1153846153846153,0.0386335272477107,39.44444444444444,187.0,0.0909090909090909,1.0,0.0,0.0
pallets/click,7afc4df43fbe2fbc00913ff845f75414ba6f0233,2026-07-17T21:38:41+00:00,0,1,9.0,292.0,165.0,6.126869184114185,25.0,1.0,1.0,5.0,3.0,0.0,0.0,0.0,0.0,0.0,0.0,0.0,1.0,0.0,0.0,0.1132075471698113,0.0376608171449963,40.44444444444444,188.0,0.0904255319148936,1.0,0.0,0.0
pallets/click,cbd34e93147dff0fa4a2091b975fe64bdaedc569,2026-07-17T21:38:53+00:00,0,1,3.0,18.0,2.0,3.044522437723423,2.0,1.0,1.0,1.0,1.0,0.0,0.0,0.0,0.0,0.0,0.0,0.0,1.0,0.0,1.0,0.0777777777777777,0.064997964997965,99.33333333333331,0.0,0.0,1.0,0.0,0.0
pallets/click,ea8140a605d0422f657790de6334e334d7637c0c,2026-07-17T21:40:05+00:00,0,1,9.0,292.0,165.0,6.126869184114185,25.0,1.0,1.0,5.0,3.0,0.0,0.0,0.0,0.0,0.0,0.0,0.0,1.0,0.0,0.0,0.1111111111111111,0.0367006647484055,41.55555555555556,189.0,0.0899470899470899,1.0,0.0,0.0
pallets/click,f944a8dd7f8f9c40a34965a9a938490e01891e60,2026-07-18T07:13:13+00:00,0,1,2.0,22.0,0.0,3.1354942159291497,2.0,1.0,1.0,1.0,0.0,0.0,0.0,0.0,0.0,0.0,0.0,0.0,1.0,0.0,0.0,0.1195652173913043,0.092391304347826,92.0,0.0,0.0,1.0,0.0,0.0
pallets/click,f3fac46d4c3233d624acf2493117d00cc111d470,2026-07-18T09:05:15+00:00,0,1,2.0,55.0,3.0,4.07753744390572,3.0,1.0,1.0,1.0,0.0,0.0,0.0,0.0,0.0,0.0,0.0,0.0,1.0,0.0,0.0,0.1612903225806451,0.0806451612903225,18.0,1.0,0.0,1.0,0.0,0.0
pallets/click,05da45fde5c67516664de75dcc0ec32bc879cd08,2026-07-18T09:06:23+00:00,0,1,4.0,5.0,6.0,2.4849066497880004,3.0,1.0,1.0,2.0,1.0,0.0,0.0,0.0,0.0,0.0,0.0,0.0,1.0,0.0,0.0,0.0555555555555555,0.0138888888888888,7.75,2.0,0.0,1.0,0.0,0.0
pallets/click,715403bfb7a216968454f3493d5bdc002fdea2ba,2026-07-19T03:06:19+00:00,0,1,3.0,78.0,1.0,4.382026634673881,4.0,1.0,1.0,1.0,1.0,0.0,0.0,0.0,0.0,0.0,0.0,0.0,1.0,0.0,1.0,0.08,0.0552380952380952,83.66666666666667,0.0,0.0,1.0,0.0,0.0
pallets/click,a9d8cbecf1695d0a4f5bd285152dd81faae4a057,2026-07-19T04:27:11+00:00,0,1,2.0,21.0,0.0,3.091042453358316,2.0,1.0,1.0,1.0,0.0,0.0,0.0,0.0,0.0,0.0,0.0,0.0,1.0,0.0,1.0,0.1182795698924731,0.0913978494623656,93.0,0.0,0.0,1.0,0.0,0.0
pallets/click,348a77740c62dfd21a0bb32c31e6f0c73b9e65b1,2026-07-20T03:46:58+00:00,0,1,2.0,24.0,0.0,3.218875824868201,2.0,1.0,1.0,1.0,0.0,0.0,0.0,0.0,0.0,0.0,0.0,0.0,1.0,0.0,1.0,0.1170212765957446,0.0904255319148936,94.0,0.0,0.0,1.0,0.0,0.0
pallets/click,c2ed41490baa08002714ab79afa4a41f2d67c02c,2026-07-20T12:20:09+00:00,0,1,10.0,291.0,165.0,6.124683390894205,25.0,1.0,1.0,6.0,3.0,0.0,0.0,0.0,0.0,0.0,0.0,0.0,1.0,0.0,0.0,0.109090909090909,0.0321543183026436,38.7,190.0,0.0894736842105263,1.0,0.0,0.0
pallets/click,cfa01eeb7894a408af70b29d28c0b24f8680f9fb,2026-07-20T17:43:29+00:00,0,1,10.0,291.0,165.0,6.124683390894205,25.0,1.0,1.0,6.0,3.0,0.0,0.0,0.0,0.0,0.0,0.0,0.0,0.0,1.0,0.0,0.1071428571428571,0.0314284204501964,39.7,98.0,0.0204081632653061,1.0,0.0,0.0
pallets/click,723dd080d1192b45f71772ad64e9c3001146170a,2026-07-20T19:55:33+00:00,0,1,3.0,32.0,0.0,3.49650756146648,2.0,1.0,1.0,1.0,1.0,0.0,0.0,0.0,0.0,0.0,0.0,0.0,1.0,0.0,0.0,0.1157894736842105,0.0759092854086435,104.33333333333331,0.0,0.0,1.0,0.0,0.0
pallets/click,1379cc59804c22d1c6a960a186f01467ceeabe7f,2026-07-21T01:34:20+00:00,0,1,2.0,102.0,5.0,4.68213122712422,3.0,1.0,1.0,1.0,0.0,0.0,0.0,0.0,0.0,0.0,0.0,0.0,1.0,0.0,1.0,0.1145833333333333,0.0885416666666666,96.0,0.0,0.0,1.0,0.0,0.0
pallets/click,3b16957cba718a6d77ef680114de8e0830c436ba,2026-07-22T18:35:28+00:00,0,1,9.0,174.0,61.0,5.4638318050256105,10.0,2.0,3.0,4.0,1.0,1.0,0.0,0.0,0.0,0.0,0.0,0.0,1.0,0.0,0.0,0.1212121212121212,0.0466072316531159,49.111111111111114,191.0,0.0890052356020942,0.0,0.0,0.0
pallets/click,debeedc73fbaa1f662d21360bbcde4dfeb65db07,2026-07-22T18:50:46+00:00,0,1,1.0,57.0,16.0,4.30406509320417,5.0,0.0,0.0,1.0,0.0,0.0,0.0,0.0,0.0,0.0,0.0,0.0,1.0,0.0,0.0,0.0,0.0,4.0,192.0,0.0885416666666666,1.0,0.0,0.0
pallets/click,10b43c211b825181cb81ef383e8091fd41750150,2026-07-22T18:55:42+00:00,0,1,1.0,57.0,15.0,4.290459441148391,5.0,0.0,0.0,1.0,0.0,0.0,0.0,0.0,0.0,0.0,0.0,0.0,1.0,0.0,0.0,0.0,0.0,5.0,193.0,0.0880829015544041,1.0,0.0,0.0
pallets/click,5e906a8afb67242dffdd91404dbf31f469054b15,2026-07-22T22:25:20+00:00,0,1,6.0,211.0,18.0,5.438079308923196,12.0,1.0,2.0,3.0,1.0,0.0,0.0,0.0,0.0,0.0,0.0,0.0,0.0,1.0,0.0,0.1194029850746268,0.0456321619832327,54.333333333333336,99.0,0.0202020202020202,1.0,0.0,0.0
pallets/click,398f9154317f6c54bf98fe3359672ad5cb851585,2026-07-22T22:29:13+00:00,0,1,1.0,57.0,15.0,4.290459441148391,5.0,0.0,0.0,1.0,0.0,0.0,0.0,0.0,0.0,0.0,0.0,0.0,0.0,1.0,0.0,0.0,0.0,6.0,100.0,0.02,1.0,0.0,0.0
pallets/click,519dc213440979288dfae7291a44cd0c2bf9a635,2026-07-23T05:50:50+00:00,1,1,1.0,37.0,0.0,3.6375861597263857,8.0,0.0,0.0,1.0,0.0,0.0,0.0,0.0,0.0,0.0,0.0,0.0,1.0,0.0,0.0,0.0806451612903225,0.0806451612903225,62.0,0.0,0.0,1.0,0.0,0.0
pallets/click,9d07dadfb47d9cdefc1e265a9bc8736e07fb9e73,2026-07-23T05:52:13+00:00,1,1,1.0,21.0,0.0,3.091042453358316,4.0,0.0,0.0,1.0,0.0,0.0,0.0,0.0,0.0,0.0,0.0,0.0,1.0,0.0,0.0,0.0952380952380952,0.0952380952380952,63.0,1.0,1.0,1.0,0.0,0.05
pallets/click,6ba2f7e04b647a7c294651c74f0be89ea97d3f13,2026-07-23T07:12:43+00:00,0,1,2.0,19.0,0.0,2.995732273553991,2.0,1.0,1.0,1.0,0.0,0.0,0.0,0.0,0.0,0.0,0.0,0.0,1.0,0.0,1.0,0.1134020618556701,0.0876288659793814,97.0,0.0,0.0,1.0,0.0,0.1
pallets/click,c9ec2e6d06b50aa2621e43759834f6f1dbec9b69,2026-07-23T07:36:07+00:00,0,1,1.0,1.0,1.0,1.0986122886681098,1.0,0.0,0.0,1.0,0.0,0.0,0.0,0.0,0.0,0.0,0.0,0.0,1.0,0.0,1.0,0.0612244897959183,0.0612244897959183,98.0,1.0,0.0,1.0,0.0,0.1
pallets/click,0c9e836c7c22f72492e82c448d1981b59a20795e,2026-07-23T11:39:05+00:00,0,1,6.0,22.0,30.0,3.970291913552122,0.0,0.0,0.0,0.0,0.0,0.0,6.0,1.0,0.0,0.0,0.0,0.0,1.0,0.0,1.0,0.1428571428571428,0.0238095238095238,10.5,194.0,0.0876288659793814,1.0,0.0,0.1
pallets/click,42235de05e38e3b9c9346662a3c6b6a36901b8a1,2026-07-23T11:45:20+00:00,0,1,1.0,1.0,1.0,1.0986122886681098,0.0,0.0,0.0,0.0,0.0,1.0,0.0,0.0,0.0,0.0,0.0,0.0,0.0,1.0,1.0,0.0677966101694915,0.0677966101694915,59.0,9.0,0.0,1.0,0.0,0.1
pallets/click,f59495a05b6ce94b2dcaa050843ae31367b34bcb,2026-07-23T17:41:48+00:00,0,1,2.0,24.0,0.0,3.218875824868201,3.0,1.0,1.0,1.0,0.0,0.0,0.0,0.0,0.0,0.0,0.0,0.0,1.0,0.0,1.0,0.1122448979591836,0.0864254792826221,98.5,0.0,0.0,1.0,0.0,0.1
pallets/click,5aa8ac43527f91c4c801a50b485c09576715d340,2026-07-23T18:58:23+00:00,0,1,6.0,22.0,30.0,3.970291913552122,0.0,0.0,0.0,0.0,0.0,0.0,6.0,1.0,0.0,0.0,0.0,0.0,0.0,1.0,0.0,0.125,0.0208333333333333,11.5,101.0,0.0198019801980198,1.0,0.0,0.1
pallets/click,4a735fa183dbc44b6d4c89e26b946a432ed7df58,2026-07-23T19:38:54+00:00,0,1,19.0,98.0,86.0,5.220355825078324,15.0,1.0,5.0,8.0,6.0,0.0,0.0,0.0,0.0,0.0,0.0,0.0,1.0,0.0,1.0,0.15625,0.0380927247355808,35.473684210526315,195.0,0.0871794871794871,1.0,0.0,0.1
pallets/click,342a2493bfdaf2345a1f56347a88962a6b355957,2026-07-24T04:07:20+00:00,0,1,1.0,1.0,0.0,0.6931471805599453,1.0,1.0,1.0,0.0,0.0,0.0,0.0,0.0,0.0,0.0,1.0,0.0,1.0,0.0,0.0,0.1176470588235294,0.1176470588235294,68.0,0.0,0.0,1.0,0.0,0.1
pallets/click,e2002ccabeaee6faa67c6662087bcc444fef42b6,2026-07-24T05:55:51+00:00,0,1,3.0,21.0,1.0,3.1354942159291497,2.0,1.0,1.0,1.0,1.0,0.0,0.0,0.0,0.0,0.0,0.0,0.0,1.0,0.0,0.0,0.0941176470588235,0.069894907637824,124.33333333333331,0.0,0.0,1.0,0.0,0.1
pallets/click,196a131074ac251147ecf0d004640b5c7a6b4432,2026-07-24T13:22:21+00:00,0,1,2.0,18.0,0.0,2.9444389791664403,2.0,1.0,1.0,1.0,0.0,0.0,0.0,0.0,0.0,0.0,0.0,0.0,1.0,0.0,1.0,0.1111111111111111,0.0855555555555555,99.5,0.0,0.0,1.0,0.0,0.1
pallets/click,0f4738df88e3ea47c40a4a442103596a61cfee79,2026-07-24T19:12:00+00:00,0,1,11.0,33.0,21.0,4.007333185232471,5.0,1.0,5.0,0.0,6.0,0.0,0.0,0.0,0.0,0.0,1.0,0.0,1.0,0.0,1.0,0.1515151515151515,0.0642326600058796,59.36363636363637,196.0,0.086734693877551,1.0,0.0,0.1
pallets/click,00e592cea702e0b2caa0dee42489fdb1c22cd845,2026-07-24T20:26:42+00:00,0,1,11.0,33.0,21.0,4.007333185232471,5.0,1.0,5.0,0.0,6.0,0.0,0.0,0.0,0.0,0.0,1.0,0.0,0.0,1.0,1.0,0.1470588235294117,0.0628259525805041,60.36363636363637,102.0,0.0196078431372549,1.0,0.0,0.1
pallets/click,bba518d91618a257083b851416e0370bc03ba393,2026-07-25T09:16:19+00:00,0,1,2.0,22.0,0.0,3.1354942159291497,2.0,1.0,1.0,1.0,0.0,0.0,0.0,0.0,0.0,0.0,0.0,0.0,1.0,0.0,0.0,0.1555555555555555,0.1126614987080103,44.0,0.0,0.0,1.0,0.0,0.1
pallets/click,accdfedab65fa1832543e3362230818e9f40dd5c,2026-07-25T11:15:13+00:00,0,1,1.0,1.0,1.0,1.0986122886681098,1.0,1.0,1.0,0.0,0.0,0.0,0.0,0.0,0.0,0.0,1.0,0.0,1.0,0.0,0.0,0.0670731707317073,0.0670731707317073,164.0,0.0,0.0,1.0,0.0,0.1
pallets/click,f528327b46a40c143230bdff56f2b8d0579a8667,2026-07-25T22:28:17+00:00,0,1,3.0,34.0,0.0,3.5553480614894135,3.0,1.0,1.0,1.0,1.0,0.0,0.0,0.0,0.0,0.0,0.0,0.0,1.0,0.0,1.0,0.11,0.0718532622493018,110.33333333333331,0.0,0.0,1.0,0.0,0.1
pallets/click,aa220210f7f82381adad9d400448fb0e0d7ca303,2026-07-25T22:29:06+00:00,0,1,3.0,34.0,0.0,3.5553480614894135,3.0,1.0,1.0,1.0,1.0,0.0,0.0,0.0,0.0,0.0,0.0,0.0,1.0,0.0,1.0,0.1089108910891089,0.0711786490728103,111.33333333333331,1.0,0.0,1.0,0.0,0.1
pallets/click,6a973107a99c5c6f27e282c750a475c7a5aa09fd,2026-07-27T03:51:58+00:00,0,1,1.0,3.0,0.0,1.3862943611198906,0.0,0.0,0.0,0.0,1.0,0.0,0.0,0.0,0.0,0.0,0.0,1.0,1.0,0.0,0.0,0.0454545454545454,0.0454545454545454,132.0,0.0,0.0,0.0,0.0,0.1
pallets/click,cee3b03708236045d45bdddcbbcb6181971ca487,2026-07-29T12:54:53+00:00,0,1,1.0,5.0,0.0,1.791759469228055,1.0,1.0,1.0,0.0,0.0,0.0,0.0,0.0,0.0,0.0,1.0,0.0,1.0,0.0,1.0,0.1078431372549019,0.1078431372549019,102.0,0.0,0.0,1.0,0.0,0.1
pallets/click,0e646e9fd5d096567a87b15bf657e9562c6c4ae6,2026-07-30T11:19:14+00:00,0,1,2.0,66.0,4.0,4.2626798770413155,6.0,1.0,1.0,1.0,0.0,0.0,0.0,0.0,0.0,0.0,0.0,0.0,1.0,0.0,0.0,0.0759493670886076,0.0549238360866766,69.0,0.0,0.0,1.0,0.0,0.1
pallets/click,e1c646e7fa453c1ff5a8e288836448b7a06c9b64,2026-07-30T12:06:34+00:00,0,1,2.0,17.0,15.0,3.49650756146648,4.0,1.0,1.0,1.0,0.0,0.0,0.0,0.0,0.0,0.0,0.0,0.0,1.0,0.0,0.0,0.075,0.0541666666666666,70.0,1.0,0.0,1.0,0.0,0.05
pallets/click,0508a6d3daf9ce147922312a51a9b336f9aa6e66,2026-07-30T18:47:29+00:00,0,1,2.0,16.0,0.0,2.833213344056216,2.0,1.0,1.0,1.0,0.0,0.0,0.0,0.0,0.0,0.0,0.0,0.0,1.0,0.0,0.0,0.1159420289855072,0.0726768968456948,51.5,0.0,0.0,1.0,0.0,0.0
pallets/click,047adef258fc25566163ffc3efd14effc0ef7352,2026-07-31T11:28:57+00:00,0,1,3.0,63.0,4.0,4.219507705176107,2.0,1.0,1.0,1.0,1.0,0.0,0.0,0.0,0.0,0.0,0.0,0.0,1.0,0.0,0.0,0.0666666666666666,0.0548036758563074,105.66666666666669,197.0,0.0862944162436548,1.0,0.0,0.0
pallets/click,91cb48aa2f52471feff600af3b054325470457cf,2026-07-31T13:25:04+00:00,0,1,2.0,2574.0,2557.0,8.543250725735527,116.0,1.0,1.0,1.0,0.0,0.0,0.0,0.0,0.0,0.0,0.0,0.0,1.0,0.0,1.0,0.1067961165048543,0.0825242718446601,103.0,0.0,0.0,1.0,0.0,0.0
pallets/click,d920ccf041289f6a2bd5e4dc3493a54a6a916c4d,2026-07-31T16:15:15+00:00,0,1,1.0,1.0,1.0,1.0986122886681098,1.0,1.0,1.0,0.0,0.0,0.0,0.0,0.0,0.0,0.0,1.0,0.0,1.0,0.0,0.0,0.1057692307692307,0.1057692307692307,104.0,0.0,0.0,1.0,0.0,0.0
pallets/click,1cd3456af38df8b1ea09bbf558db1c64eb48915c,2026-08-01T02:18:19+00:00,0,1,2.0,43.0,0.0,3.784189633918261,3.0,1.0,1.0,1.0,0.0,0.0,0.0,0.0,0.0,0.0,0.0,0.0,1.0,0.0,1.0,0.1047619047619047,0.0812271062271062,104.5,0.0,0.0,1.0,0.0,0.0
pallets/click,b954d83acdd5bc9266615e60c943cc7da30d6456,2026-08-01T09:46:46+00:00,1,1,2.0,154.0,0.0,5.043425116919247,0.0,0.0,0.0,1.0,1.0,0.0,0.0,0.0,0.0,0.0,0.0,0.0,1.0,0.0,1.0,0.0658436213991769,0.0658436213991769,121.5,0.0,0.0,1.0,0.0,0.0
pallets/click,44206affa7696f721a783249fb89ecbdea19bc1b,2026-08-02T12:30:43+00:00,0,1,1.0,19.0,1.0,3.044522437723423,1.0,1.0,1.0,0.0,0.0,0.0,0.0,0.0,0.0,0.0,1.0,0.0,1.0,0.0,1.0,0.074074074074074,0.074074074074074,81.0,0.0,0.0,1.0,0.0,0.05
pallets/click,874ceb00bfb72dc80538ad44202f26a9b098b33c,2026-08-02T14:43:12+00:00,0,1,5.0,23.0,5.0,3.367295829986474,3.0,1.0,1.0,2.0,2.0,0.0,0.0,0.0,0.0,0.0,0.0,0.0,1.0,0.0,0.0,0.044776119402985,0.0111940298507462,30.0,0.0,0.0,1.0,0.0,0.05
pallets/click,3bb8d00bdb5688b15f78d912fc00f7a695601d06,2026-08-02T15:46:30+00:00,0,1,1.0,1.0,4.0,1.791759469228055,2.0,1.0,1.0,0.0,0.0,0.0,0.0,0.0,0.0,0.0,1.0,0.0,1.0,0.0,0.0,0.0967741935483871,0.0967741935483871,31.0,0.0,0.0,1.0,0.0,0.05
pallets/click,e5b33201b4d2278eb619e9a4f1397e0c67a8179c,2026-08-05T06:06:19+00:00,0,1,3.0,43.0,1.0,3.80666248977032,3.0,1.0,1.0,1.0,1.0,0.0,0.0,0.0,0.0,0.0,0.0,0.0,1.0,0.0,0.0,0.1521739130434782,0.0882667252232469,75.0,0.0,0.0,1.0,0.0,0.05
pallets/click,275383c41e535bd94cefbecf53f9d67bd556a0de,2026-08-05T16:24:32+00:00,0,1,1.0,4.0,0.0,1.6094379124341005,1.0,1.0,1.0,0.0,0.0,0.0,0.0,0.0,0.0,0.0,1.0,0.0,1.0,0.0,1.0,0.1037735849056603,0.1037735849056603,106.0,0.0,0.0,1.0,0.0,0.05
pallets/click,7862b423bcd02367bc35b96abeb55969a34b1c8a,2026-08-07T18:52:07+00:00,0,1,2.0,54.0,0.0,4.007333185232471,5.0,1.0,1.0,1.0,0.0,0.0,0.0,0.0,0.0,0.0,0.0,0.0,1.0,0.0,1.0,0.0662650602409638,0.0662650602409638,83.0,0.0,0.0,1.0,0.0,0.05
pallets/click,63d1aea4857f4f4a3badf0a72205440235de0404,2026-08-08T11:53:13+00:00,0,1,2.0,43.0,0.0,3.784189633918261,5.0,1.0,1.0,1.0,0.0,0.0,0.0,0.0,0.0,0.0,0.0,0.0,1.0,0.0,0.0,0.1,0.1,15.0,0.0,0.0,1.0,0.0,0.05
pallets/click,f55c5d219a08d92d451b86232841e980eb23b992,2026-08-08T12:27:44+00:00,0,1,1.0,2.0,0.0,1.0986122886681098,0.0,0.0,0.0,0.0,1.0,0.0,0.0,0.0,0.0,0.0,0.0,1.0,1.0,0.0,0.0,0.0441176470588235,0.0441176470588235,136.0,0.0,0.0,0.0,0.0,0.05
pallets/click,e9a31ecd2a4e0940d71e9e23f8f778ad357879ca,2026-08-08T12:56:34+00:00,0,1,2.0,4.0,2.0,1.9459101490553132,1.0,1.0,1.0,0.0,1.0,0.0,0.0,0.0,0.0,0.0,1.0,0.0,1.0,0.0,0.0,0.102803738317757,0.0732996793778566,122.0,1.0,0.0,1.0,0.0,0.05
pallets/click,12b71c00fa09a4afce404975a1c9fcd404c5a46e,2026-08-08T13:01:18+00:00,0,1,1.0,1.0,2.0,1.3862943611198906,0.0,0.0,0.0,0.0,1.0,0.0,0.0,0.0,0.0,0.0,0.0,1.0,1.0,0.0,0.0,0.0434782608695652,0.0434782608695652,138.0,2.0,0.0,1.0,0.0,0.05
pallets/click,9c4dfdaebe0e6b2aabc566eb81f6f10eb5cd6ea1,2026-08-09T17:52:00+00:00,0,1,3.0,63.0,4.0,4.219507705176107,2.0,1.0,1.0,1.0,1.0,0.0,0.0,0.0,0.0,0.0,0.0,0.0,0.0,1.0,0.0,0.0658682634730539,0.053011243699651,108.66666666666669,103.0,0.0194174757281553,1.0,0.0,0.05
pallets/click,b3516cb680cc11090e8f9c036b69052f3f34da4e,2026-08-11T06:49:33+00:00,0,1,3.0,93.0,1.0,4.553876891600541,5.0,1.0,1.0,1.0,1.0,0.0,0.0,0.0,0.0,0.0,0.0,0.0,1.0,0.0,0.0,0.1489361702127659,0.0861533265788584,77.33333333333333,0.0,0.0,1.0,0.0,0.05
pallets/click,2dfbfb5d29dc5bb040303d4e26fb928e5dbff89e,2026-08-12T13:32:14+00:00,0,1,2.0,13.0,0.0,2.6390573296152584,2.0,1.0,1.0,1.0,0.0,0.0,0.0,0.0,0.0,0.0,0.0,0.0,1.0,0.0,1.0,0.1018518518518518,0.0794973544973545,106.5,1.0,0.0,1.0,0.0,0.05
pallets/click,de4a0cf4debb0a07b7e65835ccb89abd66f44dae,2026-08-12T13:43:07+00:00,0,1,1.0,1.0,0.0,0.6931471805599453,1.0,1.0,1.0,0.0,0.0,0.0,0.0,0.0,0.0,0.0,1.0,0.0,1.0,0.0,1.0,0.1458333333333333,0.1458333333333333,48.0,0.0,0.0,1.0,0.0,0.05
pallets/click,02e09dca29244292c9cfae3a0b95309a0a85a3d6,2026-08-13T05:25:10+00:00,0,1,3.0,82.0,1.0,4.430816798843313,5.0,1.0,1.0,1.0,1.0,0.0,0.0,0.0,0.0,0.0,0.0,0.0,1.0,0.0,0.0,0.1428571428571428,0.0835425752169508,78.66666666666667,0.0,0.0,1.0,0.0,0.05
pallets/click,a2ac5839f29f61cf7f3f229c67b97d07988e479b,2026-08-13T09:20:28+00:00,0,1,3.0,77.0,1.0,4.3694478524670215,6.0,1.0,1.0,1.0,1.0,0.0,0.0,0.0,0.0,0.0,0.0,0.0,1.0,0.0,0.0,0.1009174311926605,0.0665915753014422,119.0,198.0,0.0858585858585858,1.0,0.0,0.05
pallets/click,77cb0b0e4847c238d9ece019e6243ac391d87f39,2026-08-13T09:44:00+00:00,1,1,3.0,74.0,0.0,4.31748811353631,4.0,1.0,1.0,1.0,1.0,0.0,0.0,0.0,0.0,0.0,0.0,0.0,1.0,0.0,0.0,0.1,0.066010936104394,120.0,199.0,0.0854271356783919,1.0,0.0,0.05
pallets/click,cc0c676dd07e04afb71307a405fd5397e468334b,2026-08-13T09:45:56+00:00,1,1,3.0,74.0,0.0,4.31748811353631,4.0,1.0,1.0,1.0,1.0,0.0,0.0,0.0,0.0,0.0,0.0,0.0,1.0,0.0,0.0,0.1081081081081081,0.0738446780113446,121.0,200.0,0.09,1.0,0.0,0.1
pallets/click,5fc80840ec4de3e363bdca6873fb16b0b0c9f5eb,2026-08-14T01:03:36+00:00,0,1,2.0,26.0,0.0,3.295836866004329,2.0,1.0,1.0,1.0,0.0,0.0,0.0,0.0,0.0,0.0,0.0,0.0,1.0,0.0,1.0,0.09375,0.0632684426229508,46.5,0.0,0.0,1.0,0.0,0.15
pallets/click,8b44edfff7d9a6c895fa804148c16b3a0bc9efb5,2026-08-14T18:51:58+00:00,0,1,3.0,77.0,1.0,4.3694478524670215,6.0,1.0,1.0,1.0,1.0,0.0,0.0,0.0,0.0,0.0,0.0,0.0,0.0,1.0,0.0,0.1160714285714285,0.0815461125924586,122.0,104.0,0.0192307692307692,1.0,0.0,0.15
pallets/click,1c6c0a9b8f8cd9b09fe7f9af124b8a5118e5e8eb,2026-08-15T04:45:49+00:00,1,1,3.0,61.0,0.0,4.127134385045092,3.0,1.0,1.0,1.0,1.0,0.0,0.0,0.0,0.0,0.0,0.0,0.0,1.0,0.0,0.0,0.1150442477876106,0.0808553470209428,123.0,201.0,0.0945273631840796,1.0,0.0,0.1
pallets/click,7471aced828dc2c180ffc19c567a5425aedd8963,2026-08-15T06:20:04+00:00,0,1,5.0,113.0,80.0,5.267858159063328,24.0,1.0,2.0,2.0,1.0,0.0,0.0,0.0,0.0,0.0,0.0,0.0,1.0,0.0,0.0,0.1428571428571428,0.0815939462556003,82.0,202.0,0.099009900990099,1.0,0.0,0.15
pallets/click,576a79d6c04464e765bfc1825af67c5ba13cd90b,2026-08-15T06:42:50+00:00,0,1,3.0,69.0,3.0,4.290459441148391,4.0,1.0,1.0,1.0,1.0,0.0,0.0,0.0,0.0,0.0,0.0,0.0,1.0,0.0,0.0,0.1217391304347826,0.087635694700912,125.0,203.0,0.0985221674876847,1.0,0.0,0.15
pallets/click,3ee9309b9c1804528842392c461526760bff0035,2026-08-15T06:56:09+00:00,0,1,2.0,30.0,3.0,3.5263605246161616,0.0,0.0,0.0,0.0,1.0,0.0,1.0,1.0,0.0,0.0,0.0,0.0,1.0,0.0,0.0,0.1764705882352941,0.1437908496732026,13.0,204.0,0.0980392156862745,1.0,0.0,0.15
pallets/click,bfbfacde9547cdd6139dcf494fd5bcc43f8fc6d4,2026-08-15T07:12:18+00:00,0,1,3.0,43.0,0.0,3.784189633918261,2.0,1.0,1.0,1.0,1.0,0.0,0.0,0.0,0.0,0.0,0.0,0.0,1.0,0.0,0.0,0.1206896551724138,0.0869127858117624,126.0,205.0,0.0975609756097561,1.0,0.0,0.15
pallets/click,f316d5cb3aa89b57c14aee54da6ac9062ac5bec4,2026-08-15T07:14:33+00:00,0,1,3.0,43.0,0.0,3.784189633918261,2.0,1.0,1.0,1.0,1.0,0.0,0.0,0.0,0.0,0.0,0.0,0.0,1.0,0.0,0.0,0.1196581196581196,0.086201829359724,127.0,206.0,0.0970873786407767,1.0,0.0,0.15
pallets/click,150d1071d69c5cdad7de78590013ffe56cf9e3bb,2026-08-15T17:57:00+00:00,0,1,3.0,43.0,0.0,3.784189633918261,2.0,1.0,1.0,1.0,1.0,0.0,0.0,0.0,0.0,0.0,0.0,0.0,0.0,1.0,0.0,0.1186440677966101,0.0855025287894833,128.0,105.0,0.019047619047619,1.0,0.0,0.15
pallets/click,2b6dd5f1d8aa99127df8083d65cd4fb82c8a5caf,2026-08-15T19:21:48+00:00,0,1,5.0,113.0,80.0,5.267858159063328,24.0,1.0,2.0,2.0,1.0,0.0,0.0,0.0,0.0,0.0,0.0,0.0,1.0,0.0,0.0,0.1388888888888889,0.0786665361849519,85.4,207.0,0.0966183574879227,1.0,0.0,0.15
pallets/click,1f9cd54f686eb343cec714230ad825ce972739ab,2026-08-15T19:24:25+00:00,0,1,3.0,69.0,3.0,4.290459441148391,4.0,1.0,1.0,1.0,1.0,0.0,0.0,0.0,0.0,0.0,0.0,0.0,1.0,0.0,0.0,0.1166666666666666,0.0841377576671694,130.0,208.0,0.0961538461538461,1.0,0.0,0.15
pallets/click,5049c804dfcb7920b2281bb307724bbe6b788219,2026-08-16T12:11:47+00:00,0,1,3.0,53.0,1.0,4.007333185232471,3.0,1.0,1.0,1.0,1.0,0.0,0.0,0.0,0.0,0.0,0.0,0.0,1.0,0.0,0.0,0.14,0.087423781891867,83.66666666666667,0.0,0.0,1.0,0.0,0.15
pallets/click,50bace0908c14994010375ec92f042dba67293f9,2026-08-16T20:28:09+00:00,0,1,3.0,37.0,1.0,3.6635616461296463,3.0,1.0,1.0,1.0,1.0,0.0,0.0,0.0,0.0,0.0,0.0,0.0,1.0,0.0,0.0,0.1372549019607843,0.0859398060299388,84.66666666666667,0.0,0.0,1.0,0.0,0.15
pallets/click,20fff386596bc1a3d92e3b5c47c81e3f17083da6,2026-08-16T23:00:02+00:00,0,1,1.0,2.0,0.0,1.0986122886681098,1.0,1.0,1.0,0.0,0.0,0.0,0.0,0.0,0.0,0.0,1.0,0.0,1.0,0.0,1.0,0.1666666666666666,0.1666666666666666,6.0,0.0,0.0,1.0,0.0,0.15
pallets/click,fc5c7f45da0a4443f60ba2d322fe4bf829977739,2026-08-16T23:40:06+00:00,0,1,3.0,69.0,3.0,4.290459441148391,4.0,1.0,1.0,1.0,1.0,0.0,0.0,0.0,0.0,0.0,0.0,0.0,0.0,1.0,1.0,0.1157024793388429,0.0832219911572762,131.66666666666666,106.0,0.0188679245283018,1.0,0.0,0.15
pallets/click,cbd7a4109da16ce58f54c2a618b4c986e3041fcf,2026-08-16T23:43:44+00:00,0,1,2.0,30.0,3.0,3.5263605246161616,0.0,0.0,0.0,0.0,1.0,0.0,1.0,1.0,0.0,0.0,0.0,0.0,0.0,1.0,0.0,0.1666666666666666,0.1333333333333333,14.0,107.0,0.0186915887850467,1.0,0.0,0.15
pallets/click,bc32a92cd2ae77afb2352f79ebdf00997f35d333,2026-08-17T06:31:31+00:00,0,1,5.0,113.0,80.0,5.267858159063328,24.0,1.0,2.0,2.0,1.0,0.0,0.0,0.0,0.0,0.0,0.0,0.0,1.0,0.0,0.0,0.1351351351351351,0.0765688652721924,88.0,209.0,0.0956937799043062,1.0,0.0,0.15
pallets/click,56f6946c6445a04c07d3decb492a6b6e1f7edd06,2026-08-17T09:17:57+00:00,0,1,4.0,49.0,7.0,4.04305126783455,4.0,1.0,2.0,1.0,1.0,0.0,0.0,0.0,0.0,0.0,0.0,0.0,1.0,0.0,0.0,0.1138211382113821,0.0796749575486261,124.25,0.0,0.0,1.0,0.0,0.15
pallets/click,88a462131ff81910d797d2799d2641592fb0545f,2026-08-17T09:57:23+00:00,0,1,1.0,8.0,2.0,2.3978952727983707,1.0,1.0,1.0,0.0,0.0,0.0,0.0,0.0,0.0,0.0,1.0,0.0,1.0,0.0,0.0,0.0721649484536082,0.0721649484536082,97.0,1.0,0.0,1.0,0.0,0.15
pallets/click,f36d58bbd7f188178de2d4fe1d0292c510375ca7,2026-08-18T05:38:48+00:00,0,1,5.0,113.0,80.0,5.267858159063328,24.0,1.0,2.0,2.0,1.0,0.0,0.0,0.0,0.0,0.0,0.0,0.0,0.0,1.0,0.0,0.131578947368421,0.0750932224098069,89.6,108.0,0.0185185185185185,1.0,0.0,0.1
pallets/click,9835b0f7612d1b1ea180a975fd6d24cf16791ba8,2026-08-18T07:20:02+00:00,0,1,1.0,64.0,87.0,5.0238805208462765,6.0,1.0,1.0,0.0,0.0,0.0,0.0,0.0,0.0,0.0,1.0,0.0,1.0,0.0,0.0,0.112,0.112,125.0,210.0,0.0952380952380952,1.0,0.0,0.05
pallets/click,86909b3ad601034fb3a6eb79245a4c6f2a2edfd1,2026-08-18T08:12:40+00:00,1,1,2.0,82.0,5.0,4.477336814478207,6.0,1.0,1.0,1.0,0.0,0.0,0.0,0.0,0.0,0.0,0.0,0.0,1.0,0.0,0.0,0.1111111111111111,0.0924408014571949,124.0,211.0,0.0947867298578199,1.0,0.0,0.05
pallets/click,f262de6874cb0c83551f7cc2ffee261f0b0e0b0b,2026-08-18T08:20:55+00:00,0,1,1.0,2.0,0.0,1.0986122886681098,2.0,0.0,0.0,1.0,0.0,0.0,0.0,0.0,0.0,0.0,0.0,0.0,1.0,0.0,1.0,0.08130081300813,0.08130081300813,123.0,212.0,0.0990566037735849,1.0,1.0,0.1
pallets/click,67e40511602e9bb2b8bb4d1747f3a962ab8970b4,2026-08-18T09:02:23+00:00,0,1,3.0,222.0,9.0,5.44673737166631,11.0,1.0,1.0,1.0,1.0,0.0,0.0,0.0,0.0,0.0,0.0,0.0,1.0,0.0,0.0,0.1181102362204724,0.085001799170265,137.0,213.0,0.0985915492957746,1.0,0.0,0.05
pallets/click,2c457b503de9374f939f0478ea4d217adf7b9fc9,2026-08-18T09:06:58+00:00,0,1,3.0,222.0,9.0,5.44673737166631,11.0,1.0,1.0,1.0,1.0,0.0,0.0,0.0,0.0,0.0,0.0,0.0,1.0,0.0,0.0,0.1171875,0.0843627070393374,138.0,214.0,0.0981308411214953,1.0,0.0,0.05
pallets/click,61b69e967e525bd502f5bf42def4d551e761fe0e,2026-08-18T16:24:16+00:00,0,1,1.0,64.0,87.0,5.0238805208462765,6.0,1.0,1.0,0.0,0.0,0.0,0.0,0.0,0.0,0.0,1.0,0.0,0.0,1.0,0.0,0.1162790697674418,0.1162790697674418,129.0,109.0,0.018348623853211,1.0,0.0,0.05
pallets/click,3f4cbf3f8035ea2c11bc0c4548af944c93efa6fb,2026-08-19T04:26:36+00:00,0,1,3.0,227.0,12.0,5.480638923341991,12.0,1.0,1.0,1.0,1.0,0.0,0.0,0.0,0.0,0.0,0.0,0.0,1.0,0.0,0.0,0.1153846153846153,0.0834350834350834,139.33333333333334,215.0,0.0976744186046511,1.0,0.0,0.05
pallets/click,a6256bfb5971d5e58585fe7b6c656134e1ade5a4,2026-08-19T04:31:11+00:00,0,1,3.0,227.0,12.0,5.480638923341991,12.0,1.0,1.0,1.0,1.0,0.0,0.0,0.0,0.0,0.0,0.0,0.0,1.0,0.0,0.0,0.1145038167938931,0.0828195660668628,140.33333333333334,216.0,0.0972222222222222,1.0,0.0,0.05
pallets/click,34164dc231896d7493fa51a34d37ed3f047ac319,2026-08-19T04:52:42+00:00,0,1,1.0,8.0,0.0,2.1972245773362196,1.0,0.0,0.0,1.0,0.0,0.0,0.0,0.0,0.0,0.0,0.0,0.0,1.0,0.0,0.0,0.0,0.0,6.0,0.0,0.0,1.0,0.0,0.05
pallets/click,e03ce61e1d0fdbaf4019e61d18612847be87a593,2026-08-19T05:47:30+00:00,0,1,2.0,32.0,0.0,3.49650756146648,1.0,1.0,1.0,0.0,1.0,0.0,0.0,0.0,0.0,0.0,1.0,0.0,1.0,0.0,0.0,0.0714285714285714,0.0357142857142857,49.5,217.0,0.0967741935483871,1.0,0.0,0.05
pallets/click,d574c375c16dc0cfb8ba9f2218a9a11a07801208,2026-08-19T06:10:28+00:00,0,1,5.0,47.0,11.0,4.07753744390572,5.0,1.0,2.0,2.0,1.0,0.0,0.0,0.0,0.0,0.0,0.0,0.0,1.0,0.0,0.0,0.1136363636363636,0.0793366207809805,104.6,218.0,0.0963302752293578,1.0,0.0,0.05
pallets/click,d0ef8d5c9c92c26aceeb772d67e5fc33e3b218b1,2026-08-19T06:11:42+00:00,0,1,5.0,47.0,11.0,4.07753744390572,5.0,1.0,2.0,2.0,1.0,0.0,0.0,0.0,0.0,0.0,0.0,0.0,1.0,0.0,0.0,0.112781954887218,0.0629693578555267,105.6,219.0,0.0958904109589041,1.0,0.0,0.05
pallets/click,a92dddb95d1fe01b8e2ace6e215aef690d369188,2026-08-19T09:18:26+00:00,0,1,3.0,76.0,1.0,4.356708826689592,5.0,1.0,1.0,1.0,1.0,0.0,0.0,0.0,0.0,0.0,0.0,0.0,1.0,0.0,0.0,0.1346153846153846,0.0833522472937274,89.0,0.0,0.0,1.0,0.0,0.05
pallets/click,2103e157683c5e4cadc8ee1838df526a54bde9a4,2026-08-19T15:20:30+00:00,0,1,3.0,227.0,12.0,5.480638923341991,12.0,1.0,1.0,1.0,1.0,0.0,0.0,0.0,0.0,0.0,0.0,0.0,0.0,1.0,0.0,0.1119402985074626,0.0809185303331339,143.66666666666666,110.0,0.0181818181818181,1.0,0.0,0.05
pallets/click,a1d87858abd77fa8e3ffc204670ccd75b96c4781,2026-08-19T15:39:24+00:00,0,1,5.0,47.0,11.0,4.07753744390572,5.0,1.0,2.0,2.0,1.0,0.0,0.0,0.0,0.0,0.0,0.0,0.0,1.0,0.0,0.0,0.1111111111111111,0.0620650696476408,107.4,220.0,0.0954545454545454,1.0,0.0,0.05
pallets/click,e1fd5946ab26aaf372009eaff1acf947140b40fb,2026-08-20T02:50:22+00:00,0,1,5.0,47.0,11.0,4.07753744390572,5.0,1.0,2.0,2.0,1.0,0.0,0.0,0.0,0.0,0.0,0.0,0.0,0.0,1.0,0.0,0.1102941176470588,0.0615867164509698,108.4,111.0,0.018018018018018,1.0,0.0,0.05
pallets/click,bbc6ec2653235fa900ada1a32e6c93ef22dcf5fa,2026-08-20T16:27:03+00:00,0,1,2.0,65.0,1.0,4.204692619390966,4.0,1.0,1.0,1.0,0.0,0.0,0.0,0.0,0.0,0.0,0.0,0.0,1.0,0.0,0.0,0.1320754716981132,0.0960377358490566,51.5,0.0,0.0,0.0,0.0,0.05
pallets/click,5aff05aa82c0356b701a2e71827817f4e5f81a86,2026-08-21T10:22:06+00:00,1,1,3.0,28.0,2.0,3.4339872044851463,2.0,1.0,1.0,1.0,1.0,0.0,0.0,0.0,0.0,0.0,0.0,0.0,1.0,0.0,1.0,0.0983606557377049,0.050433944069431,80.0,0.0,0.0,0.0,0.0,0.05
pallets/click,75f80e5843fbe217ee709a5e8b411930b9f63062,2026-08-21T10:25:02+00:00,0,1,1.0,9.0,1.0,2.3978952727983707,1.0,1.0,1.0,0.0,0.0,0.0,0.0,0.0,0.0,0.0,1.0,0.0,1.0,0.0,1.0,0.1129032258064516,0.1129032258064516,62.0,1.0,1.0,1.0,1.0,0.1
pallets/click,db06e3a62bb50c2c3e3b73b740e2f9de244e45a9,2026-08-21T10:41:59+00:00,0,1,2.0,2.0,2.0,1.6094379124341005,1.0,1.0,1.0,0.0,1.0,0.0,0.0,0.0,0.0,0.0,1.0,0.0,1.0,0.0,1.0,0.0,0.0,8.0,0.0,0.0,0.0,0.0,0.1
pallets/click,8b19813f2bfca99f1018a587a8cf54fc959f2e5d,2026-08-22T04:32:42+00:00,0,1,3.0,3.0,3.0,1.9459101490553132,0.0,1.0,1.0,0.0,1.0,1.0,0.0,0.0,0.0,0.0,1.0,0.0,1.0,0.0,0.0,0.0666666666666666,0.0491228070175438,92.0,17.0,0.0,0.0,0.0,0.1
pallets/click,eef038b768f6fcc8bcbd66b215a5e300f60c9ab8,2026-08-23T22:10:44+00:00,0,1,2.0,34.0,3.0,3.6375861597263857,2.0,1.0,1.0,1.0,0.0,0.0,0.0,0.0,0.0,0.0,0.0,0.0,1.0,0.0,1.0,0.0654761904761904,0.0488671274961597,115.0,0.0,0.0,1.0,0.0,0.1
pallets/click,2cc8ddfe8fbfd9c8670d95f9fd2bc1aab41c3650,2026-08-24T01:42:47+00:00,0,1,3.0,56.0,0.0,4.04305126783455,3.0,1.0,1.0,1.0,1.0,0.0,0.0,0.0,0.0,0.0,0.0,0.0,1.0,0.0,0.0,0.0650887573964497,0.0569491132997394,120.66666666666669,0.0,0.0,0.0,0.0,0.05
pallets/click,5c001a7046b83882ffbde46a04deb42f9c5fd420,2026-08-24T09:31:10+00:00,0,1,1.0,1.0,1.0,1.0986122886681098,0.0,0.0,0.0,0.0,1.0,0.0,0.0,0.0,0.0,0.0,0.0,1.0,1.0,0.0,0.0,0.0578034682080924,0.0578034682080924,173.0,0.0,0.0,0.0,0.0,0.05
pallets/click,68e7ea7228ca144c52e4d1d282cc09da59f7771f,2026-08-25T01:48:51+00:00,0,2,3.0,3.0,3.0,1.9459101490553132,0.0,1.0,1.0,0.0,1.0,1.0,0.0,0.0,0.0,0.0,1.0,0.0,1.0,1.0,0.0,0.0655737704918032,0.0482613884314673,93.66666666666669,112.0,0.0178571428571428,0.0,0.0,0.05
pallets/click,e4f73008b6edb73a5d53fc688ee92cbd2f3d5a05,2026-08-25T12:52:06+00:00,0,1,3.0,77.0,1.0,4.3694478524670215,4.0,1.0,1.0,1.0,1.0,0.0,0.0,0.0,0.0,0.0,0.0,0.0,1.0,0.0,1.0,0.1296296296296296,0.0819748078030701,93.0,0.0,0.0,0.0,0.0,0.05
pallets/click,e99efa5eb5280f9373bccc57a23ddfe40fc70133,2026-08-27T00:28:46+00:00,0,1,3.0,72.0,10.0,4.418840607796598,3.0,1.0,1.0,1.0,1.0,0.0,0.0,0.0,0.0,0.0,0.0,0.0,1.0,0.0,1.0,0.073170731707317,0.0540198735320686,106.66666666666669,0.0,0.0,0.0,0.0,0.05
pallets/click,b608f6df7af3145f8bb1d05516651f8b8456ba01,2026-08-27T00:57:32+00:00,0,1,3.0,37.0,1.0,3.6635616461296463,3.0,1.0,1.0,1.0,1.0,0.0,0.0,0.0,0.0,0.0,0.0,0.0,1.0,0.0,1.0,0.1272727272727272,0.0805944055944056,94.33333333333331,1.0,0.0,0.0,0.0,0.05
pallets/click,cd7a2b902b22dc7b6b8c574a8bb0c9215ff71167,2026-08-27T01:39:10+00:00,0,1,3.0,55.0,1.0,4.04305126783455,3.0,1.0,1.0,1.0,1.0,0.0,0.0,0.0,0.0,0.0,0.0,0.0,1.0,0.0,0.0,0.125,0.0793669829087162,95.33333333333331,0.0,0.0,0.0,0.0,0.05
pallets/click,38c8961bfdcb07ad47bbd49d9eb564819b9bea78,2026-08-27T02:00:48+00:00,0,1,3.0,83.0,1.0,4.442651256490317,5.0,1.0,1.0,1.0,1.0,0.0,0.0,0.0,0.0,0.0,0.0,0.0,1.0,0.0,0.0,0.1228070175438596,0.078180782793438,96.33333333333331,0.0,0.0,0.0,0.0,0.05
pallets/click,c50301aba8ebc0e0ed2b73af837f3ba9393a3b60,2026-08-27T02:07:39+00:00,0,1,3.0,66.0,1.0,4.219507705176107,4.0,1.0,1.0,1.0,1.0,0.0,0.0,0.0,0.0,0.0,0.0,0.0,1.0,0.0,0.0,0.0647058823529411,0.0506072680468835,137.66666666666666,1.0,0.0,0.0,0.0,0.05
pallets/click,420c8fb44eeadb537cae69d2fee3796e808558dd,2026-08-27T04:07:07+00:00,0,1,39.0,1371.0,429.0,7.496097345175956,94.0,2.0,9.0,13.0,10.0,1.0,6.0,1.0,0.0,0.0,0.0,0.0,0.0,1.0,0.0,0.1578947368421052,0.041932775826501,42.79487179487179,113.0,0.0176991150442477,1.0,0.0,0.05
pallets/click,dda8db496c69db15d5146d68360f140c2515d6d0,2026-08-27T04:17:40+00:00,0,1,3.0,6.0,2.0,2.1972245773362196,0.0,1.0,1.0,0.0,1.0,1.0,0.0,0.0,0.0,0.0,1.0,0.0,1.0,0.0,0.0,0.0634920634920634,0.0464234839234839,97.66666666666669,114.0,0.0175438596491228,1.0,0.0,0.05
pallets/click,36baa15ff831b939a22bc527cd76ce653ef6f66d,2026-08-27T04:19:37+00:00,0,1,3.0,6.0,2.0,2.1972245773362196,0.0,1.0,1.0,0.0,1.0,1.0,0.0,0.0,0.0,0.0,1.0,0.0,0.0,1.0,0.0,0.0625,0.0458509906694918,98.66666666666669,115.0,0.017391304347826,1.0,0.0,0.05
pallets/click,a06df1f4fce4b18b2823e7a035ff9695203c7e32,2026-08-27T14:31:58+00:00,0,1,2.0,32.0,0.0,3.49650756146648,1.0,1.0,1.0,0.0,1.0,0.0,0.0,0.0,0.0,0.0,1.0,0.0,1.0,0.0,0.0,0.0673076923076923,0.0336538461538461,53.5,221.0,0.0950226244343891,1.0,0.0,0.05
pallets/click,9e882dbc9fda12387d7c55319209e8262fe5d3f0,2026-08-28T17:48:10+00:00,0,1,3.0,59.0,1.0,4.110873864173311,5.0,1.0,1.0,1.0,1.0,0.0,0.0,0.0,0.0,0.0,0.0,0.0,1.0,0.0,1.0,0.125,0.0597826086956521,78.66666666666667,116.0,0.0172413793103448,1.0,0.0,0.05
pallets/click,694e2a6acfa5d8d4cdf0614e4ef89be72bfbc343,2026-08-28T19:01:13+00:00,0,1,2.0,29.0,1.0,3.4339872044851463,3.0,1.0,1.0,1.0,0.0,0.0,0.0,0.0,0.0,0.0,0.0,0.0,1.0,0.0,1.0,0.1206896551724138,0.0876175548589341,56.5,0.0,0.0,1.0,0.0,0.05
pallets/click,b78745c6c4ea2cff7a24ba9c265652fca260672e,2026-08-28T19:05:43+00:00,0,1,1.0,3.0,3.0,1.9459101490553132,1.0,0.0,0.0,1.0,0.0,0.0,0.0,0.0,0.0,0.0,0.0,0.0,1.0,0.0,0.0,0.0535714285714285,0.0535714285714285,56.0,1.0,0.0,1.0,0.0,0.05
pallets/click,83d425ade9c44e89755017640c2e0189b33ba1d8,2026-08-28T21:43:51+00:00,0,1,3.0,60.0,0.0,4.110873864173311,5.0,1.0,1.0,1.0,1.0,0.0,0.0,0.0,0.0,0.0,0.0,0.0,1.0,0.0,1.0,0.054054054054054,0.018018018018018,63.666666666666664,222.0,0.0945945945945946,1.0,0.0,0.0
pallets/click,ce57b87ac490ac8744491658d092bd86f571bf58,2026-08-28T21:50:10+00:00,0,1,2.0,32.0,0.0,3.49650756146648,1.0,1.0,1.0,0.0,1.0,0.0,0.0,0.0,0.0,0.0,1.0,0.0,1.0,0.0,0.0,0.0666666666666666,0.0333333333333333,54.5,223.0,0.0941704035874439,1.0,0.0,0.0
pallets/click,0a18c0c729c6ee7f8a696dbbe52ca6305d54c9ca,2026-08-29T03:46:03+00:00,0,1,3.0,36.0,1.0,3.6375861597263857,3.0,1.0,1.0,1.0,1.0,0.0,0.0,0.0,0.0,0.0,0.0,0.0,1.0,0.0,1.0,0.1219512195121951,0.0834471753480173,120.33333333333331,0.0,0.0,1.0,0.0,0.0
pallets/click,3cbcf9b11546f4cf10b36d3e2e531733ba6fe001,2026-08-29T04:45:59+00:00,0,1,2.0,32.0,0.0,3.49650756146648,1.0,1.0,1.0,0.0,1.0,0.0,0.0,0.0,0.0,0.0,1.0,0.0,0.0,1.0,0.0,0.0660377358490566,0.0330188679245283,55.5,117.0,0.017094017094017,1.0,0.0,0.0
pallets/click,01122aa7d3a8d41ae72dc241686ee39672e2a2f5,2026-08-29T05:30:46+00:00,0,1,1.0,2.0,1.0,1.3862943611198906,1.0,1.0,1.0,0.0,0.0,0.0,0.0,0.0,0.0,0.0,1.0,0.0,1.0,0.0,0.0,0.0654205607476635,0.0654205607476635,107.0,0.0,0.0,0.0,0.0,0.0
pallets/click,f58ca3e81424a35626c8a475eb59ab95589008ce,2026-08-29T06:54:06+00:00,0,1,3.0,60.0,0.0,4.110873864173311,5.0,1.0,1.0,1.0,1.0,0.0,0.0,0.0,0.0,0.0,0.0,0.0,1.0,0.0,1.0,0.053475935828877,0.017825311942959,65.0,224.0,0.09375,1.0,0.0,0.0
pallets/click,8dfff87cb5c91deffb3eeb41f6aa75877c6a693e,2026-08-29T10:30:33+00:00,0,1,3.0,146.0,7.0,5.0369526024136295,10.0,0.0,0.0,3.0,0.0,0.0,0.0,0.0,0.0,0.0,0.0,0.0,1.0,0.0,0.0,0.0930232558139534,0.0402670111972437,49.0,225.0,0.0933333333333333,1.0,0.0,0.0
pallets/click,b7ab896e48438ca2f79a8c3f2cbb356b4de34a5a,2026-08-29T12:04:54+00:00,0,1,2.0,12.0,0.0,2.5649493574615367,3.0,1.0,1.0,1.0,0.0,0.0,0.0,0.0,0.0,0.0,0.0,0.0,1.0,0.0,0.0,0.1428571428571428,0.1034053156146179,93.0,0.0,0.0,1.0,0.0,0.0
pallets/click,4295457ddc7b5ca9a733d59ca40d9651b02b9b1d,2026-08-29T15:12:39+00:00,0,1,3.0,60.0,0.0,4.110873864173311,5.0,1.0,1.0,1.0,1.0,0.0,0.0,0.0,0.0,0.0,0.0,0.0,0.0,1.0,1.0,0.0531914893617021,0.0177304964539007,66.0,118.0,0.0169491525423728,1.0,0.0,0.0
pallets/click,30e02aa1308b917d1ec5e0c4495894c5ddbfe2e6,2026-08-29T15:59:56+00:00,0,1,3.0,55.0,1.0,4.04305126783455,3.0,1.0,1.0,1.0,1.0,0.0,0.0,0.0,0.0,0.0,0.0,0.0,1.0,0.0,0.0,0.1186440677966101,0.0747285665513438,101.66666666666669,0.0,0.0,1.0,0.0,0.0
pallets/click,f1eb357b65906393cccb8a88da8a899295a15519,2026-08-29T20:21:40+00:00,0,1,3.0,45.0,0.0,3.828641396489095,3.0,1.0,1.0,1.0,1.0,0.0,0.0,0.0,0.0,0.0,0.0,0.0,1.0,0.0,0.0,0.1166666666666666,0.0736741278483565,102.66666666666669,0.0,0.0,1.0,0.0,0.0
pallets/click,829c9614fdd92e42ff132b82035b1fa6bdd0be2a,2026-08-30T16:03:26+00:00,0,1,3.0,44.0,2.0,3.8501476017100584,4.0,1.0,1.0,1.0,1.0,0.0,0.0,0.0,0.0,0.0,0.0,0.0,1.0,0.0,0.0,0.0635838150289017,0.0386466119904367,124.0,0.0,0.0,1.0,0.0,0.0
pallets/click,17c58f104aa08462400d7667e1fb58e02d2de5c7,2026-08-30T16:18:09+00:00,0,1,3.0,42.0,1.0,3.784189633918261,3.0,1.0,1.0,1.0,1.0,0.0,0.0,0.0,0.0,0.0,0.0,0.0,1.0,0.0,0.0,0.1147540983606557,0.0725616297737025,104.0,0.0,0.0,1.0,0.0,0.0
pallets/click,0f45ceb908a81ca53b82148bbd982273c974e5d5,2026-08-30T16:52:18+00:00,0,1,3.0,42.0,8.0,3.9318256327243257,3.0,1.0,1.0,1.0,1.0,0.0,0.0,0.0,0.0,0.0,0.0,0.0,1.0,0.0,1.0,0.0714285714285714,0.0511816910780641,114.33333333333331,0.0,0.0,0.0,0.0,0.0
pallets/click,d1c1fd6b8b70100e060ff98bf2ff54a0717d5c38,2026-08-30T17:29:55+00:00,0,1,3.0,35.0,2.0,3.6375861597263857,3.0,1.0,1.0,1.0,1.0,0.0,0.0,0.0,0.0,0.0,0.0,0.0,1.0,0.0,0.0,0.1333333333333333,0.0826993719635027,127.66666666666669,0.0,0.0,1.0,0.0,0.0
pallets/click,f97a0a9d91331cf2ed1ffcc936fd9580444a0cf1,2026-08-30T17:43:36+00:00,0,1,1.0,1.0,3.0,1.6094379124341005,0.0,0.0,0.0,1.0,0.0,0.0,0.0,0.0,0.0,0.0,0.0,0.0,1.0,0.0,0.0,0.125,0.125,16.0,1.0,0.0,1.0,0.0,0.0
pallets/click,94f17e276fbdd7348b88b05170923ecacb7b32bf,2026-08-31T08:56:43+00:00,0,1,1.0,0.0,5.0,1.791759469228055,0.0,1.0,1.0,0.0,0.0,0.0,0.0,0.0,0.0,0.0,1.0,0.0,1.0,0.0,0.0,0.0,0.0,2.0,226.0,0.0929203539823008,1.0,0.0,0.0
pallets/click,f423c16a21b025a887d61bf6ac31c1b3bc199241,2026-08-31T09:20:27+00:00,0,1,3.0,146.0,7.0,5.0369526024136295,10.0,0.0,0.0,3.0,0.0,0.0,0.0,0.0,0.0,0.0,0.0,0.0,1.0,0.0,0.0,0.0919540229885057,0.0396603500051775,50.0,227.0,0.092511013215859,0.0,0.0,0.0
pallets/click,9b9596f626c19320b8063b01090e032869d41af1,2026-08-31T10:51:52+00:00,0,1,6.0,255.0,9.0,5.579729825986222,13.0,0.0,0.0,3.0,3.0,0.0,0.0,0.0,0.0,0.0,0.0,0.0,1.0,0.0,0.0,0.0909090909090909,0.0399892505155663,64.33333333333333,228.0,0.0921052631578947,0.0,0.0,0.0
pallets/click,1864be1d6510ab0ca1c1d377d02ac1f33fb70d07,2026-08-31T11:15:12+00:00,0,1,6.0,255.0,9.0,5.579729825986222,13.0,0.0,0.0,3.0,3.0,0.0,0.0,0.0,0.0,0.0,0.0,0.0,1.0,0.0,0.0,0.0898876404494382,0.0392524319158514,65.33333333333333,229.0,0.0917030567685589,0.0,0.0,0.0
pallets/click,cbb5b2df1ee3492115f8c2ee5cbb09e2271fc714,2026-08-31T13:25:03+00:00,0,1,1.0,0.0,5.0,1.791759469228055,0.0,1.0,1.0,0.0,0.0,0.0,0.0,0.0,0.0,0.0,1.0,0.0,0.0,1.0,0.0,0.0,0.0,3.0,119.0,0.0168067226890756,0.0,0.0,0.0
pallets/click,de7ad0c7f7263352ba0b1c0a4e0084c991eabb7f,2026-08-31T15:12:56+00:00,0,1,3.0,360.0,24.0,5.953243334287785,20.0,1.0,1.0,1.0,1.0,0.0,0.0,0.0,0.0,0.0,0.0,0.0,1.0,0.0,1.0,0.0628571428571428,0.0568092820884699,124.0,230.0,0.0913043478260869,0.0,0.0,0.0
pallets/click,038450ff754217023a3f3cc4b03ac5fee8515e15,2026-08-31T20:30:58+00:00,0,1,4.0,272.0,37.0,5.736572297479192,16.0,1.0,1.0,1.0,2.0,0.0,0.0,0.0,0.0,0.0,0.0,0.0,1.0,0.0,1.0,0.0625,0.0282512626262626,94.0,231.0,0.0909090909090909,0.0,0.0,0.0
pallets/click,fc518e41218b447e875fe27244ae692c269bcb77,2026-08-31T20:34:47+00:00,0,1,4.0,273.0,37.0,5.739792912179234,16.0,1.0,1.0,1.0,2.0,0.0,0.0,0.0,0.0,0.0,0.0,0.0,1.0,0.0,1.0,0.0621468926553672,0.0280995372341935,95.0,232.0,0.0905172413793103,0.0,0.0,0.0
pallets/click,fe8128a00cafb1774f390156dc5fb85a24bb09b7,2026-08-31T23:01:37+00:00,0,1,3.0,42.0,4.0,3.8501476017100584,3.0,1.0,1.0,1.0,1.0,0.0,0.0,0.0,0.0,0.0,0.0,0.0,1.0,0.0,0.0,0.0888888888888888,0.0668955472326258,156.0,233.0,0.0901287553648068,1.0,0.0,0.0
pallets/click,9d5b878f808708063b4396788b3bf1dad3f15192,2026-08-31T23:03:16+00:00,0,1,3.0,42.0,4.0,3.8501476017100584,3.0,1.0,1.0,1.0,1.0,0.0,0.0,0.0,0.0,0.0,0.0,0.0,1.0,0.0,0.0,0.0879120879120879,0.0663719485532209,157.0,234.0,0.0897435897435897,1.0,0.0,0.0
pallets/click,00f257bb8e714064bea16425007543bbc0800445,2026-08-31T23:42:30+00:00,0,1,4.0,273.0,37.0,5.739792912179234,16.0,1.0,1.0,1.0,2.0,0.0,0.0,0.0,0.0,0.0,0.0,0.0,0.0,1.0,1.0,0.0611111111111111,0.0276540154015401,97.0,120.0,0.0166666666666666,0.0,0.0,0.0
pallets/click,869d0a7a251af87a1dbbc6e55bf5f446bf96ee41,2026-09-01T00:22:57+00:00,0,1,3.0,54.0,11.0,4.189654742026425,3.0,1.0,1.0,1.0,1.0,0.0,0.0,0.0,0.0,0.0,0.0,0.0,1.0,0.0,0.0,0.1126760563380281,0.0809685700409352,91.33333333333331,0.0,0.0,1.0,0.0,0.0
pallets/click,394088a09a210c152a4295e4a493ffdebd4c5047,2026-09-01T06:49:03+00:00,0,1,6.0,255.0,9.0,5.579729825986222,13.0,0.0,0.0,3.0,3.0,0.0,0.0,0.0,0.0,0.0,0.0,0.0,1.0,0.0,0.0,0.0869565217391304,0.037940466041489,67.83333333333333,235.0,0.0893617021276595,1.0,0.0,0.0
pallets/click,8a1ab4a759a7e3280886cf303cacc890a421f55b,2026-09-01T06:56:10+00:00,0,1,3.0,42.0,4.0,3.8501476017100584,3.0,1.0,1.0,1.0,1.0,0.0,0.0,0.0,0.0,0.0,0.0,0.0,1.0,0.0,0.0,0.086021505376344,0.0651918246147351,159.66666666666666,236.0,0.0889830508474576,1.0,0.0,0.0
pallets/click,0891cde54092f0ac3968bcd8956567fdcb98f0e0,2026-09-01T10:19:02+00:00,1,1,2.0,101.0,1.0,4.634728988229636,5.0,1.0,1.0,1.0,0.0,0.0,0.0,0.0,0.0,0.0,0.0,0.0,1.0,0.0,1.0,0.119047619047619,0.0595238095238095,26.0,0.0,0.0,1.0,0.0,0.0
pallets/click,592026304e34f50b7a7bf01a2bc94044f46a98f1,2026-09-01T11:34:35+00:00,0,1,1.0,2.0,1.0,1.3862943611198906,1.0,0.0,0.0,1.0,0.0,0.0,0.0,0.0,0.0,0.0,0.0,0.0,1.0,0.0,0.0,0.0909090909090909,0.0909090909090909,11.0,1.0,1.0,1.0,1.0,0.05
pallets/click,254d9e44196760929a9dada2c7c645657045dfaa,2026-09-01T14:22:26+00:00,1,1,4.0,668.0,6.0,6.51471269087253,28.0,0.0,0.0,2.0,2.0,0.0,0.0,0.0,0.0,0.0,0.0,0.0,1.0,0.0,0.0,0.0851063829787234,0.0761944167915341,47.25,237.0,0.0886075949367088,1.0,0.0,0.05
pallets/click,49a5f5a704b8876a4f5b44186fa78dec645fb591,2026-09-01T14:43:12+00:00,0,1,4.0,718.0,4.0,6.583409222158765,30.0,0.0,0.0,2.0,2.0,0.0,0.0,0.0,0.0,0.0,0.0,0.0,1.0,0.0,0.0,0.1071428571428571,0.1002232142857142,48.25,238.0,0.0924369747899159,1.0,0.0,0.1
pallets/click,e5cb12ba5e81ca382062a4b513daddb535a576e3,2026-09-01T18:22:01+00:00,0,1,6.0,255.0,9.0,5.579729825986222,13.0,0.0,0.0,3.0,3.0,0.0,0.0,0.0,0.0,0.0,0.0,0.0,0.0,1.0,0.0,0.09375,0.042932170688653,69.83333333333333,121.0,0.0165289256198347,1.0,0.0,0.1
pallets/click,98ef54023353250f6ed0f4d6339f3616a10b3900,2026-09-01T18:55:17+00:00,1,1,2.0,74.0,12.0,4.465908118654584,3.0,1.0,1.0,1.0,0.0,0.0,0.0,0.0,0.0,0.0,0.0,0.0,1.0,0.0,0.0,0.1111111111111111,0.0555555555555555,38.5,0.0,0.0,1.0,0.0,0.1
pallets/click,f07e69547f889286ce27de41b57c5f6107c21a43,2026-09-01T18:57:54+00:00,0,1,2.0,75.0,12.0,4.477336814478207,3.0,1.0,1.0,1.0,0.0,0.0,0.0,0.0,0.0,0.0,0.0,0.0,1.0,0.0,0.0,0.1666666666666666,0.1449771689497717,39.5,1.0,1.0,1.0,0.0,0.15
pallets/click,ad8601c1702ecfe68e895e7e835161f174fb6791,2026-09-01T22:16:01+00:00,0,1,6.0,789.0,19.0,6.695798917058491,35.0,1.0,1.0,2.0,3.0,0.0,0.0,0.0,0.0,0.0,0.0,0.0,1.0,0.0,0.0,0.1034482758620689,0.0826299861469965,98.0,239.0,0.0920502092050209,1.0,0.0,0.15
pallets/click,3e5301bc2009909bd68fc083cd3894e9e4f6bee8,2026-09-01T22:22:20+00:00,0,1,6.0,789.0,19.0,6.695798917058491,35.0,1.0,1.0,2.0,3.0,0.0,0.0,0.0,0.0,0.0,0.0,0.0,1.0,0.0,0.0,0.1,0.0809562055170954,99.0,240.0,0.0916666666666666,0.0,0.0,0.15
pallets/click,a51dc7d0ef0351ae72531325a64dfa3fa05007f7,2026-09-02T03:08:46+00:00,0,1,8.0,362.0,10.0,5.921578419643816,16.0,0.0,0.0,3.0,5.0,0.0,0.0,0.0,0.0,0.0,0.0,0.0,1.0,1.0,0.0,0.0909090909090909,0.0351284054291573,54.625,122.0,0.0163934426229508,1.0,0.0,0.15
pallets/click,271effb3d96da5575eb527216ce3552bd7628fab,2026-09-02T06:41:08+00:00,0,1,3.0,42.0,4.0,3.8501476017100584,3.0,1.0,1.0,1.0,1.0,0.0,0.0,0.0,0.0,0.0,0.0,0.0,1.0,0.0,0.0,0.09,0.0658005521048999,164.66666666666666,241.0,0.0912863070539419,0.0,0.0,0.15
pallets/click,05c44398a0ff4d2ce598757abc766cf19e3d24b6,2026-09-02T09:36:17+00:00,0,1,6.0,821.0,19.0,6.734591659972948,37.0,1.0,1.0,2.0,3.0,0.0,0.0,0.0,0.0,0.0,0.0,0.0,1.0,0.0,0.0,0.0975609756097561,0.0785629975864471,101.0,242.0,0.0909090909090909,0.0,0.0,0.15
pallets/click,5458973777e7c7e1218161842082f4a2fe0f7187,2026-09-02T10:47:33+00:00,0,1,3.0,74.0,3.0,4.356708826689592,6.0,1.0,1.0,1.0,1.0,0.0,0.0,0.0,0.0,0.0,0.0,0.0,1.0,0.0,1.0,0.0591397849462365,0.0521031987556637,152.66666666666666,0.0,0.0,1.0,0.0,0.15
pallets/click,3d4142fface31653ec217790edd8a4e31162396d,2026-09-02T11:03:45+00:00,0,1,6.0,843.0,29.0,6.771935555839602,40.0,1.0,1.0,2.0,3.0,0.0,0.0,0.0,0.0,0.0,0.0,0.0,1.0,0.0,0.0,0.0952380952380952,0.0769904406660118,102.33333333333331,243.0,0.0905349794238683,0.0,0.0,0.15
pallets/click,b4606f9295ec638b227de1a112329cd24a0e6d32,2026-09-02T12:43:57+00:00,0,1,6.0,897.0,32.0,6.835184586147301,40.0,1.0,1.0,2.0,3.0,0.0,0.0,0.0,0.0,0.0,0.0,0.0,1.0,0.0,0.0,0.0930232558139534,0.0755789457805515,103.33333333333331,244.0,0.0901639344262295,0.0,0.0,0.15
pallets/click,00aca23ee9135eedc651c6929c7bc1d39e522431,2026-09-02T13:01:42+00:00,0,1,3.0,42.0,4.0,3.8501476017100584,3.0,1.0,1.0,1.0,1.0,0.0,0.0,0.0,0.0,0.0,0.0,0.0,0.0,1.0,0.0,0.0865384615384615,0.0637503825488321,169.33333333333334,123.0,0.016260162601626,0.0,0.0,0.15
pallets/click,ff79a3c235bd8f52d03e066b84576661e08effc8,2026-09-02T13:11:23+00:00,0,1,6.0,895.0,32.0,6.833031732786201,40.0,1.0,1.0,2.0,3.0,0.0,0.0,0.0,0.0,0.0,0.0,0.0,1.0,0.0,0.0,0.0909090909090909,0.0740082839799042,104.83333333333331,245.0,0.0897959183673469,0.0,0.0,0.15
pallets/click,6f9943ed5613d6d4e8ff3d54ec7377e2366c6463,2026-09-02T13:32:19+00:00,0,1,6.0,895.0,32.0,6.833031732786201,40.0,1.0,1.0,2.0,3.0,0.0,0.0,0.0,0.0,0.0,0.0,0.0,1.0,0.0,0.0,0.0888888888888888,0.0727256898388758,105.83333333333331,246.0,0.089430894308943,0.0,0.0,0.15
pallets/click,349162a0a820f79f0231581dba4fa0e2d60f4785,2026-09-03T12:19:01+00:00,1,1,3.0,3.0,3.0,1.9459101490553132,3.0,1.0,2.0,1.0,0.0,0.0,0.0,0.0,0.0,0.0,0.0,0.0,1.0,0.0,1.0,0.1216216216216216,0.0874155405405405,100.66666666666669,0.0,0.0,1.0,0.0,0.15
pallets/click,922eae7633ef1c3b42828b6d94bc09e66ee3ee26,2026-09-03T12:32:54+00:00,1,1,1.0,1.0,1.0,1.0986122886681098,1.0,1.0,1.0,0.0,0.0,0.0,0.0,0.0,0.0,0.0,1.0,0.0,1.0,0.0,0.0,0.1333333333333333,0.1333333333333333,75.0,1.0,1.0,1.0,1.0,0.2
pallets/click,e50f62cdbdcd26ca19889fcc3ad741628e63a922,2026-09-03T13:21:00+00:00,1,1,3.0,94.0,14.0,4.6913478822291435,3.0,1.0,1.0,1.0,1.0,0.0,0.0,0.0,0.0,0.0,0.0,0.0,1.0,0.0,0.0,0.1447368421052631,0.0635361339127635,98.33333333333331,0.0,0.0,1.0,0.0,0.25
pallets/click,f2c71b09eb719765d816511c4b3f5bdaf1f6fcf4,2026-09-03T13:36:45+00:00,0,1,1.0,1.0,1.0,1.0986122886681098,1.0,0.0,0.0,1.0,0.0,0.0,0.0,0.0,0.0,0.0,0.0,0.0,1.0,0.0,0.0,0.0208333333333333,0.0208333333333333,48.0,2.0,1.0,1.0,1.0,0.25
pallets/click,edaea2ca2089330e32e83cfd94967bc395d4d9b2,2026-09-03T21:35:32+00:00,0,1,1.0,3.0,0.0,1.3862943611198906,0.0,0.0,0.0,0.0,1.0,0.0,0.0,0.0,0.0,0.0,0.0,1.0,1.0,0.0,0.0,0.0502283105022831,0.0502283105022831,219.0,0.0,0.0,0.0,0.0,0.25
pallets/click,3eb79ca7a684608e0148709c9b37762d712d1abd,2026-09-04T14:42:18+00:00,0,1,3.0,38.0,1.0,3.688879454113936,3.0,1.0,1.0,1.0,1.0,0.0,0.0,0.0,0.0,0.0,0.0,0.0,1.0,0.0,1.0,0.1129032258064516,0.070694517891768,114.33333333333331,0.0,0.0,1.0,0.0,0.2
pallets/click,7429ffdb0d00c28db5cda454030e1e9d37c6cec3,2026-09-04T15:04:49+00:00,0,1,2.0,49.0,1.0,3.9318256327243257,4.0,1.0,1.0,1.0,0.0,0.0,0.0,0.0,0.0,0.0,0.0,0.0,1.0,0.0,1.0,0.1111111111111111,0.0797491039426523,62.5,0.0,0.0,1.0,0.0,0.2
pallets/click,a1414604cad59d57a2a4b31e6adf92dfbdc93f2e,2026-09-04T15:06:04+00:00,0,1,1.0,0.0,1.0,0.6931471805599453,0.0,0.0,0.0,1.0,0.0,0.0,0.0,0.0,0.0,0.0,0.0,0.0,1.0,0.0,0.0,0.0476190476190476,0.0476190476190476,63.0,1.0,0.0,1.0,0.0,0.2
pallets/click,affce0838d7de6e4d43d69c4d8e9ddb29a504add,2026-09-04T15:09:39+00:00,0,1,2.0,48.0,1.0,3.912023005428146,4.0,1.0,1.0,1.0,0.0,0.0,0.0,0.0,0.0,0.0,0.0,0.0,1.0,0.0,1.0,0.109375,0.078125,64.0,2.0,0.0,1.0,0.0,0.15
pallets/click,e3e17c3da602cf097f5d20cbcdb8a6c849e07f7b,2026-09-04T15:54:39+00:00,0,1,3.0,51.0,1.0,3.970291913552122,4.0,1.0,1.0,1.0,1.0,0.0,0.0,0.0,0.0,0.0,0.0,0.0,1.0,0.0,1.0,0.1076923076923077,0.0678733031674208,117.0,3.0,0.0,1.0,0.0,0.15
pallets/click,2bbd8b899a820f86d3041613b42074fdbf9f30fb,2026-09-05T07:02:06+00:00,0,1,2.0,13.0,1.0,2.70805020110221,2.0,1.0,1.0,1.0,0.0,0.0,0.0,0.0,0.0,0.0,0.0,0.0,1.0,0.0,0.0,0.0841121495327102,0.0731441576679095,150.0,0.0,0.0,1.0,0.0,0.15
pallets/click,e8c4533998dc95747834b68f3bca169ada855edc,2026-09-05T21:54:36+00:00,0,1,3.0,76.0,0.0,4.343805421853684,3.0,1.0,1.0,1.0,1.0,0.0,0.0,0.0,0.0,0.0,0.0,0.0,1.0,0.0,1.0,0.0833333333333333,0.0649128509953252,174.66666666666666,0.0,0.0,1.0,0.0,0.15
pallets/click,96b53b770ae348f16d5f983108f3dc3b5997a9f9,2026-09-05T21:59:25+00:00,0,2,3.0,45.0,0.0,3.828641396489095,2.0,1.0,1.0,1.0,1.0,0.0,0.0,0.0,0.0,0.0,0.0,0.0,1.0,0.0,0.0,0.0825688073394495,0.0644782077126669,175.66666666666666,1.0,0.0,1.0,0.0,0.15
pallets/click,47c878239f560eb636beacf7e0f090784aefbb1f,2026-09-05T23:42:22+00:00,0,1,4.0,149.0,2.0,5.0238805208462765,8.0,1.0,3.0,1.0,0.0,0.0,0.0,0.0,0.0,0.0,0.0,0.0,1.0,0.0,0.0,0.75,0.2482457898957498,28.0,0.0,0.0,1.0,0.0,0.15
pallets/click,5aecbff7cf2965122322b4112faefd75027f6763,2026-09-06T01:05:52+00:00,0,1,3.0,9.0,3.0,2.5649493574615367,2.0,1.0,1.0,1.0,1.0,0.0,0.0,0.0,0.0,0.0,0.0,0.0,1.0,0.0,1.0,0.1558441558441558,0.0751198206555349,116.66666666666669,0.0,0.0,1.0,0.0,0.15
pallets/click,b8a4486d52083981babc1642449420db6b09662e,2026-09-06T01:23:18+00:00,0,1,13.0,487.0,438.0,6.8308742346461795,46.0,0.0,0.0,13.0,0.0,0.0,0.0,0.0,0.0,0.0,0.0,0.0,1.0,0.0,0.0,0.0232558139534883,0.0216279069767441,7.153846153846154,124.0,0.0161290322580645,0.0,0.0,0.15
pallets/click,7ecc8d7ee4a2e5c0732d6551baeb7597b7a73ade,2026-09-06T01:24:22+00:00,0,1,13.0,487.0,438.0,6.8308742346461795,46.0,0.0,0.0,13.0,0.0,0.0,0.0,0.0,0.0,0.0,0.0,0.0,0.0,1.0,0.0,0.0227272727272727,0.0032565473741944,8.153846153846153,125.0,0.016,0.0,0.0,0.15
pallets/click,7944461a80b780d060899c8835acab3c273a04a6,2026-09-06T01:27:36+00:00,0,2,2.0,2.0,2.0,1.6094379124341005,0.0,1.0,1.0,0.0,0.0,1.0,0.0,0.0,0.0,0.0,1.0,0.0,1.0,1.0,0.0,0.0615384615384615,0.0407692307692307,57.5,126.0,0.0158730158730158,1.0,0.0,0.15
pallets/click,6aabf099bfdd4c1e75fe8d0e0d4241372b988ab1,2026-09-06T01:28:45+00:00,0,1,30.0,1203.0,394.0,7.37650812632622,80.0,1.0,4.0,17.0,9.0,0.0,0.0,0.0,0.0,0.0,0.0,0.0,0.0,1.0,0.0,0.0818181818181818,0.0135554991745467,30.933333333333337,127.0,0.0157480314960629,1.0,0.0,0.15
pallets/click,1ea2896fe68a287e8ced2519a27debfe93e1a49d,2026-09-06T04:59:20+00:00,0,1,8.0,50.0,26.0,4.343805421853684,20.0,1.0,3.0,4.0,1.0,0.0,0.0,0.0,0.0,0.0,0.0,0.0,1.0,0.0,0.0,0.1538461538461538,0.0556624585139199,80.125,0.0,0.0,1.0,0.0,0.15
pallets/click,21c454e55a66865487b993a68a0f377feb62a7dc,2026-09-07T07:52:49+00:00,0,1,1.0,1.0,1.0,1.0986122886681098,0.0,0.0,0.0,0.0,1.0,0.0,0.0,0.0,0.0,0.0,0.0,1.0,1.0,0.0,0.0,0.0484581497797356,0.0484581497797356,227.0,0.0,0.0,0.0,0.0,0.15
pallets/click,3068b299db706b947165d3fe3bb56aaad256ff3c,2026-09-07T16:43:17+00:00,1,1,2.0,78.0,4.0,4.418840607796598,5.0,1.0,1.0,1.0,0.0,0.0,0.0,0.0,0.0,0.0,0.0,0.0,1.0,0.0,1.0,0.108695652173913,0.0913848631239935,136.5,0.0,0.0,1.0,0.0,0.1
pallets/click,0a74041fb0c03eb70570c1e824f2f3cedf9e0745,2026-09-07T16:54:12+00:00,0,1,1.0,3.0,2.0,1.791759469228055,1.0,1.0,1.0,0.0,0.0,0.0,0.0,0.0,0.0,0.0,1.0,0.0,1.0,0.0,1.0,0.1151079136690647,0.1151079136690647,139.0,1.0,1.0,1.0,1.0,0.1
pallets/click,8848d0d597e57c3ce5591dba8c2ce30ffc2e6042,2026-09-08T10:07:23+00:00,1,1,3.0,80.0,10.0,4.51085950651685,5.0,1.0,1.0,1.0,1.0,0.0,0.0,0.0,0.0,0.0,0.0,0.0,1.0,0.0,1.0,0.1142857142857142,0.0811378937539928,168.0,0.0,0.0,1.0,0.0,0.05
pallets/click,7f683984c634abb0844f4dd255025fdb4502f5e6,2026-09-08T10:36:07+00:00,0,1,4.0,69.0,14.0,4.430816798843313,4.0,1.0,1.0,2.0,1.0,0.0,0.0,0.0,0.0,0.0,0.0,0.0,1.0,0.0,0.0,0.5,0.1760751202255265,78.25,247.0,0.0890688259109311,1.0,0.0,0.1
pallets/click,4c04e98f2636705907bf5932eecdbb71debfc1b7,2026-09-08T10:37:57+00:00,0,1,4.0,69.0,14.0,4.430816798843313,4.0,1.0,1.0,2.0,1.0,0.0,0.0,0.0,0.0,0.0,0.0,0.0,1.0,0.0,0.0,0.3333333333333333,0.1338768115942029,79.25,248.0,0.0887096774193548,1.0,0.0,0.1
pallets/click,22177f857a34e3c35ba957553853a37f23feb37e,2026-09-08T10:43:27+00:00,0,1,4.0,70.0,14.0,4.442651256490317,4.0,1.0,1.0,2.0,1.0,0.0,0.0,0.0,0.0,0.0,0.0,0.0,1.0,0.0,0.0,0.25,0.11252405002405,80.25,249.0,0.0883534136546184,1.0,0.0,0.1
pallets/click,8ff784ea5075acdb20dd0d8149593198fb56a917,2026-09-08T14:24:51+00:00,0,1,6.0,53.0,5.0,4.07753744390572,5.0,2.0,5.0,0.0,0.0,1.0,0.0,0.0,0.0,0.0,1.0,0.0,1.0,0.0,0.0,0.1463414634146341,0.0835436076747584,72.0,0.0,0.0,1.0,0.0,0.1
pallets/click,86949d19b930ef68a45566544cb4b9508d895d0d,2026-09-08T19:48:13+00:00,0,1,4.0,70.0,14.0,4.442651256490317,4.0,1.0,1.0,2.0,1.0,0.0,0.0,0.0,0.0,0.0,0.0,0.0,0.0,1.0,0.0,0.2,0.0990756127960116,81.5,128.0,0.015625,1.0,0.0,0.1
pallets/click,67ed980dfd0a4c781f72c9ceb3de6094091e2cd5,2026-09-09T09:31:28+00:00,0,1,5.0,62.0,4.0,4.204692619390966,3.0,1.0,1.0,1.0,3.0,0.0,0.0,0.0,0.0,0.0,0.0,0.0,1.0,0.0,0.0,0.1081081081081081,0.069761457181829,109.0,250.0,0.088,1.0,0.0,0.1
pallets/click,28c7ae0dac397f955069d5b7a64e36d842ecd779,2026-09-09T09:33:02+00:00,0,1,5.0,62.0,4.0,4.204692619390966,3.0,1.0,1.0,1.0,3.0,0.0,0.0,0.0,0.0,0.0,0.0,0.0,1.0,0.0,0.0,0.1052631578947368,0.0684342784078303,110.0,251.0,0.0876494023904382,1.0,0.0,0.1
pallets/click,0698ea4978255813763e5ce1cf328f4d0e708fcd,2026-09-10T08:11:26+00:00,0,1,5.0,99.0,9.0,4.6913478822291435,5.0,1.0,1.0,1.0,3.0,0.0,0.0,0.0,0.0,0.0,0.0,0.0,1.0,0.0,0.0,0.1025641025641025,0.0671700309147117,111.0,252.0,0.0873015873015873,1.0,0.0,0.1
pallets/click,f25f697a439acc2b0d84aa8f5413330f4e2e75cf,2026-09-10T08:18:56+00:00,0,1,5.0,99.0,9.0,4.6913478822291435,5.0,1.0,1.0,1.0,3.0,0.0,0.0,0.0,0.0,0.0,0.0,0.0,1.0,0.0,0.0,0.1,0.0659640791045667,112.0,253.0,0.0869565217391304,1.0,0.0,0.1
pallets/click,6d0236685caac4fd28ab009c76e87e76f35a3021,2026-09-10T08:59:21+00:00,0,1,3.0,59.0,31.0,4.51085950651685,9.0,1.0,1.0,1.0,1.0,0.0,0.0,0.0,0.0,0.0,0.0,0.0,1.0,0.0,0.0,0.1111111111111111,0.0737166543658585,152.33333333333334,254.0,0.0866141732283464,1.0,0.0,0.1
pallets/click,b08790b8ee253dfc2a3134e90a8373a0d9340827,2026-09-10T09:02:14+00:00,0,1,3.0,60.0,31.0,4.5217885770490405,9.0,1.0,1.0,1.0,1.0,0.0,0.0,0.0,0.0,0.0,0.0,0.0,1.0,0.0,0.0,0.1052631578947368,0.0715988754848581,153.33333333333334,255.0,0.0862745098039215,1.0,0.0,0.1
pallets/click,405a5481e4dbd5022799993d787bd8446137d9a3,2026-09-10T09:05:56+00:00,0,1,3.0,61.0,31.0,4.532599493153256,9.0,1.0,1.0,1.0,1.0,0.0,0.0,0.0,0.0,0.0,0.0,0.0,1.0,0.0,0.0,0.1,0.0696775781442284,154.33333333333334,256.0,0.0859375,1.0,0.0,0.1
pallets/click,05f6fd0df4ecbd104eb7a229f9f185c2484dee69,2026-09-10T09:14:02+00:00,0,1,3.0,29.0,8.0,3.6375861597263857,3.0,1.0,1.0,1.0,1.0,0.0,0.0,0.0,0.0,0.0,0.0,0.0,1.0,0.0,0.0,0.0975609756097561,0.0686991869918699,162.0,257.0,0.0856031128404669,1.0,0.0,0.1
pallets/click,bc7c613afcec1dc8600628f885b812cca4a3dc0b,2026-09-10T18:21:13+00:00,0,1,3.0,36.0,1.0,3.6375861597263857,2.0,1.0,1.0,1.0,1.0,0.0,0.0,0.0,0.0,0.0,0.0,0.0,1.0,0.0,1.0,0.0705882352941176,0.0500771708943687,131.0,0.0,0.0,1.0,0.0,0.1
pallets/click,6d5bac5c712195cbfa9666ba0ecbf0573cdea356,2026-09-10T19:29:53+00:00,0,1,3.0,61.0,31.0,4.532599493153256,9.0,1.0,1.0,1.0,1.0,0.0,0.0,0.0,0.0,0.0,0.0,0.0,0.0,1.0,0.0,0.0952380952380952,0.0676924330940218,156.33333333333334,129.0,0.0155038759689922,1.0,0.0,0.1
pallets/click,486f1aabcb9579739dbd7c39d0f01fc7bbcbb6c4,2026-09-10T23:15:13+00:00,0,1,3.0,51.0,5.0,4.04305126783455,6.0,1.0,1.0,1.0,1.0,0.0,0.0,0.0,0.0,0.0,0.0,0.0,1.0,0.0,0.0,0.0909090909090909,0.066087607150409,157.33333333333334,0.0,0.0,1.0,0.0,0.1
pallets/click,644deb0ba3cc792a242b784347f5ac2b80a406df,2026-09-11T06:25:55+00:00,0,1,3.0,25.0,2.0,3.332204510175204,2.0,1.0,1.0,1.0,1.0,0.0,0.0,0.0,0.0,0.0,0.0,0.0,1.0,0.0,1.0,0.1076923076923077,0.0522908785203867,105.0,258.0,0.0852713178294573,1.0,0.0,0.1
pallets/click,a3b049392ae0463aeb8780782463e2072c5a1443,2026-09-11T06:31:25+00:00,0,1,3.0,25.0,2.0,3.332204510175204,2.0,1.0,1.0,1.0,1.0,0.0,0.0,0.0,0.0,0.0,0.0,0.0,1.0,0.0,1.0,0.106060606060606,0.0516800659657802,106.0,259.0,0.0849420849420849,1.0,0.0,0.1
pallets/click,d1d7126640ee34af2983ee0e892776608564d03e,2026-09-11T06:41:52+00:00,0,1,3.0,48.0,33.0,4.406719247264253,2.0,1.0,1.0,1.0,1.0,0.0,0.0,0.0,0.0,0.0,0.0,0.0,1.0,0.0,1.0,0.1044776119402985,0.0510860332483921,107.0,260.0,0.0846153846153846,1.0,0.0,0.05
pallets/click,f67c2bb6c2f055c1c7a57cd46c3697fc26a7742e,2026-09-11T07:01:22+00:00,0,1,3.0,49.0,34.0,4.430816798843313,2.0,1.0,1.0,1.0,1.0,0.0,0.0,0.0,0.0,0.0,0.0,0.0,1.0,0.0,1.0,0.1029411764705882,0.0505080574740017,108.0,261.0,0.0842911877394636,1.0,0.0,0.05
pallets/click,127ed655cd825016135e1de84ddc0308cd7eb65d,2026-09-11T08:55:02+00:00,0,1,8.0,868.0,69.0,6.843749949006225,51.0,1.0,2.0,2.0,4.0,0.0,0.0,0.0,0.0,0.0,0.0,0.0,1.0,0.0,0.0,0.0952380952380952,0.0655117475834926,92.25,262.0,0.0839694656488549,1.0,0.0,0.0
pallets/click,e2bddbc801dabc4efc3c3c1e32b53b3f938d3efc,2026-09-11T13:03:21+00:00,0,1,6.0,804.0,8.0,6.70073110954781,46.0,1.0,1.0,3.0,2.0,0.0,0.0,0.0,0.0,0.0,0.0,0.0,0.0,0.0,0.0,0.0930232558139534,0.0464982396163362,105.0,263.0,0.0836501901140684,1.0,0.0,0.0
pallets/click,d036881798e34289a49b18a5c550c7cf687e5a7a,2026-09-11T13:18:33+00:00,0,1,6.0,8.0,804.0,6.70073110954781,46.0,1.0,1.0,3.0,2.0,0.0,0.0,0.0,0.0,0.0,0.0,0.0,0.0,0.0,1.0,0.0909090909090909,0.0459496609585105,106.0,264.0,0.0833333333333333,1.0,0.0,0.0
pallets/click,62cff1d6e27f7556c328f7a8d928982c1fac7e98,2026-09-11T13:26:16+00:00,0,1,6.0,802.0,4.0,6.693323668269949,46.0,1.0,1.0,3.0,2.0,0.0,0.0,0.0,0.0,0.0,0.0,0.0,1.0,0.0,0.0,0.0888888888888888,0.0454195100274787,107.0,265.0,0.0830188679245283,1.0,0.0,0.0
pallets/click,3c5be86e8dd74b811e1bb0a9310a126e4c72c02c,2026-09-11T13:35:43+00:00,0,1,6.0,802.0,4.0,6.693323668269949,46.0,1.0,1.0,3.0,2.0,0.0,0.0,0.0,0.0,0.0,0.0,0.0,1.0,0.0,0.0,0.0869565217391304,0.0449067020847168,108.0,266.0,0.0827067669172932,1.0,0.0,0.0
pallets/click,eb37beaa493344e9fe6ef5ef7619d0c25c030177,2026-09-11T14:24:06+00:00,0,1,6.0,804.0,4.0,6.695798917058491,46.0,1.0,1.0,3.0,2.0,0.0,0.0,0.0,0.0,0.0,0.0,0.0,1.0,0.0,0.0,0.0851063829787234,0.0444102413473024,109.0,267.0,0.0823970037453183,1.0,0.0,0.0
pallets/click,0054c44e5547afccc66957311deff3a9df11174b,2026-09-11T14:24:39+00:00,0,1,8.0,871.0,69.0,6.846943139585379,51.0,1.0,2.0,2.0,4.0,0.0,0.0,0.0,0.0,0.0,0.0,0.0,1.0,0.0,0.0,0.088235294117647,0.0627878906475231,95.25,267.0,0.0823970037453183,1.0,0.0,0.0
pallets/click,70689853e39c30e36eb0d83d586cc914a74db9d3,2026-09-12T02:35:10+00:00,0,1,3.0,49.0,34.0,4.430816798843313,2.0,1.0,1.0,1.0,1.0,0.0,0.0,0.0,0.0,0.0,0.0,0.0,0.0,1.0,1.0,0.1014492753623188,0.0495026996305768,111.33333333333331,130.0,0.0153846153846153,1.0,0.0,0.0
pallets/click,e87809d434994ca574bf10a08fb202bac2d0f6e2,2026-09-13T00:08:28+00:00,1,1,1.0,29.0,0.0,3.4011973816621555,2.0,0.0,0.0,1.0,0.0,0.0,0.0,0.0,0.0,0.0,0.0,0.0,1.0,0.0,0.0,0.0,0.0,0.0,0.0,0.0,1.0,0.0,0.0
pallets/click,425104296015c9ffb63fbbe4d9db12d3ae0ef12a,2026-09-13T12:53:47+00:00,0,1,2.0,85.0,5.0,4.51085950651685,5.0,1.0,1.0,1.0,0.0,0.0,0.0,0.0,0.0,0.0,0.0,0.0,1.0,0.0,1.0,0.1205673758865248,0.1040793083812186,139.0,0.0,0.0,1.0,0.0,0.05
pallets/click,52cce63927b28c475be0949336924485b6ae6d8d,2026-09-15T10:07:54+00:00,0,1,2.0,17.0,1.0,2.9444389791664403,2.0,0.0,0.0,2.0,0.0,0.0,0.0,0.0,0.0,0.0,0.0,0.0,1.0,0.0,0.0,0.0762711864406779,0.0762711864406779,59.0,0.0,0.0,1.0,0.0,0.05
pallets/click,e05912a7c97628477b6cecb3cb3afbdacd6761d6,2026-09-16T08:21:21+00:00,1,1,1.0,2.0,1.0,1.3862943611198906,2.0,1.0,1.0,0.0,0.0,0.0,0.0,0.0,0.0,0.0,1.0,0.0,1.0,0.0,0.0,0.1428571428571428,0.1428571428571428,84.0,0.0,0.0,1.0,0.0,0.05
pallets/click,38c657ba5d5372cd57d3878af655e9b183e77141,2026-09-16T12:55:10+00:00,1,1,1.0,1.0,1.0,1.0986122886681098,1.0,1.0,1.0,0.0,0.0,0.0,0.0,0.0,0.0,0.0,1.0,0.0,1.0,0.0,0.0,0.1529411764705882,0.1529411764705882,85.0,1.0,1.0,1.0,1.0,0.1
pallets/click,b8db3a92329608f5ed15936827a18ee5f4011c36,2026-09-16T13:08:38+00:00,1,1,1.0,1.0,1.0,1.0986122886681098,1.0,1.0,1.0,0.0,0.0,0.0,0.0,0.0,0.0,0.0,1.0,0.0,1.0,0.0,0.0,0.1627906976744186,0.1627906976744186,86.0,2.0,1.0,1.0,1.0,0.15
pallets/click,86851b5691d3c14f7db41f259496808483632236,2026-09-16T13:17:49+00:00,1,1,1.0,1.0,1.0,1.0986122886681098,1.0,1.0,1.0,0.0,0.0,0.0,0.0,0.0,0.0,0.0,1.0,0.0,1.0,0.0,0.0,0.1724137931034483,0.1724137931034483,87.0,3.0,1.0,1.0,1.0,0.2
pallets/click,40abfa72f8bf110ef6232d37de8a3cab0dc13351,2026-09-16T13:47:39+00:00,1,1,2.0,51.0,2.0,3.9889840465642745,4.0,1.0,1.0,1.0,0.0,0.0,0.0,0.0,0.0,0.0,0.0,0.0,1.0,0.0,1.0,0.1197183098591549,0.1033374157991426,140.0,0.0,0.0,1.0,0.0,0.25
pallets/click,a5af540376a08413a6ae27ae3b7e8df444f01c21,2026-09-21T10:57:14+00:00,0,1,6.0,870.0,5.0,6.775366090936392,46.0,1.0,1.0,3.0,2.0,0.0,0.0,0.0,0.0,0.0,0.0,0.0,1.0,0.0,0.0,0.0816326530612244,0.0433253097750728,111.0,269.0,0.0817843866171003,1.0,0.0,0.3
pallets/click,bb695aaecdef95832d167fc1d508921745aa824e,2026-09-21T18:31:03+00:00,0,2,5.0,124.0,13.0,4.927253685157205,7.0,1.0,1.0,1.0,3.0,0.0,0.0,0.0,0.0,0.0,0.0,0.0,1.0,1.0,0.0,0.08,0.0592208462605466,122.0,131.0,0.015267175572519,1.0,0.0,0.3
pallets/click,3cbaa76b6014be7427d1ab06b4af40f01e7c278e,2026-09-21T18:54:51+00:00,0,1,11.0,304.0,92.0,5.983936280687191,22.0,1.0,3.0,5.0,3.0,0.0,0.0,0.0,0.0,0.0,0.0,0.0,0.0,1.0,0.0,0.1818181818181818,0.0751787237393212,74.54545454545455,132.0,0.0151515151515151,1.0,0.0,0.3
pallets/click,b90faad1788bc030bb3320938f07c9189f42d7d0,2026-09-22T06:48:17+00:00,0,1,6.0,871.0,5.0,6.776506992372183,46.0,1.0,1.0,3.0,2.0,0.0,0.0,0.0,0.0,0.0,0.0,0.0,1.0,0.0,0.0,0.0769230769230769,0.042216832469126,113.0,270.0,0.0814814814814814,0.0,0.0,0.3
pallets/click,06b2a678741131fd577ce170e23e5ca0aeba0309,2026-09-23T04:07:21+00:00,0,1,8.0,877.0,7.0,6.785587645007929,46.0,2.0,2.0,3.0,2.0,1.0,0.0,0.0,0.0,0.0,0.0,0.0,0.0,1.0,0.0,0.0754716981132075,0.0412165614840422,100.375,133.0,0.0150375939849624,1.0,0.0,0.3
pallets/click,3dcde39d73f31093bc6abcac8087f772ed0ce93b,2026-09-23T07:43:55+00:00,0,1,9.0,390.0,385.0,6.654152520183219,50.0,1.0,2.0,3.0,4.0,0.0,0.0,0.0,0.0,0.0,0.0,0.0,1.0,0.0,0.0,0.0857142857142857,0.0529153533751604,90.33333333333331,271.0,0.081180811808118,1.0,0.0,0.3
pallets/click,d8a0c46cb78efedf59182cd95eb1875b6d1f107f,2026-09-23T07:53:09+00:00,0,1,9.0,385.0,384.0,6.646390514847729,50.0,1.0,2.0,3.0,4.0,0.0,0.0,0.0,0.0,0.0,0.0,0.0,1.0,0.0,0.0,0.0833333333333333,0.052072940863661,91.33333333333331,272.0,0.0808823529411764,1.0,0.0,0.3
pallets/click,509933e4898a9e770879c7c0132ea0eaf2f5e297,2026-09-23T16:40:48+00:00,0,1,7.0,242.0,19.0,5.568344503761097,21.0,1.0,1.0,3.0,3.0,0.0,0.0,0.0,0.0,0.0,0.0,0.0,1.0,0.0,0.0,0.0725806451612903,0.0348129495813959,101.0,273.0,0.0805860805860805,1.0,0.0,0.3
pallets/click,9ccb32e9a18fd810a97bcdb5bb9686ed7fce4561,2026-09-23T16:44:51+00:00,0,1,7.0,242.0,19.0,5.568344503761097,21.0,1.0,1.0,3.0,3.0,0.0,0.0,0.0,0.0,0.0,0.0,0.0,1.0,0.0,0.0,0.072,0.0344916633205516,102.0,274.0,0.0802919708029197,1.0,0.0,0.3
pallets/click,9f0bcdf0d868edfc71435cd0aac2dcc08cf94828,2026-09-23T16:52:17+00:00,0,1,7.0,266.0,26.0,5.680172609017068,23.0,1.0,1.0,3.0,3.0,0.0,0.0,0.0,0.0,0.0,0.0,0.0,1.0,0.0,0.0,0.0714285714285714,0.0341783623013291,103.0,275.0,0.08,1.0,0.0,0.3
pallets/click,7e772e4af67ff43bd29fde65541d44332b8edc4f,2026-09-24T06:46:28+00:00,0,1,4.0,53.0,1.0,4.007333185232471,4.0,1.0,1.0,1.0,2.0,0.0,0.0,0.0,0.0,0.0,0.0,0.0,1.0,0.0,0.0,0.1,0.0414865288220551,100.75,276.0,0.0797101449275362,1.0,0.0,0.3
pallets/click,ee489c2270ba8542d4d3c7bf61265e45e936ee84,2026-09-24T06:48:05+00:00,0,1,4.0,54.0,1.0,4.02535169073515,4.0,1.0,1.0,1.0,2.0,0.0,0.0,0.0,0.0,0.0,0.0,0.0,1.0,0.0,0.0,0.0983606557377049,0.0409281598069325,101.75,277.0,0.0794223826714801,1.0,0.0,0.3
pallets/click,2a4c68a3e1ca6c5775a074022adf483fb3d5c611,2026-09-24T15:09:08+00:00,0,1,6.0,200.0,23.0,5.41164605185504,13.0,1.0,4.0,1.0,1.0,0.0,0.0,0.0,0.0,0.0,0.0,0.0,1.0,0.0,0.0,0.1363636363636363,0.0783844172262212,114.16666666666669,278.0,0.079136690647482,1.0,0.0,0.3
pallets/click,d2a4dc2c838c668fb9668fba87f65d543648d15a,2026-09-24T15:23:53+00:00,0,1,6.0,200.0,23.0,5.41164605185504,13.0,1.0,4.0,1.0,1.0,0.0,0.0,0.0,0.0,0.0,0.0,0.0,1.0,0.0,0.0,0.1333333333333333,0.0774609431432274,115.16666666666669,279.0,0.078853046594982,1.0,0.0,0.25
pallets/flask,5addaf833b2e8c7a616f89dd8ad5a44b07d7c000,2025-08-18T16:42:27+00:00,0,1,3.0,9.0,3.0,2.5649493574615367,0.0,1.0,1.0,0.0,1.0,1.0,0.0,0.0,0.0,0.0,1.0,0.0,0.0,0.0,0.0,0.0,0.0,0.0,0.0,0.0,0.0,0.0,0.0
pallets/flask,53b8f08218796d95764c5252bccd8a50a173a6fb,2025-08-18T16:48:08+00:00,0,1,3.0,15.0,23.0,3.6635616461296463,5.0,1.0,1.0,1.0,1.0,0.0,0.0,0.0,0.0,0.0,0.0,0.0,1.0,0.0,0.0,0.0,0.0,0.0,0.0,0.0,0.0,0.0,0.0
pallets/flask,24824ff666e096c4c07d0b75a889088571afe4a6,2025-08-18T16:56:42+00:00,0,1,3.0,15.0,23.0,3.6635616461296463,5.0,1.0,1.0,1.0,1.0,0.0,0.0,0.0,0.0,0.0,0.0,0.0,0.0,1.0,0.0,0.0,0.0,0.0,0.0,0.0,0.0,0.0,0.0
pallets/flask,d44f1c65239c3e33509224aa1931631243dbfa7f,2025-08-18T17:23:16+00:00,0,1,2.0,2.0,1.0,1.3862943611198906,1.0,1.0,1.0,0.0,1.0,0.0,0.0,0.0,0.0,0.0,1.0,0.0,1.0,0.0,0.0,0.0,0.0,0.0,0.0,0.0,0.0,0.0,0.0
pallets/flask,1dfd7cd5555d9e62a2e198a131c366242e724b35,2025-08-18T17:26:15+00:00,0,1,2.0,2.0,1.0,1.3862943611198906,1.0,1.0,1.0,0.0,1.0,0.0,0.0,0.0,0.0,0.0,1.0,0.0,0.0,1.0,0.0,0.0,0.0,0.0,0.0,0.0,0.0,0.0,0.0
pallets/flask,9822a0351574790cb66c652fcc396ad7aa2b09d8,2025-08-19T15:22:36+00:00,0,1,3.0,63.0,32.0,4.564348191467836,2.0,1.0,1.0,1.0,1.0,0.0,0.0,0.0,0.0,0.0,0.0,0.0,1.0,0.0,0.0,0.0,0.0,0.0,0.0,0.0,0.0,0.0,0.0
pallets/flask,38b4c1e19b50494cfcdc9332899e09b7fed34979,2025-08-19T15:23:53+00:00,0,1,3.0,63.0,32.0,4.564348191467836,2.0,1.0,1.0,1.0,1.0,0.0,0.0,0.0,0.0,0.0,0.0,0.0,0.0,1.0,0.0,0.0,0.0,0.0,0.0,0.0,0.0,0.0,0.0
pallets/flask,d8259eb11900285af9b80b0fa47f841174c054e3,2025-08-19T17:43:24+00:00,0,1,9.0,31.0,31.0,4.143134726391533,2.0,2.0,2.0,0.0,7.0,0.0,0.0,0.0,0.0,1.0,1.0,0.0,0.0,0.0,0.0,0.0,0.0,0.0,0.0,0.0,0.0,0.0,0.0
pallets/flask,4f84882fbfbace462aca786ae7f82035a179573e,2025-08-19T19:30:19+00:00,0,1,3.0,228.0,179.0,6.0112671744041615,17.0,1.0,2.0,0.0,1.0,0.0,0.0,0.0,0.0,0.0,1.0,0.0,1.0,0.0,0.0,0.0,0.0,0.0,0.0,0.0,0.0,0.0,0.0
pallets/flask,edebd3704437f19b5b137eaffe97130fe817d144,2025-08-19T19:33:33+00:00,0,1,3.0,228.0,179.0,6.0112671744041615,17.0,1.0,2.0,0.0,1.0,0.0,0.0,0.0,0.0,0.0,1.0,0.0,1.0,0.0,0.0,0.0,0.0,0.0,0.0,0.0,0.0,0.0,0.0
pallets/flask,ed1c9e953e2d67c0994e32e6c8d878291e36d4f7,2025-08-19T19:36:03+00:00,0,1,6.0,410.0,112.0,6.259581464064923,34.0,1.0,2.0,2.0,2.0,0.0,0.0,0.0,0.0,0.0,0.0,0.0,0.0,1.0,0.0,0.0,0.0,0.0,0.0,0.0,0.0,0.0,0.0
pallets/flask,55c62556571ee46a94da174643b50ece06edead4,2025-08-19T20:41:34+00:00,0,1,5.0,444.0,398.0,6.736966958001855,0.0,1.0,1.0,0.0,0.0,0.0,4.0,1.0,0.0,0.0,1.0,0.0,0.0,0.0,0.0,0.0,0.0,0.0,0.0,0.0,0.0,0.0,0.0
pallets/flask,007d34d996a8a120caced39a78a52ee73a4534a9,2025-08-19T20:42:33+00:00,0,1,3.0,5.0,5.0,2.3978952727983707,0.0,1.0,1.0,0.0,1.0,1.0,0.0,0.0,0.0,0.0,1.0,0.0,1.0,0.0,0.0,0.0,0.0,0.0,0.0,0.0,0.0,0.0,0.0
pallets/flask,4dd52ca9c768c9b6d04180f0547d6f4b6e34f211,2025-08-19T20:51:51+00:00,0,1,1.0,16.0,3.0,2.995732273553991,0.0,0.0,0.0,0.0,0.0,0.0,1.0,1.0,0.0,0.0,0.0,0.0,1.0,0.0,0.0,0.0,0.0,0.0,0.0,0.0,0.0,0.0,0.0
pallets/flask,1292419ddfc6a14fc7f85b5ed7efcc2d215f1ad3,2025-08-19T20:56:52+00:00,0,1,1.0,16.0,3.0,2.995732273553991,0.0,0.0,0.0,0.0,0.0,0.0,1.0,1.0,0.0,0.0,0.0,0.0,0.0,1.0,0.0,0.0,0.0,0.0,0.0,0.0,0.0,0.0,0.0
pallets/flask,2c1b30d0503cfb064f1cb252e6614a06915a362a,2025-08-19T20:57:58+00:00,0,1,3.0,5.0,5.0,2.3978952727983707,0.0,1.0,1.0,0.0,1.0,1.0,0.0,0.0,0.0,0.0,1.0,0.0,1.0,0.0,0.0,0.0,0.0,0.0,0.0,0.0,0.0,0.0,0.0
pallets/flask,85793d6c223dd845e8f218403a5ced83041d37e1,2025-08-19T21:03:46+00:00,0,1,3.0,5.0,5.0,2.3978952727983707,0.0,1.0,1.0,0.0,1.0,1.0,0.0,0.0,0.0,0.0,1.0,0.0,0.0,1.0,0.0,0.0,0.0,0.0,0.0,0.0,0.0,0.0,0.0
pallets/flask,330123258e8c3dc391cbe55ab1ed94891ca83af3,2025-08-19T21:10:23+00:00,0,1,20.0,560.0,449.0,6.917705609835305,13.0,3.0,6.0,2.0,8.0,0.0,4.0,1.0,0.0,1.0,0.0,0.0,0.0,1.0,0.0,0.0,0.0,0.0,0.0,0.0,0.0,0.0,0.0
pallets/flask,fadd2adedc1d1553c0916ed25e35501ed7581552,2025-08-26T11:47:02+00:00,0,1,1.0,1.0,0.0,0.6931471805599453,0.0,0.0,0.0,0.0,1.0,0.0,0.0,0.0,0.0,0.0,0.0,1.0,1.0,0.0,0.0,0.0,0.0,0.0,0.0,0.0,0.0,0.0,0.0
pallets/flask,4aac5191473fac66e49a70d015e6e1c630e0b2dd,2025-08-27T15:56:16+00:00,0,1,1.0,41.0,0.0,3.737669618283368,0.0,0.0,0.0,0.0,0.0,0.0,1.0,1.0,0.0,0.0,0.0,0.0,1.0,0.0,0.0,0.0,0.0,0.0,0.0,0.0,0.0,0.0,0.0
pallets/flask,6556623402237cbe465617e83c25e25794f905f6,2025-08-27T15:58:55+00:00,0,1,1.0,2.0,10.0,2.5649493574615367,0.0,0.0,0.0,0.0,0.0,0.0,1.0,1.0,0.0,0.0,0.0,0.0,1.0,0.0,0.0,0.0,0.0,0.0,0.0,0.0,0.0,0.0,0.0
pallets/flask,e3697b90e9371c3092301f788e1cf78e1e6b9a8e,2025-09-03T13:36:18+00:00,0,1,1.0,3.0,0.0,1.3862943611198906,3.0,1.0,1.0,0.0,0.0,0.0,0.0,0.0,0.0,0.0,1.0,0.0,1.0,0.0,0.0,0.0,0.0,0.0,0.0,0.0,0.0,0.0,0.0
pallets/flask,58d083b7203ca396de1725abe61946e4243c9752,2025-09-06T15:31:05+00:00,0,2,1.0,1.0,1.0,1.0986122886681098,1.0,1.0,1.0,0.0,0.0,0.0,0.0,0.0,0.0,0.0,1.0,0.0,1.0,0.0,0.0,0.0,0.0,0.0,0.0,0.0,0.0,0.0,0.0
pallets/flask,dbd4c2882593f6118103120aa96fa9acdf7deedb,2025-09-06T16:33:48+00:00,0,1,1.0,1.0,1.0,1.0986122886681098,1.0,1.0,1.0,0.0,0.0,0.0,0.0,0.0,0.0,0.0,1.0,0.0,1.0,0.0,0.0,0.0,0.0,1.0,1.0,0.0,0.0,0.0,0.0
pallets/flask,50944ca6447c4bab43480735d19707d261799681,2025-09-12T22:45:04+00:00,0,1,36.0,784.0,1007.0,7.491087593534876,71.0,3.0,11.0,5.0,20.0,0.0,0.0,0.0,3.0,1.0,0.0,0.0,1.0,0.0,0.0,0.0,0.0,0.0555555555555555,0.0,0.0,0.0,0.0,0.0
pallets/flask,c2705ffd9ce1dc8476cb29eaf5ff5d4c719852d9,2025-09-19T23:44:03+00:00,0,1,36.0,779.0,1007.0,7.488293515159428,71.0,3.0,11.0,5.0,20.0,0.0,0.0,0.0,3.0,1.0,0.0,0.0,1.0,0.0,0.0,0.0,0.0,1.0555555555555556,1.0,0.0,0.0,0.0,0.0
pallets/flask,adf363679da2d9a5ddc564bb2da563c7ca083916,2025-09-19T23:45:30+00:00,0,1,36.0,779.0,1007.0,7.488293515159428,71.0,3.0,11.0,5.0,20.0,0.0,0.0,0.0,3.0,1.0,0.0,0.0,0.0,1.0,0.0,0.0,0.0,2.0555555555555554,2.0,0.0,0.0,0.0,0.0
pallets/flask,6a64969009bf1898bd302e6a9633f71942523f7f,2025-09-20T00:47:48+00:00,0,1,6.0,167.0,72.0,5.480638923341991,28.0,1.0,3.0,2.0,1.0,0.0,0.0,0.0,0.0,0.0,0.0,0.0,1.0,0.0,0.0,0.0,0.0,2.5,3.0,0.0,1.0,0.0,0.0
pallets/flask,57df4824ea5e75ba37b16665d0b3cd7fa7c9fb52,2025-09-26T16:13:42+00:00,0,1,4.0,26.0,17.0,3.784189633918261,17.0,2.0,4.0,0.0,0.0,0.0,0.0,0.0,0.0,1.0,1.0,0.0,1.0,0.0,0.0,0.0,0.0,0.25,0.0,0.0,1.0,0.0,0.0
pallets/flask,9c4ba10c3e4d2d3c1d355c5a84d5ab6f9fbbafdc,2025-10-22T06:19:55+00:00,0,1,2.0,149.0,104.0,5.537334267018537,0.0,1.0,1.0,0.0,0.0,0.0,1.0,1.0,0.0,0.0,1.0,0.0,1.0,0.0,0.0,0.0,0.0,0.0,0.0,0.0,0.0,0.0,0.0
pallets/flask,57fb9fa517380d5a27cc5bb282c68e1f57b01727,2025-10-22T07:24:37+00:00,0,1,2.0,150.0,105.0,5.545177444479562,0.0,1.0,1.0,0.0,0.0,0.0,1.0,1.0,0.0,0.0,1.0,0.0,1.0,0.0,0.0,0.0,0.0,1.0,1.0,0.0,0.0,0.0,0.0
pallets/flask,3281a6ea8c656a2cc50f62534cdaddd89d705fe1,2025-10-22T08:30:25+00:00,0,1,1.0,2.0,2.0,1.6094379124341005,0.0,0.0,0.0,0.0,0.0,0.0,1.0,0.0,0.0,0.0,0.0,0.0,1.0,0.0,0.0,0.0,0.0,0.0,2.0,0.0,0.0,0.0,0.0
pallets/flask,556c68ad2925b84dd2cb5dbde7dd3dbb6cd19374,2025-10-29T20:53:17+00:00,0,1,1.0,72.0,0.0,4.290459441148391,0.0,1.0,1.0,0.0,0.0,0.0,0.0,0.0,0.0,0.0,1.0,0.0,1.0,0.0,0.0,0.0,0.0,0.0,0.0,0.0,0.0,0.0,0.0
pallets/flask,da6d075dfde71b2e2a64f39b29ba957d5ffb00b0,2025-11-17T17:43:54+00:00,0,1,6.0,1040.0,643.0,7.428927194802272,1.0,2.0,2.0,0.0,0.0,0.0,4.0,1.0,0.0,1.0,1.0,0.0,0.0,0.0,0.0,0.0,0.0,0.8333333333333334,4.0,0.0,0.0,0.0,0.0
pallets/flask,96a01e420b741c59af59301f15612fde39bfb39d,2025-11-17T17:48:04+00:00,0,1,6.0,708.0,546.0,7.134890851565884,1.0,2.0,2.0,0.0,0.0,0.0,4.0,1.0,0.0,1.0,1.0,0.0,0.0,1.0,0.0,0.0,0.0,1.8333333333333333,5.0,0.0,0.0,0.0,0.0
pallets/flask,917000097fc17875104176e2c71318ab25c508c3,2025-11-17T18:03:01+00:00,0,1,2.0,8.0,6.0,2.70805020110221,0.0,0.0,0.0,0.0,0.0,1.0,1.0,1.0,0.0,0.0,0.0,0.0,0.0,0.0,0.0,0.0,0.0,2.0,6.0,0.0,1.0,0.0,0.0
pallets/flask,607d1948b8747776f4a45d5b7c7eaeb57b6b9f80,2025-11-17T18:05:48+00:00,0,1,1.0,4.0,2.0,1.9459101490553132,0.0,0.0,0.0,0.0,0.0,0.0,1.0,1.0,0.0,0.0,0.0,0.0,0.0,0.0,0.0,0.0,0.0,5.0,7.0,0.0,1.0,0.0,0.0
pallets/flask,ad68a12645d96fe51558da13e18544ba458d7af0,2025-11-28T19:06:07+00:00,0,1,2.0,2.0,3.0,1.791759469228055,0.0,0.0,0.0,0.0,0.0,1.0,1.0,1.0,0.0,0.0,0.0,0.0,0.0,0.0,0.0,0.0,0.0,3.5,8.0,0.0,1.0,0.0,0.0
pallets/flask,b2956f3024292e5c281a5c236cf1278c71b0708a,2025-12-17T15:23:02+00:00,0,1,1.0,1.0,1.0,1.0986122886681098,0.0,0.0,0.0,0.0,0.0,1.0,0.0,0.0,0.0,0.0,0.0,0.0,1.0,0.0,0.0,0.0,0.0,2.0,0.0,0.0,1.0,0.0,0.0
pallets/flask,97bddc1f61a59522386d36ec37b2b220a01de262,2026-01-05T16:50:59+00:00,0,1,7.0,372.0,183.0,6.320768294250582,0.0,1.0,1.0,0.0,0.0,1.0,5.0,1.0,0.0,0.0,1.0,0.0,0.0,0.0,0.0,0.0,0.0,3.0,9.0,0.0,1.0,0.0,0.0
pallets/flask,64dd0809c2fc732ed30539235232a268f9bd96ac,2026-01-25T01:14:26+00:00,0,1,5.0,398.0,276.0,6.51471269087253,0.0,1.0,1.0,0.0,0.0,0.0,4.0,1.0,0.0,0.0,1.0,0.0,0.0,0.0,0.0,0.0,0.0,4.6,10.0,0.0,1.0,0.0,0.0
pallets/flask,eb58d862cc4a8f31a369b6e9ad1724e9e642f13f,2026-01-25T01:16:18+00:00,0,1,7.0,427.0,339.0,6.642486801367256,0.0,1.0,1.0,0.0,0.0,1.0,5.0,1.0,0.0,0.0,1.0,0.0,0.0,1.0,0.0,0.0,0.0,4.714285714285714,11.0,0.0,0.0,0.0,0.0
pallets/flask,eca5fd1dfdc614c2df876cc32018a7d71f84ea82,2026-01-25T01:16:46+00:00,0,1,4.0,14.0,3.0,2.8903717578961645,2.0,2.0,2.0,0.0,2.0,0.0,0.0,0.0,0.0,0.0,1.0,0.0,1.0,0.0,0.0,0.0,0.0,3.75,11.0,0.0,0.0,0.0,0.0
pallets/flask,809d5a8869d4ffe8656680b2438b10f7c8845613,2026-01-25T01:18:38+00:00,0,1,4.0,14.0,3.0,2.8903717578961645,2.0,2.0,2.0,0.0,2.0,0.0,0.0,0.0,0.0,0.0,1.0,0.0,0.0,1.0,0.0,0.0,0.0,4.75,13.0,0.0,1.0,0.0,0.0
pallets/flask,25642fd1fd65985fc98f95e64bc2c7ff353d6c2b,2026-01-25T02:25:34+00:00,0,1,1.0,1.0,1.0,1.0986122886681098,1.0,1.0,1.0,0.0,0.0,0.0,0.0,0.0,0.0,0.0,1.0,0.0,0.0,1.0,1.0,0.0,0.0,7.0,14.0,0.0,1.0,0.0,0.0
pallets/flask,3709c4a9a87e6ce8c26dc4a951e1df52ac9ecad0,2026-01-25T02:59:21+00:00,0,1,3.0,4.0,4.0,2.1972245773362196,3.0,1.0,2.0,0.0,0.0,0.0,1.0,0.0,0.0,1.0,1.0,0.0,1.0,0.0,0.0,0.0,0.0,4.0,15.0,0.0,0.0,0.0,0.0
pallets/flask,5559ef42b5334075cbde82b2870ca725ac606fa4,2026-01-25T03:00:27+00:00,0,1,4.0,13.0,4.0,2.8903717578961645,3.0,1.0,2.0,0.0,0.0,1.0,1.0,0.0,0.0,1.0,1.0,0.0,0.0,1.0,0.0,0.0,0.0,5.0,16.0,0.0,0.0,0.0,0.0
pallets/flask,fe3b215d3ade4db68262dae1a3cdc464a1fc524f,2026-01-25T03:02:57+00:00,0,1,1.0,1.0,1.0,1.0986122886681098,0.0,0.0,0.0,0.0,0.0,1.0,0.0,0.0,0.0,0.0,0.0,0.0,1.0,0.0,0.0,0.0,0.0,6.0,1.0,0.0,1.0,0.0,0.0
pallets/flask,4f79d5b59a56bc4356a97f2e81a35f98cb18d7b3,2026-01-25T03:04:10+00:00,0,1,1.0,1.0,1.0,1.0986122886681098,0.0,0.0,0.0,0.0,0.0,1.0,0.0,0.0,0.0,0.0,0.0,0.0,0.0,1.0,0.0,0.0,0.0,7.0,17.0,0.0,1.0,0.0,0.0
pallets/flask,9b74a90dd3c47f792734823e8793ac36f38bc4dd,2026-01-25T03:11:09+00:00,0,1,4.0,4.0,5.0,2.302585092994046,0.0,0.0,0.0,0.0,3.0,0.0,1.0,0.0,0.0,0.0,0.0,0.0,0.0,0.0,1.0,0.0,0.0,3.5,18.0,0.0,0.0,0.0,0.0
pallets/flask,c77a5203438fe772d41f6a47303ad3f57a4efe6d,2026-01-25T03:51:30+00:00,0,1,3.0,27.0,9.0,3.610917912644224,4.0,2.0,2.0,0.0,1.0,0.0,0.0,0.0,0.0,0.0,1.0,0.0,1.0,0.0,0.0,0.0,0.0,6.666666666666667,19.0,0.0,1.0,0.0,0.0
pallets/flask,0292047b22c82921dcf165322d93a0b988328c2e,2026-01-25T03:52:17+00:00,0,1,1.0,0.0,3.0,1.3862943611198906,0.0,0.0,0.0,0.0,0.0,1.0,0.0,0.0,0.0,0.0,0.0,0.0,0.0,0.0,0.0,0.0,0.0,8.0,20.0,0.0,1.0,0.0,0.0
pallets/flask,4b8bde97d4fa3486e18dce21c3c5f75570d50164,2026-01-25T03:53:15+00:00,0,1,3.0,27.0,9.0,3.610917912644224,4.0,2.0,2.0,0.0,1.0,0.0,0.0,0.0,0.0,0.0,1.0,0.0,0.0,1.0,0.0,0.0,0.0,7.666666666666667,21.0,0.0,1.0,0.0,0.0
pallets/flask,23df07d799f0bed3feb5beb9e5633651687da92b,2026-01-25T03:55:43+00:00,0,1,1.0,1.0,1.0,1.0986122886681098,0.0,0.0,0.0,0.0,0.0,1.0,0.0,0.0,0.0,0.0,0.0,0.0,0.0,1.0,0.0,0.0,0.0,9.0,22.0,0.0,1.0,0.0,0.0
pallets/flask,3d03098a97ddc6a908aa4a50c2ef7381f8297d0a,2026-01-27T08:24:09+00:00,0,1,2.0,2.0,8.0,2.3978952727983707,1.0,1.0,1.0,0.0,1.0,0.0,0.0,0.0,0.0,0.0,1.0,0.0,1.0,0.0,0.0,0.0,0.0,0.0,2.0,0.0,0.0,0.0,0.0
pallets/flask,4e652d3f68b90d50aa2301d3b7e68c3fafd9251d,2026-01-28T15:43:05+00:00,0,1,2.0,2.0,8.0,2.3978952727983707,1.0,1.0,1.0,0.0,1.0,0.0,0.0,0.0,0.0,0.0,1.0,0.0,0.0,1.0,0.0,0.0,0.0,1.0,23.0,0.0,0.0,0.0,0.0
pallets/flask,64171492fb0b27ca1db05398239926b23c0cfdd5,2026-01-31T21:36:04+00:00,0,1,1.0,1.0,1.0,1.0986122886681098,1.0,1.0,1.0,0.0,0.0,0.0,0.0,0.0,0.0,0.0,1.0,0.0,1.0,0.0,0.0,0.0,0.0,8.0,0.0,0.0,0.0,0.0,0.0
pallets/flask,976459f7cb35c8c3abc3a6e6a2728d76d1a0a5f2,2026-02-03T18:20:59+00:00,0,1,2.0,6.0,42.0,3.8918202981106265,0.0,1.0,1.0,0.0,0.0,1.0,0.0,0.0,0.0,0.0,1.0,0.0,0.0,0.0,1.0,0.0,0.0,8.5,24.0,0.0,0.0,0.0,0.0
pallets/flask,663198d7b453ffdbe86d0e0238b1feafde6ce569,2026-02-03T18:22:26+00:00,0,1,5.0,114.0,120.0,5.459585514144159,0.0,1.0,1.0,0.0,0.0,0.0,4.0,1.0,0.0,0.0,1.0,0.0,0.0,0.0,0.0,0.0,0.0,7.2,24.0,0.0,0.0,0.0,0.0
pallets/flask,fb763eaf61c5a60ff9858b91c5d2ca10d2aca0ae,2026-02-06T08:23:51+00:00,0,1,3.0,0.0,139.0,4.941642422609304,0.0,0.0,0.0,3.0,0.0,0.0,0.0,0.0,0.0,0.0,0.0,0.0,1.0,0.0,1.0,0.0,0.0,0.0,0.0,0.0,1.0,0.0,0.0
pallets/flask,86048aa716c471a48f36766570aad018b0c1fd4e,2026-02-06T21:12:37+00:00,0,1,1.0,4.0,2.0,1.9459101490553132,1.0,1.0,1.0,0.0,0.0,0.0,0.0,0.0,0.0,0.0,1.0,0.0,1.0,0.0,1.0,0.0,0.0,4.0,0.0,0.0,1.0,0.0,0.0
pallets/flask,d3b78fd18a8d9e224cb9ef58a23cec9b1ffc9ce9,2026-02-06T21:23:03+00:00,0,1,2.0,2.0,8.0,2.3978952727983707,1.0,1.0,1.0,0.0,1.0,0.0,0.0,0.0,0.0,0.0,1.0,0.0,0.0,1.0,0.0,0.0,0.0,2.0,26.0,0.0,1.0,0.0,0.0
pallets/flask,c8ecf241e3605c48ac84ab863c206f1072888668,2026-02-08T23:04:23+00:00,0,1,3.0,26.0,1.0,3.332204510175204,3.0,1.0,1.0,1.0,1.0,0.0,0.0,0.0,0.0,0.0,0.0,0.0,1.0,0.0,1.0,0.0,0.0,3.0,0.0,0.0,1.0,0.0,0.0
pallets/flask,560ea7fd409c839bc85382a05b6e1bd1d7ca8795,2026-02-09T02:34:38+00:00,0,1,3.0,17.0,1.0,2.9444389791664403,2.0,1.0,1.0,1.0,1.0,0.0,0.0,0.0,0.0,0.0,0.0,0.0,1.0,0.0,0.0,0.0,0.0,4.0,0.0,0.0,1.0,0.0,0.0
pallets/flask,e82db2ca3a22c9614c1987392c9cfaa8c6ce99ad,2026-02-12T21:06:39+00:00,0,1,7.0,96.0,86.0,5.209486152841421,18.0,1.0,1.0,4.0,2.0,0.0,0.0,0.0,0.0,0.0,0.0,0.0,1.0,0.0,1.0,0.0,0.0,3.142857142857143,27.0,0.0,1.0,0.0,0.0
pallets/flask,12e95c93b488725f80753f34b2e0d24838ca4646,2026-02-12T21:07:53+00:00,0,1,7.0,96.0,86.0,5.209486152841421,18.0,1.0,1.0,4.0,2.0,0.0,0.0,0.0,0.0,0.0,0.0,0.0,0.0,1.0,1.0,0.0,0.0,4.142857142857143,28.0,0.0,1.0,0.0,0.0
pallets/flask,d98eb69a354158252854ed4a5c9778e03d089191,2026-02-12T21:11:14+00:00,0,1,1.0,2.0,7.0,2.302585092994046,2.0,0.0,0.0,1.0,0.0,0.0,0.0,0.0,0.0,0.0,0.0,0.0,0.0,0.0,1.0,0.0,0.0,3.0,29.0,0.0,1.0,0.0,0.0
pallets/flask,556539182704dfa3ca8b107718218d90cb8afa5f,2026-02-12T22:03:44+00:00,0,2,4.0,49.0,30.0,4.382026634673881,8.0,2.0,3.0,1.0,0.0,0.0,0.0,0.0,0.0,0.0,0.0,0.0,1.0,0.0,0.0,0.0,0.0,7.0,30.0,0.0,1.0,0.0,0.0
pallets/flask,ca7269d1a729ad9968fc246c4463b5c400e6553e,2026-02-18T11:24:01+00:00,0,1,1.0,17.0,0.0,2.8903717578961645,0.0,1.0,1.0,0.0,0.0,0.0,0.0,0.0,0.0,0.0,1.0,0.0,1.0,0.0,0.0,0.0,0.0,0.0,0.0,0.0,1.0,0.0,0.0
pallets/flask,7d7fdbb07a62aef2cd96eebb209260ee1a749bd7,2026-02-18T15:51:22+00:00,0,1,2.0,14.0,1.0,2.772588722239781,2.0,1.0,1.0,1.0,0.0,0.0,0.0,0.0,0.0,0.0,0.0,0.0,1.0,0.0,1.0,0.0,0.0,2.5,0.0,0.0,1.0,0.0,0.0
pallets/flask,089cb86dd22bff589a4eafb7ab8e42dc357623b4,2026-02-19T03:36:02+00:00,0,1,6.0,74.0,53.0,4.852030263919617,17.0,1.0,4.0,1.0,1.0,0.0,0.0,0.0,0.0,1.0,0.0,0.0,0.0,1.0,0.0,0.0,0.0,6.333333333333333,31.0,0.0,0.0,0.0,0.0
pallets/flask,22d924701a6ae2e4cd01e9a15bbaf3946094af65,2026-02-19T03:42:47+00:00,0,1,3.0,3.0,3.0,1.9459101490553132,0.0,1.0,1.0,0.0,1.0,1.0,0.0,0.0,0.0,0.0,1.0,0.0,1.0,0.0,0.0,0.0,0.0,11.0,32.0,0.0,1.0,0.0,0.0
pallets/flask,f00ad424ee3b050d382cc5b4aabb18afbb5e4ae7,2026-02-19T05:01:56+00:00,0,1,3.0,3.0,3.0,1.9459101490553132,0.0,1.0,1.0,0.0,1.0,1.0,0.0,0.0,0.0,0.0,1.0,0.0,0.0,1.0,0.0,0.0,0.0,12.0,33.0,0.0,1.0,0.0,0.0
pallets/flask,7b0088693ece1bd3a9238a6fdf56ed8df7a4d43b,2026-02-19T16:42:39+00:00,0,1,1.0,2.0,2.0,1.6094379124341005,1.0,1.0,1.0,0.0,0.0,0.0,0.0,0.0,0.0,0.0,1.0,0.0,0.0,0.0,1.0,0.0,0.0,11.0,34.0,0.0,0.0,0.0,0.0
pallets/flask,913b2b6a3599a657825c3fb48aa5b1cf62b91ed1,2026-02-20T00:49:41+00:00,0,1,1.0,10.0,6.0,2.833213344056216,1.0,1.0,1.0,0.0,0.0,0.0,0.0,0.0,0.0,0.0,1.0,0.0,1.0,0.0,0.0,0.0,0.0,6.0,0.0,0.0,1.0,0.0,0.0
pallets/flask,fbb6f0bc4c60a0bada0e03c3480d0ccf30a3c1df,2026-02-20T03:51:11+00:00,0,1,10.0,194.0,80.0,5.616771097666572,25.0,1.0,3.0,5.0,2.0,0.0,0.0,0.0,0.0,0.0,0.0,0.0,1.0,0.0,0.0,0.0,0.0,5.5,35.0,0.0,1.0,0.0,0.0
pallets/flask,c34d6e81fd8e405e6d4178bf24b364918811ef17,2026-02-20T04:00:37+00:00,0,1,10.0,194.0,80.0,5.616771097666572,25.0,1.0,3.0,5.0,2.0,0.0,0.0,0.0,0.0,0.0,0.0,0.0,0.0,1.0,0.0,0.0,0.0,6.5,36.0,0.0,1.0,0.0,0.0
pallets/flask,a191c863066f43797f484da6c430d668548e9b52,2026-02-21T10:35:50+00:00,0,1,2.0,8.0,0.0,2.1972245773362196,0.0,0.0,0.0,0.0,0.0,0.0,2.0,1.0,0.0,0.0,0.0,0.0,1.0,0.0,0.0,0.0,0.0,8.5,0.0,0.0,1.0,0.0,0.0
pallets/flask,1fc69bd3f4b67cbb36406adc7ae47ef439b8eda8,2026-03-02T01:23:06+00:00,0,1,4.0,48.0,0.0,3.8918202981106265,3.0,1.0,1.0,1.0,2.0,0.0,0.0,0.0,0.0,0.0,0.0,0.0,1.0,0.0,0.0,0.0,0.0,9.25,0.0,0.0,0.0,0.0,0.0
pallets/flask,2a314b5e81ad5441583cd7033b576bd3fc67dfa2,2026-03-02T01:23:46+00:00,0,1,1.0,8.0,6.0,2.70805020110221,1.0,0.0,0.0,1.0,0.0,0.0,0.0,0.0,0.0,0.0,0.0,0.0,1.0,0.0,1.0,0.0,0.0,6.0,0.0,0.0,0.0,0.0,0.0
pallets/flask,52f778756020e061cec8f5e384106cfac2dc9113,2026-03-02T01:27:53+00:00,0,1,1.0,8.0,6.0,2.70805020110221,1.0,0.0,0.0,1.0,0.0,0.0,0.0,0.0,0.0,0.0,0.0,0.0,1.0,1.0,0.0,0.0,0.0,8.0,1.0,0.0,0.0,0.0,0.0
pallets/flask,a29f88ce6f2f9843bd6fcbbfce1390a2071965d6,2026-03-04T15:36:18+00:00,0,1,4.0,55.0,8.0,4.1588830833596715,2.0,1.0,2.0,0.0,2.0,0.0,0.0,0.0,0.0,0.0,1.0,0.0,0.0,0.0,0.0,0.0,0.0,5.0,37.0,0.0,1.0,0.0,0.0
pallets/flask,3a9d54f3da1de540adfdf6f1e2dea6fc0006e15d,2026-03-04T15:36:28+00:00,0,1,3.0,35.0,2.0,3.6375861597263857,1.0,1.0,1.0,0.0,2.0,0.0,0.0,0.0,0.0,0.0,1.0,0.0,0.0,1.0,0.0,0.0,0.0,3.6666666666666665,37.0,0.0,1.0,0.0,0.0
pallets/flask,14c80085434894d5a26a4e1cee7f4f4f3b97d9ce,2026-03-07T05:42:02+00:00,0,1,2.0,18.0,1.0,2.995732273553991,2.0,1.0,1.0,1.0,0.0,0.0,0.0,0.0,0.0,0.0,0.0,0.0,1.0,0.0,0.0,0.0,0.0,3.5,0.0,0.0,1.0,0.0,0.0
pallets/flask,560c119e3dc33b35b9c57172fae521d99c2a1421,2026-03-08T23:11:51+00:00,0,1,5.0,51.0,9.0,4.110873864173311,0.0,0.0,0.0,0.0,0.0,0.0,5.0,1.0,0.0,0.0,0.0,0.0,1.0,0.0,0.0,0.0,0.0,5.4,39.0,0.0,1.0,0.0,0.0
pallets/flask,4774385abdc04d3b0d02dcbed6543bc100f23f6e,2026-03-08T23:15:03+00:00,0,1,5.0,51.0,9.0,4.110873864173311,0.0,0.0,0.0,0.0,0.0,0.0,5.0,1.0,0.0,0.0,0.0,0.0,0.0,1.0,0.0,0.0,0.0,6.4,40.0,0.0,1.0,0.0,0.0
pallets/flask,a197702e2cbcdd43c0d09296b3cea02efe16e407,2026-03-08T23:20:15+00:00,0,1,6.0,617.0,495.0,7.014814351275545,0.0,1.0,1.0,0.0,0.0,0.0,5.0,1.0,0.0,0.0,1.0,0.0,0.0,0.0,0.0,0.0,0.0,9.0,41.0,0.0,1.0,0.0,0.0
pallets/flask,4cae5d8e411b1e69949d8fae669afeacbd3e5908,2026-03-08T23:24:19+00:00,0,1,7.0,457.0,379.0,6.729824070489475,0.0,1.0,1.0,0.0,0.0,0.0,6.0,1.0,0.0,0.0,1.0,0.0,0.0,1.0,0.0,0.0,0.0,9.142857142857142,42.0,0.0,1.0,0.0,0.0
pallets/flask,274b59fb287e6d25f100f51e84042f10ff3cae27,2026-03-11T05:53:45+00:00,0,1,1.0,0.0,1.0,0.6931471805599453,0.0,1.0,1.0,0.0,0.0,0.0,0.0,0.0,0.0,0.0,1.0,0.0,1.0,0.0,0.0,0.0,0.0,0.0,0.0,0.0,0.0,0.0,0.0
pallets/flask,400c7367065ff4fed12f4928944036acf9d825c7,2026-03-15T17:25:54+00:00,0,1,1.0,12.0,0.0,2.5649493574615367,0.0,0.0,0.0,0.0,1.0,0.0,0.0,0.0,0.0,0.0,0.0,1.0,1.0,0.0,0.0,0.0,0.0,0.0,0.0,0.0,1.0,0.0,0.0
pallets/flask,b0af472bec093e4afa43114e2663ee231449ef2c,2026-03-18T14:10:18+00:00,0,1,3.0,142.0,2.0,4.976733742420574,0.0,1.0,1.0,0.0,0.0,1.0,1.0,1.0,0.0,0.0,1.0,0.0,1.0,0.0,0.0,0.0,0.0,14.0,0.0,0.0,1.0,0.0,0.0
pallets/flask,6422bf669e29db4dccebb17becf1f22f1a1634bf,2026-03-22T18:17:55+00:00,0,1,2.0,14.0,1.0,2.772588722239781,2.0,1.0,1.0,1.0,0.0,0.0,0.0,0.0,0.0,0.0,0.0,0.0,1.0,0.0,1.0,0.0,0.0,4.5,0.0,0.0,1.0,0.0,0.0
pallets/flask,8342e6871214defcc98ca5c27ea66f118be4d60c,2026-03-22T23:51:41+00:00,0,1,1.0,1.0,1.0,1.0986122886681098,1.0,1.0,1.0,0.0,0.0,0.0,0.0,0.0,0.0,0.0,1.0,0.0,1.0,0.0,0.0,0.0,0.0,15.0,0.0,0.0,1.0,0.0,0.0
pallets/flask,91c6b3fecf36b1f04554e57cc4060ccb737a445d,2026-03-24T13:54:18+00:00,0,1,1.0,0.0,21.0,3.091042453358316,1.0,0.0,0.0,1.0,0.0,0.0,0.0,0.0,0.0,0.0,0.0,0.0,1.0,0.0,0.0,0.0,0.0,4.0,43.0,0.0,1.0,0.0,0.0
pallets/flask,7ef2946fb5151b745df30201b8c27790cac53875,2026-03-24T13:56:01+00:00,0,1,1.0,0.0,21.0,3.091042453358316,1.0,0.0,0.0,1.0,0.0,0.0,0.0,0.0,0.0,0.0,0.0,0.0,0.0,1.0,0.0,0.0,0.0,5.0,44.0,0.0,1.0,0.0,0.0
pallets/flask,b00c66248d9c7fa5ac52ecd7d39bc1e8fa589f2a,2026-03-27T11:30:49+00:00,0,1,2.0,28.0,6.0,3.5553480614894135,3.0,1.0,1.0,1.0,0.0,0.0,0.0,0.0,0.0,2.0,0.0,0.0,1.0,0.0,0.0,0.0,0.0,4.0,0.0,0.0,1.0,0.0,0.0
pallets/flask,d2e34be0f6240b081b45f08efa2737f7ce62271a,2026-03-27T21:19:34+00:00,0,1,1.0,4.0,2.0,1.9459101490553132,1.0,1.0,1.0,0.0,0.0,0.0,0.0,0.0,0.0,0.0,1.0,0.0,1.0,0.0,0.0,0.0,0.0,0.0,0.0,0.0,1.0,0.0,0.0
pallets/flask,a31e6b73469cb2bf7eb8f70b5ff21f710fd2e23c,2026-04-05T19:31:45+00:00,0,1,1.0,0.0,48.0,3.8918202981106265,3.0,0.0,0.0,1.0,0.0,0.0,0.0,0.0,0.0,0.0,0.0,0.0,0.0,0.0,0.0,0.0,0.0,6.0,45.0,0.0,0.0,0.0,0.0
pallets/flask,258d68b6ff5e2244386540f48b48bab90d6ab827,2026-04-05T19:32:22+00:00,0,1,1.0,0.0,28.0,3.367295829986474,2.0,0.0,0.0,1.0,0.0,0.0,0.0,0.0,0.0,0.0,0.0,0.0,0.0,1.0,0.0,0.0,0.0,6.0,45.0,0.0,0.0,0.0,0.0
pallets/flask,ae3a8d218e326576078be420831878cfafb57f05,2026-04-07T00:18:49+00:00,0,1,1.0,4.0,0.0,1.6094379124341005,1.0,1.0,1.0,0.0,0.0,0.0,0.0,0.0,0.0,0.0,1.0,0.0,1.0,0.0,1.0,0.0,0.0,0.0,0.0,0.0,1.0,0.0,0.0
pallets/flask,5b9396a1977faf8f795c59f5ce7a0e91091a3c02,2026-04-09T21:58:18+00:00,0,1,1.0,45.0,0.0,3.828641396489095,0.0,0.0,0.0,0.0,1.0,0.0,0.0,0.0,0.0,0.0,0.0,1.0,1.0,0.0,0.0,0.0,0.0,0.0,0.0,0.0,0.0,0.0,0.0
pallets/flask,330fc072721f4b0e8bb9f10e268ea31a7e5b82d3,2026-04-10T16:10:26+00:00,0,1,1.0,6.0,6.0,2.5649493574615367,0.0,0.0,0.0,0.0,0.0,1.0,0.0,0.0,0.0,0.0,0.0,0.0,1.0,0.0,1.0,0.0,0.0,0.0,0.0,0.0,0.0,0.0,0.0
pallets/flask,0a3a12aec59d320336df1ea41afe86c903105708,2026-04-15T00:47:23+00:00,0,1,11.0,564.0,0.0,6.336825731146441,0.0,2.0,4.0,0.0,7.0,0.0,1.0,1.0,0.0,0.0,1.0,0.0,1.0,0.0,0.0,0.0,0.0,0.0909090909090909,0.0,0.0,0.0,0.0,0.0
pallets/flask,4fdc3cb3d4020bd8c5afa250893a554b5ec39844,2026-04-15T00:58:09+00:00,0,1,1.0,0.0,1.0,0.6931471805599453,0.0,0.0,0.0,0.0,1.0,0.0,0.0,0.0,0.0,0.0,0.0,1.0,1.0,0.0,1.0,0.0,0.0,1.0,1.0,0.0,1.0,0.0,0.0
pallets/flask,9536b1aeefcd8178f7102cbd68c43a4ed57b183f,2026-04-19T06:57:47+00:00,0,1,3.0,120.0,5.0,4.836281906951478,9.0,1.0,1.0,1.0,1.0,0.0,0.0,0.0,0.0,0.0,0.0,0.0,1.0,0.0,0.0,0.0,0.0,9.0,0.0,0.0,0.0,0.0,0.0
pallets/flask,2d12e362ce10ef35887aaa38ae074645581c383e,2026-04-22T23:32:54+00:00,0,1,1.0,10.0,0.0,2.3978952727983707,1.0,1.0,1.0,0.0,0.0,0.0,0.0,0.0,0.0,0.0,1.0,0.0,1.0,0.0,1.0,0.0,0.0,16.0,0.0,0.0,0.0,0.0,0.0
pallets/flask,6f4e80d1efc160d173a9b613ce7f3fa4ec6e222c,2026-04-24T04:30:43+00:00,0,1,1.0,3.0,3.0,1.9459101490553132,0.0,0.0,0.0,0.0,0.0,0.0,1.0,0.0,0.0,0.0,0.0,0.0,1.0,0.0,0.0,0.0,0.0,0.0,0.0,0.0,0.0,0.0,0.0
pallets/flask,cf9491e3da47f17867d362240744ce36e8fb7a64,2026-04-25T09:20:34+00:00,0,1,1.0,18.0,0.0,2.9444389791664403,1.0,0.0,0.0,1.0,0.0,0.0,0.0,0.0,0.0,1.0,0.0,0.0,1.0,0.0,1.0,0.0,0.0,0.0,0.0,0.0,0.0,0.0,0.0
pallets/flask,06ea505ce2b2042af26e96d35ebf159af7c0869d,2026-05-02T03:32:03+00:00,0,1,4.0,38.0,129.0,5.123963979403259,4.0,2.0,2.0,1.0,0.0,1.0,0.0,0.0,0.0,0.0,0.0,0.0,0.0,0.0,0.0,0.0,0.0,11.5,47.0,0.0,0.0,0.0,0.0
pallets/flask,9368fb3f3c52d74534d14c1bef03c79c103356cd,2026-05-02T03:56:49+00:00,0,1,2.0,6.0,1.0,2.0794415416798357,1.0,1.0,1.0,0.0,1.0,0.0,0.0,0.0,0.0,0.0,1.0,0.0,1.0,0.0,0.0,0.0,0.0,16.0,48.0,0.0,1.0,0.0,0.0
pallets/flask,dcbede0cb00df32e7f1895e19e37d5f40a75d1f6,2026-05-02T03:58:59+00:00,0,1,2.0,6.0,1.0,2.0794415416798357,1.0,1.0,1.0,0.0,1.0,0.0,0.0,0.0,0.0,0.0,1.0,0.0,0.0,1.0,0.0,0.0,0.0,17.0,49.0,0.0,1.0,0.0,0.0
pallets/flask,80669a0ea83fdabd4a4cd3da10afaac12394af6f,2026-05-02T04:06:48+00:00,0,1,5.0,56.0,30.0,4.465908118654584,9.0,2.0,3.0,2.0,0.0,0.0,0.0,0.0,0.0,0.0,0.0,0.0,1.0,0.0,0.0,0.0,0.0,10.4,50.0,0.0,1.0,0.0,0.0
pallets/flask,569defc304d9f117bf556dbba6c5301ebb34d62a,2026-05-02T14:56:47+00:00,0,1,1.0,32.0,0.0,3.49650756146648,0.0,0.0,0.0,0.0,1.0,0.0,0.0,0.0,0.0,0.0,0.0,1.0,1.0,0.0,0.0,0.0,0.0,0.0,0.0,0.0,0.0,0.0,0.0
pallets/flask,ee141077bb9b67e285dd428de7b33258601030e0,2026-05-03T13:09:16+00:00,0,1,2.0,239.0,1.0,5.484796933490655,19.0,1.0,1.0,1.0,0.0,0.0,0.0,0.0,0.0,0.0,0.0,0.0,1.0,0.0,0.0,0.0,0.0,0.0,0.0,0.0,0.0,0.0,0.0
pallets/flask,3599ac28be4680b7ea486a4e4decc2cc53840ca9,2026-05-10T23:38:46+00:00,1,1,1.0,20.0,0.0,3.044522437723423,1.0,1.0,1.0,0.0,0.0,0.0,0.0,0.0,0.0,0.0,1.0,0.0,1.0,0.0,0.0,0.0,0.0,18.0,0.0,0.0,0.0,0.0,0.0
pallets/flask,d1c7a30c80cdd6289a3e5bf4b9bc71d26492e001,2026-05-10T23:43:42+00:00,1,1,1.0,1.0,1.0,1.0986122886681098,0.0,1.0,1.0,0.0,0.0,0.0,0.0,0.0,0.0,0.0,1.0,0.0,1.0,0.0,1.0,0.0526315789473684,0.0526315789473684,19.0,1.0,1.0,1.0,1.0,0.05
pallets/flask,3529f0feb945d9fc54700b79d74482da1ad6cfc4,2026-05-10T23:48:24+00:00,0,1,1.0,6.0,9.0,2.772588722239781,1.0,1.0,1.0,0.0,0.0,0.0,0.0,0.0,0.0,0.0,1.0,0.0,1.0,0.0,0.0,0.1,0.1,20.0,2.0,1.0,1.0,1.0,0.1
pallets/flask,a06c847ace000c0fbafc4627ed455c7bf945d823,2026-05-16T14:38:14+00:00,0,1,1.0,1.0,1.0,1.0986122886681098,1.0,1.0,1.0,0.0,0.0,0.0,0.0,0.0,0.0,0.0,1.0,0.0,1.0,0.0,1.0,0.0,0.0,5.0,0.0,0.0,0.0,0.0,0.1
pallets/flask,954f5684e4841aad84a8eec7ace7b81a0d3f6831,2026-05-18T23:35:55+00:00,1,1,3.0,441.0,383.0,6.715383386334681,2.0,2.0,2.0,0.0,0.0,0.0,1.0,0.0,0.0,0.0,1.0,0.0,0.0,0.0,0.0,0.0,0.0,11.0,51.0,0.0,0.0,0.0,0.1
pallets/flask,0d2d49e77975249d36135f96dab5fcdd4f6d14d6,2026-05-19T17:38:03+00:00,1,1,2.0,25.0,1.0,3.295836866004329,4.0,1.0,1.0,1.0,0.0,0.0,0.0,0.0,0.0,0.0,0.0,0.0,1.0,0.0,1.0,0.1428571428571428,0.0714285714285714,7.0,0.0,0.0,1.0,1.0,0.15
pallets/flask,b70441f721c1063af510df40ff0ef71cb22b7a2a,2026-05-21T17:18:18+00:00,1,1,1.0,4.0,1.0,1.791759469228055,1.0,1.0,1.0,0.0,0.0,0.0,0.0,0.0,0.0,0.0,1.0,0.0,1.0,0.0,0.0,0.0,0.0,3.0,0.0,0.0,1.0,1.0,0.2
pallets/flask,4b472666284286b193606b957d6f3bc21d0e349c,2026-05-24T23:39:12+00:00,1,1,1.0,4.0,2.0,1.9459101490553132,0.0,0.0,0.0,1.0,0.0,0.0,0.0,0.0,0.0,0.0,0.0,0.0,1.0,0.0,1.0,0.0,0.0,0.0,0.0,0.0,0.0,0.0,0.25
pallets/flask,f9646ab1ac5f20de032ecb21501ebc3a2c618bc3,2026-05-24T23:40:23+00:00,1,1,1.0,2.0,0.0,1.0986122886681098,0.0,0.0,0.0,0.0,1.0,0.0,0.0,0.0,0.0,0.0,0.0,1.0,1.0,0.0,1.0,0.0,0.0,0.0,1.0,1.0,1.0,1.0,0.3
pallets/flask,b6ca6c99f48d83abf895fe693cf6ae7ab1450fb0,2026-05-26T03:40:30+00:00,0,1,1.0,3.0,3.0,1.9459101490553132,1.0,1.0,1.0,0.0,0.0,0.0,0.0,0.0,0.0,0.0,1.0,0.0,1.0,0.0,1.0,0.25,0.25,8.0,0.0,0.0,1.0,1.0,0.35
pallets/flask,cce3a8f3e1ac1ff14fbfcac6d47af9618940b557,2026-05-31T07:04:38+00:00,1,1,1.0,1.0,2.0,1.3862943611198906,0.0,1.0,1.0,0.0,0.0,0.0,0.0,0.0,0.0,0.0,1.0,0.0,1.0,0.0,0.0,0.2222222222222222,0.2222222222222222,9.0,0.0,0.0,1.0,1.0,0.35
pallets/flask,4e584a238bfb313c4fa0c9ae741aa6a29a2acf63,2026-05-31T07:07:11+00:00,1,1,1.0,3.0,2.0,1.791759469228055,1.0,1.0,1.0,0.0,0.0,0.0,0.0,0.0,0.0,0.0,1.0,0.0,1.0,0.0,0.0,0.3,0.3,10.0,1.0,1.0,1.0,1.0,0.4
pallets/flask,193a049b9641451a71e24abf16951796ed3f843d,2026-05-31T07:09:09+00:00,0,1,1.0,5.0,1.0,1.9459101490553132,1.0,1.0,1.0,0.0,0.0,0.0,0.0,0.0,0.0,0.0,1.0,0.0,1.0,0.0,0.0,0.3636363636363636,0.3636363636363636,11.0,2.0,1.0,1.0,1.0,0.45
pallets/flask,c6e53304dfe814f8b4db812e363d8ac3b5728f8e,2026-05-31T07:54:07+00:00,1,1,1.0,10.0,0.0,2.3978952727983707,0.0,1.0,1.0,0.0,0.0,0.0,0.0,0.0,0.0,0.0,1.0,0.0,1.0,0.0,0.0,0.0,0.0,0.0,0.0,0.0,1.0,1.0,0.45
pallets/flask,8743c743afaeb6b190a69927c9a83e9abd93395d,2026-05-31T07:55:56+00:00,1,1,1.0,10.0,2.0,2.5649493574615367,0.0,1.0,1.0,0.0,0.0,0.0,0.0,0.0,0.0,0.0,1.0,0.0,1.0,0.0,0.0,0.0,0.0,1.0,1.0,1.0,1.0,1.0,0.5
pallets/flask,36e4a824f340fdee7ed50937ba8e7f6bc7d17f81,2026-05-31T14:42:54+00:00,1,1,1.0,1.0,1.0,1.0986122886681098,1.0,1.0,1.0,0.0,0.0,0.0,0.0,0.0,0.0,0.0,1.0,0.0,0.0,0.0,0.0,0.3333333333333333,0.3333333333333333,12.0,52.0,0.0192307692307692,1.0,1.0,0.55
pallets/flask,8285adf5a4f572dbf7a0a3b8f3a96ca0b19c50a4,2026-06-10T18:03:32+00:00,0,1,9.0,1003.0,661.0,7.417580402414544,3.0,3.0,3.0,0.0,0.0,0.0,6.0,1.0,0.0,0.0,1.0,0.0,0.0,0.0,0.0,0.3846153846153846,0.0655048076923077,9.88888888888889,53.0,0.0377358490566037,0.0,0.0,0.6
pallets/flask,2bc4bd4c3698a17f104fee9b9aac3ba7640f23d8,2026-06-17T06:30:16+00:00,1,1,2.0,17.0,0.0,2.8903717578961645,2.0,1.0,1.0,1.0,0.0,0.0,0.0,0.0,0.0,0.0,0.0,0.0,1.0,0.0,0.0,0.0,0.0,6.0,0.0,0.0,1.0,1.0,0.6
pallets/flask,c1900e69adb2e8528fbe955d684c52e609b905e2,2026-06-22T09:14:57+00:00,1,1,1.0,14.0,0.0,2.70805020110221,1.0,0.0,0.0,1.0,0.0,0.0,0.0,0.0,0.0,0.0,0.0,0.0,1.0,0.0,0.0,0.0,0.0,0.0,0.0,0.0,1.0,1.0,0.65
pallets/flask,568c2e91250c6029690148c549fc702637ea07fd,2026-06-23T21:12:59+00:00,1,1,5.0,42.0,1.0,3.784189633918261,3.0,2.0,2.0,2.0,1.0,0.0,0.0,0.0,0.0,0.0,0.0,0.0,1.0,1.0,0.0,0.25,0.0625,7.4,0.0,0.0,1.0,1.0,0.7
pallets/flask,8b0d81df63bbcbdca0b71e1d442e7812b5da172e,2026-06-23T22:11:03+00:00,1,1,1.0,1.0,1.0,1.0986122886681098,0.0,0.0,0.0,0.0,1.0,0.0,0.0,0.0,0.0,0.0,0.0,1.0,1.0,0.0,0.0,0.0454545454545454,0.0454545454545454,22.0,1.0,1.0,1.0,1.0,0.75
pallets/flask,cc4bc94a75f00f2570cabf72cf1fdb316ae3d917,2026-06-24T06:41:24+00:00,1,1,5.0,42.0,1.0,3.784189633918261,3.0,2.0,2.0,2.0,1.0,0.0,0.0,0.0,0.0,0.0,0.0,0.0,1.0,0.0,0.0,1.0,0.3822397891963109,8.6,2.0,1.0,1.0,1.0,0.75
pallets/flask,eca982ffb5651b3f8bc1d71e91b4e65b14eb7338,2026-06-29T10:29:54+00:00,0,2,1.0,11.0,1.0,2.5649493574615367,2.0,1.0,1.0,0.0,0.0,0.0,0.0,0.0,0.0,0.0,1.0,0.0,1.0,0.0,0.0,0.0952380952380952,0.0952380952380952,21.0,0.0,0.0,1.0,0.0,0.75
pallets/flask,1fb7bf3ee606fa1be33b19593bab7e0117d03a6e,2026-07-02T06:56:19+00:00,1,1,4.0,161.0,0.0,5.087596335232384,0.0,1.0,1.0,0.0,1.0,1.0,1.0,0.0,0.0,0.0,1.0,0.0,1.0,0.0,0.0,0.0,0.0,0.0,0.0,0.0,1.0,1.0,0.75
pallets/flask,498f13135acdf045c40bad193ec44c94277f32fb,2026-07-02T07:39:52+00:00,1,1,2.0,15.0,7.0,3.1354942159291497,1.0,0.0,0.0,2.0,0.0,0.0,0.0,0.0,0.0,0.0,0.0,0.0,1.0,0.0,1.0,0.125,0.0625,5.5,0.0,0.0,1.0,1.0,0.8
pallets/flask,a564e00f9a15341cdb3b8779cb80ba3eb0dc0879,2026-07-02T07:47:53+00:00,1,1,2.0,16.0,7.0,3.1780538303479458,1.0,0.0,0.0,2.0,0.0,0.0,0.0,0.0,0.0,0.0,0.0,0.0,1.0,0.0,1.0,0.25,0.2361111111111111,6.5,1.0,1.0,1.0,1.0,0.8
pallets/flask,cd3abc736a34ae9ca2781c688a675d836b417e71,2026-07-02T07:56:55+00:00,1,1,2.0,5.0,4.0,2.302585092994046,2.0,0.0,0.0,2.0,0.0,0.0,0.0,0.0,0.0,0.0,0.0,0.0,1.0,0.0,1.0,0.5,0.25,4.0,1.0,1.0,1.0,1.0,0.8
pallets/flask,b9f56e1bda47918f914cb2f025fbb0bab681beff,2026-07-02T10:19:19+00:00,1,1,3.0,0.0,0.0,0.0,0.0,1.0,3.0,0.0,0.0,0.0,0.0,0.0,0.0,0.0,1.0,0.0,1.0,0.0,0.0,0.0,0.0,0.0,2.0,1.0,1.0,1.0,0.8
pallets/flask,ba46b01888b838545e4d84d2baf9deaebe1ba865,2026-07-02T11:06:08+00:00,1,2,4.0,0.0,0.0,0.0,0.0,1.0,3.0,0.0,1.0,0.0,0.0,0.0,0.0,0.0,1.0,0.0,1.0,0.0,0.0,1.0,1.0,0.25,0.0,0.0,0.0,0.0,0.8
pallets/flask,3d7aa8089d8bc5c0e7f15fdd40cde05182c3a6cf,2026-07-02T15:06:52+00:00,1,1,2.0,34.0,0.0,3.5553480614894135,0.0,1.0,1.0,0.0,0.0,0.0,1.0,0.0,0.0,0.0,1.0,0.0,1.0,0.0,0.0,1.0,1.0,1.0,0.0,0.0,1.0,1.0,0.8
pallets/flask,ec082fa72816c856ee287e68c934487fc23c01c4,2026-07-02T15:55:25+00:00,1,1,2.0,10.0,9.0,2.995732273553991,3.0,0.0,0.0,2.0,0.0,0.0,0.0,0.0,0.0,0.0,0.0,0.0,1.0,0.0,1.0,0.4,0.35,7.5,0.0,0.0,1.0,1.0,0.85
pallets/flask,459fa5450bcae76637a250ea7ee5a50171572253,2026-07-02T16:03:11+00:00,1,1,2.0,18.0,9.0,3.332204510175204,3.0,0.0,0.0,2.0,0.0,0.0,0.0,0.0,0.0,0.0,0.0,0.0,1.0,0.0,1.0,0.5,0.4318181818181818,8.5,1.0,1.0,1.0,1.0,0.85
pallets/flask,b77ac14eb9247f8ec8d5644b5ee57c180692134c,2026-07-02T16:12:26+00:00,1,1,5.0,31.0,12.0,3.784189633918261,4.0,1.0,1.0,4.0,0.0,0.0,0.0,0.0,0.0,0.0,0.0,0.0,1.0,0.0,1.0,0.6,0.429047619047619,8.6,2.0,1.0,1.0,1.0,0.85
pallets/flask,36679652c130c4f3ea6590e9f216639eb981f7a6,2026-07-02T16:15:29+00:00,1,1,4.0,30.0,11.0,3.737669618283368,3.0,0.0,0.0,4.0,0.0,0.0,0.0,0.0,0.0,0.0,0.0,0.0,1.0,0.0,1.0,0.6666666666666666,0.5216346153846153,8.25,3.0,1.0,1.0,1.0,0.9
pallets/flask,29cc2a3e8ecdfbf9b8546a589e3a9acfbda08095,2026-07-02T16:17:24+00:00,0,1,5.0,42.0,12.0,4.007333185232471,4.0,1.0,1.0,4.0,0.0,0.0,0.0,0.0,0.0,0.0,0.0,0.0,1.0,0.0,1.0,0.7142857142857143,0.5419047619047619,10.4,4.0,1.0,1.0,1.0,0.9
pallets/flask,460364fd42b401676c52cc6f276b0bf901aa9738,2026-07-04T04:58:02+00:00,1,1,1.0,3.0,0.0,1.3862943611198906,1.0,1.0,1.0,0.0,0.0,0.0,0.0,0.0,0.0,0.0,1.0,0.0,1.0,0.0,1.0,0.0,0.0,16.0,0.0,0.0,1.0,1.0,0.85
pallets/flask,60ec3ed3d7a573a8bfb39fb8d053b424bfcfee49,2026-07-04T05:01:30+00:00,0,1,1.0,1.0,1.0,1.0986122886681098,1.0,1.0,1.0,0.0,0.0,0.0,0.0,0.0,0.0,0.0,1.0,0.0,1.0,0.0,1.0,0.375,0.375,16.0,1.0,1.0,1.0,1.0,0.85
pallets/flask,ae0392cbdd9c1fdf0f42a5c73080db25212d2959,2026-07-07T12:58:18+00:00,1,1,2.0,14.0,7.0,3.091042453358316,1.0,0.0,0.0,2.0,0.0,0.0,0.0,0.0,0.0,0.0,0.0,0.0,1.0,0.0,1.0,0.6,0.5333333333333333,12.5,0.0,0.0,1.0,1.0,0.85
pallets/flask,8816f161cfe40e782a322f68821ff919e3faf695,2026-07-07T16:29:24+00:00,1,1,2.0,14.0,29.0,3.784189633918261,4.0,0.0,0.0,2.0,0.0,0.0,0.0,0.0,0.0,0.0,0.0,0.0,1.0,0.0,0.0,0.6363636363636364,0.5681818181818181,13.5,0.0,0.0,1.0,1.0,0.85
pallets/flask,02b143f2da3960bdf26766afeaf3ca76f080eb3a,2026-07-08T05:25:34+00:00,1,1,1.0,1.0,0.0,0.6931471805599453,0.0,1.0,1.0,0.0,0.0,0.0,0.0,0.0,0.0,0.0,1.0,0.0,1.0,0.0,0.0,0.0909090909090909,0.0909090909090909,22.0,0.0,0.0,1.0,1.0,0.85
pallets/flask,c0c2bc26ded542b40a479487a9272c1ced66f2e0,2026-07-09T21:05:02+00:00,1,1,2.0,27.0,43.0,4.2626798770413155,7.0,0.0,0.0,2.0,0.0,0.0,0.0,0.0,0.0,0.0,0.0,0.0,1.0,0.0,0.0,0.6666666666666666,0.5980392156862745,14.5,0.0,0.0,1.0,1.0,0.85
pallets/flask,17cadf7e1d683a91e35d4d3c92b45cd848563c4f,2026-07-09T21:58:32+00:00,1,1,3.0,36.0,0.0,3.610917912644224,2.0,1.0,1.0,1.0,1.0,0.0,0.0,0.0,0.0,1.0,0.0,0.0,1.0,0.0,0.0,0.1666666666666666,0.0972222222222222,14.0,0.0,0.0,1.0,1.0,0.85
pallets/flask,a43b0e460fc268a569db3363792a5a1c191d3382,2026-07-10T11:42:07+00:00,1,1,5.0,31.0,4.0,3.58351893845611,3.0,2.0,2.0,2.0,1.0,0.0,0.0,0.0,0.0,0.0,0.0,0.0,1.0,0.0,0.0,1.0,0.5889423076923077,5.8,0.0,0.0,1.0,1.0,0.85
pallets/flask,049d1e8e3290e871700a5fd4de4a088533e05d80,2026-07-11T01:11:55+00:00,1,1,3.0,33.0,24.0,4.060443010546419,4.0,0.0,0.0,2.0,1.0,0.0,0.0,0.0,0.0,0.0,0.0,0.0,1.0,0.0,0.0,0.6923076923076923,0.4692877492877493,18.666666666666668,0.0,0.0,1.0,1.0,0.9
pallets/flask,b582518f5d275af891709fb5dce9af180ee95c6a,2026-07-14T04:41:37+00:00,1,1,2.0,8.0,2.0,2.3978952727983707,2.0,1.0,2.0,0.0,0.0,0.0,0.0,0.0,0.0,0.0,1.0,0.0,1.0,0.0,1.0,0.1304347826086956,0.0652173913043478,13.0,0.0,0.0,1.0,1.0,0.9
pallets/flask,bcad8d2a467919c21b99eda27d862d1fd8db3b3a,2026-07-14T10:21:36+00:00,1,1,3.0,18.0,34.0,3.970291913552122,6.0,0.0,0.0,2.0,1.0,0.0,0.0,0.0,0.0,0.0,0.0,0.0,1.0,0.0,0.0,0.7142857142857143,0.495180258338153,19.666666666666668,0.0,0.0,1.0,1.0,0.9
pallets/flask,67d2e8f7e018dc7c64f6fccc1fb420b7f7dd0164,2026-07-14T15:30:52+00:00,0,1,2.0,8.0,4.0,2.5649493574615367,2.0,1.0,1.0,1.0,0.0,0.0,0.0,0.0,0.0,0.0,0.0,0.0,1.0,0.0,1.0,0.2857142857142857,0.2261904761904761,19.0,0.0,0.0,0.0,0.0,0.9
pallets/flask,7b9583381c485030106f2ce292a101288c8c8d1c,2026-07-16T21:16:15+00:00,1,1,24.0,1309.0,0.0,7.177782416195197,33.0,9.0,24.0,0.0,0.0,0.0,0.0,0.0,2.0,2.0,1.0,0.0,1.0,0.0,0.0,0.3529411764705882,0.3529411764705882,0.7083333333333334,0.0,0.0,0.0,0.0,0.85
pallets/flask,f1946be8e487d2029b39198fc2ee7e3046ce8a15,2026-07-20T01:51:17+00:00,1,1,2.0,20.0,27.0,3.871201010907891,4.0,0.0,0.0,2.0,0.0,0.0,0.0,0.0,0.0,0.0,0.0,0.0,1.0,0.0,0.0,0.7333333333333333,0.6666666666666666,17.5,0.0,0.0,1.0,1.0,0.85
pallets/flask,6580ef922c92ec98c341850ddf392b7ef0e862e1,2026-07-20T20:28:35+00:00,1,1,2.0,31.0,1.0,3.49650756146648,4.0,1.0,1.0,1.0,0.0,0.0,0.0,0.0,0.0,0.0,0.0,0.0,1.0,0.0,0.0,0.2666666666666666,0.2133333333333333,20.0,0.0,0.0,1.0,1.0,0.85
pallets/flask,20286f018914643d27a54dddfdb1d3de99a07c04,2026-07-22T00:43:04+00:00,0,1,4.0,50.0,13.0,4.1588830833596715,5.0,0.0,0.0,4.0,0.0,0.0,0.0,0.0,0.0,0.0,0.0,0.0,1.0,0.0,1.0,0.75,0.6026785714285714,13.5,0.0,0.0,1.0,0.0,0.85
pallets/flask,c61252cda7adf56230f4fe6de4a28a70e5fb3cf2,2026-07-22T01:39:00+00:00,0,1,3.0,29.0,7.0,3.610917912644224,5.0,1.0,1.0,2.0,0.0,0.0,0.0,0.0,0.0,0.0,0.0,0.0,1.0,0.0,1.0,0.3333333333333333,0.2348856209150326,14.0,1.0,0.0,1.0,0.0,0.8
pallets/flask,ce2c53a2e6d39e3de2f0e9e2ba424535f91c7197,2026-07-22T01:45:19+00:00,0,1,2.0,11.0,16.0,3.332204510175204,4.0,0.0,0.0,2.0,0.0,0.0,0.0,0.0,0.0,0.0,0.0,0.0,1.0,0.0,1.0,0.3,0.2970588235294117,13.5,2.0,0.0,1.0,0.0,0.75
pallets/flask,ef69acd76b592353eaa5ae3fef3a76da9b2c431a,2026-07-22T07:55:25+00:00,1,1,4.0,15.0,15.0,3.4339872044851463,2.0,1.0,2.0,0.0,2.0,0.0,0.0,0.0,0.0,0.0,1.0,0.0,1.0,0.0,0.0,0.3888888888888889,0.2905982905982906,11.0,0.0,0.0,1.0,1.0,0.7
pallets/flask,95e3175439a955afd3c9c9ad0a7a5864696122de,2026-07-24T10:30:10+00:00,1,1,1.0,0.0,1.0,0.6931471805599453,1.0,1.0,1.0,0.0,0.0,0.0,0.0,0.0,0.0,0.0,1.0,0.0,1.0,0.0,0.0,0.2222222222222222,0.2222222222222222,27.0,0.0,0.0,1.0,1.0,0.7
pallets/flask,8b4d75213cc47836101509b131eec29278bd13a4,2026-07-25T14:43:51+00:00,1,1,1.0,3.0,0.0,1.3862943611198906,0.0,0.0,0.0,0.0,0.0,1.0,0.0,0.0,0.0,0.0,0.0,0.0,1.0,0.0,0.0,0.0,0.0,1.0,0.0,0.0,1.0,1.0,0.75
pallets/flask,c9890fe3415a1a42ef708f60ed0f74984f591930,2026-07-27T20:04:53+00:00,1,1,2.0,4.0,2.0,1.9459101490553132,2.0,1.0,2.0,0.0,0.0,0.0,0.0,0.0,0.0,0.0,1.0,0.0,1.0,0.0,1.0,0.25,0.25,16.0,0.0,0.0,1.0,1.0,0.75
pallets/flask,8058f14d4ad1cf4d0369cca426933b956b352818,2026-07-30T14:29:03+00:00,1,1,1.0,7.0,9.0,2.833213344056216,3.0,1.0,1.0,0.0,0.0,0.0,0.0,0.0,0.0,0.0,1.0,0.0,1.0,0.0,1.0,1.0,1.0,3.0,0.0,0.0,1.0,1.0,0.8
pallets/flask,358688409fe9a57155120431679a22335b08fa8b,2026-07-30T14:37:15+00:00,1,1,0.0,0.0,0.0,0.0,0.0,0.0,0.0,0.0,0.0,0.0,0.0,0.0,0.0,0.0,0.0,0.0,1.0,0.0,1.0,0.0,0.0,0.0,1.0,1.0,1.0,1.0,0.8
pallets/flask,5ce121dd841e2dc2594d0ed3954278f4101d3521,2026-07-30T17:02:33+00:00,0,1,2.0,17.0,34.0,3.951243718581427,6.0,0.0,0.0,2.0,0.0,0.0,0.0,0.0,0.0,0.0,0.0,0.0,1.0,0.0,0.0,0.7058823529411765,0.6483957219251337,19.5,1.0,1.0,1.0,0.0,0.8
pallets/flask,548994ea0c61465574cbfdd636a894a692f54b94,2026-07-30T17:05:08+00:00,0,1,2.0,17.0,34.0,3.951243718581427,6.0,0.0,0.0,2.0,0.0,0.0,0.0,0.0,0.0,0.0,0.0,0.0,0.0,1.0,0.0,0.6666666666666666,0.6159420289855072,20.5,54.0,0.037037037037037,1.0,0.0,0.75
pallets/flask,30d1c5d6fcbd62d9e902209d7a207f7510e9f5dc,2026-07-30T17:28:04+00:00,0,1,2.0,3.0,0.0,1.3862943611198906,0.0,0.0,0.0,0.0,0.0,1.0,1.0,1.0,0.0,0.0,0.0,0.0,0.0,0.0,0.0,0.0,0.0,16.5,55.0,0.0363636363636363,0.0,0.0,0.7
pallets/flask,6a2f545bfd8ed31e19066a299296917e034aca58,2026-07-30T17:29:56+00:00,0,1,16.0,814.0,630.0,7.275864600546533,8.0,4.0,4.0,2.0,0.0,4.0,6.0,1.0,0.0,0.0,0.0,0.0,0.0,1.0,0.0,0.631578947368421,0.1567773042231246,10.125,56.0,0.0357142857142857,1.0,1.0,0.65
pallets/flask,57a8ff0d23138d87f816f6dc3536bb797239887a,2026-07-30T18:53:24+00:00,0,1,2.0,19.0,1.0,3.044522437723423,2.0,1.0,1.0,1.0,0.0,0.0,0.0,0.0,0.0,0.0,0.0,0.0,1.0,0.0,0.0,0.0,0.0,0.5,0.0,0.0,1.0,0.0,0.6
pallets/flask,f95f83b0c12a36c0ee125e316915bd738f11a680,2026-07-31T03:20:49+00:00,1,1,1.0,16.0,157.0,5.159055299214529,8.0,1.0,1.0,0.0,0.0,0.0,0.0,0.0,0.0,0.0,1.0,0.0,1.0,0.0,1.0,0.4,0.4,5.0,0.0,0.0,1.0,0.0,0.55
pallets/flask,9ff11f23a7cdcec6061658176a8e59d246b680a9,2026-08-01T08:05:09+00:00,0,1,2.0,17.0,3.0,3.044522437723423,2.0,1.0,1.0,1.0,0.0,0.0,0.0,0.0,0.0,0.0,0.0,0.0,1.0,0.0,1.0,0.5,0.25,5.5,0.0,0.0,1.0,0.0,0.55
pallets/flask,f01a29918ab9990ed1bc9b02d0bb8604e40d3d76,2026-08-01T12:01:44+00:00,0,1,3.0,25.0,1.0,3.295836866004329,2.0,1.0,1.0,1.0,1.0,0.0,0.0,0.0,0.0,0.0,0.0,0.0,1.0,0.0,0.0,0.2222222222222222,0.074074074074074,10.0,0.0,0.0,1.0,0.0,0.5
pallets/flask,a962211f9e365fb4e1ce0e0e11c68677f13b9594,2026-08-02T15:46:37+00:00,0,1,1.0,3.0,0.0,1.3862943611198906,1.0,1.0,1.0,0.0,0.0,0.0,0.0,0.0,0.0,0.0,1.0,0.0,1.0,0.0,0.0,0.0,0.0,0.0,0.0,0.0,1.0,0.0,0.5
pallets/flask,6d5b099e8f36f357bfecee8b721a4323e411dc0d,2026-08-08T16:55:23+00:00,0,1,2.0,60.0,11.0,4.276666119016055,4.0,1.0,1.0,1.0,0.0,0.0,0.0,0.0,0.0,0.0,0.0,0.0,1.0,0.0,1.0,0.0,0.0,5.5,0.0,0.0,1.0,0.0,0.45
pallets/flask,faff6713d44fffbd7504281eebb324e254c7ac7e,2026-08-09T09:43:58+00:00,1,1,4.0,26.0,4.0,3.4339872044851463,4.0,1.0,2.0,2.0,0.0,0.0,0.0,0.0,0.0,0.0,0.0,0.0,1.0,0.0,1.0,0.4285714285714285,0.2455528188286808,15.0,0.0,0.0,1.0,0.0,0.4
pallets/flask,d5227024e132d9b06a1e299755a8c0ee9f49b0a8,2026-08-09T20:48:52+00:00,0,1,4.0,43.0,1.0,3.80666248977032,4.0,2.0,2.0,1.0,1.0,0.0,0.0,0.0,0.0,0.0,0.0,0.0,1.0,0.0,0.0,1.0,0.5964285714285714,12.25,0.0,0.0,1.0,0.0,0.4
pallets/flask,f6b0eb66ce2042cb05a4422e6066db29f7d46c48,2026-08-10T14:58:53+00:00,0,1,1.0,14.0,1.0,2.772588722239781,1.0,1.0,1.0,0.0,0.0,0.0,0.0,0.0,0.0,0.0,1.0,0.0,1.0,0.0,1.0,0.0,0.0,10.0,0.0,0.0,1.0,0.0,0.4
pallets/flask,d4b860086c3b398dd6522067ba622498e7a88301,2026-08-10T15:21:11+00:00,0,1,4.0,36.0,2.0,3.6635616461296463,4.0,1.0,2.0,2.0,0.0,0.0,0.0,0.0,0.0,0.0,0.0,0.0,1.0,0.0,1.0,0.5,0.3146616541353383,16.0,0.0,0.0,1.0,0.0,0.4
pallets/flask,8b4fd5d18611e63080b826ecfefe8659dba7d2e4,2026-08-10T23:45:08+00:00,0,1,2.0,6.0,10.0,2.833213344056216,4.0,0.0,0.0,2.0,0.0,0.0,0.0,0.0,0.0,0.0,0.0,0.0,0.0,0.0,0.0,0.5454545454545454,0.409090909090909,11.0,57.0,0.0350877192982456,1.0,0.0,0.4
pallets/flask,9ca49ab8b75097cbc34f1dd5d72efa61f2f18cc7,2026-08-11T09:27:02+00:00,0,1,1.0,1.0,1.0,1.0986122886681098,1.0,1.0,1.0,0.0,0.0,0.0,0.0,0.0,0.0,0.0,1.0,0.0,1.0,0.0,0.0,0.0,0.0,11.0,0.0,0.0,1.0,0.0,0.35
pallets/flask,81798b406f97ffe4795d2c9fc18db7db744a96dc,2026-08-11T19:03:20+00:00,0,1,5.0,8.0,8.0,2.833213344056216,1.0,1.0,1.0,0.0,4.0,0.0,0.0,0.0,0.0,0.0,1.0,0.0,0.0,0.0,1.0,0.2903225806451613,0.2486095661846496,12.0,58.0,0.0344827586206896,1.0,0.0,0.3
pallets/flask,514fc6b3e8402e4c646d5284e97a4f0ab50a7c4b,2026-08-11T19:44:05+00:00,0,1,5.0,8.0,8.0,2.833213344056216,1.0,1.0,1.0,0.0,4.0,0.0,0.0,0.0,0.0,0.0,1.0,0.0,0.0,1.0,0.0,0.28125,0.09625,13.0,59.0,0.0338983050847457,1.0,0.0,0.25
pallets/flask,7203feabf723edae0286ae5dc64fec8ac4c91735,2026-08-11T19:47:24+00:00,0,1,2.0,8.0,4.0,2.5649493574615367,2.0,1.0,1.0,1.0,0.0,0.0,0.0,0.0,0.0,0.0,0.0,0.0,1.0,0.0,1.0,0.3,0.2863636363636364,26.5,1.0,0.0,0.0,0.0,0.2
pallets/flask,05e9c6bd630ecf4ec0ec884b1fc7901663737bc7,2026-08-11T19:48:43+00:00,0,1,4.0,23.0,5.0,3.367295829986474,4.0,1.0,2.0,2.0,0.0,0.0,0.0,0.0,0.0,0.0,0.0,0.0,0.0,1.0,1.0,0.4444444444444444,0.2799661531279178,18.0,60.0,0.0333333333333333,1.0,0.0,0.15
pallets/flask,3596b1ab61cea85edb8970e83ff61daa073facf8,2026-08-11T19:56:15+00:00,0,1,1.0,1.0,0.0,0.6931471805599453,0.0,0.0,0.0,0.0,1.0,0.0,0.0,0.0,0.0,0.0,0.0,1.0,0.0,0.0,0.0,0.1935483870967742,0.1935483870967742,31.0,61.0,0.0327868852459016,1.0,0.0,0.1
pallets/flask,89992954ec71b594b1b911f98977cdc8ad46a057,2026-08-11T20:17:33+00:00,0,1,3.0,14.0,2.0,2.833213344056216,2.0,1.0,1.0,1.0,1.0,0.0,0.0,0.0,0.0,0.0,0.0,0.0,1.0,0.0,0.0,0.5,0.3200757575757575,20.666666666666668,62.0,0.032258064516129,1.0,0.0,0.1
pallets/flask,d8eaaba824655046958d1a97f11780de460c3271,2026-08-11T20:19:17+00:00,0,1,3.0,14.0,2.0,2.833213344056216,2.0,1.0,1.0,1.0,1.0,0.0,0.0,0.0,0.0,0.0,0.0,0.0,0.0,1.0,0.0,0.4444444444444444,0.2957107304933392,21.666666666666668,63.0,0.0317460317460317,1.0,0.0,0.1
pallets/flask,a82e942870b6472bb40017349cca772c242eb1ad,2026-08-11T20:21:09+00:00,0,1,5.0,56.0,30.0,4.465908118654584,9.0,2.0,3.0,2.0,0.0,0.0,0.0,0.0,0.0,0.0,0.0,0.0,1.0,0.0,0.0,0.52,0.2965396825396825,24.4,64.0,0.03125,1.0,0.0,0.1
pallets/flask,2a8a38b051fc248865730bf3511bf2e2ea325e81,2026-08-11T22:32:56+00:00,0,1,1.0,1.0,1.0,1.0986122886681098,0.0,1.0,1.0,0.0,0.0,0.0,0.0,0.0,0.0,0.0,1.0,0.0,0.0,0.0,0.0,0.8,0.8,5.0,65.0,0.0307692307692307,1.0,0.0,0.1
pallets/flask,54226222a4abe313d46e704068d32511909442d8,2026-08-16T17:19:30+00:00,0,1,1.0,1.0,1.0,1.0986122886681098,1.0,1.0,1.0,0.0,0.0,0.0,0.0,0.0,0.0,0.0,1.0,0.0,1.0,0.0,1.0,0.0,0.0,12.0,0.0,0.0,1.0,0.0,0.1
pallets/flask,d318b683471101618febed18996405ad26462110,2026-08-16T18:35:37+00:00,0,1,1.0,2.0,2.0,1.6094379124341005,1.0,1.0,1.0,0.0,0.0,0.0,0.0,0.0,0.0,0.0,1.0,0.0,0.0,0.0,0.0,0.0,0.0,13.0,66.0,0.0303030303030303,1.0,0.0,0.05
pallets/flask,b8ad0eeeca19c20541533e29ee1d332b5955fd4d,2026-08-19T04:29:30+00:00,0,1,1.0,7.0,0.0,2.0794415416798357,1.0,0.0,0.0,1.0,0.0,0.0,0.0,0.0,0.0,0.0,0.0,0.0,1.0,0.0,0.0,0.1428571428571428,0.1428571428571428,7.0,0.0,0.0,1.0,0.0,0.05
pallets/flask,ac7ab71c0b63ce9723a1f86c8a5c75e8dd098436,2026-08-23T00:43:14+00:00,0,1,2.0,12.0,1.0,2.6390573296152584,3.0,1.0,1.0,1.0,0.0,0.0,0.0,0.0,0.0,0.0,0.0,0.0,1.0,0.0,0.0,0.0,0.0,2.5,0.0,0.0,1.0,0.0,0.05
pallets/flask,2c9cc4a08415ecc2e098d142dfb99deb18d8bb9a,2026-08-24T13:12:07+00:00,0,1,1.0,3.0,0.0,1.3862943611198906,1.0,1.0,1.0,0.0,0.0,0.0,0.0,0.0,0.0,0.0,1.0,0.0,1.0,0.0,0.0,0.0,0.0,4.0,0.0,0.0,1.0,0.0,0.05
pallets/flask,6ba862ab97b8d566d91db460a0e9b3388f9df6fb,2026-08-28T15:14:02+00:00,0,1,2.0,8.0,2.0,2.3978952727983707,3.0,1.0,1.0,1.0,0.0,0.0,0.0,0.0,0.0,0.0,0.0,0.0,1.0,0.0,0.0,0.1428571428571428,0.1339285714285714,7.5,0.0,0.0,1.0,0.0,0.05
pallets/flask,c809c06d2f0f6a168dc3cf211dc60455059ebeb0,2026-08-29T05:28:27+00:00,0,1,1.0,22.0,0.0,3.1354942159291497,2.0,0.0,0.0,1.0,0.0,0.0,0.0,0.0,0.0,0.0,0.0,0.0,1.0,0.0,1.0,0.24,0.24,25.0,0.0,0.0,0.0,0.0,0.0
pallets/flask,80d2383dfc43ece6ec9e460b63dc7f2f997d3732,2026-08-29T05:54:58+00:00,0,1,1.0,1.0,2.0,1.3862943611198906,1.0,0.0,0.0,1.0,0.0,0.0,0.0,0.0,0.0,0.0,0.0,0.0,1.0,0.0,0.0,0.2307692307692307,0.2307692307692307,26.0,1.0,0.0,1.0,0.0,0.0
pallets/flask,56f3db172de7f3e843a3ebf048f6f475ef700b40,2026-08-31T13:27:55+00:00,1,1,2.0,23.0,2.0,3.258096538021482,3.0,1.0,1.0,1.0,0.0,0.0,0.0,0.0,0.0,0.0,0.0,0.0,1.0,0.0,1.0,0.0,0.0,4.0,0.0,0.0,1.0,0.0,0.0
pallets/flask,c9da3e453482453db862e16b632bee2c3fd4de62,2026-09-01T12:53:36+00:00,0,1,2.0,2.0,0.0,1.0986122886681098,0.0,0.0,0.0,0.0,2.0,0.0,0.0,0.0,0.0,0.0,0.0,1.0,1.0,0.0,0.0,1.0,0.5882352941176471,17.5,0.0,0.0,1.0,0.0,0.05
pallets/flask,e4f64df12156a8a9030023835aa86ffdf95db1a5,2026-09-07T01:36:18+00:00,0,1,3.0,26.0,2.0,3.367295829986474,2.0,1.0,1.0,1.0,1.0,0.0,0.0,0.0,0.0,0.0,0.0,0.0,1.0,0.0,0.0,0.6666666666666666,0.446031746031746,17.666666666666668,0.0,0.0,1.0,0.0,0.05
pallets/flask,baa684c39c5a27568fc202d681744e2c02d87ea8,2026-09-08T16:28:29+00:00,0,1,1.0,2.0,2.0,1.6094379124341005,2.0,1.0,1.0,0.0,0.0,0.0,0.0,0.0,0.0,0.0,1.0,0.0,1.0,0.0,1.0,0.25,0.25,36.0,0.0,0.0,1.0,0.0,0.05
pallets/flask,d73fa1cdcbd8b1465c151db8924ba58b1dd14e35,2026-09-08T16:40:55+00:00,0,1,1.0,2.0,2.0,1.6094379124341005,2.0,1.0,1.0,0.0,0.0,0.0,0.0,0.0,0.0,0.0,1.0,0.0,0.0,0.0,1.0,0.2432432432432432,0.2432432432432432,37.0,67.0,0.0298507462686567,1.0,0.0,0.05
pallets/flask,b9c4d39ed7ded2a7f2ab2ad1aa9c33dd147c82cd,2026-09-11T04:14:24+00:00,0,1,2.0,2.0,0.0,1.0986122886681098,0.0,0.0,0.0,0.0,2.0,0.0,0.0,0.0,0.0,0.0,0.0,1.0,1.0,0.0,0.0,0.5,0.3333333333333333,19.0,0.0,0.0,1.0,0.0,0.05
pallets/flask,afe8961b7cb16262aec39d141452918147ec3af7,2026-09-13T00:08:39+00:00,0,1,1.0,29.0,0.0,3.4011973816621555,2.0,0.0,0.0,1.0,0.0,0.0,0.0,0.0,0.0,0.0,0.0,0.0,1.0,0.0,0.0,0.0,0.0,0.0,0.0,0.0,1.0,0.0,0.05
psf/requests,b25c87d7cb8d6a18a37fa12442b5f883f9e41741,2025-08-18T20:23:22+00:00,0,2,2.0,12.0,2.0,2.70805020110221,0.0,1.0,1.0,0.0,1.0,0.0,0.0,0.0,0.0,0.0,1.0,0.0,0.0,0.0,0.0,0.0,0.0,0.0,0.0,0.0,0.0,0.0,0.0
psf/requests,d889393b7eedc7e41d347885959519ac760aec76,2025-09-02T02:56:19+00:00,0,2,1.0,3.0,3.0,1.9459101490553132,0.0,0.0,0.0,0.0,0.0,0.0,1.0,1.0,0.0,0.0,0.0,0.0,1.0,0.0,0.0,0.0,0.0,0.0,0.0,0.0,0.0,0.0,0.0
psf/requests,1c49660b84c88eeb2695796ce4a68903c00e00c5,2025-09-02T08:15:04+00:00,0,1,1.0,3.0,3.0,1.9459101490553132,0.0,0.0,0.0,0.0,0.0,0.0,1.0,1.0,0.0,0.0,0.0,0.0,0.0,0.0,0.0,0.0,0.0,1.0,1.0,0.0,0.0,0.0,0.0
psf/requests,47fdbfb923c9ce0c9cfb456d6aab235cde404d4c,2025-09-07T09:06:14+00:00,0,1,1.0,6.0,0.0,1.9459101490553132,0.0,0.0,0.0,0.0,1.0,0.0,0.0,0.0,0.0,0.0,0.0,1.0,1.0,0.0,1.0,0.0,0.0,0.0,0.0,0.0,1.0,0.0,0.0
psf/requests,7d8df1df573a01f20a80994685e9f6c375f9c63f,2025-09-08T16:18:39+00:00,0,2,1.0,1.0,1.0,1.0986122886681098,0.0,0.0,0.0,0.0,0.0,0.0,1.0,1.0,0.0,0.0,0.0,0.0,1.0,0.0,0.0,0.0,0.0,0.0,2.0,0.0,1.0,0.0,0.0
psf/requests,3d807f0389a6677a44b9a362d976331fdab00b67,2025-09-08T16:22:59+00:00,0,1,3.0,5.0,5.0,2.3978952727983707,0.0,0.0,0.0,0.0,0.0,0.0,3.0,1.0,0.0,0.0,0.0,0.0,1.0,0.0,0.0,0.0,0.0,0.0,2.0,0.0,1.0,0.0,0.0
psf/requests,5a270e2a95cdf84e746f26face11efdda3aa0127,2025-09-09T00:08:52+00:00,0,1,1.0,1.0,1.0,1.0986122886681098,0.0,0.0,0.0,0.0,0.0,0.0,1.0,1.0,0.0,0.0,0.0,0.0,0.0,1.0,0.0,0.0,0.0,2.0,0.0,0.0,1.0,0.0,0.0
psf/requests,3c8decb92fb9062cac4bdd12d6c0d32fb3a2d119,2025-09-09T00:09:49+00:00,0,2,3.0,5.0,5.0,2.3978952727983707,0.0,0.0,0.0,0.0,0.0,0.0,3.0,1.0,0.0,0.0,0.0,0.0,1.0,0.0,0.0,0.0,0.0,1.3333333333333333,4.0,0.0,0.0,0.0,0.0
psf/requests,420d16bc7ef326f7b65f90e4644adc0f6a0e1d44,2025-09-09T09:00:22+00:00,0,1,3.0,5.0,5.0,2.3978952727983707,0.0,0.0,0.0,0.0,0.0,0.0,3.0,1.0,0.0,0.0,0.0,0.0,0.0,1.0,0.0,0.0,0.0,2.6666666666666665,1.0,0.0,1.0,0.0,0.0
psf/requests,6e4134b204f675268296b2b44c2d52c8a7927b2c,2025-10-13T16:16:08+00:00,0,2,1.0,3.0,3.0,1.9459101490553132,0.0,0.0,0.0,0.0,0.0,0.0,1.0,1.0,0.0,0.0,0.0,0.0,1.0,0.0,0.0,0.0,0.0,2.0,5.0,0.0,1.0,0.0,0.0
psf/requests,70298332899f25826e35e42f8d83425124f755a5,2025-10-15T11:45:45+00:00,0,1,1.0,3.0,3.0,1.9459101490553132,0.0,0.0,0.0,0.0,0.0,0.0,1.0,1.0,0.0,0.0,0.0,0.0,0.0,1.0,0.0,0.0,0.0,3.0,2.0,0.0,1.0,0.0,0.0
psf/requests,8264e6a35d2185609b898b1f61dd626293466876,2026-01-30T19:36:13+00:00,0,2,1.0,1.0,1.0,1.0986122886681098,0.0,0.0,0.0,0.0,0.0,0.0,1.0,1.0,0.0,0.0,0.0,0.0,1.0,0.0,0.0,0.0,0.0,3.0,0.0,0.0,0.0,0.0,0.0
psf/requests,f8bec2f7ca9d7c03981a12ff8866a9b3923f1699,2026-01-30T21:10:31+00:00,0,1,19.0,73.0,72.0,4.983606621708336,8.0,1.0,11.0,3.0,0.0,3.0,2.0,1.0,1.0,3.0,0.0,0.0,0.0,0.0,1.0,0.0,0.0,0.2105263157894736,3.0,0.0,1.0,0.0,0.0
psf/requests,d881a7e724ce66390c2aaa8412d29c839db52e00,2026-01-30T21:11:02+00:00,0,2,1.0,2.0,2.0,1.6094379124341005,0.0,0.0,0.0,0.0,0.0,1.0,0.0,0.0,0.0,0.0,0.0,0.0,1.0,0.0,0.0,0.0,0.0,0.0,1.0,0.0,0.0,0.0,0.0
psf/requests,b11f49d20a59452b13e8662a29f464d5db7762f1,2026-01-30T22:38:22+00:00,0,1,3.0,84.0,111.0,5.278114659230517,0.0,0.0,0.0,0.0,0.0,3.0,0.0,0.0,0.0,0.0,0.0,0.0,1.0,0.0,0.0,0.0,0.0,1.3333333333333333,4.0,0.0,1.0,0.0,0.0
psf/requests,28f8efcd242ca1de00a65f3c1aea9499c4d274b1,2026-01-30T22:45:01+00:00,0,2,2.0,4.0,3.0,2.0794415416798357,0.0,0.0,0.0,0.0,0.0,2.0,0.0,0.0,0.0,0.0,0.0,0.0,1.0,0.0,1.0,0.0,0.0,2.5,2.0,0.0,1.0,0.0,0.0
psf/requests,635d36cf35eec84f3810510741cbfff3c5b1c090,2026-01-30T22:48:46+00:00,0,1,1.0,3.0,2.0,1.791759469228055,0.0,0.0,0.0,0.0,1.0,0.0,0.0,0.0,0.0,1.0,0.0,1.0,0.0,0.0,0.0,0.0,0.0,0.0,5.0,0.0,1.0,0.0,0.0
psf/requests,7baecd6e5d5e2fc07dc6b09a2437574d3d5d66c9,2026-01-30T22:51:46+00:00,0,2,1.0,3.0,3.0,1.9459101490553132,0.0,0.0,0.0,0.0,1.0,0.0,0.0,0.0,0.0,1.0,0.0,1.0,1.0,0.0,0.0,0.0,0.0,0.0,5.0,0.0,1.0,0.0,0.0
psf/requests,477726a8c014717e7314a539b20bd78d70093b61,2026-01-30T23:05:16+00:00,0,2,1.0,0.0,6.0,1.9459101490553132,0.0,0.0,0.0,0.0,0.0,1.0,0.0,0.0,0.0,0.0,0.0,0.0,1.0,0.0,0.0,0.0,0.0,2.0,3.0,0.0,1.0,0.0,0.0
psf/requests,fb272a99cafda385a1a996477d5fe6074743f6d2,2026-01-30T23:48:29+00:00,0,2,1.0,1.0,1.0,1.0986122886681098,0.0,0.0,0.0,0.0,1.0,0.0,0.0,0.0,0.0,1.0,0.0,1.0,1.0,0.0,0.0,0.0,0.0,2.0,7.0,0.0,1.0,0.0,0.0
psf/requests,f4b7ec3d8a2d0a3499da5bffab68278c47f8eea8,2026-01-31T02:07:35+00:00,0,2,1.0,4.0,4.0,2.1972245773362196,0.0,0.0,0.0,0.0,1.0,0.0,0.0,0.0,0.0,1.0,0.0,1.0,1.0,0.0,0.0,0.0,0.0,3.0,4.0,0.0,1.0,0.0,0.0
psf/requests,a389aaad453ac4c0b9f8af4a72429de164810654,2026-01-31T02:12:43+00:00,0,1,1.0,7.0,7.0,2.70805020110221,0.0,0.0,0.0,0.0,1.0,0.0,0.0,0.0,0.0,1.0,0.0,1.0,0.0,0.0,0.0,0.0,0.0,4.0,8.0,0.0,1.0,0.0,0.0
psf/requests,c3b4668eb2530efa23b2b3ee4c401c26a31ff897,2026-01-31T02:16:52+00:00,0,2,1.0,7.0,7.0,2.70805020110221,0.0,0.0,0.0,0.0,1.0,0.0,0.0,0.0,0.0,1.0,0.0,1.0,1.0,1.0,0.0,0.0,0.0,4.0,8.0,0.0,1.0,0.0,0.0
psf/requests,cb2c800518423e0042789ab09f8f6e719428a444,2026-01-31T02:25:58+00:00,0,1,3.0,79.0,111.0,5.25227342804663,0.0,0.0,0.0,0.0,0.0,3.0,0.0,0.0,0.0,0.0,0.0,0.0,0.0,0.0,0.0,0.0,0.0,3.3333333333333335,10.0,0.0,1.0,0.0,0.0
psf/requests,6c88b6b09f2ac7c8cba340db774f0e7596626ec2,2026-01-31T02:31:15+00:00,0,2,1.0,1.0,1.0,1.0986122886681098,0.0,0.0,0.0,0.0,0.0,0.0,1.0,1.0,0.0,0.0,0.0,0.0,1.0,0.0,0.0,0.0,0.0,5.0,6.0,0.0,0.0,0.0,0.0
psf/requests,cca18de913f160dd66943c77e703e9d0fcd58237,2026-01-31T02:31:35+00:00,0,2,1.0,1.0,1.0,1.0986122886681098,0.0,0.0,0.0,0.0,0.0,0.0,1.0,1.0,0.0,0.0,0.0,0.0,1.0,0.0,0.0,0.0,0.0,5.0,6.0,0.0,0.0,0.0,0.0
psf/requests,2109e061b6754509a8c8acb5024c4cae16e9a2bf,2026-01-31T02:31:48+00:00,0,2,4.0,6.0,6.0,2.5649493574615367,0.0,0.0,0.0,0.0,0.0,0.0,4.0,1.0,0.0,0.0,0.0,0.0,1.0,0.0,0.0,0.0,0.0,4.25,6.0,0.0,0.0,0.0,0.0
psf/requests,eebd08e2add76010ebe5e573da88e3ff5a23e74a,2026-01-31T02:31:59+00:00,0,1,3.0,5.0,5.0,2.3978952727983707,0.0,0.0,0.0,0.0,0.0,0.0,3.0,1.0,0.0,0.0,0.0,0.0,1.0,0.0,0.0,0.0,0.0,4.333333333333333,6.0,0.0,0.0,0.0,0.0
psf/requests,4fe61631b36245e2bdf324f8f9577b26949446ce,2026-01-31T02:32:13+00:00,0,1,1.0,3.0,3.0,1.9459101490553132,0.0,0.0,0.0,0.0,0.0,0.0,1.0,1.0,0.0,0.0,0.0,0.0,0.0,0.0,0.0,0.0,0.0,4.0,6.0,0.0,0.0,0.0,0.0
psf/requests,8e5ac8e0eb53ed0d204639ac3bc42878c7621210,2026-01-31T02:36:45+00:00,0,1,1.0,1.0,1.0,1.0986122886681098,0.0,0.0,0.0,0.0,0.0,0.0,1.0,1.0,0.0,0.0,0.0,0.0,0.0,1.0,0.0,0.0,0.0,9.0,10.0,0.0,0.0,0.0,0.0
psf/requests,ca78ca96115cb254855afb3d966d24e92c973a20,2026-01-31T02:38:27+00:00,0,2,1.0,1.0,1.0,1.0986122886681098,0.0,0.0,0.0,0.0,0.0,0.0,1.0,1.0,0.0,0.0,0.0,0.0,1.0,0.0,0.0,0.0,0.0,9.0,11.0,0.0,0.0,0.0,0.0
psf/requests,5f33bddabdb3a3828e428252e756405d028501de,2026-01-31T02:45:16+00:00,0,1,1.0,1.0,1.0,1.0986122886681098,0.0,0.0,0.0,0.0,0.0,0.0,1.0,1.0,0.0,0.0,0.0,0.0,0.0,1.0,0.0,0.0,0.0,11.0,12.0,0.0,1.0,0.0,0.0
psf/requests,8e398336f8cc82f44c7b549bfa803b99d7159c25,2026-01-31T02:46:05+00:00,0,2,4.0,6.0,6.0,2.5649493574615367,0.0,0.0,0.0,0.0,0.0,0.0,4.0,1.0,0.0,0.0,0.0,0.0,1.0,0.0,0.0,0.0,0.0,7.25,12.0,0.0,0.0,0.0,0.0
psf/requests,49f89688672cd7a6c56cb9cde06ae9722f8590e2,2026-01-31T02:47:49+00:00,0,1,4.0,6.0,6.0,2.5649493574615367,0.0,0.0,0.0,0.0,0.0,0.0,4.0,1.0,0.0,0.0,0.0,0.0,0.0,1.0,0.0,0.0,0.0,7.25,12.0,0.0,0.0,0.0,0.0
psf/requests,42eaeb4da87330107f2b314793ec52dfd3395412,2026-01-31T02:53:56+00:00,0,2,3.0,5.0,5.0,2.3978952727983707,0.0,0.0,0.0,0.0,0.0,0.0,3.0,1.0,0.0,0.0,0.0,0.0,1.0,0.0,0.0,0.0,0.0,10.0,13.0,0.0,1.0,0.0,0.0
psf/requests,0b950d8e97c5a70e8e9047b8d8c765db3ca6fd7b,2026-01-31T02:59:22+00:00,0,1,3.0,5.0,5.0,2.3978952727983707,0.0,0.0,0.0,0.0,0.0,0.0,3.0,1.0,0.0,0.0,0.0,0.0,0.0,1.0,0.0,0.0,0.0,11.0,14.0,0.0,1.0,0.0,0.0
psf/requests,968863678bc09c0205fc916138c1a74e11f46e5b,2026-01-31T03:00:05+00:00,0,1,1.0,3.0,3.0,1.9459101490553132,0.0,0.0,0.0,0.0,0.0,0.0,1.0,1.0,0.0,0.0,0.0,0.0,0.0,0.0,0.0,0.0,0.0,8.0,14.0,0.0,0.0,0.0,0.0
psf/requests,421b8733cf17e4dee8be237e7412b095772c2323,2026-01-31T03:01:56+00:00,0,1,1.0,3.0,3.0,1.9459101490553132,0.0,0.0,0.0,0.0,0.0,0.0,1.0,1.0,0.0,0.0,0.0,0.0,0.0,1.0,0.0,0.0,0.0,8.0,14.0,0.0,0.0,0.0,0.0
psf/requests,e6aa36f7313397809fba74575ac7a30289259379,2026-01-31T13:58:52+00:00,0,2,8.0,101.0,133.0,5.459585514144159,0.0,0.0,0.0,0.0,1.0,3.0,4.0,1.0,0.0,1.0,0.0,0.0,1.0,1.0,0.0,0.0,0.0,8.125,0.0,0.0,1.0,0.0,0.0
psf/requests,98ab928bf0af236ac798347f8a465fd58e3bc4f9,2026-02-02T22:32:19+00:00,0,2,1.0,2.0,2.0,1.6094379124341005,0.0,0.0,0.0,0.0,0.0,1.0,0.0,0.0,0.0,0.0,0.0,0.0,1.0,0.0,0.0,0.0,0.0,5.0,5.0,0.0,1.0,0.0,0.0
psf/requests,45fa39b11eef9a7ba25f4590914cd132c7949a0f,2026-02-04T17:28:28+00:00,0,1,1.0,2.0,1.0,1.3862943611198906,0.0,0.0,0.0,0.0,0.0,0.0,1.0,1.0,0.0,0.0,0.0,0.0,0.0,0.0,0.0,0.0,0.0,12.0,6.0,0.0,1.0,0.0,0.0
psf/requests,062419a0d20247be964b2df57054b36fa6ee28c5,2026-02-04T17:37:19+00:00,0,2,1.0,2.0,0.0,1.0986122886681098,0.0,0.0,0.0,0.0,0.0,0.0,1.0,1.0,0.0,0.0,0.0,0.0,1.0,0.0,0.0,0.0,0.0,13.0,7.0,0.0,1.0,0.0,0.0
psf/requests,32e26af3afafb50930e64765ee37be18774d481c,2026-02-05T01:01:19+00:00,0,1,1.0,4.0,1.0,1.791759469228055,0.0,0.0,0.0,0.0,0.0,0.0,1.0,1.0,0.0,0.0,0.0,0.0,0.0,0.0,0.0,0.0,0.0,14.0,16.0,0.0,1.0,0.0,0.0
psf/requests,f6c38ba355e21f4e9b837ecb665ca400a3d9a508,2026-02-05T06:09:36+00:00,0,2,1.0,2.0,2.0,1.6094379124341005,0.0,0.0,0.0,0.0,0.0,1.0,0.0,0.0,0.0,0.0,0.0,0.0,1.0,0.0,0.0,0.0,0.0,6.0,8.0,0.0,1.0,0.0,0.0
psf/requests,2b221bd4baaf0feaf091fd99a85003e778a8d6ff,2026-02-05T16:22:17+00:00,0,2,5.0,11.0,13.0,3.218875824868201,0.0,0.0,0.0,0.0,1.0,2.0,2.0,1.0,0.0,0.0,0.0,0.0,1.0,0.0,0.0,0.0,0.0,5.6,9.0,0.0,1.0,0.0,0.0
psf/requests,0c2bbe73982a70623fb81bf16b2507ea0ca80b99,2026-02-06T15:02:50+00:00,0,1,5.0,11.0,13.0,3.218875824868201,0.0,0.0,0.0,0.0,1.0,2.0,2.0,1.0,0.0,0.0,0.0,0.0,0.0,0.0,0.0,0.0,0.0,6.6,17.0,0.0,1.0,0.0,0.0
psf/requests,380f190cef678c41a62857a9119cfb8e3ad81e7d,2026-02-06T16:11:29+00:00,0,2,1.0,2.0,2.0,1.6094379124341005,0.0,0.0,0.0,0.0,0.0,1.0,0.0,0.0,0.0,0.0,0.0,0.0,1.0,0.0,0.0,0.0,0.0,9.0,18.0,0.0,1.0,0.0,0.0
psf/requests,eb733e8f43c131f07499a552987fc3e4946e5553,2026-02-09T20:14:18+00:00,0,2,1.0,1.0,1.0,1.0986122886681098,0.0,0.0,0.0,0.0,0.0,0.0,1.0,1.0,0.0,0.0,0.0,0.0,1.0,0.0,0.0,0.0,0.0,0.0,15.0,0.0,1.0,0.0,0.0
psf/requests,67632fb512b828fb27d10230cd808d8209fcf782,2026-02-09T20:14:24+00:00,0,2,1.0,2.0,2.0,1.6094379124341005,0.0,0.0,0.0,0.0,0.0,0.0,1.0,1.0,0.0,0.0,0.0,0.0,1.0,0.0,0.0,0.0,0.0,17.0,15.0,0.0,1.0,0.0,0.0
psf/requests,b4afc48b19e14971aa69d667d124ae1d3b9659cb,2026-02-10T16:30:53+00:00,0,2,1.0,2.0,2.0,1.6094379124341005,0.0,0.0,0.0,0.0,0.0,1.0,0.0,0.0,0.0,0.0,0.0,0.0,1.0,0.0,0.0,0.0,0.0,10.0,19.0,0.0,1.0,0.0,0.0
psf/requests,733b2018a3987714f5a9576f2df4895f2a166449,2026-02-10T23:36:43+00:00,0,1,1.0,2.0,2.0,1.6094379124341005,0.0,0.0,0.0,0.0,0.0,1.0,0.0,0.0,0.0,0.0,0.0,0.0,0.0,0.0,0.0,0.0,0.0,11.0,20.0,0.0,1.0,0.0,0.0
psf/requests,11a04178f5730a810c35f075273dc0c69c1fb468,2026-02-10T23:58:43+00:00,0,1,1.0,2.0,2.0,1.6094379124341005,0.0,0.0,0.0,0.0,0.0,1.0,0.0,0.0,0.0,0.0,0.0,0.0,0.0,1.0,0.0,0.0,0.0,12.0,21.0,0.0,1.0,0.0,0.0
psf/requests,7112775514a8276a0b94360c71730db9ae2ab974,2026-02-10T23:59:57+00:00,0,2,1.0,1.0,1.0,1.0986122886681098,0.0,0.0,0.0,0.0,0.0,0.0,1.0,1.0,0.0,0.0,0.0,0.0,1.0,0.0,0.0,0.0,0.0,1.0,17.0,0.0,1.0,0.0,0.0
psf/requests,dedee0f4562bd7f6612ee66b2e8a3c85cd4c3643,2026-02-11T00:22:19+00:00,0,1,1.0,1.0,1.0,1.0986122886681098,0.0,0.0,0.0,0.0,0.0,0.0,1.0,1.0,0.0,0.0,0.0,0.0,0.0,1.0,0.0,0.0,0.0,2.0,22.0,0.0,1.0,0.0,0.0
psf/requests,514b3f2345e5b80444b5b85e7cc4ac18a74925b1,2026-02-11T00:23:02+00:00,0,2,1.0,2.0,2.0,1.6094379124341005,0.0,0.0,0.0,0.0,0.0,0.0,1.0,1.0,0.0,0.0,0.0,0.0,1.0,0.0,0.0,0.0,0.0,18.0,18.0,0.0,0.0,0.0,0.0
psf/requests,1b40fdd004bfc8ba5301bcf8a6908264e9b6b877,2026-02-11T00:29:38+00:00,0,1,1.0,2.0,2.0,1.6094379124341005,0.0,0.0,0.0,0.0,0.0,0.0,1.0,1.0,0.0,0.0,0.0,0.0,0.0,1.0,0.0,0.0,0.0,19.0,23.0,0.0,1.0,0.0,0.0
psf/requests,77f1e8c7a9296eac1aaef7fec53dd088a4e0f65b,2026-02-13T01:57:29+00:00,0,2,1.0,1.0,1.0,1.0986122886681098,1.0,1.0,1.0,0.0,0.0,0.0,0.0,0.0,0.0,0.0,1.0,0.0,1.0,0.0,0.0,0.0,0.0,1.0,24.0,0.0,0.0,0.0,0.0
psf/requests,47914226c2968802f2cdee3f6f0f6e06e4472f64,2026-02-13T02:07:08+00:00,0,1,2.0,11.0,1.0,2.5649493574615367,2.0,1.0,1.0,1.0,0.0,0.0,0.0,0.0,0.0,0.0,0.0,0.0,0.0,0.0,1.0,0.0,0.0,1.0,25.0,0.0,1.0,0.0,0.0
psf/requests,fc96f13387988f60aca3e1f1affc2078353f2e5f,2026-02-13T02:44:33+00:00,0,1,1.0,1.0,1.0,1.0986122886681098,1.0,1.0,1.0,0.0,0.0,0.0,0.0,0.0,0.0,1.0,1.0,0.0,1.0,0.0,0.0,0.0,0.0,1.0,26.0,0.0,0.0,0.0,0.0
psf/requests,5f338446f9eabd956e7e132668f330d9de4fc368,2026-02-13T02:52:13+00:00,0,1,1.0,2.0,0.0,1.0986122886681098,1.0,1.0,1.0,0.0,0.0,0.0,0.0,0.0,0.0,1.0,1.0,0.0,0.0,0.0,0.0,0.0,0.0,2.0,0.0,0.0,1.0,0.0,0.0
psf/requests,cb293698d788ae7a75799c95ed0fccf1d961eed3,2026-02-13T19:31:33+00:00,0,2,1.0,2.0,2.0,1.6094379124341005,0.0,1.0,1.0,0.0,0.0,0.0,0.0,0.0,0.0,0.0,1.0,0.0,1.0,0.0,0.0,0.0,0.0,0.0,27.0,0.0,0.0,0.0,0.0
psf/requests,5e7cb71cd719394f8fc56ea55da3f58bb22ae2b6,2026-02-13T20:23:47+00:00,0,1,1.0,2.0,2.0,1.6094379124341005,0.0,1.0,1.0,0.0,0.0,0.0,0.0,0.0,0.0,0.0,1.0,0.0,0.0,0.0,0.0,0.0,0.0,1.0,28.0,0.0,0.0,0.0,0.0
psf/requests,501a07262835980c4e618b89eaaea802ab883175,2026-02-13T22:31:54+00:00,0,1,1.0,8.0,0.0,2.1972245773362196,0.0,0.0,0.0,0.0,0.0,0.0,1.0,1.0,0.0,0.0,0.0,0.0,0.0,0.0,0.0,0.0,0.0,0.0,29.0,0.0,1.0,0.0,0.0
psf/requests,feccd1b18b826bd20f7bffd592c6ee2397fd374a,2026-02-13T22:35:28+00:00,0,2,1.0,0.0,15.0,2.772588722239781,0.0,0.0,0.0,0.0,0.0,0.0,1.0,1.0,0.0,0.0,0.0,0.0,1.0,0.0,0.0,0.0,0.0,20.0,29.0,0.0,1.0,0.0,0.0
psf/requests,a2ce3d8ace060b0c8446bc956e3853806dd4e3bb,2026-02-13T22:48:23+00:00,0,1,1.0,0.0,15.0,2.772588722239781,0.0,0.0,0.0,0.0,0.0,0.0,1.0,1.0,0.0,0.0,0.0,0.0,0.0,0.0,0.0,0.0,0.0,21.0,31.0,0.0,1.0,0.0,0.0
psf/requests,30d6d7e00c9767635f57947ab61272b060697f9b,2026-02-13T22:50:01+00:00,0,2,1.0,8.0,0.0,2.1972245773362196,0.0,0.0,0.0,0.0,0.0,0.0,1.0,1.0,0.0,0.0,0.0,0.0,1.0,0.0,0.0,0.0,0.0,1.0,31.0,0.0,1.0,0.0,0.0
psf/requests,1007dbc5bea40965972ce9031d432049e9a1d438,2026-02-13T22:51:42+00:00,0,2,1.0,8.0,0.0,2.1972245773362196,0.0,0.0,0.0,0.0,0.0,0.0,1.0,1.0,0.0,0.0,0.0,0.0,1.0,0.0,0.0,0.0,0.0,1.0,31.0,0.0,0.0,0.0,0.0
psf/requests,da9113c0466850a425e554630a732ec1f7d045fc,2026-02-14T00:07:00+00:00,0,1,1.0,8.0,0.0,2.1972245773362196,0.0,0.0,0.0,0.0,0.0,0.0,1.0,1.0,0.0,0.0,0.0,0.0,0.0,0.0,0.0,0.0,0.0,3.0,34.0,0.0,1.0,0.0,0.0
psf/requests,fac97cb5630a305fb1967926b421bd1a9253e657,2026-02-16T07:45:06+00:00,0,1,108.0,7310.0,5946.0,9.49228099379885,554.0,3.0,37.0,35.0,22.0,5.0,21.0,1.0,2.0,36.0,0.0,0.0,1.0,1.0,0.0,0.0,0.0,1.1759259259259258,0.0,0.0,0.0,0.0,0.0
psf/requests,c8c984b1a34ec78cd1887205aa948fdec87e6c78,2026-02-17T01:45:41+00:00,0,1,1.0,7.0,1.0,2.1972245773362196,1.0,1.0,1.0,0.0,0.0,0.0,0.0,0.0,0.0,0.0,1.0,0.0,1.0,0.0,0.0,0.0,0.0,4.0,0.0,0.0,0.0,0.0,0.0
psf/requests,d48c8a00b073b0a8a29812236f11d7945964bb8a,2026-02-17T02:56:26+00:00,0,1,1.0,7.0,1.0,2.1972245773362196,1.0,1.0,1.0,0.0,0.0,0.0,0.0,0.0,0.0,0.0,1.0,0.0,1.0,0.0,0.0,0.0,0.0,5.0,1.0,0.0,0.0,0.0,0.0
psf/requests,9bada1d1dec2e78c629d2c7d7e590327325823d9,2026-02-22T17:10:23+00:00,0,1,2.0,2.0,2.0,1.6094379124341005,1.0,1.0,1.0,0.0,0.0,1.0,0.0,0.0,0.0,0.0,1.0,0.0,1.0,0.0,0.0,0.0,0.0,8.0,0.0,0.0,1.0,0.0,0.0
psf/requests,4bd79e397304d46dfccd76f36c07f66c0295ff82,2026-02-22T22:02:40+00:00,0,1,2.0,2.0,2.0,1.6094379124341005,1.0,1.0,1.0,0.0,0.0,1.0,0.0,0.0,0.0,0.0,1.0,0.0,0.0,0.0,0.0,0.0,0.0,9.0,1.0,0.0,1.0,0.0,0.0
psf/requests,7451bbcca5668d4890dfc1e473ed92193a2c6e06,2026-03-02T18:43:42+00:00,0,2,1.0,1.0,1.0,1.0986122886681098,0.0,0.0,0.0,0.0,0.0,0.0,1.0,1.0,0.0,0.0,0.0,0.0,1.0,0.0,0.0,0.0,0.0,23.0,19.0,0.0,1.0,0.0,0.0
psf/requests,5e47bd9b3e6b8f37392c5e2a47a85c2ce5ef7133,2026-03-02T18:43:46+00:00,0,2,1.0,2.0,2.0,1.6094379124341005,0.0,0.0,0.0,0.0,0.0,0.0,1.0,1.0,0.0,0.0,0.0,0.0,1.0,0.0,0.0,0.0,0.0,23.0,19.0,0.0,1.0,0.0,0.0
psf/requests,27f8b40d5cc6198148a58a8e65c8cff8f7c46a54,2026-03-02T20:33:44+00:00,0,1,1.0,1.0,1.0,1.0986122886681098,0.0,0.0,0.0,0.0,0.0,0.0,1.0,1.0,0.0,0.0,0.0,0.0,0.0,0.0,0.0,0.0,0.0,24.0,20.0,0.0,1.0,0.0,0.0
psf/requests,555039ddebac7adaa79e6fa0029e89b06c797af0,2026-03-02T20:34:28+00:00,0,2,1.0,2.0,2.0,1.6094379124341005,0.0,0.0,0.0,0.0,0.0,0.0,1.0,1.0,0.0,0.0,0.0,0.0,1.0,0.0,0.0,0.0,0.0,24.0,20.0,0.0,0.0,0.0,0.0
psf/requests,392b01f26e1cca4a2ada1539a6ae1a1b607ec33a,2026-03-02T20:45:23+00:00,0,1,1.0,2.0,2.0,1.6094379124341005,0.0,0.0,0.0,0.0,0.0,0.0,1.0,1.0,0.0,0.0,0.0,0.0,0.0,0.0,0.0,0.0,0.0,27.0,23.0,0.0,1.0,0.0,0.0
psf/requests,c7b30a4dae267d60c3fd170af2f345f84c28d192,2026-03-02T23:00:30+00:00,0,1,2.0,3.0,3.0,1.9459101490553132,1.0,1.0,1.0,0.0,0.0,1.0,0.0,0.0,0.0,0.0,1.0,0.0,1.0,0.0,0.0,0.0,0.0,10.0,0.0,0.0,1.0,0.0,0.0
psf/requests,b2a1d33f571518ca9a6148e7da787cc5827f897a,2026-03-03T18:46:44+00:00,0,1,2.0,3.0,3.0,1.9459101490553132,1.0,1.0,1.0,0.0,0.0,1.0,0.0,0.0,0.0,0.0,1.0,0.0,0.0,0.0,0.0,0.0,0.0,11.0,1.0,0.0,1.0,0.0,0.0
psf/requests,9c50ac62e5a94d1f4e2104d68d87787db76abd2f,2026-03-03T19:51:29+00:00,0,1,1.0,4.0,4.0,2.1972245773362196,0.0,0.0,0.0,0.0,1.0,0.0,0.0,0.0,0.0,0.0,0.0,1.0,1.0,0.0,0.0,0.0,0.0,2.0,35.0,0.0,0.0,0.0,0.0
psf/requests,3dc4bd4dfef32411c5e57edeffffa625f39da2f8,2026-03-03T19:53:19+00:00,0,1,1.0,4.0,4.0,2.1972245773362196,0.0,0.0,0.0,0.0,1.0,0.0,0.0,0.0,0.0,0.0,0.0,1.0,1.0,0.0,0.0,0.0,0.0,2.0,35.0,0.0,0.0,0.0,0.0
psf/requests,d568f47278492e630cc990a259047c67991d007a,2026-03-03T20:00:09+00:00,0,1,1.0,3.0,1.0,1.6094379124341005,0.0,0.0,0.0,0.0,1.0,0.0,0.0,0.0,0.0,0.0,0.0,1.0,0.0,0.0,0.0,0.0,0.0,4.0,0.0,0.0,1.0,0.0,0.0
psf/requests,52c849fb05a5be12238d1ea1aa2fd13edf094cc8,2026-03-05T19:56:03+00:00,0,1,1.0,1.0,0.0,0.6931471805599453,0.0,0.0,0.0,0.0,1.0,0.0,0.0,0.0,0.0,0.0,0.0,1.0,1.0,0.0,0.0,0.0,0.0,1.0,0.0,0.0,1.0,0.0,0.0
psf/requests,0e4ae38f0c93d4f92a96c774bd52c069d12a4798,2026-03-05T20:14:33+00:00,0,1,1.0,1.0,0.0,0.6931471805599453,0.0,0.0,0.0,0.0,1.0,0.0,0.0,0.0,0.0,0.0,0.0,1.0,0.0,0.0,0.0,0.0,0.0,2.0,1.0,0.0,1.0,0.0,0.0
psf/requests,63256e637ed297160422b82476c96d3e86d92d62,2026-03-16T17:38:53+00:00,0,2,1.0,3.0,3.0,1.9459101490553132,0.0,0.0,0.0,0.0,0.0,0.0,1.0,1.0,0.0,0.0,0.0,0.0,1.0,0.0,0.0,0.0,0.0,12.0,24.0,0.0,1.0,0.0,0.0
psf/requests,0ab1577d0ac2bd25adfa8f59088390ede4aad3d6,2026-03-17T23:39:40+00:00,0,1,23.0,1231.0,547.0,7.483806687665835,238.0,1.0,17.0,1.0,2.0,1.0,2.0,1.0,1.0,2.0,0.0,0.0,0.0,0.0,0.0,0.0,0.0,3.9565217391304346,37.0,0.0,1.0,0.0,0.0
psf/requests,cd23d07c5a9c753bf2609b3547cfa112b006d285,2026-03-17T23:50:23+00:00,0,1,23.0,1230.0,546.0,7.482681828154651,238.0,1.0,17.0,1.0,2.0,1.0,2.0,1.0,1.0,2.0,0.0,0.0,0.0,0.0,0.0,0.0,0.0,4.956521739130435,38.0,0.0,1.0,0.0,0.0
psf/requests,6889fce5927a213d4e13e6adb0fec7a1e9098460,2026-03-18T00:38:05+00:00,0,2,23.0,1229.0,541.0,7.479299637782834,238.0,1.0,17.0,1.0,2.0,1.0,2.0,1.0,1.0,2.0,0.0,0.0,1.0,0.0,0.0,0.0,0.0,5.956521739130435,39.0,0.0,1.0,0.0,0.0
psf/requests,412bc3d04f6ea6f439822b6063d24ec2e8fb11da,2026-03-18T01:03:01+00:00,0,2,23.0,1230.0,542.0,7.480428306074208,238.0,1.0,17.0,1.0,2.0,1.0,2.0,1.0,1.0,2.0,0.0,0.0,1.0,0.0,0.0,0.0,0.0,5.956521739130435,39.0,0.0,1.0,0.0,0.0
psf/requests,781cabaf83a6fb609606b77f30728e854945e297,2026-03-18T01:19:42+00:00,0,2,4.0,9.0,6.0,2.772588722239781,1.0,1.0,1.0,0.0,2.0,0.0,1.0,1.0,0.0,0.0,1.0,0.0,1.0,0.0,1.0,0.0,0.0,14.5,41.0,0.0,1.0,0.0,0.0
psf/requests,ebf71906798ec82f34e07d3168f8b8aecaf8a3be,2026-03-19T18:44:26+00:00,0,1,1.0,3.0,3.0,1.9459101490553132,0.0,0.0,0.0,0.0,0.0,0.0,1.0,1.0,0.0,0.0,0.0,0.0,0.0,0.0,0.0,0.0,0.0,13.0,25.0,0.0,1.0,0.0,0.0
psf/requests,98b8c4f1f4d12d16c1fed122ee2ab008ca875402,2026-03-21T00:29:06+00:00,0,1,1.0,1.0,1.0,1.0986122886681098,0.0,0.0,0.0,0.0,0.0,1.0,0.0,0.0,0.0,0.0,0.0,0.0,1.0,0.0,0.0,0.0,0.0,22.0,0.0,0.0,1.0,0.0,0.0
psf/requests,6aa8e2da8043a736ddd9bc499052a1ddad5a568c,2026-03-23T17:26:09+00:00,0,2,1.0,3.0,3.0,1.9459101490553132,0.0,0.0,0.0,0.0,0.0,0.0,1.0,1.0,0.0,0.0,0.0,0.0,1.0,0.0,0.0,0.0,0.0,14.0,26.0,0.0,1.0,0.0,0.0
psf/requests,9c72a41bec8597f948c9d8caa5dc3f12273b3303,2026-03-23T17:43:12+00:00,0,1,1.0,3.0,3.0,1.9459101490553132,0.0,0.0,0.0,0.0,0.0,0.0,1.0,1.0,0.0,0.0,0.0,0.0,0.0,0.0,0.0,0.0,0.0,15.0,27.0,0.0,1.0,0.0,0.0
psf/requests,3ea6b7bd9a4c656c0d3c10260499b620b912b848,2026-03-25T01:10:00+00:00,0,1,1.0,1.0,3.0,1.6094379124341005,0.0,0.0,0.0,0.0,1.0,0.0,0.0,0.0,0.0,0.0,0.0,1.0,1.0,0.0,0.0,0.0,0.0,1.0,0.0,0.0,1.0,0.0,0.0
psf/requests,774a0b837a194ee885d4fdd9ca947900cc3daf71,2026-03-25T01:26:49+00:00,0,1,1.0,1.0,3.0,1.6094379124341005,0.0,0.0,0.0,0.0,1.0,0.0,0.0,0.0,0.0,0.0,0.0,1.0,0.0,0.0,0.0,0.0,0.0,2.0,1.0,0.0,1.0,0.0,0.0
psf/requests,f07d0891b5cb705507bf57f66ab1ce9ff3996057,2026-03-25T01:31:23+00:00,0,1,1.0,1.0,1.0,1.0986122886681098,0.0,0.0,0.0,0.0,1.0,0.0,0.0,0.0,0.0,0.0,0.0,1.0,1.0,0.0,1.0,0.0,0.0,1.0,0.0,0.0,1.0,0.0,0.0
psf/requests,753fd08c5eacce0aa0df73fe47e49525c67e0a29,2026-03-25T01:36:50+00:00,0,1,1.0,1.0,1.0,1.0986122886681098,0.0,0.0,0.0,0.0,1.0,0.0,0.0,0.0,0.0,0.0,0.0,1.0,0.0,0.0,1.0,0.0,0.0,2.0,1.0,0.0,1.0,0.0,0.0
psf/requests,9858f13e5ab21f18e96d350ee0c2e5fbb924bbf0,2026-03-25T05:10:28+00:00,0,1,2.0,2.0,2.0,1.6094379124341005,1.0,1.0,2.0,0.0,0.0,0.0,0.0,0.0,0.0,0.0,1.0,0.0,1.0,0.0,0.0,0.0,0.0,8.0,42.0,0.0,1.0,0.0,0.0
psf/requests,8bd54a5f2365c249913edf7e27ff01a39c2443f9,2026-03-25T05:11:24+00:00,0,1,1.0,5.0,4.0,2.302585092994046,0.0,0.0,0.0,0.0,1.0,0.0,0.0,0.0,0.0,0.0,0.0,1.0,1.0,0.0,0.0,0.0,0.0,3.0,42.0,0.0,1.0,0.0,0.0
psf/requests,e331a288f369973f5de0ec8901c94cae4fa87286,2026-03-25T05:15:24+00:00,0,1,2.0,2.0,2.0,1.6094379124341005,1.0,1.0,2.0,0.0,0.0,0.0,0.0,0.0,0.0,0.0,1.0,0.0,0.0,0.0,0.0,0.0,0.0,9.0,43.0,0.0,1.0,0.0,0.0
psf/requests,93fb01eac8de2309cc1d1bfa93da7c4bbc45c174,2026-03-25T05:16:58+00:00,0,1,1.0,5.0,4.0,2.302585092994046,0.0,0.0,0.0,0.0,1.0,0.0,0.0,0.0,0.0,0.0,0.0,1.0,1.0,0.0,0.0,0.0,0.0,3.0,43.0,0.0,0.0,0.0,0.0
psf/requests,8b9bc8fc0f63be84602387913c4b689f19efd028,2026-03-25T05:18:42+00:00,0,1,1.0,5.0,4.0,2.302585092994046,0.0,0.0,0.0,0.0,1.0,0.0,0.0,0.0,0.0,0.0,0.0,1.0,0.0,0.0,0.0,0.0,0.0,3.0,43.0,0.0,0.0,0.0,0.0
psf/requests,66d21cb07bd6255b1280291c4fafb71803cdb3b7,2026-03-25T14:58:01+00:00,0,1,1.0,7.0,6.0,2.6390573296152584,1.0,1.0,1.0,0.0,0.0,0.0,0.0,0.0,0.0,0.0,1.0,0.0,0.0,0.0,0.0,0.0,0.0,12.0,47.0,0.0,1.0,0.0,0.0
psf/requests,fb77cefe22f13ab4f02ebd8d18f32376fc15ae87,2026-03-25T15:01:04+00:00,0,1,2.0,30.0,1.0,3.4657359027997265,0.0,1.0,1.0,0.0,1.0,0.0,0.0,0.0,0.0,0.0,1.0,0.0,1.0,0.0,0.0,0.0,0.0,2.0,47.0,0.0,0.0,0.0,0.0
psf/requests,bc04dfd6dad4cb02cd92f5daa81eb562d280a761,2026-03-25T15:06:22+00:00,0,2,2.0,30.0,1.0,3.4657359027997265,0.0,1.0,1.0,0.0,1.0,0.0,0.0,0.0,0.0,0.0,1.0,0.0,0.0,0.0,0.0,0.0,0.0,2.0,48.0,0.0,1.0,0.0,0.0
psf/requests,f651c9b92d784bb0171939abbf5af778aafa2dc3,2026-03-29T04:59:26+00:00,0,1,1.0,4.0,3.0,2.0794415416798357,0.0,1.0,1.0,0.0,0.0,0.0,0.0,0.0,0.0,0.0,1.0,0.0,0.0,0.0,1.0,0.0,0.0,4.0,50.0,0.0,0.0,0.0,0.0
psf/requests,09d56f01d9c7bb381d9cc1b883bd4112e2d70eea,2026-03-29T06:28:09+00:00,0,1,2.0,2.0,6.0,2.1972245773362196,3.0,1.0,2.0,0.0,0.0,0.0,0.0,0.0,0.0,2.0,1.0,0.0,0.0,0.0,1.0,0.0,0.0,7.0,51.0,0.0,1.0,0.0,0.0
psf/requests,f0c1e0c0be82e41185003913844ddf8efc060f32,2026-03-29T21:52:04+00:00,0,2,1.0,6.0,3.0,2.302585092994046,1.0,0.0,0.0,1.0,0.0,0.0,0.0,0.0,0.0,0.0,0.0,0.0,1.0,0.0,0.0,0.0,0.0,2.0,52.0,0.0,1.0,0.0,0.0
psf/requests,7407309c8a8a73aa2f4337184025d440bbedab7a,2026-03-30T04:07:34+00:00,0,1,1.0,1.0,1.0,1.0986122886681098,0.0,0.0,0.0,0.0,0.0,1.0,0.0,0.0,0.0,0.0,0.0,0.0,0.0,0.0,0.0,0.0,0.0,23.0,1.0,0.0,1.0,0.0,0.0
psf/requests,d239efdd29918070446efaefd81a5d9dfa4eb522,2026-03-30T04:11:39+00:00,0,2,1.0,5.0,1.0,1.9459101490553132,0.0,0.0,0.0,0.0,0.0,1.0,0.0,0.0,0.0,0.0,0.0,0.0,1.0,0.0,1.0,0.0,0.0,23.0,53.0,0.0,0.0,0.0,0.0
psf/requests,dc56daa79516a34f097fb22ded00dfb83f1d31ee,2026-03-30T15:12:43+00:00,0,1,2.0,9.0,4.0,2.6390573296152584,1.0,1.0,1.0,1.0,0.0,0.0,0.0,0.0,0.0,0.0,0.0,0.0,1.0,0.0,1.0,0.0,0.0,6.0,54.0,0.0,1.0,0.0,0.0
psf/requests,87d4138a89bf704eb373c7c716688ff62ea8caf0,2026-03-30T15:12:59+00:00,0,1,2.0,10.0,13.0,3.1780538303479458,3.0,1.0,1.0,1.0,0.0,0.0,0.0,0.0,0.0,0.0,0.0,0.0,1.0,0.0,1.0,0.0,0.0,8.0,54.0,0.0,1.0,0.0,0.0
psf/requests,389eea58dfb2f2ee096421a812e3af29c0298951,2026-03-30T15:21:42+00:00,0,1,1.0,6.0,3.0,2.302585092994046,1.0,0.0,0.0,1.0,0.0,0.0,0.0,0.0,0.0,0.0,0.0,0.0,0.0,0.0,0.0,0.0,0.0,4.0,56.0,0.0,1.0,0.0,0.0
psf/requests,4443b1a847b190010c2972a658924b98b5db6360,2026-03-30T15:23:05+00:00,0,1,1.0,5.0,1.0,1.9459101490553132,0.0,0.0,0.0,0.0,0.0,1.0,0.0,0.0,0.0,0.0,0.0,0.0,0.0,0.0,1.0,0.0,0.0,25.0,56.0,0.0,0.0,0.0,0.0
psf/requests,bc7dd0fc4d56e808bcdd85ac2d797b3107c89259,2026-03-30T15:24:53+00:00,0,1,2.0,9.0,4.0,2.6390573296152584,1.0,1.0,1.0,1.0,0.0,0.0,0.0,0.0,0.0,0.0,0.0,0.0,0.0,0.0,1.0,0.0,0.0,7.0,56.0,0.0,0.0,0.0,0.0
psf/requests,f0198e6dfc431a2293dc16e1b1e8fcddc910a7f3,2026-03-30T15:27:39+00:00,0,1,2.0,10.0,13.0,3.1780538303479458,3.0,1.0,1.0,1.0,0.0,0.0,0.0,0.0,0.0,0.0,0.0,0.0,0.0,0.0,1.0,0.0,0.0,9.5,58.0,0.0,0.0,0.0,0.0
psf/requests,53a8c797aaae64fbc851d22b986eb83a625fb71c,2026-03-30T15:39:14+00:00,0,2,1.0,5.0,5.0,2.3978952727983707,1.0,1.0,1.0,0.0,0.0,0.0,0.0,0.0,0.0,1.0,1.0,0.0,1.0,0.0,0.0,0.0,0.0,7.0,60.0,0.0,1.0,0.0,0.0
psf/requests,c7d9de518c060295d8bc6f9aceb3231af520c569,2026-03-30T16:01:54+00:00,0,1,2.0,12.0,3.0,2.772588722239781,0.0,1.0,1.0,0.0,1.0,0.0,0.0,0.0,0.0,0.0,1.0,0.0,1.0,0.0,0.0,0.0,0.0,4.0,60.0,0.0,1.0,0.0,0.0
psf/requests,111d2b77790bf49943c0dfa09b365371c24aec7e,2026-03-30T16:07:03+00:00,0,2,2.0,12.0,3.0,2.772588722239781,0.0,1.0,1.0,0.0,1.0,0.0,0.0,0.0,0.0,0.0,1.0,0.0,0.0,0.0,0.0,0.0,0.0,5.0,62.0,0.0,1.0,0.0,0.0
psf/requests,43a1d01cf5c15fbd4a32fdda8f0a61aa3d7d6eb0,2026-03-30T18:25:45+00:00,0,2,1.0,3.0,3.0,1.9459101490553132,0.0,0.0,0.0,0.0,0.0,0.0,1.0,1.0,0.0,0.0,0.0,0.0,1.0,0.0,0.0,0.0,0.0,16.0,28.0,0.0,1.0,0.0,0.0
psf/requests,6360477c52303c9445b45fa8744b02d05a2f0905,2026-03-30T18:33:06+00:00,0,1,1.0,3.0,3.0,1.9459101490553132,0.0,0.0,0.0,0.0,0.0,0.0,1.0,1.0,0.0,0.0,0.0,0.0,0.0,0.0,0.0,0.0,0.0,17.0,29.0,0.0,1.0,0.0,0.0
psf/requests,16f24bd3cf58aec1cf53272de1ac45116849cc7f,2026-03-31T22:25:57+00:00,0,1,6.0,40.0,2.0,3.7612001156935624,0.0,0.0,0.0,0.0,0.0,0.0,6.0,1.0,0.0,0.0,0.0,0.0,1.0,0.0,0.0,0.0,0.0,8.166666666666666,63.0,0.0,1.0,0.0,0.0
psf/requests,cbce031327be4f1b4b5fd041ff4dcaa8efa2ce53,2026-04-01T02:28:18+00:00,0,1,6.0,40.0,2.0,3.7612001156935624,0.0,0.0,0.0,0.0,0.0,0.0,6.0,1.0,0.0,0.0,0.0,0.0,0.0,0.0,0.0,0.0,0.0,9.166666666666666,64.0,0.0,1.0,0.0,0.0
psf/requests,3ee28b806f8bc414b29f7b4561e53c161924fe66,2026-04-05T02:27:27+00:00,0,1,2.0,9.0,2.0,2.4849066497880004,2.0,1.0,1.0,1.0,0.0,0.0,0.0,0.0,0.0,1.0,0.0,0.0,1.0,0.0,0.0,0.0,0.0,8.5,65.0,0.0,1.0,0.0,0.0
psf/requests,ef439eb779c1eba7cbdeeeb302b11e1e061b4b7d,2026-04-05T15:31:05+00:00,0,1,2.0,9.0,2.0,2.4849066497880004,2.0,1.0,1.0,1.0,0.0,0.0,0.0,0.0,0.0,1.0,0.0,0.0,0.0,0.0,0.0,0.0,0.0,9.5,66.0,0.0,1.0,0.0,0.0
psf/requests,feb1f7875162f243e83c862b4277841f6635592f,2026-04-09T02:09:59+00:00,0,2,1.0,2.0,2.0,1.6094379124341005,0.0,0.0,0.0,0.0,0.0,0.0,1.0,0.0,0.0,0.0,0.0,0.0,1.0,0.0,0.0,0.0,0.0,2.0,67.0,0.0,1.0,0.0,0.0
psf/requests,991f299b536e350583c6080ad3f2c51414b56366,2026-04-09T02:18:22+00:00,0,2,1.0,9.0,3.0,2.5649493574615367,0.0,0.0,0.0,0.0,0.0,0.0,1.0,1.0,0.0,0.0,0.0,0.0,1.0,0.0,0.0,0.0,0.0,3.0,68.0,0.0,1.0,0.0,0.0
psf/requests,0911b401d927131b5cc12a9a980255d8f294c6d8,2026-04-10T16:01:43+00:00,0,2,1.0,7.0,2.0,2.302585092994046,0.0,0.0,0.0,0.0,0.0,0.0,1.0,0.0,0.0,0.0,0.0,0.0,1.0,0.0,0.0,0.0,0.0,3.0,69.0,0.0,1.0,0.0,0.0
psf/requests,c2aaf44164d3cc85c19e52ec4dc3e8cbb2a3f484,2026-04-10T16:02:57+00:00,0,2,1.0,6.0,1.0,2.0794415416798357,0.0,0.0,0.0,0.0,0.0,0.0,1.0,0.0,0.0,0.0,0.0,0.0,1.0,0.0,0.0,0.0,0.0,3.0,69.0,0.0,1.0,0.0,0.0
psf/requests,41e17871e83e604ea807ecfb110e3779f33ed780,2026-04-10T21:23:06+00:00,0,1,6.0,43.0,322.0,5.902633333401366,0.0,0.0,0.0,0.0,6.0,0.0,0.0,0.0,0.0,0.0,0.0,1.0,0.0,0.0,0.0,0.0,0.0,0.5,71.0,0.0,1.0,0.0,0.0
psf/requests,07dc19ed95cec0cbd929b93382dff80524a32a65,2026-04-10T21:33:58+00:00,0,2,6.0,49.0,328.0,5.934894195619588,0.0,0.0,0.0,0.0,6.0,0.0,0.0,0.0,0.0,0.0,0.0,1.0,1.0,0.0,0.0,0.0,0.0,1.5,72.0,0.0,1.0,0.0,0.0
psf/requests,185f587a78e2d2df31ae8af8c95d97a012213df7,2026-04-11T19:39:27+00:00,0,1,6.0,49.0,328.0,5.934894195619588,0.0,0.0,0.0,0.0,6.0,0.0,0.0,0.0,0.0,0.0,0.0,1.0,0.0,0.0,0.0,0.0,0.0,2.5,73.0,0.0,1.0,0.0,0.0
psf/requests,4b0b1a3e9f2fc21b9dcd8b906f2ff02645aa697e,2026-04-12T00:05:41+00:00,0,1,2.0,17.0,6.0,3.1780538303479458,0.0,0.0,0.0,0.0,0.0,0.0,2.0,1.0,0.0,0.0,0.0,0.0,0.0,0.0,0.0,0.0,0.0,4.5,74.0,0.0,1.0,0.0,0.0
psf/requests,e5548492971ef4f3dfb8bf335e633a2b704bb56e,2026-04-14T17:06:13+00:00,0,2,1.0,0.0,1.0,0.6931471805599453,0.0,0.0,0.0,0.0,1.0,0.0,0.0,0.0,0.0,0.0,0.0,1.0,1.0,0.0,0.0,0.0,0.0,3.0,75.0,0.0,1.0,0.0,0.0
psf/requests,fe2063be0cfbc08150ef468ae57a708c2514a321,2026-04-14T17:58:33+00:00,0,1,1.0,0.0,1.0,0.6931471805599453,0.0,0.0,0.0,0.0,1.0,0.0,0.0,0.0,0.0,0.0,0.0,1.0,0.0,0.0,0.0,0.0,0.0,4.0,76.0,0.0,1.0,0.0,0.0
psf/requests,fefdfd854ded365c5a8218d5bc3ecaaac2035505,2026-04-15T02:26:20+00:00,0,1,1.0,1.0,1.0,1.0986122886681098,1.0,1.0,1.0,0.0,0.0,0.0,0.0,0.0,1.0,0.0,1.0,0.0,1.0,0.0,0.0,0.0,0.0,6.0,0.0,0.0,1.0,0.0,0.0
psf/requests,623adf466ede67255e789576131e596d0996e9f6,2026-04-15T02:28:12+00:00,0,1,1.0,1.0,1.0,1.0986122886681098,1.0,1.0,1.0,0.0,0.0,0.0,0.0,0.0,0.0,0.0,1.0,0.0,1.0,0.0,1.0,0.0,0.0,6.0,0.0,0.0,1.0,0.0,0.0
psf/requests,83051e7cda8d2ae0edd11d91642a49f652a0071c,2026-04-15T02:44:35+00:00,0,1,1.0,1.0,1.0,1.0986122886681098,0.0,0.0,0.0,0.0,1.0,0.0,0.0,0.0,0.0,0.0,0.0,1.0,1.0,0.0,1.0,0.0,0.0,3.0,2.0,0.0,1.0,0.0,0.0
psf/requests,5b42d1230f043bb06a375dec6a4c2699d162a515,2026-04-15T02:44:38+00:00,0,2,1.0,1.0,1.0,1.0986122886681098,0.0,0.0,0.0,0.0,0.0,1.0,0.0,0.0,0.0,0.0,0.0,0.0,1.0,0.0,0.0,0.0,0.0,1.0,77.0,0.0,1.0,0.0,0.0
psf/requests,16df2a09173b17a82d607c31a6826b7c5dd0fc57,2026-04-15T03:04:50+00:00,0,1,1.0,1.0,1.0,1.0986122886681098,0.0,0.0,0.0,0.0,0.0,1.0,0.0,0.0,0.0,0.0,0.0,0.0,0.0,0.0,0.0,0.0,0.0,2.0,78.0,0.0,1.0,0.0,0.0
psf/requests,a5e64000f489b059a5aca9463afd9f39b1c5b273,2026-04-15T09:47:38+00:00,0,1,1.0,7.0,2.0,2.302585092994046,2.0,1.0,1.0,0.0,0.0,0.0,0.0,0.0,1.0,0.0,1.0,0.0,1.0,0.0,0.0,0.0,0.0,7.0,0.0,0.0,1.0,0.0,0.0
psf/requests,a044b020dea43230585126901684a0f30ec635a8,2026-04-15T14:56:42+00:00,0,1,1.0,5.0,5.0,2.3978952727983707,1.0,1.0,1.0,0.0,0.0,0.0,0.0,0.0,0.0,1.0,1.0,0.0,0.0,0.0,0.0,0.0,0.0,8.0,79.0,0.0,1.0,0.0,0.0
psf/requests,d2f6bdecc835475c3cfbb83565ea879d7b2712ca,2026-04-15T15:06:49+00:00,0,1,1.0,7.0,2.0,2.302585092994046,2.0,1.0,1.0,0.0,0.0,0.0,0.0,0.0,1.0,0.0,1.0,0.0,0.0,0.0,0.0,0.0,0.0,8.0,0.0,0.0,1.0,0.0,0.0
psf/requests,06eaf91c8862cd85b77a75d6276430f115ae0b9e,2026-04-15T18:21:33+00:00,0,1,6.0,2.0,5.0,2.0794415416798357,0.0,1.0,5.0,0.0,1.0,0.0,0.0,0.0,0.0,0.0,1.0,0.0,0.0,0.0,0.0,0.0,0.0,1.0,80.0,0.0,1.0,0.0,0.0
psf/requests,a6c03398279ba6cedab995cf680a5c21cbf32306,2026-04-15T18:24:01+00:00,0,2,6.0,2.0,5.0,2.0794415416798357,0.0,1.0,5.0,0.0,1.0,0.0,0.0,0.0,0.0,0.0,1.0,0.0,1.0,0.0,0.0,0.0,0.0,1.0,80.0,0.0,1.0,0.0,0.0
psf/requests,514c1623fefff760bfa15a693aa38e474aba8560,2026-04-15T18:31:10+00:00,0,1,6.0,2.0,5.0,2.0794415416798357,0.0,1.0,5.0,0.0,1.0,0.0,0.0,0.0,0.0,0.0,1.0,0.0,0.0,0.0,0.0,0.0,0.0,2.0,81.0,0.0,1.0,0.0,0.0
psf/requests,06cc52fe881e5a0f2c78fdbeea53ea8ed8a144ad,2026-04-18T19:51:34+00:00,0,1,1.0,1.0,1.0,1.0986122886681098,1.0,0.0,0.0,1.0,0.0,0.0,0.0,0.0,0.0,0.0,0.0,0.0,1.0,0.0,1.0,0.0,0.0,10.0,0.0,0.0,1.0,0.0,0.0
psf/requests,5f3ff9b9e4d3d44960467e7877e06e9efa22f20b,2026-04-19T18:34:22+00:00,0,1,1.0,1.0,1.0,1.0986122886681098,1.0,0.0,0.0,1.0,0.0,0.0,0.0,0.0,0.0,0.0,0.0,0.0,0.0,0.0,1.0,0.0,0.0,11.0,1.0,0.0,1.0,0.0,0.0
psf/requests,cdd97bf3ed256e3111dc9cedd970df481a75c08a,2026-04-20T13:24:59+00:00,0,1,1.0,1.0,1.0,1.0986122886681098,1.0,1.0,1.0,0.0,0.0,0.0,0.0,0.0,0.0,0.0,1.0,0.0,1.0,0.0,0.0,0.0,0.0,11.0,0.0,0.0,1.0,0.0,0.0
psf/requests,b294b08fe3b08df9f646f64d1250f96193dab066,2026-04-20T16:24:35+00:00,0,1,1.0,1.0,1.0,1.0986122886681098,1.0,1.0,1.0,0.0,0.0,0.0,0.0,0.0,0.0,0.0,1.0,0.0,0.0,0.0,0.0,0.0,0.0,12.0,0.0,0.0,1.0,0.0,0.0
psf/requests,2ba35860d42d3acefeb629c9b6aa31dfd7a72c61,2026-04-20T19:19:37+00:00,0,2,1.0,2.0,2.0,1.6094379124341005,0.0,0.0,0.0,0.0,0.0,0.0,1.0,1.0,0.0,0.0,0.0,0.0,1.0,0.0,0.0,0.0,0.0,33.0,30.0,0.0,1.0,0.0,0.0
psf/requests,79f4df84cf77a2fee873809821dfbd786de05b97,2026-04-20T19:32:35+00:00,0,1,1.0,2.0,2.0,1.6094379124341005,0.0,0.0,0.0,0.0,0.0,0.0,1.0,1.0,0.0,0.0,0.0,0.0,0.0,0.0,0.0,0.0,0.0,34.0,31.0,0.0,1.0,0.0,0.0
psf/requests,fceab9fc38f6ccedce7a71c026eef78db3bc8822,2026-04-23T20:45:51+00:00,0,1,1.0,16.0,12.0,3.367295829986474,0.0,0.0,0.0,0.0,1.0,0.0,0.0,0.0,0.0,0.0,0.0,1.0,1.0,0.0,0.0,0.0,0.0,1.0,83.0,0.0,1.0,0.0,0.0
psf/requests,93bf5331a70cd2c77ac3ba43f85c918cae67c69f,2026-04-23T20:53:51+00:00,0,1,1.0,16.0,12.0,3.367295829986474,0.0,0.0,0.0,0.0,1.0,0.0,0.0,0.0,0.0,0.0,0.0,1.0,0.0,0.0,0.0,0.0,0.0,2.0,84.0,0.0,1.0,0.0,0.0
psf/requests,f41323d8dffe3ff8f158845464601b7f41552209,2026-04-24T03:42:27+00:00,0,2,1.0,8.0,0.0,2.1972245773362196,0.0,0.0,0.0,0.0,0.0,0.0,1.0,1.0,0.0,0.0,0.0,0.0,1.0,0.0,0.0,0.0,0.0,5.0,85.0,0.0,1.0,0.0,0.0
psf/requests,9450dd51fb423c17f01325d5f23e62b0450696c6,2026-04-24T10:52:04+00:00,0,1,1.0,8.0,0.0,2.1972245773362196,0.0,0.0,0.0,0.0,0.0,0.0,1.0,1.0,0.0,0.0,0.0,0.0,0.0,0.0,0.0,0.0,0.0,6.0,86.0,0.0,1.0,0.0,0.0
psf/requests,2cc0dab0ec1381dd03aff0cc461bced0d18e34a7,2026-04-24T10:52:56+00:00,0,2,1.0,1.0,1.0,1.0986122886681098,0.0,0.0,0.0,0.0,0.0,0.0,1.0,0.0,0.0,0.0,0.0,0.0,1.0,0.0,0.0,0.0,0.0,6.0,32.0,0.0,0.0,0.0,0.0
psf/requests,f43f750ee10addbaa13901c1017631b4d70fd6e3,2026-04-24T14:19:28+00:00,0,1,1.0,1.0,1.0,1.0986122886681098,0.0,0.0,0.0,0.0,0.0,0.0,1.0,0.0,0.0,0.0,0.0,0.0,0.0,0.0,0.0,0.0,0.0,7.0,33.0,0.0,1.0,0.0,0.0
psf/requests,f19b86d99cf6b7a4210122c3e0b088598f70960a,2026-04-26T14:42:04+00:00,0,1,1.0,1.0,1.0,1.0986122886681098,0.0,0.0,0.0,0.0,0.0,1.0,0.0,0.0,0.0,0.0,0.0,0.0,1.0,0.0,0.0,0.0,0.0,26.0,0.0,0.0,1.0,0.0,0.0
psf/requests,3ed1cdc1bf9cc6365ba9be68bd4c039234051723,2026-04-26T14:54:00+00:00,0,1,2.0,2.0,2.0,1.6094379124341005,2.0,1.0,1.0,1.0,0.0,0.0,0.0,0.0,0.0,0.0,0.0,0.0,1.0,0.0,1.0,0.0,0.0,10.0,0.0,0.0,1.0,0.0,0.0
psf/requests,6ec76b4a36fba4a32fb72f5f9ba04e632635e477,2026-04-27T15:08:23+00:00,0,1,1.0,1.0,1.0,1.0986122886681098,0.0,0.0,0.0,0.0,0.0,1.0,0.0,0.0,0.0,0.0,0.0,0.0,0.0,0.0,0.0,0.0,0.0,27.0,1.0,0.0,1.0,0.0,0.0
psf/requests,5bae75923893e3e80c1af77824435d243e08f053,2026-04-29T22:16:41+00:00,1,1,4.0,32.0,18.0,3.9318256327243257,9.0,1.0,4.0,0.0,0.0,0.0,0.0,0.0,1.0,1.0,1.0,0.0,0.0,0.0,0.0,0.0,0.0,7.5,87.0,0.0,0.0,0.0,0.0
psf/requests,8a864d4576b48830290a3f2ab132b95b68c0a8b8,2026-04-29T22:32:49+00:00,0,1,1.0,5.0,5.0,2.3978952727983707,3.0,1.0,1.0,0.0,0.0,0.0,0.0,0.0,0.0,0.0,1.0,0.0,0.0,0.0,1.0,0.0,0.0,15.0,88.0,0.0113636363636363,1.0,1.0,0.05
psf/requests,5a4acd02025c48f994ac596cb9f30d6482424b21,2026-04-29T22:38:52+00:00,0,2,36.0,249.0,411.0,6.493753839851686,14.0,2.0,13.0,2.0,11.0,2.0,8.0,1.0,1.0,2.0,0.0,0.0,1.0,1.0,0.0,0.1,0.0050925925925925,8.36111111111111,88.0,0.0113636363636363,0.0,0.0,0.05
psf/requests,0d1c887f7a7f48994ee383921dce54ee16dcff0f,2026-04-30T02:46:56+00:00,0,2,1.0,13.0,0.0,2.6390573296152584,3.0,0.0,0.0,1.0,0.0,0.0,0.0,0.0,0.0,0.0,0.0,0.0,1.0,0.0,0.0,0.0,0.0,0.0,90.0,0.0111111111111111,1.0,0.0,0.05
psf/requests,fb56915c62230fc5e4880e3b576a6d734cd3db9b,2026-04-30T02:56:29+00:00,0,2,1.0,8.0,2.0,2.3978952727983707,1.0,1.0,1.0,0.0,0.0,0.0,0.0,0.0,0.0,0.0,1.0,0.0,1.0,0.0,0.0,0.0,0.0,5.0,90.0,0.0111111111111111,1.0,0.0,0.05
psf/requests,adbd3b9ee5ccf4cea0de008cb4385c16beeff7bb,2026-04-30T04:33:16+00:00,0,2,3.0,10.0,7.0,2.8903717578961645,5.0,1.0,3.0,0.0,0.0,0.0,0.0,0.0,1.0,1.0,1.0,0.0,1.0,0.0,0.0,0.0909090909090909,0.0559440559440559,13.666666666666666,92.0,0.0108695652173913,1.0,0.0,0.05
psf/requests,c62649158374aaab4ee3541e0d40e9fe3c9e7b84,2026-04-30T05:19:02+00:00,0,2,1.0,0.0,1.0,0.6931471805599453,1.0,1.0,1.0,0.0,0.0,0.0,0.0,0.0,0.0,0.0,1.0,0.0,1.0,0.0,0.0,0.0,0.0,18.0,93.0,0.010752688172043,1.0,0.0,0.05
psf/requests,27e0981962d355b9532256f4dcb3d42f64b04d9c,2026-04-30T14:35:17+00:00,0,1,2.0,2.0,2.0,1.6094379124341005,2.0,1.0,1.0,1.0,0.0,0.0,0.0,0.0,0.0,0.0,0.0,0.0,0.0,0.0,1.0,0.0,0.0,12.0,3.0,0.0,1.0,0.0,0.05
psf/requests,8f6cda9969f4a98c45ea2922f6bcbefc02256202,2026-04-30T17:05:41+00:00,0,1,1.0,13.0,0.0,2.6390573296152584,3.0,0.0,0.0,1.0,0.0,0.0,0.0,0.0,0.0,0.0,0.0,0.0,0.0,0.0,0.0,0.0,0.0,1.0,94.0,0.0106382978723404,1.0,0.0,0.05
psf/requests,707f5fbc7650d02d72b4d1cfa8d1c10ab0a8de76,2026-05-01T04:35:25+00:00,0,1,1.0,111.0,54.0,5.111987788356544,0.0,0.0,0.0,0.0,1.0,0.0,1.0,1.0,0.0,0.0,0.0,1.0,1.0,0.0,0.0,0.0,0.0,0.0,0.0,0.0,1.0,0.0,0.05
psf/requests,c640e6d7f6fc034389da0df1a72897d969adaacd,2026-05-01T22:49:19+00:00,1,2,5.0,11.0,10.0,3.091042453358316,5.0,1.0,5.0,0.0,0.0,0.0,0.0,0.0,1.0,2.0,1.0,0.0,1.0,0.0,0.0,0.1666666666666666,0.0642857142857142,12.2,95.0,0.0105263157894736,1.0,0.0,0.05
psf/requests,e52a0a9f288d36e8be0e3a1c085794f1d664d18f,2026-05-01T23:37:09+00:00,0,2,5.0,16.0,9.0,3.258096538021482,5.0,1.0,5.0,0.0,0.0,0.0,0.0,0.0,1.0,2.0,1.0,0.0,1.0,0.0,0.0,0.2857142857142857,0.1427605727605727,13.2,96.0,0.0208333333333333,1.0,0.0,0.1
psf/requests,4cf9bb5cb159ad54165e1808666154a7509da4e6,2026-05-02T01:45:25+00:00,0,2,1.0,3.0,2.0,1.791759469228055,2.0,1.0,1.0,0.0,0.0,0.0,0.0,0.0,0.0,1.0,1.0,0.0,1.0,0.0,0.0,0.0833333333333333,0.0833333333333333,12.0,97.0,0.0206185567010309,0.0,0.0,0.1
psf/requests,561e4b6889f53584c39a67f8794c53a414f68481,2026-05-03T19:38:51+00:00,0,1,20.0,1308.0,525.0,7.51425465281641,238.0,1.0,17.0,1.0,0.0,1.0,1.0,1.0,1.0,2.0,0.0,0.0,0.0,0.0,0.0,0.25,0.0404532967032967,10.2,98.0,0.0204081632653061,1.0,0.0,0.1
psf/requests,da8b77e3acf85b3a767004562cab998c0cd96d11,2026-05-03T19:44:12+00:00,0,3,2.0,17.0,2.0,2.995732273553991,0.0,1.0,1.0,0.0,1.0,0.0,0.0,0.0,0.0,0.0,1.0,0.0,1.0,0.0,0.0,0.0,0.0,7.0,99.0,0.0202020202020202,1.0,0.0,0.1
psf/requests,f7822f7c4185b45527f171095c4edf8777efe51b,2026-05-03T19:51:30+00:00,0,3,2.0,17.0,2.0,2.995732273553991,0.0,1.0,1.0,0.0,1.0,0.0,0.0,0.0,0.0,0.0,1.0,0.0,0.0,0.0,0.0,0.0,0.0,8.0,100.0,0.02,1.0,0.0,0.1
psf/requests,03627b53f15a56bbb39633e1bcf4dc995c163017,2026-05-04T21:31:47+00:00,0,2,1.0,1.0,1.0,1.0986122886681098,0.0,0.0,0.0,0.0,0.0,0.0,1.0,0.0,0.0,0.0,0.0,0.0,1.0,0.0,0.0,0.0,0.0,9.0,34.0,0.0,1.0,0.0,0.1
psf/requests,04d750509b90da728e53aee8d7516426e5a1a293,2026-05-04T21:42:10+00:00,0,1,1.0,1.0,1.0,1.0986122886681098,0.0,0.0,0.0,0.0,0.0,0.0,1.0,0.0,0.0,0.0,0.0,0.0,0.0,0.0,0.0,0.0,0.0,10.0,35.0,0.0,1.0,0.0,0.1
psf/requests,37f41997aebd2fdfe3d5f89b5381974464fa0eda,2026-05-05T22:18:32+00:00,0,1,1.0,15.0,2.0,2.8903717578961645,1.0,1.0,1.0,0.0,0.0,0.0,0.0,0.0,0.0,1.0,1.0,0.0,1.0,0.0,1.0,0.0714285714285714,0.0714285714285714,14.0,0.0,0.0,1.0,0.0,0.1
psf/requests,31916a28987596c1a07c44654abdcb981fa137f5,2026-05-07T21:29:21+00:00,0,1,1.0,1.0,1.0,1.0986122886681098,0.0,0.0,0.0,0.0,1.0,0.0,0.0,0.0,0.0,0.0,0.0,1.0,1.0,0.0,0.0,0.0,0.0,1.0,0.0,0.0,1.0,0.0,0.1
psf/requests,2a7e7fbb75082df952064f376c95a9d1116e8183,2026-05-07T21:47:23+00:00,0,1,5.0,7.0,7.0,2.70805020110221,0.0,0.0,0.0,0.0,5.0,0.0,1.0,0.0,0.0,0.0,0.0,1.0,1.0,0.0,0.0,0.0,0.0,1.6,101.0,0.0198019801980198,1.0,0.0,0.05
psf/requests,d60f4773b1f5932e2715b2c64b333649edbb405b,2026-05-07T22:27:49+00:00,0,1,5.0,7.0,7.0,2.70805020110221,0.0,0.0,0.0,0.0,5.0,0.0,1.0,0.0,0.0,0.0,0.0,1.0,0.0,0.0,0.0,0.0,0.0,2.6,102.0,0.0196078431372549,0.0,0.0,0.05
psf/requests,35ba878a7266b02bd392db1d57f7d06dc2ec71be,2026-05-08T00:40:18+00:00,0,1,8.0,60.0,132.0,5.262690188904886,11.0,1.0,8.0,0.0,0.0,0.0,0.0,0.0,1.0,2.0,1.0,0.0,0.0,0.0,0.0,0.2222222222222222,0.0674836601307189,11.125,102.0,0.0196078431372549,1.0,0.0,0.05
psf/requests,2986edd9e93fcbb87747be2fd175b7821ee73a13,2026-05-08T18:57:39+00:00,0,1,2.0,2.0,1.0,1.3862943611198906,0.0,0.0,0.0,0.0,0.0,1.0,1.0,1.0,0.0,0.0,0.0,0.0,1.0,0.0,0.0,0.0,0.0,25.5,104.0,0.0192307692307692,1.0,0.0,0.05
psf/requests,eb173bc819c72580deed2d54190d340cc769e529,2026-05-08T20:18:04+00:00,0,1,2.0,2.0,1.0,1.3862943611198906,0.0,0.0,0.0,0.0,0.0,1.0,1.0,1.0,0.0,0.0,0.0,0.0,0.0,0.0,0.0,0.0,0.0,26.5,105.0,0.019047619047619,1.0,0.0,0.05
psf/requests,39931d17d1e62e97597a82d54be714359db76eb3,2026-05-09T09:39:22+00:00,0,1,1.0,1.0,0.0,0.6931471805599453,0.0,0.0,0.0,0.0,1.0,0.0,0.0,0.0,0.0,0.0,0.0,1.0,1.0,0.0,1.0,0.0,0.0,4.0,0.0,0.0,1.0,0.0,0.05
psf/requests,e8d2c015eecda8273612dd4562425e00cd164ba5,2026-05-09T18:51:53+00:00,0,1,1.0,1.0,0.0,0.6931471805599453,0.0,0.0,0.0,0.0,1.0,0.0,0.0,0.0,0.0,0.0,0.0,1.0,0.0,0.0,1.0,0.0,0.0,5.0,0.0,0.0,1.0,0.0,0.05
psf/requests,e6b6ee0fe5fd5d21485d1aea48bf6d28cbeb23d4,2026-05-10T20:01:14+00:00,0,1,2.0,1.0,1.0,1.0986122886681098,0.0,0.0,0.0,0.0,0.0,1.0,1.0,1.0,0.0,0.0,0.0,0.0,1.0,0.0,0.0,0.0,0.0,27.5,106.0,0.0188679245283018,1.0,0.0,0.05
psf/requests,03bfd8373ee37d639a587db6da27621352e415d9,2026-05-10T21:21:04+00:00,0,1,1.0,9.0,0.0,2.302585092994046,1.0,0.0,0.0,1.0,0.0,0.0,0.0,0.0,0.0,0.0,0.0,0.0,0.0,0.0,0.0,0.0,0.0,0.0,107.0,0.0186915887850467,0.0,0.0,0.05
psf/requests,da905d0eb1de1184d323d39dfc2ce2b423df7bee,2026-05-10T21:22:31+00:00,0,2,1.0,9.0,0.0,2.302585092994046,1.0,0.0,0.0,1.0,0.0,0.0,0.0,0.0,0.0,0.0,0.0,0.0,1.0,0.0,0.0,0.0,0.0,0.0,107.0,0.0186915887850467,1.0,0.0,0.05
psf/requests,cead573dedd928161ca7c402ddacbd8c8e05faee,2026-05-10T21:35:05+00:00,0,1,1.0,4.0,10.0,2.70805020110221,2.0,0.0,0.0,1.0,0.0,0.0,0.0,0.0,0.0,0.0,0.0,0.0,1.0,0.0,1.0,0.0,0.0,1.0,109.0,0.018348623853211,0.0,0.0,0.05
psf/requests,fd628095d7b9ddbf3e987d8a4bf0e6062768916f,2026-05-10T21:41:28+00:00,0,1,2.0,2.0,4.0,1.9459101490553132,3.0,1.0,1.0,1.0,0.0,0.0,0.0,0.0,0.0,0.0,0.0,0.0,0.0,0.0,0.0,0.0,0.0,7.5,0.0,0.0,1.0,0.0,0.0
psf/requests,25340ebad09a38e0748aeb26232102022a03ec94,2026-05-11T02:05:18+00:00,0,1,1.0,9.0,0.0,2.302585092994046,1.0,0.0,0.0,1.0,0.0,0.0,0.0,0.0,0.0,0.0,0.0,0.0,0.0,0.0,0.0,0.0,0.0,2.0,110.0,0.0181818181818181,1.0,0.0,0.0
psf/requests,dc9dbdfb3434c6e58d48fd102f93e5342308817e,2026-05-11T02:05:38+00:00,0,1,2.0,1.0,1.0,1.0986122886681098,0.0,0.0,0.0,0.0,0.0,1.0,1.0,1.0,0.0,0.0,0.0,0.0,0.0,0.0,0.0,0.0,0.0,28.5,110.0,0.0181818181818181,0.0,0.0,0.0
psf/requests,48884c8fb2afbf8ee3ca14e3982ccf72d284c104,2026-05-11T14:54:37+00:00,0,1,2.0,2.0,2.0,1.6094379124341005,1.0,1.0,2.0,0.0,0.0,0.0,0.0,0.0,0.0,1.0,1.0,0.0,1.0,0.0,1.0,0.2,0.1555555555555555,14.0,0.0,0.0,1.0,0.0,0.0
psf/requests,b684dcb9bbf3aa557d1238e72062c4a29737dd1c,2026-05-11T16:14:25+00:00,0,1,2.0,2.0,2.0,1.6094379124341005,1.0,1.0,2.0,0.0,0.0,0.0,0.0,0.0,0.0,1.0,1.0,0.0,0.0,0.0,1.0,0.1818181818181818,0.1435406698564593,15.0,1.0,0.0,1.0,0.0,0.0
psf/requests,93417da60458511850815cc540e9c1f773bd1c9c,2026-05-11T16:29:20+00:00,0,2,2.0,9.0,7.0,2.833213344056216,3.0,1.0,2.0,0.0,0.0,0.0,0.0,0.0,0.0,0.0,1.0,0.0,1.0,0.0,0.0,0.1666666666666666,0.106060606060606,17.0,112.0,0.0178571428571428,1.0,0.0,0.0
psf/requests,52220f66843d08217b89204b7f85183fdf7514d9,2026-05-11T16:37:10+00:00,0,2,2.0,27.0,2.0,3.4011973816621555,2.0,1.0,1.0,1.0,0.0,0.0,0.0,0.0,0.0,0.0,0.0,0.0,1.0,0.0,0.0,0.0454545454545454,0.0227272727272727,14.5,112.0,0.0178571428571428,1.0,0.0,0.0
psf/requests,9b03c0352e7b9d7a0f0fba53bcb13497310e1cb7,2026-05-11T16:56:46+00:00,0,2,2.0,19.0,7.0,3.295836866004329,0.0,1.0,1.0,0.0,1.0,0.0,0.0,0.0,0.0,0.0,1.0,0.0,1.0,0.0,0.0,0.0,0.0,9.0,114.0,0.0175438596491228,1.0,0.0,0.0
psf/requests,a83899b05fdfd0ab9538f8541e5315da1b89d3eb,2026-05-11T17:25:03+00:00,0,2,1.0,4.0,1.0,1.791759469228055,0.0,0.0,0.0,0.0,1.0,0.0,0.0,0.0,0.0,0.0,0.0,1.0,1.0,0.0,0.0,0.0,0.0,9.0,115.0,0.017391304347826,1.0,0.0,0.0
psf/requests,3816cfa1abd42dca21b9e837f26c59b246016aaf,2026-05-11T17:33:21+00:00,0,1,2.0,9.0,7.0,2.833213344056216,3.0,1.0,2.0,0.0,0.0,0.0,0.0,0.0,0.0,0.0,1.0,0.0,0.0,0.0,0.0,0.1538461538461538,0.0977564102564102,18.5,116.0,0.0172413793103448,1.0,0.0,0.0
psf/requests,5c19c28e473bf0e8d75423bdafc3c155c3535170,2026-05-11T17:36:06+00:00,1,2,1.0,8.0,1.0,2.302585092994046,1.0,1.0,1.0,0.0,0.0,0.0,0.0,0.0,0.0,1.0,1.0,0.0,1.0,0.0,0.0,0.1,0.1,20.0,116.0,0.0172413793103448,1.0,0.0,0.0
psf/requests,37a13cdf3245e62cf985ef791e63b2012d0701fe,2026-05-11T17:40:33+00:00,0,2,1.0,9.0,2.0,2.4849066497880004,1.0,1.0,1.0,0.0,0.0,0.0,0.0,0.0,0.0,1.0,1.0,0.0,1.0,0.0,0.0,0.1,0.1,20.0,117.0,0.017094017094017,1.0,0.0,0.0
psf/requests,a4f9a5999bdb9bf2d6e7c8aa973b28cacb17134f,2026-05-11T19:24:24+00:00,0,1,2.0,27.0,2.0,3.4011973816621555,2.0,1.0,1.0,1.0,0.0,0.0,0.0,0.0,0.0,0.0,0.0,0.0,0.0,0.0,0.0,0.04,0.02,16.5,119.0,0.0252100840336134,1.0,0.0,0.05
psf/requests,86b378d3f60f828daa13ca50aa82e287ff7b66b4,2026-05-11T19:24:37+00:00,0,1,1.0,9.0,2.0,2.4849066497880004,1.0,1.0,1.0,0.0,0.0,0.0,0.0,0.0,0.0,1.0,1.0,0.0,0.0,0.0,0.0,0.1363636363636363,0.1363636363636363,22.0,119.0,0.0252100840336134,0.0,0.0,0.05
psf/requests,0b401c76b6e80a4eecf3c690085b2553f6e261ca,2026-05-11T19:25:01+00:00,0,2,2.0,22.0,7.0,3.4011973816621555,0.0,1.0,1.0,0.0,1.0,0.0,0.0,0.0,0.0,0.0,1.0,0.0,0.0,0.0,0.0,0.0,0.0,10.5,119.0,0.0252100840336134,0.0,0.0,0.05
psf/requests,0a074cadfaccfbdd2f841d567a4c1a9132a72cd4,2026-05-11T20:34:06+00:00,0,2,3.0,6.0,6.0,2.5649493574615367,2.0,1.0,3.0,0.0,0.0,0.0,0.0,0.0,1.0,1.0,1.0,0.0,1.0,0.0,1.0,0.1428571428571428,0.1327639751552795,17.666666666666668,122.0,0.0245901639344262,1.0,0.0,0.05
psf/requests,09e438401e08765fb17b492b2d541389d71e0776,2026-05-12T13:46:16+00:00,0,1,2.0,94.0,1.0,4.564348191467836,15.0,1.0,1.0,1.0,0.0,0.0,0.0,0.0,1.0,0.0,0.0,0.0,1.0,0.0,1.0,0.1176470588235294,0.0588235294117647,16.5,0.0,0.0,1.0,0.0,0.05
psf/requests,09cb24de8246178f5195efb9ab89b1ae5cd1264a,2026-05-12T16:21:18+00:00,1,1,1.0,1.0,3.0,1.6094379124341005,0.0,1.0,1.0,0.0,0.0,0.0,0.0,0.0,0.0,0.0,1.0,0.0,0.0,0.0,0.0,0.1333333333333333,0.1333333333333333,15.0,123.0,0.024390243902439,1.0,0.0,0.05
psf/requests,1c8315e4eb20a6b73b7691086f78844d55f08f28,2026-05-12T16:31:00+00:00,0,1,2.0,11.0,89.0,4.61512051684126,17.0,1.0,1.0,1.0,0.0,0.0,0.0,0.0,1.0,0.0,0.0,0.0,1.0,0.0,1.0,0.1111111111111111,0.0555555555555555,17.5,1.0,0.0,1.0,0.0,0.1
psf/requests,c44fb193f9bf21c8bc4b8b55985fe4835fbdeaae,2026-05-12T16:32:50+00:00,0,2,1.0,1.0,1.0,1.0986122886681098,0.0,1.0,1.0,0.0,0.0,0.0,0.0,0.0,0.0,0.0,1.0,0.0,1.0,0.0,0.0,0.1875,0.1875,16.0,124.0,0.032258064516129,1.0,0.0,0.1
psf/requests,dfe9ab8143fb71c72673738f25f0571347226b63,2026-05-12T17:16:49+00:00,0,2,1.0,2.0,2.0,1.6094379124341005,1.0,1.0,1.0,0.0,0.0,0.0,0.0,0.0,1.0,0.0,1.0,0.0,1.0,0.0,0.0,0.1052631578947368,0.1052631578947368,19.0,125.0,0.032,1.0,0.0,0.1
psf/requests,ea1c36c1b1a8364e234b6ad49ea05e3261636f8a,2026-05-12T17:28:12+00:00,0,1,1.0,3.0,3.0,1.9459101490553132,1.0,1.0,1.0,0.0,0.0,0.0,0.0,0.0,1.0,0.0,1.0,0.0,1.0,0.0,0.0,0.1,0.1,20.0,2.0,0.0,1.0,0.0,0.1
psf/requests,1be917108874d28ae47cc311297d30790302b648,2026-05-12T17:40:04+00:00,0,2,1.0,8.0,2.0,2.3978952727983707,0.0,1.0,1.0,0.0,0.0,0.0,0.0,0.0,0.0,0.0,1.0,0.0,1.0,0.0,0.0,0.1764705882352941,0.1764705882352941,17.0,126.0,0.0317460317460317,1.0,0.0,0.1
psf/requests,6404f345e562d962abe6700a1c357ec1e7e18232,2026-05-12T17:51:05+00:00,0,1,2.0,18.0,3.0,3.091042453358316,3.0,1.0,1.0,1.0,0.0,0.0,0.0,0.0,1.0,0.0,0.0,0.0,0.0,0.0,1.0,0.0952380952380952,0.0476190476190476,19.5,3.0,0.0,1.0,0.0,0.1
psf/requests,2144213c307691710c9d665700860fc4993c3035,2026-05-13T14:42:48+00:00,0,1,1.0,2.0,2.0,1.6094379124341005,1.0,1.0,1.0,0.0,0.0,0.0,0.0,0.0,1.0,0.0,1.0,0.0,0.0,0.0,0.0,0.0909090909090909,0.0909090909090909,22.0,127.0,0.0314960629921259,1.0,0.0,0.1
psf/requests,5691f596134c2feb121e595c77a0178921fcce61,2026-05-13T14:43:24+00:00,0,1,1.0,8.0,2.0,2.3978952727983707,0.0,1.0,1.0,0.0,0.0,0.0,0.0,0.0,0.0,0.0,1.0,0.0,0.0,0.0,0.0,0.1666666666666666,0.1666666666666666,18.0,127.0,0.0314960629921259,0.0,0.0,0.1
psf/requests,b0d3707b04c81186f83e2c7c14196a29c2397e3f,2026-05-13T15:18:43+00:00,0,2,2.0,16.0,2.0,2.9444389791664403,0.0,1.0,1.0,0.0,1.0,0.0,0.0,0.0,0.0,0.0,1.0,0.0,1.0,0.0,0.0,0.0,0.0,11.5,128.0,0.03125,1.0,0.0,0.1
psf/requests,e511bc72777a94c45d004e010c597925092e1efe,2026-05-13T19:16:53+00:00,0,1,3.0,6.0,6.0,2.5649493574615367,2.0,1.0,3.0,0.0,0.0,0.0,0.0,0.0,1.0,1.0,1.0,0.0,0.0,0.0,1.0,0.1578947368421052,0.1232837528604118,22.0,130.0,0.0307692307692307,1.0,0.0,0.1
psf/requests,b7b549b54571d03950b16afd2d01bc6ff0348224,2026-05-13T19:17:28+00:00,0,2,2.0,16.0,2.0,2.9444389791664403,0.0,1.0,1.0,0.0,1.0,0.0,0.0,0.0,0.0,0.0,1.0,0.0,0.0,0.0,0.0,0.0,0.0,12.5,130.0,0.0307692307692307,0.0,0.0,0.1
psf/requests,412f581d7e7c27bfee4f042fcac89bae9a804afe,2026-05-13T21:15:42+00:00,0,2,2.0,2.0,3.0,1.791759469228055,1.0,1.0,2.0,0.0,0.0,0.0,0.0,0.0,1.0,0.0,1.0,0.0,1.0,0.0,0.0,0.15,0.1166666666666666,22.0,132.0,0.0303030303030303,1.0,0.0,0.1
psf/requests,84d10f0be83e8f6aeca8a05230c52216431c4d0b,2026-05-14T16:16:31+00:00,0,1,2.0,2.0,3.0,1.791759469228055,1.0,1.0,2.0,0.0,0.0,0.0,0.0,0.0,1.0,0.0,1.0,0.0,0.0,0.0,0.0,0.1428571428571428,0.1114285714285714,23.0,133.0,0.0300751879699248,1.0,0.0,0.1
psf/requests,0372c26dda61220790ea0fa1199f92726e761834,2026-05-14T16:29:46+00:00,0,2,2.0,10.0,2.0,2.5649493574615367,0.0,1.0,1.0,0.0,1.0,0.0,0.0,0.0,0.0,0.0,1.0,0.0,1.0,0.0,0.0,0.0,0.0,13.5,134.0,0.0298507462686567,1.0,0.0,0.05
psf/requests,6e83187b8feb273ed4c6cdab5efd8d54901dfab3,2026-05-14T19:21:56+00:00,0,2,2.0,10.0,2.0,2.5649493574615367,0.0,1.0,1.0,0.0,1.0,0.0,0.0,0.0,0.0,0.0,1.0,0.0,0.0,0.0,0.0,0.0,0.0,14.5,135.0,0.0296296296296296,1.0,0.0,0.05
psf/requests,f79accd4eb8f33494c84ce426a518186147c8a05,2026-05-18T08:53:29+00:00,0,1,1.0,1.0,1.0,1.0986122886681098,1.0,1.0,1.0,0.0,0.0,0.0,0.0,0.0,0.0,1.0,1.0,0.0,1.0,0.0,0.0,0.12,0.12,25.0,0.0,0.0,1.0,0.0,0.05
psf/requests,cd90742ed94d901759e26766197d0ce7c7bd9c8e,2026-05-18T15:02:43+00:00,0,1,1.0,1.0,1.0,1.0986122886681098,1.0,1.0,1.0,0.0,0.0,0.0,0.0,0.0,0.0,1.0,1.0,0.0,0.0,0.0,0.0,0.1153846153846153,0.1153846153846153,26.0,1.0,0.0,1.0,0.0,0.05
psf/requests,55599216e23d5e8a02499d0019e910e2c18563fd,2026-05-31T12:33:57+00:00,0,1,2.0,94.0,1.0,4.564348191467836,0.0,0.0,0.0,0.0,2.0,0.0,2.0,1.0,0.0,0.0,0.0,1.0,1.0,0.0,0.0,0.0,0.0,0.5,1.0,0.0,1.0,0.0,0.05
psf/requests,c4367f231b5dc54f23f2983828562ce3a7555a8a,2026-05-31T13:35:07+00:00,0,1,2.0,94.0,1.0,4.564348191467836,0.0,0.0,0.0,0.0,2.0,0.0,2.0,1.0,0.0,0.0,0.0,1.0,0.0,0.0,0.0,0.0,0.0,1.5,2.0,0.0,1.0,0.0,0.05
psf/requests,2a480a1f56b6e32fd2ef0bcd6048ff468e2768ee,2026-06-03T00:27:14+00:00,0,2,1.0,3.0,3.0,1.9459101490553132,0.0,0.0,0.0,0.0,0.0,0.0,1.0,1.0,0.0,0.0,0.0,0.0,1.0,0.0,0.0,0.0,0.0,21.0,36.0,0.0,1.0,0.0,0.05
psf/requests,175e15339c4cd881308d5820387bf02bd3b79dda,2026-06-03T00:38:15+00:00,0,2,1.0,1.0,1.0,1.0986122886681098,0.0,0.0,0.0,0.0,0.0,0.0,1.0,0.0,0.0,0.0,0.0,0.0,1.0,0.0,0.0,0.0,0.0,11.0,36.0,0.0,1.0,0.0,0.05
psf/requests,a634611dd1bbf1455723cff0af2ecc30866d880c,2026-06-03T00:44:57+00:00,0,1,1.0,3.0,3.0,1.9459101490553132,0.0,0.0,0.0,0.0,0.0,0.0,1.0,1.0,0.0,0.0,0.0,0.0,0.0,0.0,0.0,0.0,0.0,22.0,38.0,0.0,1.0,0.0,0.0
psf/requests,3be097d450ee4ca8a2f9c1a3a58eb61ed19936b0,2026-06-03T00:45:37+00:00,0,1,1.0,1.0,1.0,1.0986122886681098,0.0,0.0,0.0,0.0,0.0,0.0,1.0,0.0,0.0,0.0,0.0,0.0,0.0,0.0,0.0,0.0,0.0,12.0,38.0,0.0,0.0,0.0,0.0
psf/requests,51599157d669a044272a96d547b4065103e1e5f3,2026-06-04T14:38:03+00:00,0,1,3.0,11.0,13.0,3.218875824868201,3.0,1.0,3.0,0.0,0.0,0.0,0.0,0.0,1.0,0.0,1.0,0.0,1.0,0.0,0.0,0.0769230769230769,0.0256410256410256,16.0,0.0,0.0,0.0,0.0,0.0
psf/requests,e50e5945294f79ee9ab4ec69de24d14f9b26a7ae,2026-06-04T17:20:38+00:00,0,1,5.0,19.0,14.0,3.5263605246161616,3.0,1.0,4.0,0.0,0.0,1.0,0.0,0.0,1.0,0.0,1.0,0.0,0.0,0.0,0.0,0.074074074074074,0.0148148148148148,18.2,1.0,0.0,1.0,0.0,0.0
psf/requests,38b7702f0eb1659e73ae2ee86401ddf91530d9d3,2026-06-04T19:17:00+00:00,0,1,4.0,6.0,6.0,2.5649493574615367,0.0,1.0,4.0,0.0,0.0,0.0,0.0,0.0,1.0,1.0,1.0,0.0,1.0,0.0,0.0,0.1111111111111111,0.0552503052503052,23.75,2.0,0.0,0.0,0.0,0.0
psf/requests,1e0fa672ed7185d5c408e2dc6ce1e15abf1d488f,2026-06-04T19:50:17+00:00,0,1,1.0,1.0,0.0,0.6931471805599453,1.0,1.0,1.0,0.0,0.0,0.0,0.0,0.0,1.0,0.0,1.0,0.0,1.0,0.0,0.0,0.0689655172413793,0.0689655172413793,29.0,3.0,0.0,1.0,0.0,0.0
psf/requests,1190afd14fca74292946d62c4c8169880a47ff67,2026-06-04T21:43:24+00:00,0,1,1.0,1.0,0.0,0.6931471805599453,1.0,1.0,1.0,0.0,0.0,0.0,0.0,0.0,1.0,0.0,1.0,0.0,0.0,0.0,0.0,0.0666666666666666,0.0666666666666666,30.0,4.0,0.0,1.0,0.0,0.0
psf/requests,e7de262f368a21f83efe70d03bf27994b969b572,2026-06-08T09:49:21+00:00,0,1,2.0,28.0,1.0,3.4011973816621555,3.0,1.0,1.0,1.0,0.0,0.0,0.0,0.0,1.0,0.0,0.0,0.0,1.0,0.0,1.0,0.064516129032258,0.032258064516129,25.0,0.0,0.0,1.0,0.0,0.0
psf/requests,5b161d66e955cc7115898b7d84101e2a65377efd,2026-06-08T16:55:14+00:00,0,2,1.0,1.0,1.0,1.0986122886681098,0.0,0.0,0.0,0.0,0.0,0.0,1.0,0.0,0.0,0.0,0.0,0.0,1.0,0.0,0.0,0.0,0.0,13.0,40.0,0.0,1.0,0.0,0.0
psf/requests,fbd0eb37320376740a1010f52f2b9870e8210d88,2026-06-08T17:04:30+00:00,0,1,1.0,1.0,1.0,1.0986122886681098,0.0,0.0,0.0,0.0,0.0,0.0,1.0,0.0,0.0,0.0,0.0,0.0,0.0,0.0,0.0,0.0,0.0,14.0,41.0,0.0,1.0,0.0,0.0
psf/requests,661970d171d9c3e12e4c789c4768db647d8c4da0,2026-06-08T17:33:30+00:00,0,1,10.0,36.0,29.0,4.189654742026425,10.0,1.0,9.0,0.0,0.0,1.0,0.0,0.0,1.0,2.0,1.0,0.0,0.0,0.0,0.0,0.1071428571428571,0.0271196023212152,19.2,5.0,0.0,1.0,0.0,0.0
psf/requests,be53ff13b12df758cba1220f48fca0be31bcf03c,2026-06-08T19:08:25+00:00,0,1,2.0,14.0,1.0,2.772588722239781,2.0,1.0,1.0,1.0,0.0,0.0,0.0,0.0,1.0,0.0,0.0,0.0,1.0,0.0,1.0,0.0606060606060606,0.0303030303030303,26.5,1.0,0.0,1.0,0.0,0.0
psf/requests,6f205ff422bccd5e4c4fc0b64c5f3e7df5181db6,2026-06-08T20:52:54+00:00,0,1,2.0,14.0,1.0,2.772588722239781,2.0,1.0,1.0,1.0,0.0,0.0,0.0,0.0,1.0,0.0,0.0,0.0,0.0,0.0,1.0,0.0588235294117647,0.0294117647058823,27.5,2.0,0.0,1.0,0.0,0.0
psf/requests,f9cecf87b12a50a812aeaaabc2c6bd6f6ece465a,2026-06-08T21:13:38+00:00,0,1,2.0,18.0,2.0,3.044522437723423,4.0,1.0,1.0,1.0,0.0,0.0,0.0,0.0,1.0,0.0,0.0,0.0,0.0,0.0,0.0,0.0571428571428571,0.0285714285714285,28.5,136.0,0.0294117647058823,1.0,0.0,0.0
psf/requests,8561a353cfa7bb44f90d30f5cbb3e596611f7ff1,2026-06-08T22:28:20+00:00,0,2,3.0,24.0,7.0,3.4657359027997265,6.0,1.0,2.0,1.0,0.0,0.0,0.0,0.0,1.0,0.0,0.0,0.0,1.0,0.0,0.0,0.1363636363636363,0.0639730639730639,27.0,137.0,0.0291970802919708,1.0,0.0,0.0
psf/requests,6f66281a1d6326b1b9c4ac09ca30de0fc4e6ef43,2026-06-09T15:46:05+00:00,0,1,3.0,24.0,7.0,3.4657359027997265,6.0,1.0,2.0,1.0,0.0,0.0,0.0,0.0,1.0,0.0,0.0,0.0,0.0,0.0,0.0,0.1304347826086956,0.0614962788875832,28.0,138.0,0.0289855072463768,1.0,0.0,0.0
psf/requests,2e61ec184775c72d80a32c447c5d9556e0974d6e,2026-06-09T15:57:27+00:00,0,1,1.0,26.0,19.0,3.828641396489095,2.0,1.0,1.0,0.0,0.0,0.0,0.0,0.0,0.0,0.0,1.0,0.0,1.0,0.0,0.0,0.0,0.0,10.0,6.0,0.0,1.0,0.0,0.0
psf/requests,bf1abe67c486d3202e0cdb4d2051625246d3c8e4,2026-06-11T21:27:00+00:00,0,1,2.0,9.0,13.0,3.1354942159291497,5.0,1.0,2.0,0.0,0.0,0.0,0.0,0.0,0.0,0.0,1.0,0.0,1.0,0.0,0.0,0.0357142857142857,0.0178571428571428,18.0,0.0,0.0,1.0,0.0,0.0
psf/requests,cb28bfeeed4862344530ed99d64e5b9588a7fb4d,2026-06-15T16:55:54+00:00,0,2,1.0,1.0,1.0,1.0986122886681098,0.0,0.0,0.0,0.0,0.0,0.0,1.0,0.0,0.0,0.0,0.0,0.0,1.0,0.0,0.0,0.0,0.0,15.0,42.0,0.0,1.0,0.0,0.0
psf/requests,d64b9ad4bf1c14e21e0df3f0f4320fec81180e91,2026-06-15T18:12:35+00:00,0,1,1.0,1.0,1.0,1.0986122886681098,0.0,0.0,0.0,0.0,0.0,0.0,1.0,0.0,0.0,0.0,0.0,0.0,0.0,0.0,0.0,0.0,0.0,16.0,43.0,0.0,1.0,0.0,0.0
psf/requests,062993574e48e1ca0bb8dfb6123ae66ac5389bbb,2026-06-22T16:54:44+00:00,0,2,1.0,1.0,1.0,1.0986122886681098,0.0,0.0,0.0,0.0,0.0,0.0,1.0,0.0,0.0,0.0,0.0,0.0,1.0,0.0,0.0,0.0,0.0,17.0,44.0,0.0,1.0,0.0,0.0
psf/requests,a48896b732fd2d30fd7250c0de0314af2c31c64a,2026-06-24T21:40:15+00:00,0,2,1.0,3.0,0.0,1.3862943611198906,0.0,0.0,0.0,0.0,0.0,0.0,1.0,1.0,0.0,0.0,0.0,0.0,1.0,0.0,0.0,0.0,0.0,8.0,139.0,0.0287769784172661,0.0,0.0,0.0
psf/requests,74c56d5ffb0ad718dbd011b983d056c994355d7d,2026-06-24T22:40:15+00:00,0,1,2.0,6.0,1.0,2.0794415416798357,0.0,0.0,0.0,0.0,0.0,0.0,2.0,1.0,0.0,0.0,0.0,0.0,0.0,0.0,0.0,0.0,0.0,11.5,140.0,0.0285714285714285,1.0,0.0,0.0
psf/requests,d44b67eb55f3dea5a36024b8c4ae6a5c37bca617,2026-06-24T22:40:32+00:00,0,1,1.0,1.0,1.0,1.0986122886681098,0.0,0.0,0.0,0.0,0.0,0.0,1.0,0.0,0.0,0.0,0.0,0.0,0.0,0.0,0.0,0.0,0.0,18.0,45.0,0.0,0.0,0.0,0.0
psf/requests,a5935d2f63450adae9663c92036a9a45ee1842ac,2026-06-24T22:41:18+00:00,0,2,6.0,8.0,8.0,2.833213344056216,0.0,0.0,0.0,0.0,0.0,0.0,6.0,1.0,0.0,0.0,0.0,0.0,1.0,0.0,0.0,0.0,0.0,17.666666666666668,45.0,0.0,0.0,0.0,0.0
psf/requests,4ed3d1b3204caa6806a36125a39589044a02e807,2026-06-24T22:47:18+00:00,0,1,6.0,8.0,8.0,2.833213344056216,0.0,0.0,0.0,0.0,0.0,0.0,6.0,1.0,0.0,0.0,0.0,0.0,0.0,0.0,0.0,0.0,0.0,18.833333333333332,47.0,0.0,1.0,0.0,0.0
psf/requests,e30bd7cd52626740a0ba5546d9abd4ce61beb764,2026-06-29T16:54:53+00:00,0,2,1.0,1.0,1.0,1.0986122886681098,0.0,0.0,0.0,0.0,0.0,0.0,1.0,0.0,0.0,0.0,0.0,0.0,1.0,0.0,0.0,0.0,0.0,19.0,48.0,0.0,1.0,0.0,0.0
psf/requests,23953c0c875219a715f081cf3de7c149a7629ccf,2026-06-29T17:37:22+00:00,0,1,1.0,1.0,1.0,1.0986122886681098,0.0,0.0,0.0,0.0,0.0,0.0,1.0,0.0,0.0,0.0,0.0,0.0,0.0,0.0,0.0,0.0,0.0,20.0,49.0,0.0,1.0,0.0,0.0
psf/requests,ee5173d05622d4aaca0b2a0ab2864748d16db3d1,2026-07-06T16:53:22+00:00,0,2,4.0,6.0,6.0,2.5649493574615367,0.0,0.0,0.0,0.0,0.0,0.0,4.0,1.0,0.0,0.0,0.0,0.0,1.0,0.0,0.0,0.0,0.0,22.25,50.0,0.0,1.0,0.0,0.0
psf/requests,f052a20b98675c0f9ad4f0620b0b310d10014c14,2026-07-06T16:55:13+00:00,0,2,1.0,1.0,1.0,1.0986122886681098,0.0,0.0,0.0,0.0,0.0,0.0,1.0,0.0,0.0,0.0,0.0,0.0,1.0,0.0,0.0,0.0,0.0,21.0,50.0,0.0,1.0,0.0,0.0
psf/requests,4c800e9aea2059660b8306b0fc8f9e9a4232cb3e,2026-07-06T17:32:33+00:00,0,1,4.0,6.0,6.0,2.5649493574615367,0.0,0.0,0.0,0.0,0.0,0.0,4.0,1.0,0.0,0.0,0.0,0.0,0.0,0.0,0.0,0.0,0.0,23.25,52.0,0.0,1.0,0.0,0.0
psf/requests,8051baa8cea20b8d57a94c32f57317eeb4b9af2e,2026-07-09T14:59:30+00:00,0,1,1.0,1.0,1.0,1.0986122886681098,0.0,0.0,0.0,0.0,1.0,0.0,1.0,1.0,0.0,0.0,0.0,1.0,1.0,0.0,0.0,0.0,0.0,3.0,0.0,0.0,0.0,0.0,0.0
psf/requests,d38495c90653496c3c81f31e8f9bef162b400b44,2026-07-09T15:10:42+00:00,0,1,1.0,1.0,1.0,1.0986122886681098,0.0,0.0,0.0,0.0,1.0,0.0,1.0,1.0,0.0,0.0,0.0,1.0,0.0,0.0,1.0,0.0,0.0,4.0,0.0,0.0,1.0,0.0,0.0
psf/requests,f361ead047be5cb873174218582f7d8b9fcd9f49,2026-07-09T15:12:44+00:00,0,1,1.0,1.0,1.0,1.0986122886681098,0.0,0.0,0.0,0.0,0.0,0.0,1.0,0.0,0.0,0.0,0.0,0.0,0.0,0.0,0.0,0.0,0.0,22.0,53.0,0.0,0.0,0.0,0.0
psf/requests,6a515ba03efe2fc21355ef1201a9db862f454a30,2026-07-20T16:55:15+00:00,0,2,1.0,1.0,1.0,1.0986122886681098,0.0,0.0,0.0,0.0,0.0,0.0,1.0,0.0,0.0,0.0,0.0,0.0,1.0,0.0,0.0,0.0,0.0,23.0,54.0,0.0,1.0,0.0,0.0
psf/requests,b4b5aa4d264c78dcf4b4d95ddba880f164842f00,2026-07-20T16:56:55+00:00,0,2,1.0,3.0,3.0,1.9459101490553132,0.0,0.0,0.0,0.0,0.0,0.0,1.0,1.0,0.0,0.0,0.0,0.0,1.0,0.0,0.0,0.0,0.0,25.0,54.0,0.0,1.0,0.0,0.0
psf/requests,b17c61b618b1824f1f5d9edcacaf16801343a295,2026-07-20T17:55:29+00:00,1,1,1.0,1.0,1.0,1.0986122886681098,0.0,0.0,0.0,0.0,0.0,0.0,1.0,0.0,0.0,0.0,0.0,0.0,0.0,0.0,0.0,0.0,0.0,24.0,55.0,0.0,1.0,0.0,0.0
psf/requests,69f84847045bef7a849cc994a26fe7ba8a169e95,2026-07-20T18:41:20+00:00,0,1,1.0,3.0,3.0,1.9459101490553132,0.0,0.0,0.0,0.0,0.0,0.0,1.0,1.0,0.0,0.0,0.0,0.0,0.0,0.0,0.0,0.0,0.0,26.0,57.0,0.0175438596491228,1.0,1.0,0.05
psf/requests,a0c50324646dea4efd509f0e85a05e37a1ad5ee5,2026-07-27T16:53:11+00:00,0,2,5.0,7.0,7.0,2.70805020110221,0.0,0.0,0.0,0.0,0.0,0.0,5.0,1.0,0.0,0.0,0.0,0.0,1.0,0.0,0.0,0.0,0.0,20.4,58.0,0.0172413793103448,1.0,0.0,0.05
psf/requests,01576fe18d99eb9a9874a13ca61f4ddd93c6998a,2026-07-27T16:55:14+00:00,0,2,1.0,1.0,1.0,1.0986122886681098,0.0,0.0,0.0,0.0,0.0,0.0,1.0,0.0,0.0,0.0,0.0,0.0,1.0,0.0,0.0,0.04,0.04,25.0,58.0,0.0172413793103448,1.0,0.0,0.05
psf/requests,ded32878c0090f6b7b32a008176df6cecf36481f,2026-07-27T17:18:21+00:00,0,1,1.0,1.0,1.0,1.0986122886681098,0.0,0.0,0.0,0.0,0.0,0.0,1.0,0.0,0.0,0.0,0.0,0.0,0.0,0.0,0.0,0.0384615384615384,0.0384615384615384,26.0,60.0,0.0166666666666666,1.0,0.0,0.05
psf/requests,414f0513c33883adf6f2b46901d4f0b38a455851,2026-07-27T17:25:12+00:00,0,1,5.0,7.0,7.0,2.70805020110221,0.0,0.0,0.0,0.0,0.0,0.0,5.0,1.0,0.0,0.0,0.0,0.0,0.0,0.0,0.0,0.0,0.0,21.4,61.0,0.0163934426229508,1.0,0.0,0.05
psf/requests,61cd0e68fa9255e9a6f73da00f83a8af36118b03,2026-08-03T16:55:02+00:00,0,2,1.0,1.0,1.0,1.0986122886681098,0.0,0.0,0.0,0.0,0.0,0.0,1.0,0.0,0.0,0.0,0.0,0.0,1.0,0.0,0.0,0.037037037037037,0.037037037037037,27.0,62.0,0.0161290322580645,1.0,0.0,0.05
psf/requests,1f6589ec3a1ee910f9a65cc3ceac60b26677bc0e,2026-08-03T17:52:47+00:00,0,1,1.0,1.0,1.0,1.0986122886681098,0.0,0.0,0.0,0.0,0.0,0.0,1.0,0.0,0.0,0.0,0.0,0.0,0.0,0.0,0.0,0.0357142857142857,0.0357142857142857,28.0,63.0,0.0158730158730158,1.0,0.0,0.05
psf/requests,4b9735d4b3cd0202c5d932958c07db6cd4f536e5,2026-08-10T16:55:28+00:00,0,2,1.0,1.0,1.0,1.0986122886681098,0.0,0.0,0.0,0.0,0.0,0.0,1.0,0.0,0.0,0.0,0.0,0.0,1.0,0.0,0.0,0.0344827586206896,0.0344827586206896,29.0,64.0,0.015625,1.0,0.0,0.05
psf/requests,8068356288978c4f54661ae6f95afe0e0831885e,2026-08-11T16:14:29+00:00,0,1,1.0,1.0,1.0,1.0986122886681098,0.0,0.0,0.0,0.0,0.0,0.0,1.0,0.0,0.0,0.0,0.0,0.0,0.0,0.0,0.0,0.0333333333333333,0.0333333333333333,30.0,65.0,0.0153846153846153,1.0,0.0,0.05
psf/requests,5d53a1f3634de1e51ef9b6bf4a6e79e96820a608,2026-08-17T18:41:19+00:00,0,2,1.0,1.0,1.0,1.0986122886681098,0.0,0.0,0.0,0.0,0.0,0.0,1.0,0.0,0.0,0.0,0.0,0.0,1.0,0.0,0.0,0.032258064516129,0.032258064516129,31.0,66.0,0.0151515151515151,1.0,0.0,0.05
psf/requests,8f8b212de8c2129d7954c6cd373762880375620a,2026-08-17T19:03:16+00:00,0,1,1.0,1.0,1.0,1.0986122886681098,0.0,0.0,0.0,0.0,0.0,0.0,1.0,0.0,0.0,0.0,0.0,0.0,0.0,0.0,0.0,0.03125,0.03125,32.0,67.0,0.0149253731343283,1.0,0.0,0.05
psf/requests,a42344e766bcbc27ae1296f4c564cafdd3bfd66a,2026-08-24T16:54:30+00:00,0,2,1.0,1.0,1.0,1.0986122886681098,0.0,0.0,0.0,0.0,0.0,0.0,1.0,0.0,0.0,0.0,0.0,0.0,1.0,0.0,0.0,0.0303030303030303,0.0303030303030303,33.0,68.0,0.0147058823529411,1.0,0.0,0.05
psf/requests,6af0b94158bbe10c45e754e85f9701f401e6aa9c,2026-08-24T17:33:18+00:00,0,1,1.0,1.0,1.0,1.0986122886681098,0.0,0.0,0.0,0.0,0.0,0.0,1.0,0.0,0.0,0.0,0.0,0.0,0.0,0.0,0.0,0.0294117647058823,0.0294117647058823,34.0,69.0,0.0144927536231884,1.0,0.0,0.05
psf/requests,5eb28753421fe1d32fa5482f9320e78bf9dfb064,2026-08-25T00:33:07+00:00,0,2,1.0,1.0,1.0,1.0986122886681098,0.0,0.0,0.0,0.0,0.0,0.0,1.0,1.0,0.0,0.0,0.0,0.0,1.0,0.0,0.0,0.0,0.0,4.0,141.0,0.0283687943262411,1.0,0.0,0.05
psf/requests,5460f467b02e49471c0fd6cfc9ca0adab6351f98,2026-08-25T00:46:00+00:00,0,1,1.0,1.0,1.0,1.0986122886681098,0.0,0.0,0.0,0.0,0.0,0.0,1.0,1.0,0.0,0.0,0.0,0.0,0.0,0.0,0.0,0.0,0.0,5.0,142.0,0.028169014084507,1.0,0.0,0.05
psf/requests,4cb8d62fe69e0fa95605b21b3f747cd858189c26,2026-08-31T16:55:55+00:00,0,2,1.0,1.0,1.0,1.0986122886681098,0.0,0.0,0.0,0.0,0.0,0.0,1.0,0.0,0.0,0.0,0.0,0.0,1.0,0.0,0.0,0.0285714285714285,0.0285714285714285,35.0,70.0,0.0142857142857142,1.0,0.0,0.05
psf/requests,dae7ef63b4df6eded86637f251fc4e3a06c3b479,2026-09-02T18:15:56+00:00,0,1,1.0,1.0,1.0,1.0986122886681098,0.0,0.0,0.0,0.0,0.0,0.0,1.0,0.0,0.0,0.0,0.0,0.0,0.0,0.0,0.0,0.0277777777777777,0.0277777777777777,36.0,71.0,0.0140845070422535,1.0,0.0,0.05
psf/requests,1e62a1d065cb8a332e5a20e58b2f83ecef4fd78c,2026-09-07T16:54:41+00:00,0,2,1.0,1.0,1.0,1.0986122886681098,0.0,0.0,0.0,0.0,0.0,0.0,1.0,0.0,0.0,0.0,0.0,0.0,1.0,0.0,0.0,0.027027027027027,0.027027027027027,37.0,72.0,0.0138888888888888,1.0,0.0,0.05
psf/requests,3b9342848c5de80080dff749a2ab8a771a97d469,2026-09-21T16:56:10+00:00,0,2,1.0,3.0,3.0,1.9459101490553132,0.0,0.0,0.0,0.0,0.0,0.0,1.0,1.0,0.0,0.0,0.0,0.0,1.0,0.0,0.0,0.0,0.0,27.0,73.0,0.0136986301369863,1.0,0.0,0.05
psf/requests,611c6162cbc4ac2020a2f91c7cfa4f3abf9bbb60,2026-09-21T20:22:36+00:00,0,1,1.0,3.0,3.0,1.9459101490553132,0.0,0.0,0.0,0.0,0.0,0.0,1.0,1.0,0.0,0.0,0.0,0.0,0.0,0.0,0.0,0.0,0.0,28.0,74.0,0.0135135135135135,1.0,0.0,0.05
psf/requests,56b943471a2df56657b0a7cce6245c009c256c81,2026-09-28T16:55:51+00:00,0,2,1.0,1.0,1.0,1.0986122886681098,0.0,0.0,0.0,0.0,0.0,0.0,1.0,0.0,0.0,0.0,0.0,0.0,1.0,0.0,0.0,0.0263157894736842,0.0263157894736842,38.0,75.0,0.0133333333333333,1.0,0.0,0.0
python-attrs/attrs,773aa0914a99e3c6d8edf7950ccf7758e76dceaf,2025-08-28T02:00:02+00:00,0,1,1.0,3.0,3.0,1.9459101490553132,1.0,1.0,1.0,0.0,0.0,0.0,0.0,0.0,0.0,0.0,1.0,0.0,1.0,0.0,1.0,0.0,0.0,0.0,0.0,0.0,0.0,0.0,0.0
python-attrs/attrs,55f4b68f7f53292e94daa69e7b6aaf3edd270dc0,2025-08-28T02:02:34+00:00,0,1,1.0,1.0,0.0,0.6931471805599453,0.0,0.0,0.0,0.0,1.0,0.0,0.0,0.0,0.0,0.0,0.0,1.0,1.0,0.0,0.0,0.0,0.0,0.0,0.0,0.0,0.0,0.0,0.0
python-attrs/attrs,7c6f975f19ad8a3490ea81acf4f4c5e6ff735631,2025-08-28T02:13:13+00:00,0,1,1.0,30.0,0.0,3.4339872044851463,1.0,0.0,0.0,1.0,0.0,0.0,0.0,0.0,0.0,0.0,0.0,0.0,1.0,0.0,1.0,0.0,0.0,0.0,0.0,0.0,0.0,0.0,0.0
python-attrs/attrs,7a34414e2fb0d20692df2f70b53b5b872a8cc125,2025-08-28T02:13:20+00:00,0,1,1.0,3.0,1.0,1.6094379124341005,1.0,0.0,0.0,1.0,0.0,0.0,0.0,0.0,0.0,0.0,0.0,0.0,1.0,0.0,1.0,0.0,0.0,0.0,0.0,0.0,0.0,0.0,0.0
python-attrs/attrs,ecf2c5d8cb4e061ae847b13417561dfbd65d8ea3,2025-08-29T14:20:29+00:00,0,1,1.0,2.0,1.0,1.3862943611198906,0.0,0.0,0.0,0.0,1.0,0.0,0.0,0.0,0.0,0.0,0.0,1.0,1.0,0.0,0.0,0.0,0.0,0.0,0.0,0.0,0.0,0.0,0.0
python-attrs/attrs,fe3e16e336fd478fd7ec4932848be74b9ef37594,2025-08-29T14:20:34+00:00,0,1,1.0,1.0,0.0,0.6931471805599453,1.0,0.0,0.0,1.0,0.0,0.0,0.0,0.0,0.0,0.0,0.0,0.0,1.0,0.0,0.0,0.0,0.0,0.0,0.0,0.0,0.0,0.0,0.0
python-attrs/attrs,ce358ed0e6c4bf38a46efa51cc03a02164e2795d,2025-08-29T14:56:01+00:00,0,1,3.0,38.0,3.0,3.737669618283368,2.0,1.0,1.0,1.0,1.0,0.0,0.0,0.0,0.0,0.0,0.0,0.0,0.0,0.0,1.0,0.0,0.0,0.6666666666666666,0.0,0.0,0.0,0.0,0.0
python-attrs/attrs,d1af8417127b49b03f2ea1d46b61a65be305ec82,2025-08-29T15:36:34+00:00,0,1,1.0,9.0,0.0,2.302585092994046,1.0,0.0,0.0,1.0,0.0,0.0,0.0,0.0,0.0,0.0,0.0,0.0,1.0,0.0,0.0,0.0,0.0,0.0,0.0,0.0,0.0,0.0,0.0
python-attrs/attrs,6307d4e30dc1df3f725cf7fc0a289b69075d9d4f,2025-08-29T15:39:06+00:00,0,1,1.0,2.0,2.0,1.6094379124341005,1.0,0.0,0.0,1.0,0.0,0.0,0.0,0.0,0.0,0.0,0.0,0.0,1.0,0.0,1.0,0.0,0.0,1.0,0.0,0.0,1.0,0.0,0.0
python-attrs/attrs,1e3e65cd70cdca619006d136e0f0b27da4afe4bb,2025-08-29T16:31:27+00:00,0,1,1.0,4.0,1.0,1.791759469228055,1.0,0.0,0.0,1.0,0.0,0.0,0.0,0.0,0.0,0.0,0.0,0.0,1.0,0.0,0.0,0.0,0.0,2.0,1.0,0.0,1.0,0.0,0.0
python-attrs/attrs,d28d46ddef5cd9fd5e57cc3dfcbd8e7aaef1d9d8,2025-08-29T16:33:19+00:00,0,1,1.0,2.0,0.0,1.0986122886681098,1.0,0.0,0.0,1.0,0.0,0.0,0.0,0.0,0.0,0.0,0.0,0.0,1.0,0.0,1.0,0.0,0.0,2.0,1.0,0.0,0.0,0.0,0.0
python-attrs/attrs,5f67d02e24852c6d327a2518f080c2e027b4a78d,2025-08-29T16:52:55+00:00,0,1,1.0,10.0,0.0,2.3978952727983707,1.0,0.0,0.0,1.0,0.0,0.0,0.0,0.0,0.0,0.0,0.0,0.0,1.0,0.0,0.0,0.0,0.0,0.0,2.0,0.0,1.0,0.0,0.0
python-attrs/attrs,7fae88a8712ffd2d778a90955d59c42436f9fef2,2025-08-30T10:20:21+00:00,0,1,3.0,10.0,11.0,3.091042453358316,10.0,1.0,1.0,2.0,0.0,0.0,0.0,0.0,0.0,0.0,0.0,0.0,1.0,0.0,0.0,0.0,0.0,0.0,2.0,0.0,0.0,0.0,0.0
python-attrs/attrs,e5147cee711ba86a07099008e429381538060305,2025-08-30T10:33:06+00:00,0,1,1.0,53.0,0.0,3.9889840465642745,5.0,0.0,0.0,1.0,0.0,0.0,0.0,0.0,0.0,0.0,0.0,0.0,1.0,0.0,0.0,0.0,0.0,1.0,3.0,0.0,1.0,0.0,0.0
python-attrs/attrs,5d216e698dc7fff48d4fe7bb4adb0aeb7676bb25,2025-08-30T10:46:38+00:00,0,1,1.0,53.0,0.0,3.9889840465642745,5.0,0.0,0.0,1.0,0.0,0.0,0.0,0.0,0.0,0.0,0.0,0.0,0.0,0.0,0.0,0.0,0.0,2.0,4.0,0.0,1.0,0.0,0.0
python-attrs/attrs,6eec74fafdb4488c3532442a75615435cb1c67ea,2025-08-30T10:46:52+00:00,0,1,1.0,53.0,0.0,3.9889840465642745,5.0,0.0,0.0,1.0,0.0,0.0,0.0,0.0,0.0,0.0,0.0,0.0,1.0,1.0,0.0,0.0,0.0,2.0,4.0,0.0,1.0,0.0,0.0
python-attrs/attrs,b8706213f76668048c5616113df7f1d2e4297a30,2025-08-30T11:00:06+00:00,0,1,1.0,0.0,10.0,2.3978952727983707,1.0,0.0,0.0,1.0,0.0,0.0,0.0,0.0,0.0,0.0,0.0,0.0,1.0,0.0,0.0,0.0,0.0,4.0,6.0,0.0,1.0,0.0,0.0
python-attrs/attrs,7257b83ae2dc7914197b4d40251cdfab2fbb222f,2025-08-30T16:45:58+00:00,0,1,1.0,1.0,1.0,1.0986122886681098,2.0,0.0,0.0,1.0,0.0,0.0,0.0,0.0,0.0,0.0,0.0,0.0,1.0,0.0,0.0,0.0,0.0,4.0,3.0,0.0,1.0,0.0,0.0
python-attrs/attrs,4a5acf1e4f31001f4f8486ccc1fbf698479de59d,2025-09-01T19:37:43+00:00,0,1,1.0,2.0,2.0,1.6094379124341005,0.0,0.0,0.0,0.0,0.0,0.0,1.0,0.0,0.0,0.0,0.0,0.0,1.0,0.0,0.0,0.0,0.0,0.0,2.0,0.0,1.0,0.0,0.0
python-attrs/attrs,88973eae4eb4bc1a47d7cbe4be101a4fb5dbb016,2025-09-02T05:02:33+00:00,0,1,2.0,29.0,1.0,3.4339872044851463,0.0,1.0,1.0,0.0,0.0,1.0,0.0,0.0,0.0,0.0,1.0,0.0,1.0,0.0,0.0,0.0,0.0,0.0,7.0,0.0,0.0,0.0,0.0
python-attrs/attrs,666edb6440ddfdd1d38beaa9903316e2f41917e0,2025-09-02T05:07:00+00:00,0,1,3.0,495.0,434.0,6.835184586147301,0.0,1.0,1.0,0.0,0.0,1.0,1.0,0.0,0.0,0.0,1.0,0.0,0.0,0.0,0.0,0.0,0.0,1.0,8.0,0.0,1.0,0.0,0.0
python-attrs/attrs,f0449e45c6e190903f476bebbb2d6d6cbbd5da51,2025-09-05T08:17:08+00:00,0,1,1.0,8.0,6.0,2.70805020110221,0.0,0.0,0.0,0.0,0.0,1.0,0.0,0.0,0.0,0.0,0.0,0.0,1.0,0.0,0.0,0.0,0.0,2.0,9.0,0.0,1.0,0.0,0.0
python-attrs/attrs,57f0d5441c9deaac44aebbbf45e38e477651e4f2,2025-09-05T09:13:53+00:00,0,1,1.0,8.0,6.0,2.70805020110221,0.0,0.0,0.0,0.0,0.0,1.0,0.0,0.0,0.0,0.0,0.0,0.0,0.0,0.0,0.0,0.0,0.0,3.0,10.0,0.0,1.0,0.0,0.0
python-attrs/attrs,8350eab4c58c692c7c12d3451aa4e2156c645ed7,2025-09-08T13:31:27+00:00,0,1,1.0,3.0,1.0,1.6094379124341005,1.0,0.0,0.0,1.0,0.0,0.0,0.0,0.0,0.0,0.0,0.0,0.0,1.0,0.0,1.0,0.0,0.0,5.0,11.0,0.0,0.0,0.0,0.0
python-attrs/attrs,080dbc59221dad4932625b93e5c2187d95b3c897,2025-09-08T13:39:00+00:00,0,1,1.0,1.0,0.0,0.6931471805599453,0.0,0.0,0.0,0.0,1.0,0.0,0.0,0.0,0.0,0.0,0.0,1.0,1.0,0.0,0.0,0.0,0.0,0.0,12.0,0.0,1.0,0.0,0.0
python-attrs/attrs,7369ad9f4b273e400478c8e65399d826ab3f3b32,2025-09-08T13:45:18+00:00,0,1,3.0,49.0,7.0,4.04305126783455,3.0,1.0,1.0,1.0,1.0,0.0,0.0,0.0,0.0,0.0,0.0,0.0,0.0,0.0,0.0,0.0,0.0,2.3333333333333335,4.0,0.0,1.0,0.0,0.0
python-attrs/attrs,ab5e53505e277a78f8333e14096828b313e14acd,2025-09-08T14:04:00+00:00,0,1,7.0,26.0,26.0,3.970291913552122,0.0,0.0,0.0,0.0,0.0,0.0,7.0,1.0,0.0,0.0,0.0,0.0,1.0,0.0,0.0,0.0,0.0,0.0,13.0,0.0,1.0,0.0,0.0
python-attrs/attrs,400c8fd0e3c786acd472056be32485bfced5cbe6,2025-09-08T14:05:47+00:00,0,1,1.0,1.0,0.0,0.6931471805599453,0.0,0.0,0.0,0.0,0.0,0.0,1.0,1.0,0.0,0.0,0.0,0.0,1.0,0.0,0.0,0.0,0.0,0.0,13.0,0.0,0.0,0.0,0.0
python-attrs/attrs,6ef8d73dd728cdebf939b3a2cd694af57d1f6b5d,2025-09-08T14:11:16+00:00,0,1,7.0,27.0,26.0,3.9889840465642745,0.0,0.0,0.0,0.0,0.0,0.0,7.0,1.0,0.0,0.0,0.0,0.0,0.0,0.0,0.0,0.0,0.0,1.1428571428571428,15.0,0.0,1.0,0.0,0.0
python-attrs/attrs,30d0eb7a52ce33aa78f11076b8f4a2c0170875e7,2025-09-08T14:15:55+00:00,0,1,3.0,10.0,11.0,3.091042453358316,10.0,1.0,1.0,2.0,0.0,0.0,0.0,0.0,0.0,0.0,0.0,0.0,1.0,0.0,0.0,0.0,0.0,1.0,16.0,0.0,0.0,0.0,0.0
python-attrs/attrs,c2aa056c489e3b94ccc7a328cb2b4ca2973fe830,2025-09-08T14:36:17+00:00,0,1,2.0,23.0,4.0,3.332204510175204,2.0,1.0,1.0,1.0,0.0,0.0,0.0,0.0,0.0,0.0,0.0,0.0,1.0,0.0,0.0,0.0,0.0,4.0,5.0,0.0,1.0,0.0,0.0
python-attrs/attrs,eb3ced2678bf970852e7e1b7ddfb759e813e9ac4,2025-09-08T14:36:37+00:00,0,1,1.0,1.0,0.0,0.6931471805599453,0.0,0.0,0.0,1.0,0.0,0.0,0.0,0.0,0.0,0.0,0.0,0.0,1.0,0.0,1.0,0.0,0.0,7.0,3.0,0.0,0.0,0.0,0.0
python-attrs/attrs,d0918981935c2e30027b078b34dd44d770cefdaa,2025-09-08T14:45:16+00:00,0,1,3.0,51.0,50.0,4.624972813284271,21.0,1.0,1.0,2.0,0.0,0.0,0.0,0.0,0.0,0.0,0.0,0.0,1.0,0.0,0.0,0.0,0.0,2.0,17.0,0.0,1.0,0.0,0.0
python-attrs/attrs,9575cf9d93b45ceb526921b86b0a5096418afab1,2025-09-08T14:46:59+00:00,0,1,3.0,51.0,50.0,4.624972813284271,21.0,1.0,1.0,2.0,0.0,0.0,0.0,0.0,0.0,0.0,0.0,0.0,1.0,0.0,0.0,0.0,0.0,2.0,17.0,0.0,1.0,0.0,0.0
python-attrs/attrs,57ee5cf0bd6e1f510655b16d6f8beac164156197,2025-09-08T15:45:08+00:00,0,1,1.0,1.0,0.0,0.6931471805599453,0.0,0.0,0.0,0.0,1.0,0.0,0.0,0.0,0.0,0.0,0.0,1.0,1.0,0.0,0.0,0.0,0.0,0.0,19.0,0.0,1.0,0.0,0.0
python-attrs/attrs,1315e42fe51743fe1c3529da6792dcda2ef6cc1f,2025-09-08T15:50:00+00:00,0,1,3.0,25.0,4.0,3.4011973816621555,2.0,1.0,1.0,1.0,1.0,0.0,0.0,0.0,0.0,0.0,0.0,0.0,0.0,0.0,0.0,0.0,0.0,4.0,6.0,0.0,1.0,0.0,0.0
python-attrs/attrs,da904710603ac881869ff7949c9d840753c6f586,2025-09-08T16:14:06+00:00,0,1,3.0,54.0,50.0,4.653960350157523,21.0,1.0,1.0,2.0,0.0,0.0,0.0,0.0,0.0,0.0,0.0,0.0,1.0,0.0,0.0,0.0,0.0,4.0,20.0,0.0,0.0,0.0,0.0
python-attrs/attrs,b2131718b98473c438d75ac2054a35d2810f3642,2025-09-08T16:33:24+00:00,0,1,3.0,30.0,23.0,3.9889840465642745,12.0,1.0,1.0,2.0,0.0,0.0,0.0,0.0,0.0,0.0,0.0,0.0,1.0,0.0,0.0,0.0,0.0,5.0,21.0,0.0,1.0,0.0,0.0
python-attrs/attrs,81f8343eca04c1cc1368526520ae905f8d0a7e9e,2025-09-12T17:21:54+00:00,0,1,1.0,1.0,2.0,1.3862943611198906,1.0,1.0,1.0,0.0,0.0,0.0,0.0,0.0,0.0,0.0,1.0,0.0,1.0,0.0,1.0,0.0,0.0,0.0,0.0,0.0,0.0,0.0,0.0
python-attrs/attrs,0c86315507892b3e948058c29bd9d4007d8fd4ae,2025-09-21T11:10:53+00:00,0,1,1.0,2.0,2.0,1.6094379124341005,0.0,0.0,0.0,1.0,0.0,0.0,1.0,0.0,0.0,0.0,0.0,0.0,1.0,0.0,1.0,0.0,0.0,0.0,22.0,0.0,0.0,0.0,0.0
python-attrs/attrs,4e2c89c82398914dbbe24fe00b03f00a8b8efe05,2025-09-21T11:16:42+00:00,0,1,9.0,312.0,258.0,6.3473892096560105,7.0,1.0,1.0,4.0,0.0,0.0,5.0,1.0,0.0,0.0,0.0,0.0,0.0,0.0,0.0,0.0,0.0,2.6666666666666665,23.0,0.0,1.0,0.0,0.0
python-attrs/attrs,975e7d6520ac411e6b7bdd4b7e740d77de6ff3fb,2025-09-22T08:18:09+00:00,0,1,3.0,30.0,23.0,3.9889840465642745,12.0,1.0,1.0,2.0,0.0,0.0,0.0,0.0,0.0,0.0,0.0,0.0,1.0,0.0,0.0,0.0,0.0,6.666666666666667,24.0,0.0,0.0,0.0,0.0
python-attrs/attrs,50334f3fe759013f52cc533161e9b474e98bc460,2025-09-26T08:54:07+00:00,0,1,3.0,0.0,7.0,2.0794415416798357,0.0,0.0,0.0,0.0,2.0,1.0,0.0,0.0,0.0,0.0,0.0,0.0,0.0,0.0,0.0,0.0,0.0,1.3333333333333333,25.0,0.0,1.0,0.0,0.0
python-attrs/attrs,ec86d0165ad6e2870472f95ea93e222633bc4339,2025-09-28T05:22:15+00:00,0,1,7.0,212.0,110.0,5.777652323222656,16.0,1.0,5.0,1.0,1.0,0.0,0.0,0.0,0.0,0.0,0.0,0.0,1.0,0.0,0.0,0.0,0.0,2.857142857142857,26.0,0.0,0.0,0.0,0.0
python-attrs/attrs,e5cbcfe43bbc015aa2da37b6b922f5a5c5814906,2025-09-28T05:42:00+00:00,0,1,1.0,5.0,1.0,1.9459101490553132,1.0,1.0,1.0,0.0,0.0,0.0,0.0,0.0,0.0,0.0,1.0,0.0,1.0,0.0,0.0,0.0,0.0,4.0,27.0,0.0,0.0,0.0,0.0
python-attrs/attrs,592743bdf9870ba1749f0ccacdd2407001eae8e6,2025-09-28T05:45:16+00:00,0,1,1.0,5.0,1.0,1.9459101490553132,1.0,1.0,1.0,0.0,0.0,0.0,0.0,0.0,0.0,0.0,1.0,0.0,1.0,0.0,0.0,0.0,0.0,5.0,28.0,0.0,0.0,0.0,0.0
python-attrs/attrs,353e39b3df53c26a50c107ec5ccc055b7510029d,2025-09-28T05:59:57+00:00,0,1,1.0,40.0,2.0,3.7612001156935624,1.0,1.0,1.0,0.0,0.0,0.0,0.0,0.0,0.0,0.0,1.0,0.0,1.0,0.0,0.0,0.0,0.0,8.0,29.0,0.0,1.0,0.0,0.0
python-attrs/attrs,518bf6b56224dbfa93a5ee5c900ba9842784fdb9,2025-09-28T06:12:29+00:00,0,1,2.0,29.0,19.0,3.8918202981106265,2.0,1.0,2.0,0.0,0.0,0.0,0.0,0.0,0.0,0.0,1.0,0.0,1.0,0.0,0.0,0.0,0.0,5.0,30.0,0.0,1.0,0.0,0.0
python-attrs/attrs,9486ced4a0a40befeb4830cd5be37aa65e2c781e,2025-09-28T06:40:20+00:00,0,1,5.0,142.0,140.0,5.645446897643238,12.0,1.0,2.0,2.0,1.0,0.0,0.0,0.0,0.0,0.0,0.0,0.0,1.0,0.0,0.0,0.0,0.0,5.8,31.0,0.0,1.0,0.0,0.0
python-attrs/attrs,5efa5600653c4193509c71262c5642a2d6ae0a5c,2025-09-28T06:45:44+00:00,0,1,1.0,15.0,16.0,3.4657359027997265,1.0,1.0,1.0,0.0,0.0,0.0,0.0,0.0,0.0,0.0,1.0,0.0,1.0,0.0,0.0,0.0,0.0,11.0,32.0,0.0,1.0,0.0,0.0
python-attrs/attrs,a511b9d729762847f8e5057015b53f7df7c5365a,2025-09-28T10:16:46+00:00,0,1,5.0,125.0,121.0,5.5093883366279774,11.0,1.0,2.0,2.0,1.0,0.0,0.0,0.0,0.0,0.0,0.0,0.0,1.0,0.0,0.0,0.0,0.0,7.0,33.0,0.0,1.0,0.0,0.0
python-attrs/attrs,3081aef6336ccd12dc13a0ac3e793c44bb2f0d98,2025-09-28T10:27:33+00:00,0,1,2.0,8.0,1.0,2.302585092994046,2.0,1.0,2.0,0.0,0.0,0.0,0.0,0.0,0.0,0.0,1.0,0.0,1.0,0.0,0.0,0.0,0.0,9.5,34.0,0.0,1.0,0.0,0.0
python-attrs/attrs,da1f0d845b96b0667bd88939af38ab158871ddb3,2025-09-28T10:29:26+00:00,0,1,1.0,3.0,0.0,1.3862943611198906,1.0,1.0,1.0,0.0,0.0,0.0,0.0,0.0,0.0,0.0,1.0,0.0,1.0,0.0,0.0,0.0,0.0,13.0,34.0,0.0,0.0,0.0,0.0
python-attrs/attrs,10e94bb1ee0f03f327866a4085028313f94c1882,2025-09-28T10:30:41+00:00,0,1,2.0,3.0,1.0,1.6094379124341005,1.0,1.0,1.0,0.0,1.0,0.0,0.0,0.0,0.0,0.0,1.0,0.0,1.0,0.0,0.0,0.0,0.0,7.0,35.0,0.0,0.0,0.0,0.0
python-attrs/attrs,59655a40fc28f49f345529dbca61c198fd751439,2025-09-28T10:31:31+00:00,0,1,1.0,1.0,1.0,1.0986122886681098,0.0,0.0,0.0,0.0,1.0,0.0,0.0,0.0,0.0,0.0,0.0,1.0,1.0,0.0,0.0,0.0,0.0,0.0,36.0,0.0,0.0,0.0,0.0
python-attrs/attrs,4ccdef3d99c520cbd54c3ef3d4a0a0d88193f02a,2025-09-28T10:36:53+00:00,0,1,1.0,4.0,4.0,2.1972245773362196,1.0,1.0,1.0,0.0,0.0,0.0,0.0,0.0,0.0,0.0,1.0,0.0,1.0,0.0,0.0,0.0,0.0,16.0,38.0,0.0,1.0,0.0,0.0
python-attrs/attrs,1fc2c69f81a12b33dce3e2e6c63b492d629b585f,2025-09-28T11:07:08+00:00,0,1,1.0,6.0,26.0,3.49650756146648,0.0,0.0,0.0,0.0,1.0,0.0,0.0,0.0,0.0,0.0,0.0,1.0,0.0,0.0,0.0,0.0,0.0,0.0,39.0,0.0,1.0,0.0,0.0
python-attrs/attrs,a419f664201ef8e6e050c4a6a92927f540ce85ac,2025-09-28T11:07:16+00:00,0,1,1.0,4.0,4.0,2.1972245773362196,1.0,1.0,1.0,0.0,0.0,0.0,0.0,0.0,0.0,0.0,1.0,0.0,1.0,0.0,0.0,0.0,0.0,17.0,39.0,0.0,0.0,0.0,0.0
python-attrs/attrs,c53a61190cefa92960ec15e79124b6c7eb3fe742,2025-09-28T11:11:57+00:00,0,1,1.0,2.0,0.0,1.0986122886681098,0.0,0.0,0.0,0.0,1.0,0.0,0.0,0.0,0.0,0.0,0.0,1.0,0.0,0.0,0.0,0.0,0.0,1.0,41.0,0.0,1.0,0.0,0.0
python-attrs/attrs,3306738c066141ba53ccd4fe600948531452448f,2025-09-28T11:12:04+00:00,0,1,1.0,4.0,4.0,2.1972245773362196,1.0,1.0,1.0,0.0,0.0,0.0,0.0,0.0,0.0,0.0,1.0,0.0,1.0,0.0,0.0,0.0,0.0,18.0,41.0,0.0,0.0,0.0,0.0
python-attrs/attrs,dc463022fe049c419126d889cb711be8474d0304,2025-09-28T11:20:50+00:00,0,1,2.0,2.0,2.0,1.6094379124341005,1.0,1.0,1.0,0.0,1.0,0.0,0.0,0.0,0.0,0.0,1.0,0.0,1.0,0.0,0.0,0.0,0.0,3.5,43.0,0.0,1.0,0.0,0.0
python-attrs/attrs,c9ae16c8d08242dc468e951ff2827b0d802c1c46,2025-09-28T12:17:16+00:00,0,1,1.0,0.0,1.0,0.6931471805599453,1.0,1.0,1.0,0.0,0.0,0.0,0.0,0.0,0.0,0.0,1.0,0.0,1.0,0.0,0.0,0.0,0.0,8.0,44.0,0.0,1.0,0.0,0.0
python-attrs/attrs,13527204ec26d411347b8a31ee160dd85287b283,2025-09-28T13:34:36+00:00,0,1,6.0,66.0,70.0,4.919980925828125,13.0,2.0,4.0,2.0,0.0,0.0,0.0,0.0,0.0,0.0,0.0,0.0,1.0,0.0,0.0,0.0,0.0,4.5,45.0,0.0,1.0,0.0,0.0
python-attrs/attrs,efd03b9f01ac7651396969e53e0733cd8118b72f,2025-09-28T13:36:00+00:00,0,1,1.0,0.0,1.0,0.6931471805599453,0.0,1.0,1.0,0.0,0.0,0.0,0.0,0.0,0.0,0.0,1.0,0.0,1.0,0.0,0.0,0.0,0.0,4.0,45.0,0.0,0.0,0.0,0.0
python-attrs/attrs,e79ac4fcee6eb42b6a146ccd57227d2426c8e859,2025-09-28T13:38:47+00:00,0,1,3.0,29.0,30.0,4.0943445622221,2.0,2.0,3.0,0.0,0.0,0.0,0.0,0.0,0.0,0.0,1.0,0.0,1.0,0.0,0.0,0.0,0.0,3.3333333333333335,47.0,0.0,1.0,0.0,0.0
python-attrs/attrs,d691a6d3820d55f8ab103c5dc4e5fd0fb36bb332,2025-09-28T13:41:28+00:00,0,1,1.0,2.0,1.0,1.3862943611198906,1.0,1.0,1.0,0.0,0.0,0.0,0.0,0.0,0.0,0.0,1.0,0.0,1.0,0.0,0.0,0.0,0.0,19.0,48.0,0.0,1.0,0.0,0.0
python-attrs/attrs,a3ca62ff87cae512c15e0b5bb70e7ade59736efd,2025-09-28T13:50:28+00:00,0,1,2.0,5.0,2.0,2.0794415416798357,1.0,1.0,1.0,1.0,0.0,0.0,0.0,0.0,0.0,0.0,0.0,0.0,1.0,0.0,0.0,0.0,0.0,1.0,49.0,0.0,1.0,0.0,0.0
python-attrs/attrs,e97961e4df735ef72353db660e03e24ebaa32034,2025-09-28T13:52:09+00:00,0,1,1.0,2.0,5.0,2.0794415416798357,1.0,1.0,1.0,0.0,0.0,0.0,0.0,0.0,0.0,0.0,1.0,0.0,1.0,0.0,0.0,0.0,0.0,2.0,49.0,0.0,0.0,0.0,0.0
python-attrs/attrs,1f77e92744bd502480c4769d1775bdddc114dca5,2025-09-28T15:26:31+00:00,0,1,7.0,709.0,530.0,7.122866658599083,90.0,2.0,3.0,1.0,0.0,1.0,2.0,1.0,0.0,0.0,0.0,0.0,1.0,0.0,0.0,0.0,0.0,1.5714285714285714,51.0,0.0,1.0,0.0,0.0
python-attrs/attrs,347f02caa324eeed234e608a6256b755c2c1a591,2025-09-28T15:29:15+00:00,0,1,1.0,7.0,0.0,2.0794415416798357,0.0,0.0,0.0,0.0,1.0,0.0,0.0,0.0,0.0,0.0,0.0,1.0,1.0,0.0,0.0,0.0,0.0,0.0,52.0,0.0,1.0,0.0,0.0
python-attrs/attrs,fef78ca8291d171aa2662d7fd16163f5d8e9d7f4,2025-09-28T15:32:15+00:00,0,1,1.0,1.0,1.0,1.0986122886681098,0.0,0.0,0.0,0.0,1.0,0.0,0.0,0.0,0.0,0.0,0.0,1.0,1.0,0.0,0.0,0.0,0.0,1.0,53.0,0.0,1.0,0.0,0.0
python-attrs/attrs,b1dc8f673579137e14e44afdf0e40e4b4f1b9e3c,2025-09-28T15:35:50+00:00,0,1,8.0,716.0,530.0,7.1284959456800365,90.0,2.0,3.0,1.0,1.0,1.0,2.0,1.0,0.0,0.0,0.0,0.0,0.0,0.0,0.0,0.0,0.0,2.5,54.0,0.0,1.0,0.0,0.0
python-attrs/attrs,e3dec103905b84b0f752cf2a5f9fd0f046b77bdc,2025-09-28T15:36:00+00:00,0,1,19.0,1036.0,821.0,7.527255919373784,97.0,2.0,3.0,5.0,4.0,1.0,7.0,1.0,0.0,0.0,0.0,0.0,1.0,1.0,1.0,0.0,0.0,3.210526315789474,54.0,0.0,1.0,0.0,0.0
python-attrs/attrs,7dcda39de3c60c3fced5dc853afc5266387bb4e8,2025-09-28T15:48:34+00:00,0,1,1.0,2.0,2.0,1.6094379124341005,1.0,1.0,1.0,0.0,0.0,0.0,0.0,0.0,0.0,0.0,1.0,0.0,1.0,0.0,0.0,0.0,0.0,3.0,56.0,0.0,0.0,0.0,0.0
python-attrs/attrs,8f78ef5914e97c37846d0daa4e4f52d6af9c106a,2025-09-28T16:05:19+00:00,0,1,1.0,3.0,0.0,1.3862943611198906,0.0,0.0,0.0,0.0,1.0,0.0,0.0,0.0,0.0,0.0,0.0,1.0,1.0,0.0,0.0,0.0,0.0,0.0,57.0,0.0,1.0,0.0,0.0
python-attrs/attrs,f8f7a2e9aa8f0a8c7da01290622b0969facea86c,2025-09-28T16:10:21+00:00,0,1,3.0,62.0,1.0,4.1588830833596715,3.0,2.0,2.0,0.0,1.0,0.0,0.0,0.0,0.0,0.0,1.0,0.0,0.0,0.0,0.0,0.0,0.0,2.0,1.0,0.0,1.0,0.0,0.0
python-attrs/attrs,db3c1a3627778da7725f170bfdb4cfbde4bee322,2025-09-28T16:12:10+00:00,0,1,1.0,2.0,5.0,2.0794415416798357,1.0,1.0,1.0,0.0,0.0,0.0,0.0,0.0,0.0,0.0,1.0,0.0,1.0,0.0,0.0,0.0,0.0,4.0,58.0,0.0,0.0,0.0,0.0
python-attrs/attrs,4737f0e6c77f2bd4501322b1b5d1e265181849b9,2025-09-28T16:38:19+00:00,0,1,2.0,12.0,4.0,2.833213344056216,2.0,1.0,1.0,0.0,0.0,1.0,0.0,0.0,0.0,0.0,1.0,0.0,0.0,0.0,0.0,0.0,0.0,6.5,59.0,0.0,1.0,0.0,0.0
python-attrs/attrs,651c4c0297b44d1e864708279884db0e04f77ceb,2025-09-28T16:41:28+00:00,0,1,1.0,2.0,5.0,2.0794415416798357,1.0,1.0,1.0,0.0,0.0,0.0,0.0,0.0,0.0,0.0,1.0,0.0,1.0,0.0,0.0,0.0,0.0,5.0,60.0,0.0,0.0,0.0,0.0
python-attrs/attrs,5ff58070fb599a352dc67da62cea8935540033d0,2025-09-28T16:54:58+00:00,0,1,2.0,16.0,6.0,3.1354942159291497,2.0,1.0,2.0,0.0,0.0,0.0,0.0,0.0,0.0,0.0,1.0,0.0,1.0,0.0,0.0,0.0,0.0,4.5,61.0,0.0,1.0,0.0,0.0
python-attrs/attrs,112dd1d49848da7a956c78415e0f571e0dc70d90,2025-09-30T08:59:06+00:00,0,1,11.0,665.0,139.0,6.690842277418564,34.0,3.0,5.0,3.0,3.0,0.0,0.0,0.0,0.0,0.0,0.0,0.0,0.0,0.0,0.0,0.0,0.0,5.909090909090909,62.0,0.0,1.0,0.0,0.0
python-attrs/attrs,27b3c3713cf7b317d22939d2240211282e641305,2025-10-01T03:23:07+00:00,0,1,4.0,322.0,258.0,6.364750756851911,0.0,1.0,1.0,0.0,0.0,0.0,3.0,1.0,0.0,0.0,1.0,0.0,0.0,0.0,0.0,0.0,0.0,4.5,63.0,0.0,1.0,0.0,0.0
python-attrs/attrs,8a78116883c4584f0abe235c7746757bcd276247,2025-10-01T03:35:38+00:00,0,1,7.0,641.0,641.0,7.1569563646156364,104.0,1.0,4.0,0.0,1.0,1.0,2.0,1.0,0.0,0.0,1.0,0.0,0.0,0.0,1.0,0.0,0.0,3.4285714285714284,64.0,0.0,1.0,0.0,0.0
python-attrs/attrs,c02e3fb438f22586707d7c25fcb5b2ef9afb6cdc,2025-10-01T10:01:22+00:00,0,1,1.0,4.0,0.0,1.6094379124341005,0.0,0.0,0.0,0.0,0.0,0.0,1.0,1.0,0.0,0.0,0.0,0.0,0.0,0.0,0.0,0.0,0.0,0.0,65.0,0.0,1.0,0.0,0.0
python-attrs/attrs,824567a2a774e44335ebd7056cc25affe4e4f256,2025-10-01T10:14:29+00:00,0,1,1.0,1.0,1.0,1.0986122886681098,0.0,0.0,0.0,0.0,0.0,0.0,1.0,1.0,0.0,0.0,0.0,0.0,0.0,0.0,0.0,0.0,0.0,5.0,66.0,0.0,1.0,0.0,0.0
python-attrs/attrs,5058e41892dede51f3c00eccc18f1283f147bd4f,2025-10-01T10:20:37+00:00,0,1,1.0,1.0,1.0,1.0986122886681098,0.0,0.0,0.0,0.0,0.0,0.0,1.0,1.0,0.0,0.0,0.0,0.0,0.0,0.0,0.0,0.0,0.0,6.0,67.0,0.0,1.0,0.0,0.0
python-attrs/attrs,91ce28db10f4f76beaafdf836f70dd68f3f7cd85,2025-10-01T10:22:04+00:00,0,1,1.0,1.0,2.0,1.3862943611198906,0.0,0.0,0.0,0.0,0.0,0.0,1.0,1.0,0.0,0.0,0.0,0.0,0.0,0.0,0.0,0.0,0.0,6.0,67.0,0.0,0.0,0.0,0.0
python-attrs/attrs,3d52490424aea4e594e442955856099c08ddb1b3,2025-10-06T04:20:31+00:00,0,1,5.0,37.0,37.0,4.31748811353631,0.0,1.0,1.0,0.0,0.0,0.0,4.0,1.0,0.0,0.0,1.0,0.0,1.0,0.0,0.0,0.0,0.0,5.4,69.0,0.0,1.0,0.0,0.0
python-attrs/attrs,83a53b5c4ccef050472801f85b9448e0d94fece5,2025-10-06T04:28:24+00:00,0,1,5.0,37.0,37.0,4.31748811353631,0.0,1.0,1.0,0.0,0.0,0.0,4.0,1.0,0.0,0.0,1.0,0.0,0.0,0.0,0.0,0.0,0.0,6.4,70.0,0.0,1.0,0.0,0.0
python-attrs/attrs,6c54145aac47b60a4c0838acead291ae4a298771,2025-10-06T07:21:29+00:00,0,1,1.0,3.0,0.0,1.3862943611198906,0.0,0.0,0.0,0.0,1.0,0.0,1.0,1.0,0.0,0.0,0.0,1.0,0.0,0.0,0.0,0.0,0.0,0.0,71.0,0.0,1.0,0.0,0.0
python-attrs/attrs,9e90669d61581f8d0167faad9b7e0bacb8649cc3,2025-10-06T07:26:36+00:00,0,1,1.0,1.0,1.0,1.0986122886681098,0.0,0.0,0.0,0.0,1.0,0.0,0.0,0.0,0.0,0.0,0.0,1.0,0.0,0.0,0.0,0.0,0.0,0.0,72.0,0.0,1.0,0.0,0.0
python-attrs/attrs,abe8284315d55d68b5d23d83736a182562620f50,2025-10-06T09:21:15+00:00,0,1,1.0,1.0,1.0,1.0986122886681098,0.0,0.0,0.0,0.0,1.0,0.0,0.0,0.0,0.0,0.0,0.0,1.0,0.0,0.0,1.0,0.0,0.0,2.0,73.0,0.0,1.0,0.0,0.0
python-attrs/attrs,9a98e00a7c078360add417c5d62db820d4645ab1,2025-10-06T09:22:37+00:00,0,2,12.0,59.0,39.0,4.59511985013459,4.0,0.0,0.0,0.0,12.0,0.0,0.0,0.0,0.0,0.0,0.0,1.0,0.0,0.0,0.0,0.0,0.0,0.9166666666666666,73.0,0.0,0.0,0.0,0.0
python-attrs/attrs,5084de361bf9e722dda6876e6e2b8ce8c63b7272,2025-10-10T08:02:31+00:00,0,1,1.0,1.0,2.0,1.3862943611198906,0.0,0.0,0.0,0.0,0.0,0.0,1.0,0.0,0.0,0.0,0.0,0.0,0.0,0.0,0.0,0.0,0.0,4.0,75.0,0.0,1.0,0.0,0.0
python-attrs/attrs,8c381c397cca48a563089aafb5f6434b03c6cc48,2025-10-15T07:51:37+00:00,0,1,1.0,3.0,1.0,1.6094379124341005,0.0,0.0,0.0,0.0,0.0,0.0,1.0,1.0,0.0,0.0,0.0,0.0,0.0,0.0,0.0,0.0,0.0,0.0,76.0,0.0,1.0,0.0,0.0
python-attrs/attrs,c95b177682e76a63478d29d040f9cb36a8d31915,2025-10-27T09:54:16+00:00,0,1,9.0,806.0,618.0,7.261927092702751,0.0,1.0,1.0,0.0,0.0,0.0,8.0,1.0,0.0,0.0,1.0,0.0,0.0,0.0,0.0,0.0,0.0,6.0,77.0,0.0,1.0,0.0,0.0
python-attrs/attrs,fc7f897acaa096cc18449c3ad92cd4edc3b2e38a,2025-10-28T07:57:30+00:00,0,1,2.0,0.0,2.0,1.0986122886681098,0.0,0.0,0.0,0.0,2.0,0.0,0.0,0.0,0.0,0.0,0.0,1.0,0.0,0.0,0.0,0.0,0.0,0.0,78.0,0.0,1.0,0.0,0.0
python-attrs/attrs,f588f1a5d4c9c349c98c84c8db61ba5b129fe58b,2025-10-28T08:31:56+00:00,0,1,4.0,8.0,0.0,2.1972245773362196,0.0,0.0,0.0,0.0,3.0,1.0,0.0,0.0,0.0,0.0,0.0,0.0,0.0,0.0,0.0,0.0,0.0,3.75,79.0,0.0,1.0,0.0,0.0
python-attrs/attrs,632d961ac9764b02006be96c2f8c5e7cdc0dc0a7,2025-10-28T08:59:44+00:00,0,1,2.0,2.0,10.0,2.5649493574615367,0.0,0.0,0.0,0.0,1.0,0.0,1.0,0.0,0.0,0.0,0.0,0.0,0.0,0.0,0.0,0.0,0.0,4.0,80.0,0.0,1.0,0.0,0.0
python-attrs/attrs,450be027310e7347c246b4c9891d356951154487,2025-11-01T05:02:15+00:00,0,1,2.0,4.0,4.0,2.1972245773362196,0.0,0.0,0.0,0.0,0.0,0.0,2.0,1.0,0.0,0.0,0.0,0.0,1.0,0.0,0.0,0.0,0.0,8.0,0.0,0.0,1.0,0.0,0.0
python-attrs/attrs,ed01832dc8440e14d747b8616e811e82256617cb,2025-11-01T11:31:19+00:00,0,1,2.0,4.0,4.0,2.1972245773362196,0.0,0.0,0.0,0.0,0.0,0.0,2.0,1.0,0.0,0.0,0.0,0.0,0.0,0.0,0.0,0.0,0.0,9.0,1.0,0.0,1.0,0.0,0.0
python-attrs/attrs,79109ab96d9f76fce1bae518f88199bd69aee5f9,2025-11-02T09:46:46+00:00,0,1,2.0,65.0,65.0,4.875197323201151,0.0,1.0,1.0,0.0,0.0,0.0,1.0,0.0,0.0,0.0,1.0,0.0,0.0,0.0,0.0,0.0,0.0,9.5,81.0,0.0,1.0,0.0,0.0
python-attrs/attrs,6396de6fe5402195ee399b4f5fc9f04859e0fc06,2025-11-04T08:33:50+00:00,0,1,1.0,1.0,2.0,1.3862943611198906,0.0,0.0,0.0,0.0,1.0,0.0,1.0,1.0,0.0,0.0,0.0,1.0,0.0,0.0,0.0,0.0,0.0,1.0,82.0,0.0,1.0,0.0,0.0
python-attrs/attrs,fe68c06f4313ae836acdc7ee680a205fe673af18,2025-11-04T08:34:14+00:00,0,1,1.0,2.0,0.0,1.0986122886681098,0.0,0.0,0.0,0.0,0.0,0.0,1.0,1.0,0.0,0.0,0.0,0.0,0.0,0.0,0.0,0.0,0.0,1.0,82.0,0.0,0.0,0.0,0.0
python-attrs/attrs,68b8d1e1b5cb42f79f1ea9b7e45f668ac534394c,2025-11-08T13:17:44+00:00,0,1,1.0,4.0,0.0,1.6094379124341005,0.0,0.0,0.0,0.0,1.0,0.0,0.0,0.0,0.0,0.0,0.0,1.0,0.0,0.0,0.0,0.0,0.0,0.0,84.0,0.0,1.0,0.0,0.0
python-attrs/attrs,985981b1042874745e8a410b106c1a75cd3683e5,2025-11-12T11:05:22+00:00,0,1,1.0,16.0,0.0,2.833213344056216,0.0,0.0,0.0,0.0,1.0,0.0,0.0,0.0,0.0,0.0,0.0,1.0,0.0,0.0,0.0,0.0,0.0,0.0,85.0,0.0,1.0,0.0,0.0
python-attrs/attrs,43a868d703f06fffb724d5d03d4f80ac447cb27c,2025-11-12T11:06:05+00:00,0,1,2.0,7.0,140.0,4.997212273764115,0.0,0.0,0.0,0.0,2.0,0.0,1.0,1.0,0.0,0.0,0.0,1.0,0.0,0.0,1.0,0.0,0.0,0.0,85.0,0.0,0.0,0.0,0.0
python-attrs/attrs,6cb1a30dae38589e1eb56e44dbff9cfcf0c13034,2025-12-01T05:11:13+00:00,0,1,7.0,17.0,17.0,3.5553480614894135,0.0,0.0,0.0,0.0,0.0,0.0,7.0,1.0,0.0,0.0,0.0,0.0,1.0,0.0,0.0,0.0,0.0,6.428571428571429,2.0,0.0,1.0,0.0,0.0
python-attrs/attrs,ead344e099bd9c520a04e159bfa5e74946b1ba16,2025-12-01T20:12:10+00:00,0,1,1.0,1.0,1.0,1.0986122886681098,0.0,0.0,0.0,0.0,0.0,0.0,1.0,0.0,0.0,0.0,0.0,0.0,1.0,0.0,0.0,0.0,0.0,10.0,4.0,0.0,1.0,0.0,0.0
python-attrs/attrs,5eb8701fca8c5ab920985c16583da7d23c2d9d7b,2025-12-02T20:00:42+00:00,0,1,1.0,1.0,1.0,1.0986122886681098,0.0,0.0,0.0,0.0,0.0,0.0,1.0,0.0,0.0,0.0,0.0,0.0,0.0,0.0,0.0,0.0,0.0,11.0,5.0,0.0,0.0,0.0,0.0
python-attrs/attrs,c0111e6aad3a70080b7191aa9c7eda459a25f3dc,2025-12-02T20:19:03+00:00,0,1,1.0,2.0,1.0,1.3862943611198906,0.0,0.0,0.0,0.0,0.0,0.0,1.0,1.0,0.0,0.0,0.0,0.0,0.0,0.0,0.0,0.0,0.0,2.0,87.0,0.0,1.0,0.0,0.0
python-attrs/attrs,ea11e0053cde8af07820ae99a2f2da28fdd061a4,2025-12-06T16:45:41+00:00,0,1,1.0,1.0,1.0,1.0986122886681098,1.0,0.0,0.0,1.0,0.0,0.0,0.0,0.0,0.0,0.0,0.0,0.0,1.0,0.0,0.0,0.0,0.0,1.0,0.0,0.0,0.0,0.0,0.0
python-attrs/attrs,f18d8640aa45c20dc1d63a0b941e172b6d7a63cd,2025-12-08T11:41:38+00:00,0,1,1.0,42.0,0.0,3.7612001156935624,4.0,0.0,0.0,1.0,0.0,0.0,0.0,0.0,0.0,0.0,0.0,0.0,1.0,0.0,0.0,0.0,0.0,5.0,88.0,0.0,1.0,0.0,0.0
python-attrs/attrs,850084d72864a7b387188d80fbbc109b3c663f9d,2025-12-08T12:01:48+00:00,0,1,1.0,42.0,0.0,3.7612001156935624,4.0,0.0,0.0,1.0,0.0,0.0,0.0,0.0,0.0,0.0,0.0,0.0,0.0,0.0,0.0,0.0,0.0,6.0,89.0,0.0,1.0,0.0,0.0
python-attrs/attrs,f0a7887feea137161b6bd447120ae37e4cb5be9b,2025-12-08T12:03:38+00:00,0,1,1.0,42.0,0.0,3.7612001156935624,4.0,0.0,0.0,1.0,0.0,0.0,0.0,0.0,0.0,0.0,0.0,0.0,1.0,1.0,0.0,0.0,0.0,6.0,89.0,0.0,1.0,0.0,0.0
python-attrs/attrs,921174e925707881bca529316e77a7eca0c61e43,2025-12-08T13:13:22+00:00,0,1,1.0,8.0,4.0,2.5649493574615367,4.0,1.0,1.0,0.0,0.0,0.0,0.0,0.0,0.0,0.0,1.0,0.0,1.0,0.0,0.0,0.0,0.0,21.0,1.0,0.0,1.0,0.0,0.0
python-attrs/attrs,65b5b359af493e74ea9e4c97b6101f99e7b74b03,2025-12-08T16:21:30+00:00,0,1,1.0,15.0,0.0,2.772588722239781,1.0,0.0,0.0,1.0,0.0,0.0,0.0,0.0,0.0,0.0,0.0,0.0,1.0,0.0,0.0,0.0,0.0,8.0,2.0,0.0,1.0,0.0,0.0
python-attrs/attrs,5e19f827d62b4e5495c8c2ec34990cc67cc16d06,2025-12-08T16:21:40+00:00,0,1,1.0,1.0,0.0,0.6931471805599453,1.0,0.0,0.0,1.0,0.0,0.0,0.0,0.0,0.0,0.0,0.0,0.0,1.0,0.0,1.0,0.0,0.0,8.0,6.0,0.0,0.0,0.0,0.0
python-attrs/attrs,87f0587468a2db0801d81e35886f0be936ea71ab,2025-12-14T11:43:12+00:00,0,1,1.0,16.0,0.0,2.833213344056216,1.0,0.0,0.0,1.0,0.0,0.0,0.0,0.0,0.0,0.0,0.0,0.0,0.0,0.0,0.0,0.0,0.0,10.0,3.0,0.0,1.0,0.0,0.0
python-attrs/attrs,cc06080e060ecc0e8402f9c0f3322bd0eb4328d6,2025-12-14T11:49:20+00:00,0,1,0.0,0.0,0.0,0.0,0.0,0.0,0.0,0.0,0.0,0.0,0.0,0.0,0.0,0.0,0.0,0.0,1.0,1.0,0.0,0.0,0.0,0.0,91.0,0.0,1.0,0.0,0.0
python-attrs/attrs,573eeb0197e6f8536c8af04184a8276d72da46d8,2025-12-16T08:34:36+00:00,0,1,4.0,8.0,0.0,2.1972245773362196,0.0,0.0,0.0,0.0,3.0,1.0,0.0,0.0,0.0,0.0,0.0,0.0,0.0,0.0,0.0,0.0,0.0,4.5,92.0,0.0,1.0,0.0,0.0
python-attrs/attrs,3615c75ddfe669e8d07f99fda0b76a42606c4631,2025-12-16T08:38:34+00:00,0,1,6.0,6.0,18.0,3.218875824868201,0.0,0.0,0.0,0.0,6.0,0.0,0.0,0.0,0.0,0.0,0.0,1.0,0.0,0.0,0.0,0.0,0.0,0.5,93.0,0.0,1.0,0.0,0.0
python-attrs/attrs,5127e7ee47ea40f04d34cbe1186c78e93213b7fd,2025-12-16T10:06:48+00:00,0,1,1.0,1.0,1.0,1.0986122886681098,0.0,0.0,0.0,0.0,1.0,0.0,0.0,0.0,0.0,0.0,0.0,1.0,0.0,0.0,1.0,0.0,0.0,5.0,94.0,0.0,1.0,0.0,0.0
python-attrs/attrs,764f17bec7819e181ddbb9ffa84202d0c3912df3,2025-12-17T13:04:47+00:00,0,1,9.0,649.0,528.0,7.071573364211532,0.0,1.0,1.0,0.0,0.0,0.0,8.0,1.0,0.0,0.0,1.0,0.0,1.0,0.0,0.0,0.0,0.0,8.333333333333334,95.0,0.0,1.0,0.0,0.0
python-attrs/attrs,460f019d105c34cbac8e737ce2eb8466448f0506,2025-12-17T13:12:16+00:00,0,1,9.0,649.0,528.0,7.071573364211532,0.0,1.0,1.0,0.0,0.0,0.0,8.0,1.0,0.0,0.0,1.0,0.0,0.0,0.0,0.0,0.0,0.0,9.333333333333334,96.0,0.0,1.0,0.0,0.0
python-attrs/attrs,67a18582ba33fa23cb8aebb0a939419e51776a95,2025-12-17T13:25:51+00:00,0,1,18.0,663.0,546.0,7.098375638590786,0.0,1.0,1.0,0.0,8.0,1.0,8.0,1.0,0.0,0.0,1.0,0.0,1.0,1.0,0.0,0.0,0.0,6.888888888888889,97.0,0.0,1.0,0.0,0.0
python-attrs/attrs,94eb58631a574b665a8674911378178edaa6d051,2025-12-18T06:27:19+00:00,0,1,4.0,31.0,31.0,4.143134726391533,1.0,1.0,2.0,1.0,0.0,0.0,1.0,0.0,0.0,0.0,0.0,0.0,1.0,0.0,0.0,0.0,0.0,5.5,98.0,0.0,1.0,0.0,0.0
python-attrs/attrs,674c31266e7115c8dafb8a31e86f84fd0fe0c22a,2025-12-18T06:31:32+00:00,0,1,4.0,31.0,31.0,4.143134726391533,1.0,1.0,2.0,1.0,0.0,0.0,1.0,0.0,0.0,0.0,0.0,0.0,0.0,0.0,0.0,0.0,0.0,6.5,99.0,0.0,1.0,0.0,0.0
python-attrs/attrs,06681f1c22aece74f040270a8c330a1aa2184c0c,2026-01-01T05:03:30+00:00,0,1,6.0,15.0,15.0,3.4339872044851463,0.0,0.0,0.0,0.0,0.0,0.0,6.0,1.0,0.0,0.0,0.0,0.0,1.0,0.0,0.0,0.0,0.0,11.166666666666666,3.0,0.0,1.0,0.0,0.0
python-attrs/attrs,e646bd917e38eaab5882170aa563700d910dee03,2026-01-03T23:57:07+00:00,0,2,1.0,1.0,1.0,1.0986122886681098,1.0,1.0,1.0,0.0,0.0,0.0,0.0,0.0,0.0,0.0,1.0,0.0,1.0,0.0,1.0,0.0,0.0,2.0,1.0,0.0,1.0,0.0,0.0
python-attrs/attrs,c1129cc578d0742c57bca719189e95384d5313a6,2026-01-04T00:42:46+00:00,0,1,1.0,5.0,1.0,1.9459101490553132,1.0,1.0,1.0,0.0,0.0,0.0,0.0,0.0,0.0,0.0,1.0,0.0,1.0,0.0,0.0,0.0,0.0,1.0,0.0,0.0,0.0,0.0,0.0
python-attrs/attrs,849dbeecfa38c22dd774bf8642edfcff37e6e25f,2026-01-04T01:04:39+00:00,0,1,1.0,1.0,1.0,1.0986122886681098,1.0,1.0,1.0,0.0,0.0,0.0,0.0,0.0,0.0,0.0,1.0,0.0,1.0,0.0,1.0,0.0,0.0,2.0,1.0,0.0,0.0,0.0,0.0
python-attrs/attrs,c73e7c00ba834f084e5ef9fd05c7a0ee7a689c88,2026-01-05T15:42:28+00:00,0,1,6.0,15.0,15.0,3.4339872044851463,0.0,0.0,0.0,0.0,0.0,0.0,6.0,1.0,0.0,0.0,0.0,0.0,0.0,0.0,0.0,0.0,0.0,12.166666666666666,4.0,0.0,1.0,0.0,0.0
python-attrs/attrs,498b649f575df1bc7ef6794fd14c6df529670883,2026-01-05T15:46:14+00:00,0,1,4.0,281.0,279.0,6.329720905522696,0.0,1.0,1.0,0.0,0.0,0.0,3.0,1.0,0.0,0.0,1.0,0.0,1.0,0.0,0.0,0.0,0.0,11.25,100.0,0.0,1.0,0.0,0.0
python-attrs/attrs,085b4b44b00cdbc9950422898695b911a135c94f,2026-01-05T15:49:43+00:00,0,1,1.0,1.0,1.0,1.0986122886681098,0.0,0.0,0.0,0.0,0.0,0.0,1.0,0.0,0.0,0.0,0.0,0.0,1.0,0.0,0.0,0.0,0.0,9.0,101.0,0.0,1.0,0.0,0.0
python-attrs/attrs,28526a872ec882c69d5d30932c1a520ef2520309,2026-01-05T15:53:39+00:00,0,1,4.0,282.0,280.0,6.333279628139691,0.0,1.0,1.0,0.0,0.0,0.0,3.0,1.0,0.0,0.0,1.0,0.0,0.0,0.0,0.0,0.0,0.0,12.5,102.0,0.0,1.0,0.0,0.0
python-attrs/attrs,175edec3d5d47604f5ca8a0ff83d22cad3888e0a,2026-01-22T05:40:06+00:00,0,1,6.0,7.0,7.0,2.70805020110221,0.0,0.0,0.0,0.0,4.0,1.0,1.0,0.0,0.0,0.0,0.0,0.0,0.0,0.0,0.0,0.0,0.0,7.5,103.0,0.0,1.0,0.0,0.0
python-attrs/attrs,2d6da44be25395cdc96d71eee22fbe0c2d255448,2026-01-22T05:42:04+00:00,0,1,2.0,1.0,1.0,1.0986122886681098,0.0,0.0,0.0,0.0,2.0,0.0,0.0,0.0,0.0,0.0,0.0,1.0,0.0,0.0,0.0,0.0,0.0,0.5,104.0,0.0,1.0,0.0,0.0
python-attrs/attrs,9100a37d62071eb572ab52c6b9edd1282563e949,2026-01-22T05:55:49+00:00,0,1,5.0,562.0,411.0,6.881411303642535,0.0,1.0,1.0,0.0,0.0,0.0,4.0,1.0,0.0,0.0,1.0,0.0,1.0,0.0,0.0,0.0,0.0,16.4,105.0,0.0,1.0,0.0,0.0
python-attrs/attrs,587d15a000f3a889e1dbdd000087497e380f09b4,2026-01-22T06:10:54+00:00,0,1,5.0,562.0,411.0,6.881411303642535,0.0,1.0,1.0,0.0,0.0,0.0,4.0,1.0,0.0,0.0,1.0,0.0,0.0,0.0,0.0,0.0,0.0,17.4,106.0,0.0,1.0,0.0,0.0
python-attrs/attrs,e140354a11de334f14d5345b1ebbde4157e69def,2026-01-22T10:38:21+00:00,0,1,1.0,1.0,1.0,1.0986122886681098,0.0,0.0,0.0,0.0,1.0,0.0,0.0,0.0,0.0,0.0,0.0,1.0,0.0,0.0,0.0,0.0,0.0,1.0,107.0,0.0,1.0,0.0,0.0
python-attrs/attrs,51a1f1ef6d4b096d343e044c590fdad01bf190bd,2026-02-01T05:14:25+00:00,0,1,7.0,12.0,12.0,3.218875824868201,0.0,0.0,0.0,0.0,0.0,0.0,7.0,1.0,0.0,0.0,0.0,0.0,1.0,0.0,0.0,0.0,0.0,13.285714285714286,5.0,0.0,1.0,0.0,0.0
python-attrs/attrs,b4d260c5bd01d9c3568c8dcfdc8d19796f09a751,2026-02-02T19:38:35+00:00,0,1,1.0,2.0,2.0,1.6094379124341005,0.0,0.0,0.0,0.0,0.0,0.0,1.0,0.0,0.0,0.0,0.0,0.0,1.0,0.0,0.0,0.0,0.0,20.0,7.0,0.0,1.0,0.0,0.0
python-attrs/attrs,85b9ac714ef634d62f59edd404f153ae5f01e2dc,2026-02-04T08:00:34+00:00,0,1,11.0,214.0,223.0,6.082218910376446,5.0,2.0,2.0,1.0,0.0,0.0,8.0,1.0,0.0,0.0,0.0,0.0,1.0,0.0,0.0,0.0,0.0,15.909090909090908,108.0,0.0,1.0,0.0,0.0
python-attrs/attrs,c44b8b0052ca3a4594219efa702129e1537d8966,2026-02-04T08:08:17+00:00,0,1,11.0,214.0,223.0,6.082218910376446,5.0,2.0,2.0,1.0,0.0,0.0,8.0,1.0,0.0,0.0,0.0,0.0,0.0,0.0,0.0,0.0,0.0,16.90909090909091,109.0,0.0,1.0,0.0,0.0
python-attrs/attrs,89cdc1fe3f5c1aca4b2acc7e0d60e3e4702edd09,2026-02-08T23:55:05+00:00,0,1,3.0,41.0,2.0,3.784189633918261,2.0,1.0,1.0,1.0,1.0,0.0,0.0,0.0,0.0,0.0,0.0,0.0,1.0,0.0,1.0,0.0,0.0,0.0,0.0,0.0,0.0,0.0,0.0
python-attrs/attrs,53e7a9c3d47ebe431e1c9ca18fda74902a189620,2026-02-10T16:41:38+00:00,0,1,1.0,1.0,1.0,1.0986122886681098,0.0,0.0,0.0,0.0,0.0,1.0,0.0,0.0,0.0,0.0,0.0,0.0,0.0,0.0,0.0,0.0,0.0,14.0,110.0,0.0,1.0,0.0,0.0
python-attrs/attrs,fb9ea679f92ae5c911a3fce644fff763da2ca02b,2026-02-10T17:59:45+00:00,0,1,2.0,2.0,2.0,1.6094379124341005,0.0,0.0,0.0,0.0,2.0,0.0,0.0,0.0,0.0,0.0,0.0,1.0,0.0,0.0,0.0,0.0,0.0,7.0,111.0,0.0,1.0,0.0,0.0
python-attrs/attrs,44301627de3ff3c8118e13d07ed68356bc8b6cf1,2026-02-12T02:54:25+00:00,0,1,1.0,1.0,1.0,1.0986122886681098,1.0,0.0,0.0,1.0,0.0,0.0,0.0,0.0,0.0,0.0,0.0,0.0,1.0,0.0,0.0,0.0,0.0,1.0,1.0,0.0,1.0,0.0,0.0
python-attrs/attrs,5754f241ec9a861c1f9edc9bafd5a1233ac32ac0,2026-02-12T02:56:15+00:00,0,1,1.0,3.0,2.0,1.791759469228055,1.0,0.0,0.0,1.0,0.0,0.0,0.0,0.0,0.0,0.0,0.0,0.0,1.0,0.0,1.0,0.0,0.0,1.0,8.0,0.0,0.0,0.0,0.0
python-attrs/attrs,9efd9122190502afdb7101e7e495de6993a8e06f,2026-02-19T09:38:43+00:00,0,1,2.0,9.0,1.0,2.3978952727983707,2.0,1.0,1.0,1.0,0.0,0.0,0.0,0.0,0.0,0.0,0.0,0.0,1.0,0.0,0.0,0.0,0.0,13.0,0.0,0.0,0.0,0.0,0.0
python-attrs/attrs,e27c582997752aec850699f577a138703a163371,2026-02-19T22:03:02+00:00,0,1,1.0,1.0,2.0,1.3862943611198906,1.0,1.0,1.0,0.0,0.0,0.0,0.0,0.0,0.0,0.0,1.0,0.0,1.0,0.0,0.0,0.0,0.0,25.0,1.0,0.0,1.0,0.0,0.0
python-attrs/attrs,fedc668fc97cad221799ffe24d6e7c8b243ec9f2,2026-02-19T22:05:01+00:00,0,1,1.0,1.0,2.0,1.3862943611198906,1.0,1.0,1.0,0.0,0.0,0.0,0.0,0.0,0.0,0.0,1.0,0.0,1.0,0.0,0.0,0.0,0.0,26.0,2.0,0.0,1.0,0.0,0.0
python-attrs/attrs,393c804121459015125fe220ebbbb378e013c80b,2026-02-19T22:16:25+00:00,0,1,1.0,5.0,4.0,2.302585092994046,1.0,1.0,1.0,0.0,0.0,0.0,0.0,0.0,0.0,0.0,1.0,0.0,1.0,0.0,0.0,0.0,0.0,27.0,3.0,0.0,0.0,0.0,0.0
python-attrs/attrs,937c1c27035fb2d643fd255a9e5723e452736d7a,2026-02-19T23:01:56+00:00,0,1,1.0,14.0,63.0,4.356708826689592,3.0,1.0,1.0,0.0,0.0,0.0,0.0,0.0,0.0,0.0,1.0,0.0,1.0,0.0,0.0,0.0,0.0,28.0,4.0,0.0,1.0,0.0,0.0
python-attrs/attrs,77da557148a3c851c02bde3509e6d4a0f8656109,2026-02-19T23:02:10+00:00,0,1,1.0,1.0,0.0,0.6931471805599453,0.0,1.0,1.0,0.0,0.0,0.0,0.0,0.0,0.0,0.0,1.0,0.0,1.0,0.0,1.0,0.0,0.0,28.0,9.0,0.0,0.0,0.0,0.0
python-attrs/attrs,ab9de616ef2690f1b2360f0b517917130104b1eb,2026-02-19T23:26:14+00:00,0,1,1.0,1.0,0.0,0.6931471805599453,0.0,1.0,1.0,0.0,0.0,0.0,0.0,0.0,0.0,0.0,1.0,0.0,1.0,1.0,0.0,0.0,0.0,30.0,5.0,0.0,0.0,0.0,0.0
python-attrs/attrs,2391242f33452347d5143714c370f7e6da478355,2026-02-19T23:45:29+00:00,0,1,1.0,4.0,6.0,2.3978952727983707,1.0,1.0,1.0,0.0,0.0,0.0,0.0,0.0,0.0,0.0,1.0,0.0,1.0,0.0,0.0,0.0,0.0,31.0,6.0,0.0,1.0,0.0,0.0
python-attrs/attrs,dd7a45f0845a0976d8b6bc23d4654e2979924abb,2026-02-20T00:19:09+00:00,0,1,1.0,8.0,3.0,2.4849066497880004,1.0,1.0,1.0,0.0,0.0,0.0,0.0,0.0,0.0,0.0,1.0,0.0,1.0,0.0,0.0,0.0,0.0,32.0,7.0,0.0,1.0,0.0,0.0
python-attrs/attrs,ef378ac06e5c121e55a29ba32e8ab1964f63389c,2026-02-20T00:19:20+00:00,0,1,1.0,4.0,2.0,1.9459101490553132,1.0,1.0,1.0,0.0,0.0,0.0,0.0,0.0,0.0,0.0,1.0,0.0,1.0,0.0,1.0,0.0,0.0,32.0,10.0,0.0,0.0,0.0,0.0
python-attrs/attrs,35e023f2e1b78a7912452b83b6c488640a970e56,2026-02-20T00:32:14+00:00,0,1,0.0,0.0,0.0,0.0,0.0,0.0,0.0,0.0,0.0,0.0,0.0,0.0,0.0,0.0,0.0,0.0,1.0,1.0,0.0,0.0,0.0,0.0,8.0,0.0,0.0,0.0,0.0
python-attrs/attrs,9729fe48b2a305da56c518c930daa2ca02bf5f52,2026-02-20T00:32:24+00:00,0,1,1.0,5.0,2.0,2.0794415416798357,1.0,1.0,1.0,0.0,0.0,0.0,0.0,0.0,0.0,0.0,1.0,0.0,1.0,0.0,1.0,0.0,0.0,34.0,11.0,0.0,0.0,0.0,0.0
python-attrs/attrs,a8bf98ca5117962c31911b51c4b4053e3960657d,2026-02-20T07:48:14+00:00,0,1,1.0,2.0,1.0,1.3862943611198906,1.0,1.0,1.0,0.0,0.0,0.0,0.0,0.0,0.0,0.0,1.0,0.0,1.0,0.0,1.0,0.0,0.0,0.0,0.0,0.0,1.0,0.0,0.0
python-attrs/attrs,e733ed24aa5eee18c82931a2935bd73e96d9ceb6,2026-02-20T07:49:29+00:00,0,1,1.0,3.0,0.0,1.3862943611198906,1.0,1.0,1.0,0.0,0.0,0.0,0.0,0.0,0.0,0.0,1.0,0.0,1.0,0.0,1.0,0.0,0.0,0.0,0.0,0.0,1.0,0.0,0.0
python-attrs/attrs,7b54668bf3f4a085406ffcfc23eaae4094420953,2026-02-20T21:21:40+00:00,0,1,1.0,4.0,0.0,1.6094379124341005,1.0,1.0,1.0,0.0,0.0,0.0,0.0,0.0,0.0,0.0,1.0,0.0,1.0,0.0,0.0,0.0,0.0,35.0,9.0,0.0,1.0,0.0,0.0
python-attrs/attrs,d16cb2db87c4a8e38666fa51f1c595d3fb32ddfb,2026-02-20T21:25:19+00:00,0,1,1.0,1.0,0.0,0.6931471805599453,0.0,0.0,0.0,0.0,1.0,0.0,0.0,0.0,0.0,0.0,0.0,1.0,1.0,0.0,0.0,0.0,0.0,0.0,10.0,0.0,1.0,0.0,0.0
python-attrs/attrs,a22429906144b2be9aa3f6789bfe3353596619c3,2026-02-21T11:29:04+00:00,0,1,2.0,77.0,5.0,4.418840607796598,0.0,0.0,0.0,0.0,2.0,0.0,2.0,1.0,0.0,0.0,0.0,1.0,1.0,0.0,0.0,0.0,0.0,0.5,112.0,0.0,1.0,0.0,0.0
python-attrs/attrs,b89a0f8a046487559c77f4cfc0d549ff90d43401,2026-02-21T11:51:55+00:00,0,1,1.0,1.0,1.0,1.0986122886681098,0.0,0.0,0.0,0.0,1.0,0.0,1.0,1.0,0.0,0.0,0.0,1.0,1.0,0.0,0.0,0.0,0.0,1.0,113.0,0.0,1.0,0.0,0.0
python-attrs/attrs,abe1259b46457b251966b7e27f4899601d583803,2026-02-21T14:27:07+00:00,0,1,1.0,3.0,3.0,1.9459101490553132,0.0,0.0,0.0,0.0,1.0,0.0,1.0,1.0,0.0,0.0,0.0,1.0,1.0,0.0,0.0,0.0,0.0,2.0,114.0,0.0,1.0,0.0,0.0
python-attrs/attrs,41c70646602a7ef28264f15e806e7a6e457782f4,2026-02-21T15:32:16+00:00,0,1,1.0,2.0,0.0,1.0986122886681098,0.0,0.0,0.0,0.0,1.0,0.0,1.0,1.0,0.0,0.0,0.0,1.0,1.0,0.0,0.0,0.0,0.0,3.0,115.0,0.0,1.0,0.0,0.0
python-attrs/attrs,97432db1abbd8d58f1b9712efc6580b7f613f625,2026-02-21T19:06:07+00:00,0,1,2.0,79.0,5.0,4.442651256490317,0.0,0.0,0.0,0.0,2.0,0.0,2.0,1.0,0.0,0.0,0.0,1.0,0.0,0.0,0.0,0.0,0.0,3.0,116.0,0.0,1.0,0.0,0.0
python-attrs/attrs,6468b669abd8c5f00bf7866e7deb311f99800a8b,2026-02-22T07:10:17+00:00,0,1,1.0,9.0,12.0,3.091042453358316,0.0,0.0,0.0,0.0,1.0,0.0,1.0,1.0,0.0,0.0,0.0,1.0,0.0,0.0,0.0,0.0,0.0,2.0,117.0,0.0,1.0,0.0,0.0
python-attrs/attrs,384267d742ab817af7393e08fc72789eedc46dcf,2026-02-22T11:51:56+00:00,0,1,1.0,3.0,3.0,1.9459101490553132,0.0,0.0,0.0,0.0,1.0,0.0,1.0,1.0,0.0,0.0,0.0,1.0,0.0,0.0,0.0,0.0,0.0,3.0,118.0,0.0,1.0,0.0,0.0
python-attrs/attrs,c824181ac411a5ba6caa344d64174bff81d618b7,2026-02-22T21:55:06+00:00,0,1,1.0,2.0,1.0,1.3862943611198906,0.0,0.0,0.0,1.0,0.0,0.0,0.0,0.0,0.0,0.0,0.0,0.0,1.0,1.0,0.0,0.0,0.0,3.0,11.0,0.0,0.0,0.0,0.0
python-attrs/attrs,672bfb7c401f4f2c23d260a5116f12d12d6b442d,2026-02-22T22:04:43+00:00,0,1,1.0,2.0,1.0,1.3862943611198906,0.0,0.0,0.0,1.0,0.0,0.0,0.0,0.0,0.0,0.0,0.0,0.0,1.0,0.0,1.0,0.0,0.0,4.0,12.0,0.0,0.0,0.0,0.0
python-attrs/attrs,476dcbd01695cfc0ab2fde914f683083b222e67a,2026-02-23T02:02:10+00:00,0,1,1.0,3.0,2.0,1.791759469228055,1.0,0.0,0.0,1.0,0.0,0.0,0.0,0.0,0.0,0.0,0.0,0.0,1.0,0.0,1.0,0.0,0.0,3.0,13.0,0.0,0.0,0.0,0.0
python-attrs/attrs,46354916414ae32050818fa5e7532f5fa72278db,2026-02-23T09:06:28+00:00,0,1,1.0,1.0,0.0,0.6931471805599453,0.0,0.0,0.0,0.0,1.0,0.0,0.0,0.0,0.0,0.0,0.0,1.0,0.0,0.0,0.0,0.0,0.0,9.0,119.0,0.0,1.0,0.0,0.0
python-attrs/attrs,a31031bd551cfd6a08b725c2d41bed85417e1734,2026-02-23T13:44:46+00:00,0,1,1.0,2.0,1.0,1.3862943611198906,0.0,0.0,0.0,1.0,0.0,0.0,0.0,0.0,0.0,0.0,0.0,0.0,1.0,0.0,1.0,0.0,0.0,5.0,14.0,0.0,0.0,0.0,0.0
python-attrs/attrs,9ee0dd906fa7f4f40308803d9c0a9a6211743b60,2026-02-23T13:46:12+00:00,0,1,6.0,32.0,17.0,3.912023005428146,6.0,2.0,2.0,3.0,3.0,0.0,0.0,0.0,0.0,0.0,0.0,0.0,1.0,0.0,1.0,0.0,0.0,6.833333333333333,14.0,0.0,0.0,0.0,0.0
python-attrs/attrs,ebb6f6aab125a474193e0510e6ff0e1d8609f9a1,2026-02-24T07:33:08+00:00,0,1,3.0,41.0,2.0,3.784189633918261,2.0,1.0,1.0,1.0,1.0,0.0,0.0,0.0,0.0,0.0,0.0,0.0,1.0,0.0,1.0,0.0,0.0,2.0,2.0,0.0,0.0,0.0,0.0
python-attrs/attrs,a52d6bb863678f72d47bf12f5be3a01bc05cdd29,2026-02-24T23:51:29+00:00,0,1,1.0,3.0,0.0,1.3862943611198906,0.0,0.0,0.0,0.0,1.0,0.0,0.0,0.0,0.0,0.0,0.0,1.0,1.0,0.0,0.0,0.0,0.0,2.0,12.0,0.0,1.0,0.0,0.0
python-attrs/attrs,9c47711924174f25d7a0369a71c511ec0c7a5d82,2026-02-25T04:03:59+00:00,0,1,1.0,2.0,1.0,1.3862943611198906,0.0,1.0,1.0,0.0,0.0,0.0,0.0,0.0,0.0,0.0,1.0,0.0,1.0,0.0,0.0,0.0,0.0,1.0,13.0,0.0,0.0,0.0,0.0
python-attrs/attrs,8e2ebecbc75c71a35099f7729930c4479cd1a4c4,2026-02-25T18:45:12+00:00,0,1,1.0,9.0,1.0,2.3978952727983707,0.0,0.0,0.0,0.0,1.0,0.0,0.0,0.0,0.0,0.0,0.0,1.0,1.0,0.0,0.0,0.0,0.0,0.0,0.0,0.0,1.0,0.0,0.0
python-attrs/attrs,568502ef3cf5b94c3abdd8a2fd181e950504c3b7,2026-02-25T18:51:12+00:00,0,1,1.0,34.0,38.0,4.290459441148391,2.0,0.0,0.0,1.0,0.0,0.0,0.0,0.0,0.0,0.0,0.0,0.0,1.0,0.0,0.0,0.0,0.0,7.0,14.0,0.0,0.0,0.0,0.0
python-attrs/attrs,16e1e317ef22d089e8c8b28f75371bfd7a5da9d2,2026-02-25T18:51:21+00:00,0,1,2.0,1.0,1.0,1.0986122886681098,1.0,1.0,1.0,1.0,0.0,0.0,0.0,0.0,0.0,0.0,0.0,0.0,1.0,0.0,1.0,0.0,0.0,22.0,16.0,0.0,0.0,0.0,0.0
python-attrs/attrs,29245974da56b77cb6b24ba5475d8657e886a0b2,2026-02-25T22:42:38+00:00,0,1,1.0,1.0,0.0,0.6931471805599453,1.0,1.0,1.0,0.0,0.0,0.0,0.0,0.0,0.0,0.0,1.0,0.0,1.0,1.0,0.0,0.0,0.0,38.0,15.0,0.0,0.0,0.0,0.0
python-attrs/attrs,2281e4ba3ebc46ed3a09cd4bde16e5b2dbc8153d,2026-02-25T22:42:48+00:00,0,1,1.0,1.0,4.0,1.791759469228055,0.0,0.0,0.0,1.0,0.0,0.0,0.0,0.0,0.0,0.0,0.0,0.0,1.0,0.0,1.0,0.0,0.0,9.0,17.0,0.0,0.0,0.0,0.0
python-attrs/attrs,ce4a042f3f916dcaa1a388b9f0930033af6a02c9,2026-03-02T14:58:14+00:00,0,1,7.0,195.0,21.0,5.37989735354046,18.0,1.0,1.0,4.0,2.0,0.0,0.0,0.0,0.0,0.0,0.0,0.0,1.0,0.0,0.0,0.0,0.0,8.571428571428571,120.0,0.0,0.0,0.0,0.0
python-attrs/attrs,4269ba7eaf6898bf084824c57c33fdda4105661d,2026-03-02T15:04:48+00:00,0,1,1.0,1.0,1.0,1.0986122886681098,0.0,0.0,0.0,0.0,1.0,0.0,0.0,0.0,0.0,0.0,0.0,1.0,1.0,0.0,1.0,0.0,0.0,3.0,121.0,0.0,1.0,0.0,0.0
python-attrs/attrs,853d78e34de57aa2ecedd933c1b83ee0781b88af,2026-03-02T15:09:09+00:00,0,1,1.0,1.0,1.0,1.0986122886681098,0.0,0.0,0.0,0.0,0.0,0.0,1.0,0.0,0.0,0.0,0.0,0.0,0.0,0.0,0.0,0.0,0.0,11.0,122.0,0.0,1.0,0.0,0.0
python-attrs/attrs,9e96d0049fecd6560ba271b4e54497e2eddd8b7c,2026-03-02T16:29:38+00:00,0,1,6.0,412.0,401.0,6.70196036600254,0.0,1.0,1.0,0.0,0.0,0.0,5.0,1.0,0.0,0.0,1.0,0.0,1.0,0.0,0.0,0.0,0.0,19.5,123.0,0.0,1.0,0.0,0.0
python-attrs/attrs,18508e6b5bb26898588019a4155a6b6a1dcd3c33,2026-03-02T20:16:47+00:00,0,1,1.0,1.0,1.0,1.0986122886681098,0.0,0.0,0.0,0.0,0.0,0.0,1.0,0.0,0.0,0.0,0.0,0.0,1.0,0.0,0.0,0.0,0.0,24.0,18.0,0.0,1.0,0.0,0.0
python-attrs/attrs,2173fc7049f7ea938b754e2563959d3c902dfaf4,2026-03-02T20:54:41+00:00,0,1,5.0,411.0,400.0,6.699500340161678,0.0,1.0,1.0,0.0,0.0,0.0,4.0,1.0,0.0,0.0,1.0,0.0,0.0,0.0,0.0,0.0,0.0,19.8,124.0,0.0,0.0,0.0,0.0
python-attrs/attrs,92f78e951782d2fa7d542e3b0aade515259b329c,2026-03-03T05:49:42+00:00,0,1,4.0,408.0,397.0,6.692083742506628,0.0,1.0,1.0,0.0,0.0,0.0,3.0,1.0,0.0,0.0,1.0,0.0,1.0,1.0,0.0,0.0,0.0,20.5,125.0,0.0,0.0,0.0,0.0
python-attrs/attrs,f3bcc37c3d2dc3199715f825a86b748c3b3805f9,2026-03-04T05:39:50+00:00,0,1,1.0,1.0,1.0,1.0986122886681098,0.0,0.0,0.0,0.0,1.0,0.0,1.0,1.0,0.0,0.0,0.0,1.0,0.0,0.0,0.0,0.0,0.0,5.0,126.0,0.0,1.0,0.0,0.0
python-attrs/attrs,0ce90dd8c0e8ad40e5aea979c2a311a2cf22d4d4,2026-03-05T17:36:06+00:00,0,1,1.0,4.0,0.0,1.6094379124341005,0.0,0.0,0.0,0.0,1.0,0.0,0.0,0.0,0.0,0.0,0.0,1.0,1.0,0.0,0.0,0.0,0.0,0.0,0.0,0.0,1.0,0.0,0.0
python-attrs/attrs,64e82918fcb51d92cfcc1697960e2f997d784047,2026-03-06T04:13:30+00:00,0,1,1.0,152.0,0.0,5.030437921392435,0.0,1.0,1.0,0.0,0.0,0.0,0.0,0.0,0.0,0.0,1.0,0.0,1.0,0.0,0.0,0.0,0.0,25.0,16.0,0.0,0.0,0.0,0.0
python-attrs/attrs,6a690d58e2d6dab81b3885673b89027024e8c574,2026-03-06T04:13:41+00:00,0,1,4.0,7.0,9.0,2.833213344056216,1.0,1.0,1.0,3.0,2.0,0.0,0.0,0.0,0.0,0.0,0.0,0.0,1.0,0.0,1.0,0.0,0.0,13.0,19.0,0.0,0.0,0.0,0.0
python-attrs/attrs,1bc10d65305fb3c06954ee960270c578a1357196,2026-03-07T07:55:37+00:00,0,1,8.0,414.0,403.0,6.706862336602747,0.0,1.0,1.0,0.0,1.0,0.0,7.0,1.0,0.0,0.0,1.0,0.0,1.0,1.0,1.0,0.0,0.0,19.0,127.0,0.0,1.0,0.0,0.0
python-attrs/attrs,b0ef2491e7583e3620d4d77e4568fbbc0df123ed,2026-03-07T08:00:34+00:00,0,1,1.0,1.0,1.0,1.0986122886681098,1.0,1.0,1.0,0.0,0.0,0.0,0.0,0.0,0.0,0.0,1.0,0.0,1.0,0.0,0.0,0.0,0.0,41.0,128.0,0.0,1.0,0.0,0.0
python-attrs/attrs,862696afb52fb7c0d47d45e05ec4feb844c11001,2026-03-07T09:22:36+00:00,0,1,7.0,301.0,9.0,5.739792912179234,24.0,1.0,1.0,4.0,2.0,0.0,0.0,0.0,0.0,0.0,0.0,0.0,0.0,0.0,0.0,0.0,0.0,10.0,0.0,0.0,1.0,0.0,0.0
python-attrs/attrs,f1c33a9ccb4235cf4a85410d56a036cb1d54c500,2026-03-07T22:26:34+00:00,0,1,4.0,7.0,9.0,2.833213344056216,1.0,1.0,1.0,3.0,2.0,0.0,0.0,0.0,0.0,0.0,0.0,0.0,1.0,1.0,0.0,0.0,0.0,14.5,17.0,0.0,0.0,0.0,0.0
python-attrs/attrs,3aa846f3d5685a9348556d9659adee7a44e1c918,2026-03-07T22:26:45+00:00,0,1,1.0,1.0,0.0,0.6931471805599453,1.0,1.0,1.0,0.0,0.0,0.0,0.0,0.0,0.0,0.0,1.0,0.0,1.0,0.0,1.0,0.0,0.0,43.0,20.0,0.0,0.0,0.0,0.0
python-attrs/attrs,e52dea485e670e3eb320edd1f06c2badd7c2d928,2026-03-08T01:52:38+00:00,0,1,7.0,301.0,9.0,5.739792912179234,24.0,1.0,1.0,4.0,2.0,0.0,0.0,0.0,0.0,0.0,0.0,0.0,1.0,0.0,0.0,0.0,0.0,11.285714285714286,1.0,0.0,0.0,0.0,0.0
python-attrs/attrs,27a723e7d49d7333a7c5185ee9b42daf8a19d262,2026-03-08T01:52:46+00:00,0,1,5.0,10.0,10.0,3.044522437723423,1.0,2.0,2.0,3.0,2.0,0.0,0.0,0.0,0.0,0.0,0.0,0.0,1.0,0.0,1.0,0.0,0.0,11.8,21.0,0.0,0.0,0.0,0.0
python-attrs/attrs,c03ebd58aea182a7f204b49f51b4daafd0fb8392,2026-03-08T01:53:42+00:00,0,1,1.0,3.0,1.0,1.6094379124341005,0.0,1.0,1.0,0.0,0.0,0.0,0.0,0.0,0.0,0.0,1.0,0.0,1.0,0.0,1.0,0.0,0.0,2.0,18.0,0.0,0.0,0.0,0.0
python-attrs/attrs,78a58586ae9e6eef43a561870e588f20d03e86fd,2026-03-08T01:53:58+00:00,0,1,5.0,10.0,10.0,3.044522437723423,1.0,2.0,2.0,3.0,2.0,0.0,0.0,0.0,0.0,0.0,0.0,0.0,1.0,0.0,1.0,0.0,0.0,11.8,21.0,0.0,0.0,0.0,0.0
python-attrs/attrs,86739d58a8ce13c7574d598fb0e36b5a3c8989cb,2026-03-08T01:55:09+00:00,0,1,5.0,11.0,9.0,3.044522437723423,1.0,2.0,2.0,3.0,2.0,0.0,0.0,0.0,0.0,0.0,0.0,0.0,1.0,0.0,1.0,0.0,0.0,13.0,18.0,0.0,0.0,0.0,0.0
python-attrs/attrs,44085a63fe9c039935e00061fed9a3b7633db862,2026-03-08T06:50:02+00:00,0,1,1.0,63.0,53.0,4.762173934797756,2.0,0.0,0.0,0.0,1.0,0.0,0.0,0.0,0.0,0.0,0.0,1.0,1.0,0.0,0.0,0.0,0.0,1.0,129.0,0.0,1.0,0.0,0.0
python-attrs/attrs,310877644d6f718546ee27081203198d862b4482,2026-03-08T06:51:00+00:00,0,1,1.0,1.0,1.0,1.0986122886681098,0.0,0.0,0.0,0.0,1.0,0.0,0.0,0.0,0.0,0.0,0.0,1.0,1.0,0.0,0.0,0.0,0.0,1.0,129.0,0.0,0.0,0.0,0.0
python-attrs/attrs,a0297121aa33d7600792b19e066ba53f0681dfad,2026-03-08T07:50:39+00:00,0,1,1.0,9.0,10.0,2.995732273553991,1.0,0.0,0.0,0.0,1.0,0.0,0.0,0.0,0.0,0.0,0.0,1.0,1.0,0.0,0.0,0.0,0.0,3.0,131.0,0.0,1.0,0.0,0.0
python-attrs/attrs,9437a21ee137a47e0c04e269e2b43a3116b0bf59,2026-03-08T07:50:48+00:00,0,1,1.0,1.0,1.0,1.0986122886681098,0.0,0.0,0.0,0.0,1.0,0.0,0.0,0.0,0.0,0.0,0.0,1.0,1.0,0.0,1.0,0.0,0.0,3.0,23.0,0.0,0.0,0.0,0.0
python-attrs/attrs,07c5ef1c77b76bf85f0d580d009b98a726f29c16,2026-03-08T09:20:05+00:00,0,1,1.0,2.0,2.0,1.6094379124341005,0.0,0.0,0.0,0.0,0.0,0.0,1.0,1.0,0.0,0.0,0.0,0.0,1.0,0.0,1.0,0.0,0.0,23.0,132.0,0.0,1.0,0.0,0.0
python-attrs/attrs,6b09ba9e760413141550a65082a101eeb5aec5fb,2026-03-08T09:22:16+00:00,0,1,1.0,1.0,1.0,1.0986122886681098,0.0,0.0,0.0,0.0,1.0,0.0,0.0,0.0,0.0,0.0,0.0,1.0,1.0,0.0,1.0,0.0,0.0,5.0,133.0,0.0,1.0,0.0,0.0
python-attrs/attrs,65cdc93617b913ace652f192f52ac4db04a17ec1,2026-03-08T09:40:42+00:00,0,1,1.0,3.0,3.0,1.9459101490553132,1.0,0.0,0.0,0.0,1.0,0.0,0.0,0.0,0.0,0.0,0.0,1.0,1.0,0.0,0.0,0.0,0.0,6.0,134.0,0.0,1.0,0.0,0.0
python-attrs/attrs,21a1028e2ff0566bc2a77d9c3f0741f02119ad26,2026-03-08T09:55:01+00:00,0,1,1.0,2.0,2.0,1.6094379124341005,0.0,0.0,0.0,0.0,0.0,0.0,1.0,1.0,0.0,0.0,0.0,0.0,0.0,0.0,1.0,0.0,0.0,24.0,135.0,0.0,1.0,0.0,0.0
python-attrs/attrs,0e4c46f959399a551393d1d463180b37e90b2ab3,2026-03-08T10:25:46+00:00,0,1,1.0,16.0,9.0,3.258096538021482,1.0,0.0,0.0,0.0,1.0,0.0,0.0,0.0,0.0,0.0,0.0,1.0,1.0,0.0,0.0,0.0,0.0,7.0,136.0,0.0,0.0,0.0,0.0
python-attrs/attrs,cde866896d41457d05e2955b22b293f14e6fbfd8,2026-03-08T10:51:56+00:00,0,1,1.0,12.0,13.0,3.258096538021482,1.0,0.0,0.0,0.0,1.0,0.0,0.0,0.0,0.0,0.0,0.0,1.0,1.0,0.0,0.0,0.0,0.0,8.0,137.0,0.0,1.0,0.0,0.0
python-attrs/attrs,03ddbf433ccdd165abb33663aff53cc3700d1848,2026-03-08T13:25:33+00:00,0,1,1.0,3.0,1.0,1.6094379124341005,1.0,0.0,0.0,0.0,1.0,0.0,0.0,0.0,0.0,0.0,0.0,1.0,1.0,0.0,0.0,0.0,0.0,9.0,138.0,0.0,1.0,0.0,0.0
python-attrs/attrs,65964fc4acf0b03e8578464af04b3342a835303c,2026-03-08T13:29:55+00:00,0,1,1.0,73.0,58.0,4.882801922586371,3.0,0.0,0.0,0.0,1.0,0.0,0.0,0.0,0.0,0.0,0.0,1.0,0.0,0.0,0.0,0.0,0.0,10.0,139.0,0.0,1.0,0.0,0.0
python-attrs/attrs,058d7324938085c7a7c09537c92d3980d68c643b,2026-03-08T18:34:45+00:00,0,1,1.0,3.0,3.0,1.9459101490553132,0.0,0.0,0.0,0.0,1.0,0.0,1.0,1.0,0.0,0.0,0.0,1.0,0.0,0.0,0.0,0.0,0.0,7.0,140.0,0.0,1.0,0.0,0.0
python-attrs/attrs,928465a09c508916a7ceb4655a9312accdcc5092,2026-03-08T18:43:01+00:00,0,1,1.0,1.0,1.0,1.0986122886681098,0.0,0.0,0.0,0.0,1.0,0.0,1.0,1.0,0.0,0.0,0.0,1.0,0.0,0.0,0.0,0.0,0.0,8.0,141.0,0.0,1.0,0.0,0.0
python-attrs/attrs,260eac39e7cc1ce19161ca17deab05fd862e1f58,2026-03-12T01:23:08+00:00,0,1,5.0,11.0,9.0,3.044522437723423,1.0,2.0,2.0,3.0,2.0,0.0,0.0,0.0,0.0,0.0,0.0,0.0,1.0,0.0,1.0,0.0,0.0,15.2,20.0,0.0,0.0,0.0,0.0
python-attrs/attrs,7fe7c8c05fdb1f744689c16dde782d5aa3943793,2026-03-14T11:45:10+00:00,0,1,2.0,14.0,5.0,2.995732273553991,0.0,0.0,0.0,0.0,2.0,0.0,2.0,1.0,0.0,0.0,0.0,1.0,1.0,0.0,0.0,0.0,0.0,3.5,142.0,0.0,1.0,0.0,0.0
python-attrs/attrs,ec18e47c662714ab27140e27afe9eac57b487154,2026-03-14T11:45:48+00:00,0,1,2.0,14.0,5.0,2.995732273553991,0.0,0.0,0.0,0.0,2.0,0.0,2.0,1.0,0.0,0.0,0.0,1.0,1.0,0.0,0.0,0.0,0.0,3.5,142.0,0.0,1.0,0.0,0.0
python-attrs/attrs,e92fe52dfe1eb07167e6473724c5a8ada978add0,2026-03-14T11:58:53+00:00,0,1,2.0,14.0,5.0,2.995732273553991,0.0,0.0,0.0,0.0,2.0,0.0,2.0,1.0,0.0,0.0,0.0,1.0,0.0,0.0,0.0,0.0,0.0,5.5,144.0,0.0,1.0,0.0,0.0
python-attrs/attrs,e015513aa83e0a1092986cd7e88f03702e8416b2,2026-03-14T12:42:37+00:00,0,1,28.0,1257.0,714.0,7.586803535162581,33.0,2.0,3.0,5.0,10.0,1.0,12.0,1.0,0.0,0.0,0.0,0.0,1.0,1.0,0.0,0.0,0.0,13.0,145.0,0.0,1.0,0.0,0.0
python-attrs/attrs,e0a6b93efdc58d8b959c172de66b4c67f64cb629,2026-03-14T13:02:05+00:00,0,1,2.0,2.0,6.0,2.1972245773362196,1.0,1.0,1.0,0.0,1.0,0.0,0.0,0.0,0.0,0.0,1.0,0.0,1.0,0.0,0.0,0.0,0.0,1.5,146.0,0.0,0.0,0.0,0.0
python-attrs/attrs,eccd966d80aff5196efc959316961cfa780439f9,2026-03-14T13:06:38+00:00,0,1,3.0,11.0,1.0,2.5649493574615367,2.0,2.0,2.0,0.0,1.0,0.0,0.0,0.0,0.0,0.0,1.0,0.0,0.0,0.0,1.0,0.0,0.0,2.6666666666666665,2.0,0.0,1.0,0.0,0.0
python-attrs/attrs,ce89f5d11feb0805da9ed10bb165238cc959f1bb,2026-03-14T13:14:18+00:00,0,1,2.0,14.0,7.0,3.091042453358316,3.0,1.0,1.0,1.0,0.0,0.0,0.0,0.0,0.0,0.0,0.0,0.0,0.0,0.0,1.0,0.0,0.0,2.5,147.0,0.0,1.0,0.0,0.0
python-attrs/attrs,ab7f8b2f4c0f747d5b1575247ce35e5adaad182e,2026-03-14T13:18:29+00:00,0,1,7.0,315.0,295.0,6.415096959171596,0.0,1.0,1.0,0.0,0.0,0.0,6.0,1.0,0.0,0.0,1.0,0.0,0.0,0.0,0.0,0.0,0.0,21.571428571428573,148.0,0.0,1.0,0.0,0.0
python-attrs/attrs,27837f2e2400d50c60ef8f9c87968bfacece6cea,2026-03-14T13:57:30+00:00,0,1,26.0,1060.0,624.0,7.429520842786462,32.0,3.0,5.0,4.0,8.0,0.0,12.0,1.0,0.0,0.0,0.0,0.0,1.0,1.0,1.0,0.0,0.0,14.346153846153848,149.0,0.0,1.0,0.0,0.0
python-attrs/attrs,dbf4a0ef0ebf0e4d12d9efb3547dc12904f3c68b,2026-03-14T14:01:13+00:00,0,1,1.0,16.0,0.0,2.833213344056216,1.0,0.0,0.0,1.0,0.0,0.0,0.0,0.0,0.0,0.0,0.0,0.0,1.0,0.0,0.0,0.0,0.0,0.0,150.0,0.0,0.0,0.0,0.0
python-attrs/attrs,91f3695fe70a6d58c95660addd5ef8d46bfebd61,2026-03-14T14:10:03+00:00,0,1,1.0,1.0,0.0,0.6931471805599453,1.0,1.0,1.0,0.0,0.0,0.0,0.0,0.0,0.0,0.0,1.0,0.0,1.0,0.0,0.0,0.0,0.0,1.0,151.0,0.0,1.0,0.0,0.0
python-attrs/attrs,af9c510912ce604a94896cc35c27368d5baf6ae6,2026-03-14T14:26:06+00:00,0,1,3.0,20.0,1.0,3.091042453358316,2.0,1.0,1.0,1.0,1.0,0.0,0.0,0.0,0.0,0.0,0.0,0.0,0.0,0.0,1.0,0.0,0.0,1.0,2.0,0.0,1.0,0.0,0.0
python-attrs/attrs,a572c3a4c558a8b9b48cf989fcd956ab1a279439,2026-03-14T14:35:56+00:00,0,1,3.0,12.0,1.0,2.6390573296152584,2.0,1.0,1.0,1.0,1.0,0.0,0.0,0.0,0.0,0.0,0.0,0.0,0.0,0.0,0.0,0.0,0.0,18.0,152.0,0.0,1.0,0.0,0.0
python-attrs/attrs,3a68d4913221abc6f8ad3be50937f7ae49300a98,2026-03-14T14:52:09+00:00,0,1,1.0,15.0,1.0,2.833213344056216,0.0,0.0,0.0,0.0,1.0,0.0,1.0,1.0,0.0,0.0,0.0,1.0,0.0,0.0,0.0,0.0,0.0,9.0,153.0,0.0,1.0,0.0,0.0
python-attrs/attrs,71d4f1d362761e60b01e8297a705ad577a79ae7c,2026-03-14T15:19:27+00:00,0,1,6.0,37.0,11.0,3.8918202981106265,6.0,1.0,2.0,2.0,2.0,0.0,1.0,0.0,0.0,0.0,0.0,0.0,1.0,0.0,0.0,0.0,0.0,14.166666666666666,154.0,0.0,1.0,0.0,0.0
python-attrs/attrs,b13a7056c5f407abbd9f3e572ee48ad65afce91c,2026-03-14T15:19:58+00:00,0,1,2.0,1.0,1.0,1.0986122886681098,0.0,0.0,0.0,0.0,2.0,0.0,0.0,0.0,0.0,0.0,0.0,1.0,1.0,0.0,1.0,0.0,0.0,0.0,154.0,0.0,0.0,0.0,0.0
python-attrs/attrs,48b8611c27779811d161200e17de8da24aae7feb,2026-03-14T17:54:06+00:00,0,1,6.0,37.0,11.0,3.8918202981106265,6.0,1.0,2.0,2.0,2.0,0.0,1.0,0.0,0.0,0.0,0.0,0.0,0.0,0.0,0.0,0.0,0.0,15.166666666666666,156.0,0.0,1.0,0.0,0.0
python-attrs/attrs,5cd0fac89fd4d8a45d3328124f0a581252eae688,2026-03-18T13:49:43+00:00,0,1,1.0,8.0,4.0,2.5649493574615367,1.0,0.0,0.0,1.0,0.0,0.0,0.0,0.0,0.0,0.0,0.0,0.0,1.0,0.0,0.0,0.0,0.0,2.0,0.0,0.0,1.0,0.0,0.0
python-attrs/attrs,31e02869da10824b492c378c1dc87ccc720ee5ad,2026-03-18T14:01:14+00:00,0,1,1.0,8.0,4.0,2.5649493574615367,1.0,0.0,0.0,1.0,0.0,0.0,0.0,0.0,0.0,0.0,0.0,0.0,0.0,0.0,0.0,0.0,0.0,3.0,1.0,0.0,1.0,0.0,0.0
python-attrs/attrs,7bfc49e9b22d5ba25b6e429524c3d49fee27cb36,2026-03-19T14:06:16+00:00,0,2,6.0,21.0,6.0,3.332204510175204,0.0,0.0,0.0,0.0,6.0,0.0,0.0,0.0,0.0,0.0,0.0,1.0,0.0,0.0,0.0,0.0,0.0,2.1666666666666665,157.0,0.0,1.0,0.0,0.0
python-attrs/attrs,caae397b596cab0e58b23eb83de3894581033e1e,2026-03-19T14:15:22+00:00,0,1,1.0,2.0,2.0,1.6094379124341005,0.0,0.0,0.0,0.0,1.0,0.0,1.0,1.0,0.0,0.0,0.0,1.0,0.0,0.0,0.0,0.0,0.0,8.0,158.0,0.0,1.0,0.0,0.0
python-attrs/attrs,25b74d6a4274d938b1ef15a4df658ad5d2c92310,2026-03-19T15:07:41+00:00,0,1,1.0,8.0,0.0,2.1972245773362196,0.0,0.0,0.0,0.0,1.0,0.0,0.0,0.0,0.0,0.0,0.0,1.0,0.0,0.0,0.0,0.0,0.0,2.0,159.0,0.0,1.0,0.0,0.0
python-attrs/attrs,3203360d5abf5d645429259fa87270965e8786dc,2026-03-27T08:21:28+00:00,0,1,1.0,2.0,2.0,1.6094379124341005,0.0,0.0,0.0,0.0,1.0,0.0,0.0,0.0,0.0,0.0,0.0,1.0,1.0,0.0,0.0,0.0,0.0,3.0,0.0,0.0,1.0,0.0,0.0
python-attrs/attrs,3f891cfca9c58a293795677d4e840dcac3fa5979,2026-03-27T08:32:48+00:00,0,1,1.0,1.0,2.0,1.3862943611198906,0.0,0.0,0.0,0.0,1.0,0.0,0.0,0.0,0.0,0.0,0.0,1.0,1.0,0.0,0.0,0.0,0.0,4.0,1.0,0.0,1.0,0.0,0.0
python-attrs/attrs,162a1093ae9d09ce37c10659c1c82906be3577c8,2026-03-27T10:11:18+00:00,0,1,1.0,1.0,1.0,1.0986122886681098,0.0,0.0,0.0,0.0,1.0,0.0,0.0,0.0,0.0,0.0,0.0,1.0,1.0,0.0,0.0,0.0,0.0,5.0,2.0,0.0,1.0,0.0,0.0
python-attrs/attrs,4195388270b9e570fce592198237175e3ab520fe,2026-03-27T10:12:02+00:00,0,1,1.0,1.0,1.0,1.0986122886681098,0.0,0.0,0.0,0.0,1.0,0.0,0.0,0.0,0.0,0.0,0.0,1.0,1.0,0.0,0.0,0.0,0.0,5.0,160.0,0.0,0.0,0.0,0.0
python-attrs/attrs,4885c5b1af4e9fa4d97b6bffa2fb78a2efa5f047,2026-03-27T10:17:23+00:00,0,1,1.0,2.0,3.0,1.791759469228055,0.0,0.0,0.0,0.0,1.0,0.0,0.0,0.0,0.0,0.0,0.0,1.0,0.0,0.0,0.0,0.0,0.0,7.0,3.0,0.0,1.0,0.0,0.0
python-attrs/attrs,0cb5cd692b09e1e95993f7f3389b8664e53b1648,2026-03-29T06:31:07+00:00,0,1,1.0,1.0,1.0,1.0986122886681098,0.0,0.0,0.0,0.0,1.0,0.0,1.0,1.0,0.0,0.0,0.0,1.0,0.0,0.0,0.0,0.0,0.0,11.0,161.0,0.0,1.0,0.0,0.0
python-attrs/attrs,9c2b7ed54b134dc1c3f0995fcb71131ebdd1450e,2026-03-30T17:10:00+00:00,0,1,4.0,8.0,0.0,2.1972245773362196,0.0,0.0,0.0,0.0,3.0,1.0,0.0,0.0,0.0,0.0,0.0,0.0,0.0,0.0,0.0,0.0,0.0,9.25,162.0,0.0,1.0,0.0,0.0
python-attrs/attrs,d07cbc7990e200070f379182fc387c07d44bbec3,2026-03-30T17:59:27+00:00,0,1,9.0,344.0,342.0,6.532334292222349,0.0,1.0,1.0,0.0,0.0,0.0,8.0,1.0,0.0,0.0,1.0,0.0,1.0,0.0,0.0,0.0,0.0,23.11111111111111,163.0,0.0,1.0,0.0,0.0
python-attrs/attrs,20734d9cc6e4673c40e4a33bfa2bfaef946533d8,2026-03-30T18:18:37+00:00,0,1,9.0,344.0,342.0,6.532334292222349,0.0,1.0,1.0,0.0,0.0,0.0,8.0,1.0,0.0,0.0,1.0,0.0,0.0,0.0,0.0,0.0,0.0,24.11111111111111,164.0,0.0,1.0,0.0,0.0
python-attrs/attrs,36124f5a7f7db19df13eb55fe858e1364cf92f6f,2026-04-06T20:15:50+00:00,0,1,1.0,1.0,1.0,1.0986122886681098,1.0,0.0,0.0,1.0,0.0,0.0,0.0,0.0,0.0,0.0,0.0,0.0,1.0,0.0,1.0,0.0,0.0,11.0,24.0,0.0,0.0,0.0,0.0
python-attrs/attrs,f0e420b71af1a5cd5dbf43efd1a42aece6ce8f4e,2026-04-07T05:33:15+00:00,0,1,2.0,2.0,2.0,1.6094379124341005,1.0,0.0,0.0,1.0,0.0,0.0,1.0,0.0,0.0,0.0,0.0,0.0,0.0,0.0,0.0,0.0,0.0,22.0,25.0,0.0,1.0,0.0,0.0
python-attrs/attrs,985439b7b4e50dd3bc398190e6e67d817b658df0,2026-04-13T12:54:18+00:00,0,1,1.0,78.0,78.0,5.056245805348308,0.0,0.0,0.0,1.0,0.0,0.0,1.0,0.0,0.0,0.0,0.0,0.0,1.0,0.0,0.0,0.0,0.0,5.0,0.0,0.0,0.0,0.0,0.0
python-attrs/attrs,cfbd10c43a681c3964f046ef2b920d8fcdd8a3df,2026-04-13T12:55:31+00:00,0,1,5.0,102.0,3.0,4.663439094112067,9.0,1.0,1.0,2.0,2.0,0.0,1.0,0.0,0.0,0.0,0.0,0.0,1.0,0.0,0.0,0.0,0.0,16.2,0.0,0.0,1.0,0.0,0.0
python-attrs/attrs,834136e8f137d4dcc42b3c01f646a38df860ecd4,2026-04-13T16:53:34+00:00,0,1,2.0,124.0,118.0,5.493061443340548,0.0,1.0,1.0,1.0,0.0,0.0,1.0,0.0,0.0,0.0,0.0,0.0,0.0,0.0,0.0,0.0,0.0,19.5,0.0,0.0,1.0,0.0,0.0
python-attrs/attrs,ec6913d59bac88d130ead8c6d96b09109eb15b04,2026-04-13T16:56:27+00:00,0,1,2.0,124.0,118.0,5.493061443340548,0.0,1.0,1.0,1.0,0.0,0.0,1.0,0.0,0.0,0.0,0.0,0.0,1.0,1.0,0.0,0.0,0.0,20.5,165.0,0.0,1.0,0.0,0.0
python-attrs/attrs,64280a67b4a25e80991b678cc3dbb465225944c2,2026-04-13T17:34:42+00:00,0,1,1.0,3.0,3.0,1.9459101490553132,1.0,1.0,1.0,0.0,0.0,0.0,0.0,0.0,0.0,0.0,1.0,0.0,1.0,0.0,0.0,0.0,0.0,56.0,2.0,0.0,1.0,0.0,0.0
python-attrs/attrs,39534fcb8224cd3e0673e47bc525ac55ee98386a,2026-04-14T05:14:37+00:00,0,1,7.0,538.0,485.0,6.931471805599453,0.0,1.0,1.0,0.0,0.0,0.0,6.0,1.0,0.0,0.0,1.0,0.0,1.0,0.0,0.0,0.0,0.0,26.0,166.0,0.0,1.0,0.0,0.0
python-attrs/attrs,eca2ff52a9412feeafed50db1c4ed85a68a04ad7,2026-04-14T05:28:10+00:00,0,1,7.0,538.0,485.0,6.931471805599453,0.0,1.0,1.0,0.0,0.0,0.0,6.0,1.0,0.0,0.0,1.0,0.0,0.0,0.0,0.0,0.0,0.0,27.0,167.0,0.0,1.0,0.0,0.0
python-attrs/attrs,a517531ece31c5a2d6155bdde94e899c94eb3e9a,2026-04-14T05:33:16+00:00,0,1,1.0,2.0,0.0,1.0986122886681098,0.0,0.0,0.0,1.0,0.0,0.0,1.0,0.0,0.0,0.0,0.0,0.0,1.0,0.0,0.0,0.0,0.0,9.0,168.0,0.0,1.0,0.0,0.0
python-attrs/attrs,57b314c0dc8e0b80c0ed8f61c0be81965137ea41,2026-04-14T05:37:27+00:00,0,1,1.0,2.0,0.0,1.0986122886681098,0.0,0.0,0.0,1.0,0.0,0.0,1.0,0.0,0.0,0.0,0.0,0.0,0.0,0.0,0.0,0.0,0.0,10.0,169.0,0.0,1.0,0.0,0.0
python-attrs/attrs,d54fd888d0cc774ddd8a91a1a1b12842cd72da58,2026-04-16T14:56:25+00:00,0,1,1.0,1.0,0.0,0.6931471805599453,0.0,0.0,0.0,0.0,1.0,0.0,0.0,0.0,0.0,0.0,0.0,1.0,1.0,0.0,0.0,0.0,0.0,1.0,170.0,0.0,0.0,0.0,0.0
python-attrs/attrs,0f758fe54a8742110f730ebbaf146e79f3937c8d,2026-04-16T20:23:22+00:00,0,1,5.0,105.0,3.0,4.6913478822291435,9.0,1.0,1.0,2.0,2.0,0.0,1.0,0.0,0.0,0.0,0.0,0.0,0.0,0.0,0.0,0.0,0.0,18.6,1.0,0.0,1.0,0.0,0.0
python-attrs/attrs,5660ef33bbf9623f30c2761c8a9e638d75d39881,2026-04-21T07:05:55+00:00,0,1,2.0,5.0,5.0,2.3978952727983707,5.0,1.0,2.0,0.0,0.0,0.0,0.0,0.0,0.0,0.0,1.0,0.0,1.0,0.0,1.0,0.0,0.0,29.0,26.0,0.0,0.0,0.0,0.0
python-attrs/attrs,4a0744126bc278445feaa689473e29ba508ad57b,2026-04-29T05:54:13+00:00,0,1,2.0,2.0,6.0,2.1972245773362196,0.0,0.0,0.0,0.0,0.0,0.0,2.0,0.0,0.0,0.0,0.0,0.0,1.0,0.0,0.0,0.0,0.0,8.0,171.0,0.0,1.0,0.0,0.0
python-attrs/attrs,28bd989bf6312d4d62d5e3aef1d9dd9f78f94a68,2026-04-29T05:59:28+00:00,0,1,1.0,3.0,0.0,1.3862943611198906,0.0,0.0,0.0,0.0,0.0,0.0,1.0,0.0,0.0,0.0,0.0,0.0,1.0,0.0,0.0,0.0,0.0,1.0,172.0,0.0,1.0,0.0,0.0
python-attrs/attrs,aa51b75bb98b97fbc3786960ada36c890f6c42ce,2026-04-29T06:05:43+00:00,0,1,1.0,0.0,3.0,1.3862943611198906,0.0,0.0,0.0,0.0,0.0,0.0,1.0,0.0,0.0,0.0,0.0,0.0,1.0,0.0,0.0,0.0,0.0,2.0,173.0,0.0,0.0,0.0,0.0
python-attrs/attrs,87b7b4ae050cd75469c5d834172bce5299fa300b,2026-04-29T06:08:15+00:00,0,1,2.0,2.0,2.0,1.6094379124341005,0.0,0.0,0.0,0.0,0.0,0.0,2.0,0.0,0.0,0.0,0.0,0.0,0.0,0.0,0.0,0.0,0.0,10.0,174.0,0.0,1.0,0.0,0.0
python-attrs/attrs,c95f1291e395ce61cf10d4d5203a18c224f4bd8c,2026-05-01T05:59:28+00:00,0,1,2.0,4.0,4.0,2.1972245773362196,0.0,0.0,0.0,0.0,0.0,0.0,2.0,1.0,0.0,0.0,0.0,0.0,1.0,0.0,0.0,0.0,0.0,30.0,6.0,0.0,1.0,0.0,0.0
python-attrs/attrs,c29ce191dc0855b69d04ea3945f0eed7be73af94,2026-05-01T06:33:37+00:00,0,1,4.0,193.0,170.0,5.8971538676367405,0.0,1.0,1.0,0.0,0.0,0.0,3.0,1.0,0.0,0.0,1.0,0.0,1.0,0.0,0.0,0.0,0.0,33.25,175.0,0.0,1.0,0.0,0.0
python-attrs/attrs,69a9729a6879b37cee4930c85017da5dbc5fb6dd,2026-05-02T09:04:15+00:00,0,1,4.0,193.0,170.0,5.8971538676367405,0.0,1.0,1.0,0.0,0.0,0.0,3.0,1.0,0.0,0.0,1.0,0.0,0.0,0.0,0.0,0.0,0.0,34.25,176.0,0.0,1.0,0.0,0.0
python-attrs/attrs,dc8301f79f93faa275866de348c8451144dc7fe2,2026-05-07T09:18:58+00:00,0,1,3.0,219.0,180.0,5.991464547107982,0.0,1.0,1.0,0.0,0.0,0.0,2.0,1.0,0.0,0.0,1.0,0.0,1.0,0.0,0.0,0.0,0.0,34.666666666666664,177.0,0.0,1.0,0.0,0.0
python-attrs/attrs,3823062f1296242fe1ac620834540ffae4eba488,2026-05-07T09:59:11+00:00,0,1,3.0,219.0,180.0,5.991464547107982,0.0,1.0,1.0,0.0,0.0,0.0,2.0,1.0,0.0,0.0,1.0,0.0,0.0,0.0,0.0,0.0,0.0,35.666666666666664,178.0,0.0,1.0,0.0,0.0
python-attrs/attrs,11bb503cfacd093c75662083d0c7fbc4b594fd87,2026-05-08T18:11:48+00:00,1,1,1.0,31.0,4.0,3.58351893845611,2.0,1.0,1.0,0.0,0.0,0.0,0.0,0.0,0.0,0.0,1.0,0.0,1.0,0.0,1.0,0.0,0.0,3.0,0.0,0.0,1.0,0.0,0.0
python-attrs/attrs,77c36eca5efb8449f4d2bb1bbf4cd7c7cc5e31a9,2026-05-08T18:22:40+00:00,1,1,1.0,12.0,3.0,2.772588722239781,2.0,1.0,1.0,0.0,0.0,0.0,0.0,0.0,0.0,0.0,1.0,0.0,1.0,0.0,1.0,0.25,0.25,4.0,27.0,0.0,0.0,0.0,0.05
python-attrs/attrs,9f4e771e856fe679b64450a935358b8fd58dec7d,2026-05-08T18:26:47+00:00,1,1,1.0,1.0,1.0,1.0986122886681098,1.0,1.0,1.0,0.0,0.0,0.0,0.0,0.0,0.0,0.0,1.0,0.0,1.0,0.0,1.0,0.4,0.4,5.0,28.0,0.0357142857142857,0.0,0.0,0.1
python-attrs/attrs,a12577679203de3e90639c46ed90d4baf2f9e8dc,2026-05-08T18:30:58+00:00,1,1,1.0,1.0,1.0,1.0986122886681098,1.0,1.0,1.0,0.0,0.0,0.0,0.0,0.0,0.0,0.0,1.0,0.0,1.0,0.0,0.0,0.5,0.5,6.0,1.0,1.0,1.0,1.0,0.15
python-attrs/attrs,2503422f076996cd00b3219c1780de1b0e60741f,2026-05-08T18:36:23+00:00,0,1,1.0,5.0,1.0,1.9459101490553132,4.0,0.0,0.0,1.0,0.0,0.0,0.0,0.0,0.0,0.0,0.0,0.0,1.0,0.0,1.0,0.0,0.0,4.0,29.0,0.0689655172413793,0.0,0.0,0.2
python-attrs/attrs,73d3f9fa1ef5c0c1561a8288de076ceee3c8c084,2026-05-10T19:02:39+00:00,1,1,2.0,6.0,9.0,2.772588722239781,5.0,1.0,1.0,1.0,0.0,0.0,0.0,0.0,0.0,0.0,0.0,0.0,1.0,0.0,1.0,0.0,0.0,41.0,30.0,0.0666666666666666,0.0,0.0,0.2
python-attrs/attrs,9dbc137bdf2378b0430437307c12a8f53ccaa1b2,2026-05-10T19:38:51+00:00,1,1,1.0,30.0,11.0,3.737669618283368,8.0,0.0,0.0,1.0,0.0,0.0,0.0,0.0,0.0,0.0,0.0,0.0,1.0,0.0,1.0,0.0,0.0,0.0,31.0,0.0967741935483871,0.0,0.0,0.25
python-attrs/attrs,10900446b4f5f7925da875f6e11d71b07f38af39,2026-05-10T19:55:36+00:00,0,1,2.0,12.0,12.0,3.218875824868201,2.0,0.0,0.0,1.0,1.0,0.0,0.0,0.0,0.0,0.0,0.0,0.0,1.0,0.0,0.0,1.0,0.5,2.0,0.0,0.0,1.0,1.0,0.3
python-attrs/attrs,118ff3e59c73d882e56525c1ebff26a25cbc58b2,2026-05-10T20:01:45+00:00,1,1,1.0,6.0,11.0,2.8903717578961645,0.0,0.0,0.0,0.0,1.0,0.0,0.0,0.0,0.0,0.0,0.0,1.0,1.0,0.0,0.0,0.0,0.0,4.0,1.0,0.0,1.0,1.0,0.3
python-attrs/attrs,d6b9459a05c4d58565b247e509be7d1be200747e,2026-05-10T23:50:06+00:00,0,1,6.0,333.0,271.0,6.405228458030842,0.0,1.0,1.0,0.0,0.0,0.0,5.0,1.0,0.0,0.0,1.0,0.0,1.0,1.0,0.0,0.0,0.0,28.166666666666668,0.0,0.0,1.0,0.0,0.35
python-attrs/attrs,df8a74e0e62a68ffa1cd33b833061ad2d5138e59,2026-05-11T00:23:08+00:00,0,1,1.0,4.0,0.0,1.6094379124341005,0.0,0.0,0.0,0.0,0.0,1.0,0.0,0.0,0.0,0.0,0.0,0.0,1.0,0.0,0.0,0.0,0.0,17.0,0.0,0.0,1.0,0.0,0.35
python-attrs/attrs,c3df976ef0b245141297fb1982a154deba9ce5c5,2026-05-11T00:37:26+00:00,1,1,5.0,33.0,4.0,3.6375861597263857,8.0,2.0,4.0,0.0,1.0,0.0,0.0,0.0,0.0,0.0,1.0,0.0,1.0,0.0,0.0,0.0166666666666666,0.0041666666666666,13.2,1.0,0.0,1.0,0.0,0.35
python-attrs/attrs,37b168ec2ca0027ca8b866849714bee4866d9a0a,2026-05-11T00:40:52+00:00,0,1,6.0,46.0,4.0,3.9318256327243257,10.0,2.0,4.0,1.0,1.0,0.0,0.0,0.0,0.0,0.0,0.0,0.0,1.0,0.0,0.0,1.0,0.423224043715847,11.833333333333334,2.0,0.5,1.0,0.0,0.4
python-attrs/attrs,55c7795ecd9a4e4dece6b8586965261116d4ca79,2026-05-11T00:44:29+00:00,0,1,1.0,6.0,0.0,1.9459101490553132,2.0,0.0,0.0,1.0,0.0,0.0,0.0,0.0,0.0,0.0,0.0,0.0,1.0,0.0,0.0,0.0,0.0,1.0,3.0,0.3333333333333333,1.0,0.0,0.4
python-attrs/attrs,c9a5728042eb46b52e24d03a4529a93a9934112e,2026-05-11T17:48:01+00:00,1,1,1.0,110.0,221.0,5.805134968916488,0.0,1.0,1.0,0.0,0.0,0.0,0.0,0.0,0.0,0.0,1.0,0.0,1.0,0.0,0.0,0.0,0.0,41.0,7.0,0.0,1.0,0.0,0.4
python-attrs/attrs,43fef8c18882e80527658c0117ab650f60010688,2026-05-12T12:58:50+00:00,1,1,1.0,8.0,2.0,2.3978952727983707,1.0,1.0,1.0,0.0,0.0,0.0,0.0,0.0,0.0,0.0,1.0,0.0,1.0,0.0,1.0,0.032258064516129,0.032258064516129,62.0,0.0,0.0,1.0,0.0,0.45
python-attrs/attrs,d36594d29ce78a410993027392e8452ff6db41a4,2026-05-18T15:24:32+00:00,0,1,3.0,9.0,6.0,2.772588722239781,5.0,1.0,2.0,1.0,0.0,0.0,0.0,0.0,0.0,0.0,0.0,0.0,1.0,0.0,1.0,0.5714285714285714,0.3015873015873015,5.0,32.0,0.125,0.0,0.0,0.5
python-attrs/attrs,effcbe7f4bdbff9182b077dc44cbf4d58d325ca5,2026-05-18T15:33:49+00:00,0,1,1.0,3.0,1.0,1.6094379124341005,1.0,0.0,0.0,1.0,0.0,0.0,0.0,0.0,0.0,0.0,0.0,0.0,1.0,0.0,1.0,0.0,0.0,6.0,33.0,0.1212121212121212,0.0,0.0,0.5
python-attrs/attrs,90e9ac34494308e61ecc6d867ad1e846fd362614,2026-05-20T00:13:00+00:00,1,1,1.0,18.0,176.0,5.272999558563747,0.0,1.0,1.0,0.0,0.0,0.0,0.0,0.0,0.0,0.0,1.0,0.0,1.0,0.0,0.0,0.0238095238095238,0.0238095238095238,42.0,8.0,0.125,1.0,0.0,0.5
python-attrs/attrs,512bd6d4d7e238a017673cd6b1e087d5544f1711,2026-05-28T08:19:22+00:00,0,1,6.0,704.0,671.0,7.226936018493289,0.0,1.0,1.0,0.0,0.0,0.0,5.0,1.0,0.0,0.0,1.0,0.0,0.0,0.0,0.0,0.0465116279069767,0.0077519379844961,31.833333333333332,179.0,0.0,1.0,0.0,0.55
python-attrs/attrs,1a1d875cdbd8c6277e1cae90ad874005f004769b,2026-05-28T08:22:39+00:00,1,1,1.0,108.0,240.0,5.855071922202427,0.0,1.0,1.0,0.0,0.0,0.0,0.0,0.0,0.0,0.0,1.0,0.0,1.0,0.0,0.0,0.0454545454545454,0.0454545454545454,44.0,9.0,0.2222222222222222,1.0,0.0,0.55
python-attrs/attrs,2b9c094b7d673828d8d634f521b06a1231559ecf,2026-05-28T08:28:56+00:00,1,1,2.0,3.0,2.0,1.791759469228055,0.0,0.0,0.0,0.0,0.0,1.0,1.0,0.0,0.0,0.0,0.0,0.0,1.0,0.0,0.0,0.0,0.0,18.5,180.0,0.0,1.0,0.0,0.55
python-attrs/attrs,9ab23a1c646095d35835d982cc84c446e9c58915,2026-05-28T08:33:04+00:00,0,1,1.0,1.0,1.0,1.0986122886681098,0.0,0.0,0.0,0.0,0.0,0.0,1.0,1.0,0.0,0.0,0.0,0.0,1.0,0.0,0.0,0.0,0.0,26.0,181.0,0.005524861878453,0.0,0.0,0.55
python-attrs/attrs,24ce123bf0076d90391ee3b40c467927d604d558,2026-05-28T08:36:02+00:00,0,1,4.0,5.0,3.0,2.1972245773362196,0.0,0.0,0.0,0.0,1.0,1.0,2.0,1.0,0.0,0.0,0.0,0.0,0.0,0.0,0.0,0.0526315789473684,0.0342105263157894,16.5,182.0,0.0054945054945054,1.0,0.0,0.5
python-attrs/attrs,b621cf42fec970c1999831ed3de46ab916f5153e,2026-05-28T16:36:28+00:00,0,1,3.0,186.0,39.0,5.420534999272286,0.0,1.0,1.0,0.0,0.0,0.0,2.0,1.0,0.0,0.0,1.0,0.0,1.0,0.0,0.0,0.0666666666666666,0.038095238095238,31.333333333333332,183.0,0.0054644808743169,1.0,0.0,0.45
python-attrs/attrs,48ea7a120c841912195146a27223840612b2e861,2026-05-28T16:42:30+00:00,0,1,3.0,186.0,39.0,5.420534999272286,0.0,1.0,1.0,0.0,0.0,0.0,2.0,1.0,0.0,0.0,1.0,0.0,0.0,0.0,0.0,0.0652173913043478,0.0368906455862977,32.333333333333336,184.0,0.0054347826086956,1.0,0.0,0.45
python-attrs/attrs,fd9dce69f4de19d755476664fb228759ad5ba08c,2026-06-01T01:00:18+00:00,1,1,2.0,13.0,11.0,3.218875824868201,1.0,1.0,1.0,0.0,0.0,1.0,0.0,0.0,0.0,0.0,1.0,0.0,1.0,0.0,1.0,0.0,0.0,5.0,0.0,0.0,1.0,0.0,0.4
python-attrs/attrs,620853a10936b00b655bccaa58a123dc12e2103b,2026-06-01T20:29:51+00:00,0,1,1.0,1.0,1.0,1.0986122886681098,0.0,0.0,0.0,0.0,0.0,0.0,1.0,0.0,0.0,0.0,0.0,0.0,1.0,0.0,0.0,0.0,0.0,39.0,34.0,0.1176470588235294,1.0,0.0,0.4
python-attrs/attrs,d2fbfccc1ce77dcc927a86eae9521c95dc4e289c,2026-06-02T06:57:57+00:00,0,1,1.0,1.0,1.0,1.0986122886681098,0.0,0.0,0.0,0.0,0.0,0.0,1.0,0.0,0.0,0.0,0.0,0.0,0.0,0.0,0.0,0.0,0.0,40.0,35.0,0.1142857142857142,1.0,0.0,0.4
python-attrs/attrs,b03588d1574949890280b8530aa026af3c7da391,2026-06-03T12:44:36+00:00,0,1,9.0,857.0,675.0,7.334981878871814,0.0,1.0,1.0,0.0,1.0,1.0,6.0,1.0,0.0,0.0,1.0,0.0,1.0,1.0,1.0,0.0638297872340425,0.0174786720115119,27.77777777777778,0.0,0.0,1.0,0.0,0.35
python-attrs/attrs,e8e63b76aec6f2065c1ca68fe4d43810c8412750,2026-06-03T12:59:35+00:00,0,1,9.0,857.0,675.0,7.334981878871814,0.0,1.0,1.0,0.0,1.0,1.0,6.0,1.0,0.0,0.0,1.0,0.0,1.0,1.0,1.0,0.0625,0.0168650793650793,28.77777777777778,1.0,0.0,1.0,0.0,0.35
python-attrs/attrs,d7309ca3ec603b3d32690e59ce4c7d77543db9d7,2026-06-03T12:59:49+00:00,1,1,9.0,857.0,675.0,7.334981878871814,0.0,1.0,1.0,0.0,1.0,1.0,6.0,1.0,0.0,0.0,1.0,0.0,1.0,1.0,1.0,0.0625,0.0168650793650793,28.77777777777778,1.0,0.0,1.0,1.0,0.35
python-attrs/attrs,80f4586a99f1afb581cccd64a89664e37b25c675,2026-06-04T03:40:36+00:00,0,1,1.0,2.0,1.0,1.3862943611198906,1.0,0.0,0.0,1.0,0.0,0.0,0.0,0.0,0.0,0.0,0.0,0.0,1.0,0.0,1.0,0.0,0.0,7.0,36.0,0.1111111111111111,0.0,0.0,0.35
python-attrs/attrs,8538b5978e3f11d841f684cefec2e7ffc01684b4,2026-06-04T03:45:44+00:00,0,1,5.0,44.0,5.0,3.912023005428146,11.0,1.0,2.0,1.0,2.0,0.0,0.0,0.0,0.0,0.0,0.0,0.0,1.0,0.0,0.0,0.5,0.125,5.4,0.0,0.0,0.0,0.0,0.35
python-attrs/attrs,89fae8300f484544c1b7678cea5efe58c551fbb9,2026-06-06T07:08:02+00:00,0,1,3.0,21.0,12.0,3.5263605246161616,0.0,1.0,1.0,0.0,0.0,1.0,1.0,1.0,0.0,0.0,1.0,0.0,0.0,0.0,0.0,0.0869565217391304,0.0556521739130434,36.666666666666664,185.0,0.0054054054054054,1.0,0.0,0.35
python-attrs/attrs,005e2fbe1a93a958946ba04aad0d8cf6e6d17d6a,2026-06-19T12:00:32+00:00,0,1,8.0,102.0,99.0,5.308267697401205,0.0,1.0,1.0,0.0,0.0,0.0,7.0,1.0,0.0,0.0,1.0,0.0,0.0,0.0,0.0,0.0784313725490196,0.0286440488326677,35.25,186.0,0.0053763440860215,0.0,0.0,0.3
python-attrs/attrs,844dfa9d89fa681c7a96cb290138e498ba55d351,2026-06-25T05:14:11+00:00,0,1,3.0,43.0,3.0,3.8501476017100584,5.0,1.0,1.0,1.0,1.0,0.0,0.0,0.0,0.0,0.0,0.0,0.0,1.0,0.0,0.0,0.0909090909090909,0.0454545454545454,8.0,0.0,0.0,1.0,0.0,0.25
python-attrs/attrs,66a8ae9ddba0decaa651010b8c9f359d69fa35b3,2026-06-25T07:38:02+00:00,1,1,2.0,185.0,0.0,5.225746673713202,18.0,1.0,1.0,1.0,0.0,0.0,0.0,0.0,0.0,0.0,0.0,0.0,1.0,0.0,1.0,0.0476190476190476,0.0238095238095238,34.5,1.0,0.0,1.0,0.0,0.25
python-attrs/attrs,d4e6d44e1d769111344269979e1f23453fbf6f5b,2026-06-27T01:22:05+00:00,0,1,3.0,75.0,0.0,4.330733340286331,7.0,1.0,1.0,1.0,1.0,0.0,0.0,0.0,0.0,0.0,0.0,0.0,1.0,0.0,1.0,0.1428571428571428,0.1026785714285714,23.666666666666668,0.0,0.0,1.0,0.0,0.3
python-attrs/attrs,4d0de24aa05ab695656e398c19139391aafe1780,2026-06-29T21:35:02+00:00,0,1,3.0,11.0,5.0,2.833213344056216,3.0,0.0,0.0,2.0,1.0,0.0,0.0,0.0,0.0,0.0,0.0,0.0,1.0,0.0,1.0,0.0,0.0,4.0,37.0,0.1081081081081081,0.0,0.0,0.25
python-attrs/attrs,57245a31eeeb2b054d722b0e5767b11997dbb780,2026-07-01T05:17:19+00:00,0,1,4.0,5.0,5.0,2.3978952727983707,0.0,0.0,0.0,0.0,0.0,0.0,4.0,1.0,0.0,0.0,0.0,0.0,1.0,0.0,0.0,0.0294117647058823,0.014297385620915,32.25,10.0,0.3,1.0,0.0,0.25
python-attrs/attrs,07fb783455b172d7fc26504560b66e5c0a9520ee,2026-07-01T09:18:29+00:00,1,1,11.0,119.0,107.0,5.424950017481403,0.0,1.0,1.0,0.0,2.0,1.0,9.0,1.0,0.0,0.0,1.0,0.0,1.0,1.0,1.0,0.0833333333333333,0.0277039777039777,30.636363636363637,3.0,0.3333333333333333,1.0,1.0,0.2
python-attrs/attrs,9774636426266a1c8c1471bc1149f43b4ee3553e,2026-07-01T09:18:52+00:00,0,1,11.0,119.0,107.0,5.424950017481403,0.0,1.0,1.0,0.0,2.0,1.0,9.0,1.0,0.0,0.0,1.0,0.0,1.0,1.0,1.0,0.0833333333333333,0.0277039777039777,30.636363636363637,3.0,0.3333333333333333,1.0,0.0,0.2
python-attrs/attrs,8b917362f6b156c9eeeb74a247354978962e2d96,2026-07-01T09:20:30+00:00,0,1,11.0,119.0,107.0,5.424950017481403,0.0,1.0,1.0,0.0,2.0,1.0,9.0,1.0,0.0,0.0,1.0,0.0,1.0,1.0,1.0,0.0833333333333333,0.0277039777039777,30.636363636363637,3.0,0.3333333333333333,1.0,0.0,0.2
python-attrs/attrs,b2fedf9a04238749db1ee416bd066a3c2b40b7fd,2026-07-01T10:05:36+00:00,0,1,4.0,5.0,5.0,2.3978952727983707,0.0,0.0,0.0,0.0,0.0,0.0,4.0,1.0,0.0,0.0,0.0,0.0,0.0,0.0,0.0,0.0526315789473684,0.0418885148918808,36.25,11.0,0.2727272727272727,1.0,0.0,0.2
python-attrs/attrs,ccc472b0cdee9e1864cc327c4482e689fbfafb90,2026-07-02T06:19:46+00:00,0,1,13.0,916.0,722.0,7.40184157874383,0.0,1.0,1.0,0.0,3.0,1.0,10.0,1.0,0.0,0.0,1.0,0.0,1.0,1.0,1.0,0.25,0.0780186053585852,31.076923076923077,6.0,0.3333333333333333,1.0,0.0,0.2
python-attrs/attrs,ae37edd71a691b8ca797a0a53d0248543abfe12b,2026-07-02T12:06:36+00:00,0,1,1.0,1.0,1.0,1.0986122886681098,0.0,0.0,0.0,0.0,1.0,0.0,1.0,1.0,0.0,0.0,0.0,1.0,0.0,0.0,1.0,0.0714285714285714,0.0714285714285714,14.0,187.0,0.0053475935828877,1.0,0.0,0.2
python-attrs/attrs,6b8b4c7c4690479eee634f2ef8a07dcf3d92a3b4,2026-07-04T11:31:53+00:00,0,1,1.0,1.0,1.0,1.0986122886681098,0.0,0.0,0.0,0.0,1.0,0.0,1.0,1.0,0.0,0.0,0.0,1.0,1.0,1.0,1.0,0.0666666666666666,0.0666666666666666,15.0,7.0,0.2857142857142857,1.0,0.0,0.15
python-attrs/attrs,d011d3cb50379f9156bbb49deeef051993594368,2026-07-04T23:44:51+00:00,0,1,2.0,20.0,11.0,3.4657359027997265,4.0,0.0,0.0,2.0,0.0,0.0,0.0,0.0,0.0,0.0,0.0,0.0,1.0,0.0,1.0,0.0,0.0,7.5,38.0,0.1052631578947368,0.0,0.0,0.15
python-attrs/attrs,45de9beb093d2142517ab7d1ebda6522e3d3c4ac,2026-07-05T08:08:04+00:00,0,1,2.0,9.0,9.0,2.9444389791664403,2.0,1.0,2.0,0.0,0.0,0.0,0.0,0.0,0.0,0.0,1.0,0.0,0.0,0.0,0.0,0.0615384615384615,0.0307692307692307,33.5,188.0,0.0053191489361702,1.0,0.0,0.15
python-attrs/attrs,c8b685e314b235bad16fd1f4b53194578c8265ef,2026-07-06T13:55:58+00:00,0,1,2.0,8.0,4.0,2.5649493574615367,2.0,0.0,0.0,1.0,1.0,0.0,0.0,0.0,0.0,0.0,0.0,0.0,1.0,0.0,1.0,0.0,0.0,1.0,39.0,0.1025641025641025,0.0,0.0,0.15
python-attrs/attrs,8f3d21d7757fe8cf4ac32a38992ddb27bb9e123f,2026-07-06T20:08:55+00:00,0,1,1.0,1.0,1.0,1.0986122886681098,0.0,0.0,0.0,0.0,0.0,0.0,1.0,0.0,0.0,0.0,0.0,0.0,1.0,0.0,0.0,0.0408163265306122,0.0408163265306122,49.0,40.0,0.1,1.0,0.0,0.15
python-attrs/attrs,902ebb73bd1e4bbf55e129b4ed1d6862ccc5ab6d,2026-07-07T03:49:39+00:00,0,1,4.0,12.0,5.0,2.8903717578961645,5.0,1.0,1.0,2.0,1.0,0.0,0.0,0.0,0.0,0.0,0.0,0.0,1.0,0.0,1.0,0.0606060606060606,0.0151515151515151,21.5,41.0,0.0975609756097561,0.0,0.0,0.1
python-attrs/attrs,c0d42e964c86e59da46e82ccaabcdea005beb77a,2026-07-07T20:56:31+00:00,0,1,3.0,50.0,5.0,4.02535169073515,6.0,1.0,1.0,1.0,1.0,0.0,0.0,0.0,0.0,0.0,0.0,0.0,1.0,0.0,0.0,0.0,0.0,0.0,0.0,0.0,1.0,0.0,0.1
python-attrs/attrs,b59bfc21e1e95c69da9d53dc365e68bc7bff1778,2026-07-08T15:27:32+00:00,0,1,1.0,1.0,1.0,1.0986122886681098,0.0,0.0,0.0,0.0,1.0,0.0,0.0,0.0,0.0,0.0,0.0,1.0,1.0,0.0,1.0,0.0,0.0,0.0,42.0,0.0952380952380952,0.0,0.0,0.1
python-attrs/attrs,a98b75dacfc8229bf73d77fd29f6ea38787bc0e7,2026-07-11T01:39:11+00:00,0,1,1.0,2.0,1.0,1.3862943611198906,0.0,0.0,0.0,0.0,1.0,0.0,0.0,0.0,0.0,0.0,0.0,1.0,1.0,0.0,0.0,0.0,0.0,7.0,0.0,0.0,1.0,0.0,0.1
python-attrs/attrs,7cf9129f8c1cebbd0b467d12749daeb4be420e0e,2026-07-11T10:33:47+00:00,0,1,4.0,563.0,172.0,6.601230118728877,27.0,2.0,2.0,0.0,0.0,1.0,1.0,0.0,0.0,0.0,1.0,0.0,1.0,0.0,0.0,0.1071428571428571,0.0901675485008818,27.75,189.0,0.0052910052910052,1.0,0.0,0.1
python-attrs/attrs,d6f34676aebadd8df55248a4e0d2a09608cd4b84,2026-07-11T10:37:30+00:00,0,1,1.0,13.0,0.0,2.6390573296152584,1.0,1.0,1.0,0.0,0.0,0.0,0.0,0.0,0.0,0.0,1.0,0.0,1.0,0.0,0.0,0.0,0.0,1.0,190.0,0.0052631578947368,1.0,0.0,0.1
python-attrs/attrs,118dd2394288cfbe9ecd0fa8180b4c14bb6760ab,2026-07-11T11:23:11+00:00,1,1,2.0,612.0,588.0,7.0909098220799835,0.0,1.0,1.0,0.0,0.0,1.0,0.0,0.0,0.0,0.0,1.0,0.0,1.0,0.0,0.0,0.1034482758620689,0.0955837870538414,43.0,191.0,0.0052356020942408,1.0,0.0,0.05
python-attrs/attrs,50b6669424760d656cd65f2b48a6eb72f0959fa8,2026-07-11T14:39:58+00:00,0,1,6.0,785.0,746.0,7.334329350300536,1.0,2.0,2.0,0.0,0.0,1.0,3.0,1.0,0.0,0.0,1.0,0.0,1.0,0.0,0.0,0.1333333333333333,0.0574097294786949,38.833333333333336,192.0,0.0104166666666666,1.0,0.0,0.1
python-attrs/attrs,d544dd2dacb4cbd660891e323ad92751ba65b4e0,2026-07-11T14:51:47+00:00,0,1,6.0,785.0,746.0,7.334329350300536,1.0,2.0,2.0,0.0,0.0,1.0,3.0,1.0,0.0,0.0,1.0,0.0,0.0,0.0,0.0,0.1290322580645161,0.0560210724120817,39.833333333333336,193.0,0.0103626943005181,1.0,0.0,0.1
python-attrs/attrs,5cdc0d9a4d1a8d48181d36c311ee8c172952f4da,2026-07-11T14:57:57+00:00,0,1,1.0,1.0,2.0,1.3862943611198906,0.0,0.0,0.0,0.0,0.0,1.0,0.0,0.0,0.0,0.0,0.0,0.0,1.0,0.0,0.0,0.125,0.125,32.0,194.0,0.0103092783505154,0.0,0.0,0.1
python-attrs/attrs,0a13ae5f2aea56d986c3f595746ede15833a8284,2026-07-12T12:16:27+00:00,0,1,1.0,1.0,1.0,1.0986122886681098,1.0,1.0,1.0,0.0,0.0,0.0,0.0,0.0,0.0,0.0,1.0,0.0,1.0,0.0,1.0,0.0,0.0,8.0,0.0,0.0,1.0,0.0,0.05
python-attrs/attrs,0537788bacc6110ccabd235616e95ec4f72fa484,2026-07-18T12:05:49+00:00,0,1,1.0,4.0,1.0,1.791759469228055,1.0,1.0,1.0,0.0,0.0,0.0,0.0,0.0,0.0,0.0,1.0,0.0,0.0,0.0,1.0,0.0,0.0,9.0,195.0,0.0102564102564102,1.0,0.0,0.05
python-attrs/attrs,1dfd86e194d9cdc4fd2c271f1733dc063947c94a,2026-07-18T12:06:41+00:00,0,1,1.0,4.0,1.0,1.791759469228055,1.0,1.0,1.0,0.0,0.0,0.0,0.0,0.0,0.0,0.0,1.0,0.0,1.0,1.0,0.0,0.0,0.0,9.0,0.0,0.0,0.0,0.0,0.05
python-attrs/attrs,358dec2c61e0213dd454a3240664cfb9924f3b56,2026-07-18T12:13:47+00:00,0,1,1.0,17.0,15.0,3.49650756146648,0.0,0.0,0.0,0.0,1.0,0.0,0.0,0.0,0.0,0.0,0.0,1.0,0.0,0.0,0.0,0.0,0.0,3.0,1.0,0.0,1.0,0.0,0.05
python-attrs/attrs,83d9f83e069d3b7dcc7b10796cc49d77c69b0835,2026-07-18T12:15:22+00:00,0,1,1.0,17.0,15.0,3.49650756146648,0.0,0.0,0.0,0.0,1.0,0.0,0.0,0.0,0.0,0.0,0.0,1.0,1.0,1.0,0.0,0.0,0.0,3.0,196.0,0.010204081632653,0.0,0.0,0.05
python-attrs/attrs,a34a7de8cfa608ca9e9937a576e8759f4e218cc4,2026-07-18T14:34:04+00:00,0,1,3.0,223.0,4.0,5.429345628954441,20.0,1.0,2.0,1.0,0.0,0.0,0.0,0.0,0.0,0.0,0.0,0.0,1.0,0.0,0.0,0.0597014925373134,0.0298507462686567,23.333333333333332,0.0,0.0,1.0,0.0,0.05
python-attrs/attrs,e27e09bfffe1a83b5e952813e64d780ed5bab55a,2026-07-18T14:40:00+00:00,0,1,3.0,26.0,0.0,3.295836866004329,5.0,1.0,3.0,0.0,0.0,0.0,0.0,0.0,0.0,0.0,1.0,0.0,1.0,0.0,0.0,0.0588235294117647,0.0196078431372549,24.0,1.0,0.0,1.0,0.0,0.05
python-attrs/attrs,b002d610a8e616b01b0d79e276febe43c4dcf7bf,2026-07-18T14:44:25+00:00,0,1,1.0,1.0,1.0,1.0986122886681098,0.0,0.0,0.0,0.0,1.0,0.0,0.0,0.0,0.0,0.0,0.0,1.0,1.0,0.0,1.0,0.0,0.0,0.0,43.0,0.0930232558139534,0.0,0.0,0.05
python-attrs/attrs,c74040f87ce5d904ae756aee4a40a066b6fd02e9,2026-07-19T07:11:34+00:00,0,1,3.0,20.0,0.0,3.044522437723423,3.0,1.0,1.0,1.0,1.0,0.0,0.0,0.0,0.0,0.0,0.0,0.0,1.0,0.0,1.0,0.0579710144927536,0.0579710144927536,23.0,0.0,0.0,1.0,0.0,0.05
python-attrs/attrs,731f8f6f12b443a1e115600305db84401e35eb25,2026-07-19T17:05:20+00:00,0,1,1.0,1.0,1.0,1.0986122886681098,0.0,0.0,0.0,0.0,1.0,0.0,0.0,0.0,0.0,0.0,0.0,1.0,1.0,0.0,0.0,0.0,0.0,1.0,2.0,0.0,1.0,0.0,0.05
python-attrs/attrs,1e28b916afc531e51c9b39904098c3efec8f55f8,2026-07-20T17:20:51+00:00,0,1,1.0,1.0,2.0,1.3862943611198906,0.0,0.0,0.0,0.0,1.0,0.0,0.0,0.0,0.0,0.0,0.0,1.0,1.0,0.0,0.0,0.0,0.0,13.0,0.0,0.0,1.0,0.0,0.05
python-attrs/attrs,f06ceaafbe5bdbdafad8a0c01a2daabb89386a42,2026-07-21T11:12:59+00:00,0,1,1.0,11.0,10.0,3.091042453358316,0.0,0.0,0.0,0.0,1.0,0.0,0.0,0.0,0.0,0.0,0.0,1.0,0.0,0.0,0.0,0.0,0.0,5.0,197.0,0.0101522842639593,1.0,0.0,0.05
python-attrs/attrs,ede8e5d541411190c0e3d7a4a1179359730de65d,2026-07-21T18:21:48+00:00,0,1,1.0,3.0,1.0,1.6094379124341005,0.0,0.0,0.0,0.0,1.0,0.0,0.0,0.0,0.0,0.0,0.0,1.0,1.0,0.0,0.0,0.0,0.0,14.0,1.0,0.0,1.0,0.0,0.05
python-attrs/attrs,91e4b1a20782910fc3d268187f934bff2550be0f,2026-07-22T07:11:22+00:00,0,1,1.0,11.0,10.0,3.091042453358316,0.0,0.0,0.0,0.0,1.0,0.0,0.0,0.0,0.0,0.0,0.0,1.0,1.0,1.0,1.0,0.0,0.0,6.0,198.0,0.0101010101010101,0.0,0.0,0.05
python-attrs/attrs,030e5db1543f4f285e027e21b010727f8ed90ccf,2026-07-23T15:01:26+00:00,0,1,2.0,1.0,1.0,1.0986122886681098,0.0,0.0,0.0,0.0,2.0,0.0,0.0,0.0,0.0,0.0,0.0,1.0,1.0,0.0,0.0,0.0,0.0,0.0,0.0,0.0,0.0,0.0,0.05
python-attrs/attrs,5715c12b8d36576ef869ef3783841946910de7d6,2026-07-25T09:25:00+00:00,0,1,1.0,11.0,10.0,3.091042453358316,0.0,0.0,0.0,0.0,1.0,0.0,0.0,0.0,0.0,0.0,0.0,1.0,1.0,1.0,0.0,0.0,0.0,7.0,199.0,0.0100502512562814,1.0,0.0,0.05
python-attrs/attrs,a0524452f6210157673297e8555a974d8597f39b,2026-07-25T10:10:24+00:00,0,1,3.0,19.0,22.0,3.737669618283368,1.0,2.0,2.0,0.0,0.0,1.0,0.0,0.0,0.0,0.0,1.0,0.0,1.0,0.0,0.0,0.1212121212121212,0.0737373737373737,31.666666666666668,200.0,0.01,1.0,0.0,0.05
python-attrs/attrs,c63ef15bc9bc453c6ca3d13c23bb496459391394,2026-07-26T19:21:32+00:00,0,1,3.0,7.0,7.0,2.70805020110221,5.0,1.0,3.0,0.0,0.0,0.0,0.0,0.0,0.0,0.0,1.0,0.0,1.0,0.0,1.0,0.0571428571428571,0.019047619047619,25.333333333333332,3.0,0.0,1.0,0.0,0.0
python-attrs/attrs,3b12a25550dc3e1ebf220be2012b0d664ddf88ea,2026-07-26T19:25:56+00:00,0,1,1.0,1.0,1.0,1.0986122886681098,0.0,0.0,0.0,0.0,1.0,0.0,0.0,0.0,0.0,0.0,0.0,1.0,1.0,0.0,0.0,0.0,0.0,2.0,4.0,0.0,1.0,0.0,0.0
python-attrs/attrs,fda1126722383c01ea4d62f77e94e34ef9d2529c,2026-07-27T07:08:09+00:00,0,1,1.0,1.0,3.0,1.6094379124341005,1.0,1.0,1.0,0.0,0.0,0.0,0.0,0.0,0.0,0.0,1.0,0.0,1.0,0.0,0.0,0.056338028169014,0.056338028169014,71.0,1.0,0.0,1.0,0.0,0.0
python-attrs/attrs,4c438e0f92dc9a43480c10d9ecdab241bbede12a,2026-07-30T09:06:02+00:00,0,1,4.0,1.0,8.0,2.302585092994046,0.0,0.0,0.0,0.0,3.0,1.0,0.0,0.0,0.0,0.0,0.0,0.0,0.0,0.0,0.0,0.1176470588235294,0.0294117647058823,14.75,201.0,0.0099502487562189,1.0,0.0,0.0
python-attrs/attrs,cb4feff28585c556071fb43339c9e03db4598494,2026-07-30T10:21:50+00:00,0,1,6.0,49.0,14.0,4.1588830833596715,0.0,1.0,1.0,1.0,0.0,1.0,4.0,1.0,0.0,0.0,0.0,0.0,1.0,0.0,0.0,0.1142857142857142,0.0620894133189215,38.0,202.0,0.0099009900990099,0.0,0.0,0.0
python-attrs/attrs,1091721734f213b9be66630fdb57e110c413c929,2026-07-30T11:10:18+00:00,0,1,4.0,82.0,11.0,4.543294782270004,0.0,1.0,1.0,0.0,0.0,1.0,2.0,0.0,0.0,0.0,1.0,0.0,1.0,0.0,0.0,0.1111111111111111,0.0786466677393703,45.0,203.0,0.0098522167487684,1.0,0.0,0.0
python-attrs/attrs,4ee25dd7ff10a34e4040b7cfbe17f9ec15ae0bf3,2026-07-30T11:13:35+00:00,0,1,1.0,1.0,1.0,1.0986122886681098,0.0,0.0,0.0,0.0,1.0,0.0,1.0,1.0,0.0,0.0,0.0,1.0,1.0,0.0,0.0,0.0625,0.0625,16.0,204.0,0.0098039215686274,1.0,0.0,0.0
python-attrs/attrs,92e12eae712ef88c1a7e322cc51b7cd9e271aa3c,2026-07-30T11:22:37+00:00,0,1,12.0,754.0,640.0,7.240649694255466,0.0,1.0,1.0,1.0,1.0,1.0,10.0,1.0,0.0,0.0,0.0,0.0,0.0,0.0,0.0,0.1081081081081081,0.0530764948658294,37.0,205.0,0.0097560975609756,1.0,0.0,0.0
python-attrs/attrs,2d9b3e59a67c7b8bddc7375fbad98247fc5bccbf,2026-07-30T11:22:57+00:00,0,1,17.0,783.0,670.0,7.282073658093465,1.0,2.0,2.0,1.0,5.0,1.0,10.0,1.0,0.0,0.0,0.0,0.0,1.0,1.0,0.0,0.1081081081081081,0.0374657610817619,28.88235294117647,205.0,0.0097560975609756,1.0,0.0,0.0
python-attrs/attrs,53b601bca8d93e8fd9af65828c22b91a77dc5ef7,2026-07-30T11:39:36+00:00,0,1,1.0,22.0,12.0,3.5553480614894135,1.0,1.0,1.0,0.0,0.0,0.0,0.0,0.0,0.0,0.0,1.0,0.0,1.0,0.0,0.0,0.0555555555555555,0.0555555555555555,72.0,207.0,0.0096618357487922,1.0,0.0,0.0
python-attrs/attrs,101af8b0b9556fa8909529e65f3a8bbee3489076,2026-07-30T11:46:36+00:00,0,1,1.0,1.0,2.0,1.3862943611198906,0.0,0.0,0.0,0.0,1.0,0.0,0.0,0.0,0.0,0.0,0.0,1.0,1.0,0.0,0.0,0.0,0.0,3.0,208.0,0.0096153846153846,1.0,0.0,0.0
python-attrs/attrs,ec2e7da574ea5d294df61629585c54dbd96f8e7f,2026-07-30T14:41:43+00:00,0,1,2.0,23.0,9.0,3.49650756146648,4.0,1.0,1.0,1.0,0.0,0.0,0.0,0.0,0.0,0.0,0.0,0.0,1.0,0.0,0.0,0.0547945205479452,0.0273972602739726,38.5,209.0,0.0095693779904306,1.0,0.0,0.0
python-attrs/attrs,8e9cfaf18219e0b5173fa1171fade688619b0f19,2026-07-30T17:45:01+00:00,1,1,5.0,353.0,48.0,5.996452088619021,17.0,1.0,1.0,3.0,1.0,0.0,0.0,0.0,0.0,0.0,0.0,0.0,1.0,0.0,1.0,0.054054054054054,0.027027027027027,15.0,0.0,0.0,1.0,0.0,0.0
python-attrs/attrs,1c57965279e51e5de143dd2c9e988239b659ea60,2026-07-30T18:05:47+00:00,1,1,1.0,71.0,18.0,4.499809670330265,4.0,1.0,1.0,0.0,0.0,0.0,0.0,0.0,0.0,0.0,1.0,0.0,1.0,0.0,1.0,0.0666666666666666,0.0666666666666666,75.0,1.0,1.0,1.0,1.0,0.05
python-attrs/attrs,a71d25a511297d5a50debe938938878cd2866fe5,2026-07-30T20:02:38+00:00,1,1,1.0,53.0,0.0,3.9889840465642745,2.0,0.0,0.0,1.0,0.0,0.0,0.0,0.0,0.0,0.0,0.0,0.0,1.0,0.0,0.0,1.0,1.0,1.0,2.0,1.0,1.0,1.0,0.1
python-attrs/attrs,0c6bf4f92c451339d314536b89d43d7a11a699c9,2026-07-30T20:08:38+00:00,0,1,1.0,14.0,14.0,3.367295829986474,2.0,1.0,1.0,0.0,0.0,0.0,0.0,0.0,0.0,0.0,1.0,0.0,1.0,0.0,0.0,0.0789473684210526,0.0789473684210526,76.0,3.0,1.0,1.0,1.0,0.15
python-attrs/attrs,ce717e1a5ae04036ced7434ff83f4627dce0abf2,2026-07-31T04:27:19+00:00,0,1,2.0,13.0,2.0,2.772588722239781,2.0,2.0,2.0,0.0,0.0,0.0,0.0,0.0,0.0,0.0,1.0,0.0,1.0,0.0,0.0,0.0,0.0,7.5,210.0,0.0095238095238095,0.0,0.0,0.15
python-attrs/attrs,a721f08c76f1160664b7c83cc05a068b41a945b7,2026-07-31T04:46:24+00:00,0,1,2.0,23.0,1.0,3.218875824868201,0.0,0.0,0.0,0.0,2.0,0.0,0.0,0.0,0.0,0.0,0.0,1.0,1.0,0.0,0.0,0.2,0.2,2.5,211.0,0.0094786729857819,1.0,0.0,0.15
python-attrs/attrs,e4822796abfc47405a2d194b8b285dac34fd2d03,2026-07-31T04:50:44+00:00,0,1,1.0,1.0,1.0,1.0986122886681098,0.0,0.0,0.0,0.0,1.0,0.0,0.0,0.0,0.0,0.0,0.0,1.0,1.0,0.0,1.0,0.0,0.0,1.0,212.0,0.0094339622641509,0.0,0.0,0.15
python-attrs/attrs,2f34c1562463273aff264c0fcbc1f26a1e127fdd,2026-07-31T05:17:59+00:00,0,1,2.0,33.0,0.0,3.5263605246161616,0.0,0.0,0.0,0.0,0.0,0.0,2.0,1.0,0.0,0.0,0.0,0.0,1.0,0.0,0.0,0.0204081632653061,0.0204081632653061,24.5,213.0,0.0093896713615023,1.0,0.0,0.15
python-attrs/attrs,b56f28cc4bc4bbc59b6b367360ba46be2c40c315,2026-07-31T05:26:58+00:00,0,1,2.0,33.0,0.0,3.5263605246161616,0.0,0.0,0.0,0.0,0.0,0.0,2.0,1.0,0.0,0.0,0.0,0.0,0.0,0.0,0.0,0.02,0.01,25.5,214.0,0.0093457943925233,1.0,0.0,0.15
python-attrs/attrs,487eba94a4857bc9a2ca642b204ab7b4ebe27a80,2026-07-31T06:20:40+00:00,0,1,2.0,33.0,0.0,3.5263605246161616,0.0,0.0,0.0,0.0,0.0,0.0,2.0,1.0,0.0,0.0,0.0,0.0,1.0,1.0,0.0,0.0196078431372549,0.0098039215686274,26.5,215.0,0.0093023255813953,1.0,0.0,0.15
python-attrs/attrs,a858aac08ae9f4be3ac710196bcacef9102eb065,2026-07-31T07:37:20+00:00,0,1,3.0,7.0,7.0,2.70805020110221,2.0,1.0,3.0,0.0,0.0,0.0,0.0,0.0,0.0,0.0,1.0,0.0,1.0,0.0,0.0,0.25,0.137085137085137,31.0,4.0,0.25,0.0,0.0,0.15
python-attrs/attrs,0b9de0622a6f6b0a3c0264a46eb24f1288e2f2ec,2026-07-31T08:05:21+00:00,0,1,1.0,1.0,1.0,1.0986122886681098,0.0,0.0,0.0,0.0,0.0,0.0,1.0,1.0,0.0,0.0,0.0,0.0,0.0,0.0,0.0,0.0192307692307692,0.0192307692307692,52.0,216.0,0.0092592592592592,1.0,0.0,0.15
python-attrs/attrs,7348f36d68ec74894c9c1f5538a903d87a03fd7f,2026-07-31T08:06:32+00:00,0,1,1.0,1.0,1.0,1.0986122886681098,0.0,0.0,0.0,0.0,1.0,0.0,0.0,0.0,0.0,0.0,0.0,1.0,1.0,0.0,0.0,0.5,0.5,2.0,216.0,0.0092592592592592,1.0,0.0,0.15
python-attrs/attrs,d1b222909a321f9c9b7f21014c0a5643eeed15bd,2026-07-31T08:18:52+00:00,0,1,1.0,1.0,1.0,1.0986122886681098,0.0,0.0,0.0,0.0,0.0,0.0,1.0,1.0,0.0,0.0,0.0,0.0,1.0,1.0,0.0,0.0188679245283018,0.0188679245283018,53.0,218.0,0.0091743119266055,1.0,0.0,0.15
python-attrs/attrs,c27ba27258b314e8a03506a7677d47a699130b8f,2026-07-31T08:31:27+00:00,0,1,1.0,2.0,2.0,1.6094379124341005,0.0,0.0,0.0,0.0,0.0,0.0,1.0,1.0,0.0,0.0,0.0,0.0,0.0,0.0,0.0,0.0185185185185185,0.0185185185185185,54.0,219.0,0.0091324200913242,0.0,0.0,0.15
python-attrs/attrs,7551020db018ca31fd15ade1a7c74a35b2dfa517,2026-07-31T08:45:34+00:00,0,1,1.0,2.0,2.0,1.6094379124341005,0.0,0.0,0.0,0.0,0.0,0.0,1.0,1.0,0.0,0.0,0.0,0.0,1.0,0.0,0.0,0.0181818181818181,0.0181818181818181,55.0,220.0,0.009090909090909,1.0,0.0,0.15
python-attrs/attrs,ca0f04585d3fb132c6e2f6baa9d7d966d8036760,2026-07-31T08:52:27+00:00,0,1,1.0,2.0,2.0,1.6094379124341005,0.0,0.0,0.0,0.0,0.0,0.0,1.0,1.0,0.0,0.0,0.0,0.0,0.0,0.0,0.0,0.0178571428571428,0.0178571428571428,56.0,221.0,0.0090497737556561,1.0,0.0,0.15
python-attrs/attrs,8328ba78ff5004edfef0b4526a9eb10e049bf58e,2026-07-31T08:53:10+00:00,0,1,17.0,799.0,661.0,7.2868764117507,0.0,1.0,1.0,1.0,5.0,1.0,11.0,1.0,0.0,0.0,0.0,0.0,1.0,1.0,1.0,0.1025641025641025,0.0352699173411607,30.470588235294116,221.0,0.0090497737556561,1.0,0.0,0.15
python-attrs/attrs,e685f6c6cabf43df2e11feee6d9c2653cd92fd02,2026-07-31T08:53:31+00:00,0,1,2.0,1.0,4.0,1.791759469228055,0.0,0.0,0.0,0.0,1.0,0.0,1.0,1.0,0.0,0.0,0.0,0.0,1.0,1.0,0.0,0.0178571428571428,0.0089285714285714,35.5,221.0,0.0090497737556561,1.0,0.0,0.15
python-attrs/attrs,0afa08f002b932c2be92bc2a5fe11cefa4a64747,2026-07-31T09:42:53+00:00,0,1,2.0,2.0,5.0,2.0794415416798357,0.0,0.0,0.0,0.0,1.0,0.0,1.0,1.0,0.0,0.0,0.0,0.0,1.0,1.0,0.0,0.0169491525423728,0.0084745762711864,38.0,224.0,0.0089285714285714,1.0,0.0,0.15
python-attrs/attrs,6851ab593cd25f3c14393e9355d57d22bec2a074,2026-07-31T09:44:54+00:00,0,1,7.0,63.0,11.0,4.31748811353631,12.0,2.0,5.0,1.0,1.0,0.0,0.0,0.0,0.0,0.0,0.0,0.0,0.0,0.0,0.0,0.3333333333333333,0.1624542124542124,15.714285714285714,1.0,0.0,1.0,0.0,0.15
python-attrs/attrs,5c16645e14d6dbd509dd7a67cc86620c056c9de5,2026-07-31T09:47:33+00:00,0,1,9.0,65.0,16.0,4.406719247264253,12.0,2.0,5.0,1.0,2.0,0.0,1.0,1.0,0.0,0.0,0.0,0.0,1.0,1.0,0.0,0.25,0.1052642153907976,21.666666666666668,2.0,0.0,0.0,0.0,0.1
python-attrs/attrs,2e082f1c1efb019885fbdb601b32f8464dbe5d47,2026-07-31T13:08:11+00:00,0,1,7.0,63.0,11.0,4.31748811353631,12.0,2.0,5.0,1.0,1.0,0.0,0.0,0.0,0.0,0.0,0.0,0.0,1.0,1.0,1.0,0.2,0.1134353741496598,17.714285714285715,225.0,0.0088888888888888,1.0,0.0,0.05
python-attrs/attrs,97f8d175656bc03c373a1c9038048a4d312c307c,2026-07-31T13:31:02+00:00,0,1,3.0,20.0,0.0,3.044522437723423,3.0,1.0,1.0,1.0,1.0,0.0,0.0,0.0,0.0,0.0,0.0,0.0,0.0,0.0,1.0,0.5,0.191358024691358,28.0,1.0,0.0,1.0,0.0,0.0
python-attrs/attrs,19737f49351ca7dd08fdf295674d254639dbe70e,2026-07-31T16:48:12+00:00,1,1,9.0,83.0,11.0,4.553876891600541,15.0,2.0,5.0,2.0,2.0,0.0,0.0,0.0,0.0,0.0,0.0,0.0,1.0,1.0,0.0,0.3333333333333333,0.1142808749516066,15.22222222222222,226.0,0.0088495575221238,1.0,0.0,0.0
python-attrs/attrs,c7067ccd2eade9ab19989d3c7df99e7b85a6c6d2,2026-07-31T17:06:00+00:00,0,1,1.0,2.0,0.0,1.0986122886681098,1.0,1.0,1.0,0.0,0.0,0.0,0.0,0.0,0.0,0.0,1.0,0.0,1.0,0.0,0.0,0.0843373493975903,0.0843373493975903,83.0,227.0,0.013215859030837,0.0,0.0,0.05
python-attrs/attrs,dde7929212a85273b489de016b26f59bc6ae8b6a,2026-07-31T17:09:31+00:00,0,1,1.0,2.0,2.0,1.6094379124341005,1.0,1.0,1.0,0.0,0.0,0.0,0.0,0.0,0.0,0.0,1.0,0.0,1.0,0.0,0.0,0.0,0.0,3.0,228.0,0.0131578947368421,1.0,0.0,0.05
python-attrs/attrs,0fed6e9c9ba148d38a62fbe8434b5c7eb16c7531,2026-08-01T08:35:55+00:00,0,1,25.0,871.0,662.0,7.335633981927201,15.0,3.0,6.0,3.0,6.0,1.0,11.0,1.0,0.0,0.0,0.0,0.0,1.0,1.0,0.0,0.5,0.1105539855933796,27.16,229.0,0.0131004366812227,1.0,0.0,0.05
python-attrs/attrs,10a8c6dd0fcd7f4004ea01a094f94713f707b82c,2026-08-01T09:01:16+00:00,0,1,2.0,27.0,122.0,5.0106352940962555,0.0,1.0,1.0,0.0,0.0,1.0,0.0,0.0,0.0,0.0,1.0,0.0,1.0,0.0,0.0,0.0975609756097561,0.0935566072078631,54.0,230.0,0.0130434782608695,1.0,0.0,0.05
python-attrs/attrs,c5baf90dbc3fdb23628ad59e92986c01bae57f4f,2026-08-01T09:07:06+00:00,0,1,4.0,427.0,122.0,6.309918278226516,28.0,2.0,2.0,0.0,0.0,1.0,1.0,0.0,0.0,0.0,1.0,0.0,0.0,0.0,0.0,0.0952380952380952,0.0605742296918767,36.75,231.0,0.0129870129870129,1.0,0.0,0.05
python-attrs/attrs,718695d06678fdb56eca15cfeaecd5eb4743ae8b,2026-08-01T09:07:24+00:00,0,1,26.0,1225.0,711.0,7.5688956634069955,43.0,4.0,7.0,3.0,6.0,1.0,11.0,1.0,0.0,0.0,0.0,0.0,1.0,1.0,1.0,0.4,0.0931856620492153,27.26923076923077,231.0,0.0129870129870129,1.0,0.0,0.05
python-attrs/attrs,27e741360a60f7be64f665934ba2b0d1b5f21d13,2026-08-01T09:12:19+00:00,0,1,1.0,2.0,1.0,1.3862943611198906,0.0,0.0,0.0,0.0,1.0,0.0,0.0,0.0,0.0,0.0,0.0,1.0,0.0,0.0,0.0,0.0,0.0,15.0,2.0,0.0,1.0,0.0,0.05
python-attrs/attrs,446b8bf6fcb226d843d9e37b6591f3ace35701fd,2026-08-01T09:29:10+00:00,0,1,1.0,5.0,2.0,2.0794415416798357,1.0,0.0,0.0,0.0,1.0,0.0,0.0,0.0,0.0,0.0,0.0,1.0,0.0,0.0,0.0,0.0,0.0,16.0,233.0,0.0128755364806866,0.0,0.0,0.05
python-attrs/attrs,e0fd3a7820a0dd2df339c775d8b48775c2e2fd66,2026-08-01T09:31:05+00:00,0,1,6.0,437.0,140.0,6.359573868672378,30.0,2.0,2.0,0.0,2.0,1.0,1.0,0.0,0.0,0.0,1.0,0.0,1.0,1.0,0.0,0.0909090909090909,0.0386964886964886,30.833333333333332,233.0,0.0128755364806866,1.0,0.0,0.05
python-attrs/attrs,0973f4d7aac800a035046473aa19bf49c9353afd,2026-08-01T10:00:37+00:00,0,1,2.0,47.0,7.0,4.007333185232471,4.0,1.0,1.0,1.0,0.0,0.0,0.0,0.0,0.0,0.0,0.0,0.0,1.0,0.0,0.0,0.0813953488372093,0.0615310077519379,55.0,235.0,0.0127659574468085,0.0,0.0,0.05
python-attrs/attrs,79fb1645a17118666144ead131a88fdc8d8cd59f,2026-08-01T10:01:40+00:00,0,1,1.0,15.0,0.0,2.772588722239781,0.0,0.0,0.0,0.0,0.0,1.0,0.0,0.0,0.0,0.0,0.0,0.0,0.0,0.0,0.0,0.0888888888888888,0.0888888888888888,45.0,235.0,0.0127659574468085,1.0,0.0,0.05
python-attrs/attrs,b82221d94a043b5d41b237eb01d1b4fce7945d80,2026-08-01T10:25:53+00:00,0,1,5.0,65.0,63.0,4.859812404361672,9.0,1.0,3.0,2.0,0.0,0.0,0.0,0.0,0.0,0.0,0.0,0.0,1.0,0.0,0.0,0.1818181818181818,0.075569487983281,25.4,237.0,0.0126582278481012,1.0,0.0,0.05
python-attrs/attrs,c09fd87cf37ef365f1852ee3a5543ecd4993d3e9,2026-08-01T10:37:31+00:00,0,1,1.0,15.0,0.0,2.772588722239781,0.0,0.0,0.0,0.0,0.0,1.0,0.0,0.0,0.0,0.0,0.0,0.0,1.0,1.0,0.0,0.0869565217391304,0.0869565217391304,46.0,238.0,0.0126050420168067,1.0,0.0,0.05
python-attrs/attrs,5efaf84c7bbe8eba5619137766a6ee7c17f4c2ac,2026-08-01T11:57:18+00:00,0,1,2.0,3.0,45.0,3.8918202981106265,3.0,1.0,1.0,1.0,0.0,0.0,0.0,0.0,0.0,0.0,0.0,0.0,1.0,0.0,0.0,0.0,0.0,5.0,239.0,0.0125523012552301,1.0,0.0,0.05
python-attrs/attrs,d3a98cf05ab15769003dcca3eae91cdd6504b83b,2026-08-01T12:06:41+00:00,0,1,1.0,1.0,0.0,0.6931471805599453,1.0,1.0,1.0,0.0,0.0,0.0,0.0,0.0,0.0,0.0,1.0,0.0,0.0,0.0,1.0,0.0795454545454545,0.0795454545454545,88.0,240.0,0.0125,1.0,0.0,0.05
python-attrs/attrs,f616f732c6c5f87a8f7a762176422baed250a6be,2026-08-01T12:12:19+00:00,0,1,1.0,1.0,1.0,1.0986122886681098,1.0,1.0,1.0,0.0,0.0,0.0,0.0,0.0,0.0,0.0,1.0,0.0,0.0,0.0,0.0,0.0,0.0,6.0,241.0,0.0124481327800829,0.0,0.0,0.05
python-attrs/attrs,70f095cb17fb9564f17e3eab7d4ce65caefe48f1,2026-08-01T12:28:09+00:00,0,1,39.0,2008.0,1108.0,8.044626279767337,76.0,4.0,12.0,5.0,12.0,1.0,12.0,1.0,0.0,0.0,0.0,0.0,1.0,1.0,0.0,0.3333333333333333,0.0613730666762147,21.82051282051282,242.0,0.012396694214876,1.0,0.0,0.05
python-attrs/attrs,325f3494d13d0f491157d139ed56b5ae5e07b80b,2026-08-01T12:35:18+00:00,0,1,1.0,1.0,1.0,1.0986122886681098,0.0,0.0,0.0,0.0,1.0,0.0,0.0,0.0,0.0,0.0,0.0,1.0,1.0,0.0,1.0,0.0,0.0,1.0,243.0,0.0123456790123456,1.0,0.0,0.05
python-attrs/attrs,5aa76a4450c311d87eda43946ec0ecd743572649,2026-08-01T12:46:29+00:00,0,1,5.0,52.0,13.0,4.189654742026425,17.0,1.0,2.0,1.0,2.0,0.0,0.0,0.0,0.0,0.0,0.0,0.0,0.0,0.0,0.0,0.4444444444444444,0.0888888888888888,6.8,1.0,0.0,1.0,0.0,0.05
python-attrs/attrs,116681b67e3e3c82457df38a64908dbeec2669ea,2026-08-02T07:03:14+00:00,0,1,11.0,218.0,104.0,5.777652323222656,6.0,2.0,2.0,4.0,4.0,0.0,1.0,1.0,0.0,0.0,0.0,0.0,0.0,0.0,0.0,1.0,0.1460164835164835,17.545454545454547,244.0,0.0122950819672131,1.0,0.0,0.05
python-attrs/attrs,c1c1e0e25f855be68caf1d1a1dfa832a25acbf58,2026-08-02T07:14:10+00:00,0,1,1.0,6.0,16.0,3.1354942159291497,0.0,0.0,0.0,0.0,0.0,0.0,1.0,0.0,0.0,0.0,0.0,0.0,0.0,0.0,1.0,0.0526315789473684,0.0526315789473684,38.0,245.0,0.0122448979591836,1.0,0.0,0.0
python-attrs/attrs,f6011681a6c7f5146f69666626b603d214b74af6,2026-08-02T07:55:07+00:00,1,1,1.0,1.0,1.0,1.0986122886681098,0.0,0.0,0.0,0.0,0.0,0.0,1.0,1.0,0.0,0.0,0.0,0.0,1.0,0.0,0.0,0.0425531914893617,0.0425531914893617,47.0,246.0,0.0121951219512195,0.0,0.0,0.0
python-attrs/attrs,f740d07dd812eefa841267d630ad43ad531c95de,2026-08-02T08:37:13+00:00,0,1,1.0,1.0,1.0,1.0986122886681098,0.0,0.0,0.0,0.0,0.0,0.0,1.0,1.0,0.0,0.0,0.0,0.0,1.0,0.0,1.0,0.0625,0.0625,48.0,247.0,0.0161943319838056,0.0,0.0,0.05
python-attrs/attrs,e98410af80d4df86a0fe04137391de28d425df19,2026-08-02T08:43:22+00:00,0,1,1.0,4.0,1.0,1.791759469228055,0.0,0.0,0.0,0.0,0.0,0.0,1.0,1.0,0.0,0.0,0.0,0.0,1.0,0.0,0.0,0.0612244897959183,0.0612244897959183,49.0,248.0,0.0161290322580645,0.0,0.0,0.05
python-attrs/attrs,f0d353453557043b89ecf29630dff6057e893706,2026-08-02T08:59:38+00:00,0,1,1.0,3.0,5.0,2.1972245773362196,0.0,0.0,0.0,0.0,0.0,0.0,1.0,0.0,0.0,0.0,0.0,0.0,1.0,0.0,0.0,0.0512820512820512,0.0512820512820512,39.0,249.0,0.0160642570281124,0.0,0.0,0.05
python-attrs/attrs,9b98a730bf71cabae9bcedb8a3aac72289c23733,2026-08-02T09:06:09+00:00,0,1,16.0,177.0,905.0,6.9874902470009905,23.0,2.0,4.0,8.0,1.0,1.0,2.0,1.0,0.0,0.0,0.0,0.0,0.0,0.0,0.0,0.5,0.0939270065297462,23.5625,250.0,0.016,1.0,0.0,0.05
python-attrs/attrs,98e1e683548523da3b4e911df4258c8a1af2723e,2026-08-02T09:14:21+00:00,1,1,2.0,11.0,23.0,3.5553480614894135,0.0,0.0,0.0,0.0,0.0,0.0,2.0,1.0,0.0,0.0,0.0,0.0,1.0,0.0,0.0,0.0588235294117647,0.0538020086083213,46.0,251.0,0.0159362549800796,1.0,0.0,0.05
python-attrs/attrs,a40ff2b04169d123b1ed78a76868cec2ca67911c,2026-08-02T09:17:15+00:00,0,1,1.0,1.0,1.0,1.0986122886681098,0.0,0.0,0.0,0.0,0.0,0.0,1.0,1.0,0.0,0.0,0.0,0.0,1.0,0.0,1.0,0.0769230769230769,0.0769230769230769,52.0,252.0,0.0198412698412698,0.0,0.0,0.1
python-attrs/attrs,21b5746de7d428efe190ad9b895f68eff5c67c20,2026-08-02T09:21:02+00:00,0,1,3.0,13.0,26.0,3.688879454113936,0.0,0.0,0.0,0.0,0.0,1.0,2.0,1.0,0.0,0.0,0.0,0.0,0.0,0.0,0.0,0.0816326530612244,0.0761776408676678,48.0,253.0,0.0197628458498023,1.0,0.0,0.1
python-attrs/attrs,29b608137636417fbfdb6586ca42b58a540f8077,2026-08-02T09:30:35+00:00,0,1,2.0,3.0,6.0,2.302585092994046,2.0,1.0,2.0,0.0,0.0,0.0,0.0,0.0,0.0,0.0,1.0,0.0,0.0,0.0,0.0,0.1,0.05,13.0,254.0,0.0196850393700787,1.0,0.0,0.1
python-attrs/attrs,3e01de41b0efb9f51b92cc3372477be92033f4a8,2026-08-02T09:54:43+00:00,0,1,2.0,3.0,3.0,1.9459101490553132,1.0,1.0,2.0,0.0,0.0,0.0,0.0,0.0,0.0,0.0,1.0,0.0,0.0,0.0,1.0,0.1818181818181818,0.1385281385281385,16.0,255.0,0.0196078431372549,1.0,0.0,0.1
python-attrs/attrs,f38b8a3f1625060aa4245930822c34c11c252f83,2026-08-02T10:21:47+00:00,0,1,1.0,6.0,6.0,2.5649493574615367,2.0,1.0,1.0,0.0,0.0,0.0,0.0,0.0,0.0,0.0,1.0,0.0,0.0,0.0,0.0,0.0,0.0,0.0,256.0,0.01953125,1.0,0.0,0.1
python-attrs/attrs,dc3cca3b36543f4d3baea066571b89315a029c82,2026-08-02T10:37:11+00:00,0,1,2.0,42.0,9.0,3.951243718581427,3.0,1.0,2.0,0.0,0.0,0.0,0.0,0.0,0.0,0.0,1.0,0.0,1.0,0.0,0.0,0.1666666666666666,0.0833333333333333,9.5,257.0,0.0194552529182879,1.0,0.0,0.1
python-attrs/attrs,03e6cc70473d06c9a65129a366b3ec896312f3d9,2026-08-02T10:57:34+00:00,0,1,3.0,18.0,1.0,2.995732273553991,3.0,1.0,1.0,1.0,1.0,0.0,0.0,0.0,0.0,0.0,0.0,0.0,1.0,0.0,0.0,0.125,0.1009615384615384,33.0,258.0,0.0193798449612403,1.0,0.0,0.1
python-attrs/attrs,67ab6abe6276af4e2685528e05528c2bb7a53f57,2026-08-02T11:01:49+00:00,0,1,1.0,6.0,4.0,2.3978952727983707,4.0,0.0,0.0,1.0,0.0,0.0,0.0,0.0,0.0,0.0,0.0,0.0,1.0,0.0,0.0,0.0,0.0,13.0,259.0,0.0193050193050193,1.0,0.0,0.1
python-attrs/attrs,89714782730fe50d012d44686cc9b3b7d25bbc73,2026-08-02T11:13:47+00:00,0,1,1.0,1.0,15.0,2.833213344056216,1.0,1.0,1.0,0.0,0.0,0.0,0.0,0.0,0.0,0.0,1.0,0.0,1.0,0.0,1.0,0.1538461538461538,0.1538461538461538,13.0,260.0,0.0192307692307692,1.0,0.0,0.1
python-attrs/attrs,5d67c96352a36c8456cad3c425555313b9b4b6c7,2026-08-02T11:27:02+00:00,0,1,1.0,4.0,6.0,2.3978952727983707,4.0,0.0,0.0,1.0,0.0,0.0,0.0,0.0,0.0,0.0,0.0,0.0,1.0,0.0,1.0,0.0,0.0,14.0,261.0,0.0191570881226053,1.0,0.0,0.1
python-attrs/attrs,0bc217f8f4cdf0477da96b5ffec4a137d1e3489a,2026-08-02T11:38:25+00:00,0,1,2.0,5.0,4.0,2.302585092994046,3.0,1.0,1.0,1.0,0.0,0.0,0.0,0.0,0.0,0.0,0.0,0.0,1.0,0.0,0.0,0.1111111111111111,0.0935990338164251,50.5,262.0,0.0190839694656488,1.0,0.0,0.1
python-attrs/attrs,f53fc5440d7f86aac4328aec7a563eb48634177f,2026-08-02T11:47:01+00:00,0,1,3.0,19.0,1.0,3.044522437723423,3.0,1.0,1.0,1.0,1.0,0.0,0.0,0.0,0.0,0.0,0.0,0.0,0.0,0.0,0.0,0.1,0.0584229390681003,34.666666666666664,263.0,0.0190114068441064,1.0,0.0,0.1
python-attrs/attrs,b0a8c269136861023b4214cbdc96448f1b1708dd,2026-08-02T11:47:24+00:00,0,1,3.0,19.0,1.0,3.044522437723423,3.0,1.0,1.0,1.0,1.0,0.0,0.0,0.0,0.0,0.0,0.0,0.0,1.0,1.0,0.0,0.1,0.0584229390681003,34.666666666666664,263.0,0.0190114068441064,1.0,0.0,0.1
python-attrs/attrs,1532187cd78997b5017057018db6653cbcfcdfc0,2026-08-02T11:58:22+00:00,0,1,1.0,2.0,7.0,2.302585092994046,1.0,1.0,1.0,0.0,0.0,0.0,0.0,0.0,0.0,0.0,1.0,0.0,1.0,0.0,0.0,0.1428571428571428,0.1428571428571428,14.0,265.0,0.0188679245283018,1.0,0.0,0.1
python-attrs/attrs,0c052fc87109e51529ec398d336b7f7638389f29,2026-08-02T12:21:07+00:00,0,1,1.0,0.0,2.0,1.0986122886681098,2.0,1.0,1.0,0.0,0.0,0.0,0.0,0.0,0.0,0.0,1.0,0.0,1.0,0.0,0.0,0.0,0.0,8.0,266.0,0.018796992481203,0.0,0.0,0.1
python-attrs/attrs,3351d144ec66fc2a6e146e79b93c14eb6cacb718,2026-08-02T14:34:19+00:00,0,1,2.0,6.0,5.0,2.4849066497880004,4.0,1.0,1.0,1.0,0.0,0.0,0.0,0.0,0.0,0.0,0.0,0.0,1.0,0.0,1.0,0.0,0.0,1.0,0.0,0.0,1.0,0.0,0.05
python-attrs/attrs,8ea85ef83fa086b2d4b6a1d3d683adca26dac6ca,2026-08-03T06:19:31+00:00,0,1,5.0,92.0,114.0,5.332718793265369,0.0,1.0,1.0,0.0,0.0,1.0,3.0,1.0,0.0,0.0,1.0,0.0,0.0,0.0,0.0,0.081081081081081,0.0676511860697907,56.2,267.0,0.0187265917602996,1.0,0.0,0.05
python-attrs/attrs,5c2d9bef37913314101c912fcd95ae9e93ca503e,2026-08-03T06:46:24+00:00,0,1,2.0,6.0,0.0,1.9459101490553132,0.0,1.0,1.0,0.0,0.0,1.0,0.0,0.0,0.0,0.0,1.0,0.0,0.0,0.0,0.0,0.08,0.0792156862745098,63.0,268.0,0.0186567164179104,1.0,0.0,0.05
python-attrs/attrs,1dcdab44344ffd121acd8b67448c0d1915bc17e0,2026-08-03T06:54:10+00:00,0,1,1.0,5.0,4.0,2.302585092994046,0.0,0.0,0.0,0.0,0.0,0.0,1.0,0.0,0.0,0.0,0.0,0.0,0.0,0.0,0.0,0.0681818181818181,0.0681818181818181,44.0,269.0,0.0185873605947955,1.0,0.0,0.05
python-attrs/attrs,58c8e9ade6fa4723199e9fd938e7130f079eb2cd,2026-08-03T09:02:48+00:00,0,1,12.0,1066.0,1064.0,7.664346632098617,164.0,2.0,7.0,0.0,3.0,1.0,2.0,1.0,0.0,0.0,1.0,0.0,0.0,0.0,0.0,0.0769230769230769,0.0307169021454735,11.083333333333334,270.0,0.0185185185185185,1.0,0.0,0.05
python-attrs/attrs,e43b1f9026d18a5ac227e7a7c65c7ccbf5d5e07f,2026-08-03T09:09:16+00:00,0,1,2.0,4.0,3.0,2.0794415416798357,0.0,0.0,0.0,0.0,0.0,0.0,2.0,0.0,0.0,0.0,0.0,0.0,0.0,0.0,0.0,0.0652173913043478,0.0326086956521739,25.5,271.0,0.018450184501845,1.0,0.0,0.0
python-attrs/attrs,1f23297914f3859b80e780e30db5404270425954,2026-08-03T09:18:58+00:00,1,1,7.0,163.0,19.0,5.209486152841421,0.0,1.0,1.0,0.0,1.0,1.0,5.0,1.0,0.0,0.0,1.0,0.0,1.0,0.0,0.0,0.0789473684210526,0.0544756267664486,50.0,272.0,0.0183823529411764,1.0,0.0,0.0
python-attrs/attrs,51e59e11bdd425a78466f827931538aedd2cfe30,2026-08-03T09:24:50+00:00,0,1,2.0,6.0,0.0,1.9459101490553132,0.0,0.0,0.0,0.0,0.0,0.0,2.0,1.0,0.0,0.0,0.0,0.0,1.0,0.0,0.0,0.0892857142857142,0.0863095238095238,52.0,273.0,0.0219780219780219,1.0,1.0,0.05
python-attrs/attrs,65c80d7ddf4ca87b9638334fc24e60080d3dcd9b,2026-08-03T13:18:08+00:00,0,1,7.0,169.0,19.0,5.241747015059643,0.0,1.0,1.0,0.0,1.0,1.0,5.0,1.0,0.0,0.0,1.0,0.0,0.0,0.0,0.0,0.0925925925925925,0.0753660370738781,51.285714285714285,274.0,0.0218978102189781,1.0,0.0,0.05
python-attrs/attrs,24cbcf1b543a7cbc67d74bc4a81602e81466c3fb,2026-08-04T05:29:46+00:00,0,1,1.0,3.0,0.0,1.3862943611198906,0.0,0.0,0.0,0.0,0.0,0.0,1.0,1.0,0.0,0.0,0.0,0.0,0.0,0.0,0.0,0.0862068965517241,0.0862068965517241,58.0,275.0,0.0218181818181818,1.0,0.0,0.05
python-attrs/attrs,55677f7b5ae6d439140f396b079d70c7ca10055e,2026-08-04T06:18:01+00:00,0,1,2.0,3.0,4.0,2.0794415416798357,0.0,0.0,0.0,0.0,0.0,0.0,2.0,0.0,0.0,0.0,0.0,0.0,1.0,0.0,0.0,0.08,0.04,28.0,276.0,0.0217391304347826,1.0,0.0,0.05
python-attrs/attrs,b6f6f76d77b48066812d8ebc87e68f5f891baff0,2026-08-04T06:35:29+00:00,0,1,2.0,3.0,4.0,2.0794415416798357,0.0,0.0,0.0,0.0,0.0,0.0,2.0,0.0,0.0,0.0,0.0,0.0,0.0,0.0,0.0,0.0784313725490196,0.0392156862745098,29.0,277.0,0.0216606498194945,1.0,0.0,0.05
python-attrs/attrs,42f56c998ab1ec5883148913b29e89ec597692e5,2026-08-04T07:41:37+00:00,0,1,1.0,0.0,8.0,2.1972245773362196,0.0,0.0,0.0,0.0,0.0,0.0,1.0,1.0,0.0,0.0,0.0,0.0,0.0,0.0,0.0,0.0303030303030303,0.0303030303030303,66.0,278.0,0.0215827338129496,1.0,0.0,0.05
python-attrs/attrs,51e8a602f3a5d9e1e0c3f8ccf014a3567a1f7c78,2026-08-04T07:44:31+00:00,0,1,1.0,6.0,0.0,1.9459101490553132,0.0,0.0,0.0,0.0,1.0,0.0,1.0,1.0,0.0,0.0,0.0,1.0,0.0,0.0,0.0,0.0,0.0,12.0,279.0,0.021505376344086,1.0,0.0,0.05
python-attrs/attrs,14f57651c66d14e68b2de3cbfab9dccbb111ef63,2026-08-05T15:00:41+00:00,1,1,7.0,132.0,1.0,4.897839799950911,16.0,2.0,3.0,3.0,1.0,0.0,0.0,0.0,0.0,0.0,0.0,0.0,1.0,0.0,0.0,0.0736842105263157,0.0182330827067669,23.714285714285715,0.0,0.0,1.0,0.0,0.05
python-attrs/attrs,6fc4672a8376e772e9d8ff46c408edb8d6113596,2026-08-05T15:11:25+00:00,1,1,7.0,144.0,1.0,4.983606621708336,17.0,2.0,3.0,3.0,1.0,0.0,0.0,0.0,0.0,0.0,0.0,0.0,1.0,0.0,0.0,1.0,0.2158746257123538,24.714285714285715,1.0,1.0,1.0,0.0,0.1
python-attrs/attrs,2f57c14846ac0af38d6dbe0991ded3042a77e93b,2026-08-05T15:39:24+00:00,1,1,7.0,146.0,1.0,4.997212273764115,17.0,2.0,3.0,3.0,1.0,0.0,0.0,0.0,0.0,0.0,0.0,0.0,1.0,0.0,0.0,1.0,0.2641927373886137,25.714285714285715,2.0,1.0,1.0,0.0,0.15
python-attrs/attrs,835b55d4d2945998040616e50ae7a0c194b13714,2026-08-05T17:26:52+00:00,0,1,7.0,146.0,1.0,4.997212273764115,17.0,2.0,3.0,3.0,1.0,0.0,0.0,0.0,0.0,0.0,0.0,0.0,1.0,0.0,0.0,1.0,0.3055668301761645,26.714285714285715,3.0,1.0,1.0,0.0,0.2
python-attrs/attrs,1ea13ff576c14907280d080c33fa5d25f968f30e,2026-08-06T13:02:11+00:00,1,1,4.0,8.0,1.0,2.302585092994046,0.0,0.0,0.0,0.0,3.0,1.0,0.0,0.0,0.0,0.0,0.0,0.0,0.0,0.0,0.0,0.0909090909090909,0.0227272727272727,25.5,280.0,0.0214285714285714,1.0,0.0,0.2
python-attrs/attrs,3bb6382a7ca4ebe681386e3c6b8106993a4d194f,2026-08-07T05:25:44+00:00,1,1,4.0,20.0,1.0,3.091042453358316,0.0,1.0,2.0,0.0,2.0,0.0,0.0,0.0,0.0,0.0,1.0,0.0,0.0,0.0,0.0,0.0434782608695652,0.0108695652173913,11.0,281.0,0.0249110320284697,1.0,1.0,0.25
python-attrs/attrs,c1dc5dcba16ed827aa6dcad896b41a3afedb4e32,2026-08-07T05:38:44+00:00,0,1,2.0,1.0,6.0,2.0794415416798357,0.0,1.0,2.0,0.0,0.0,0.0,0.0,0.0,0.0,0.0,1.0,0.0,0.0,0.0,0.0,0.5,0.5,2.0,282.0,0.0283687943262411,1.0,1.0,0.3
python-attrs/attrs,5a270b96cbe589a62b376a797653747f0a1c4eb6,2026-08-12T17:42:02+00:00,0,1,1.0,1.0,0.0,0.6931471805599453,0.0,0.0,0.0,0.0,1.0,0.0,0.0,0.0,0.0,0.0,0.0,1.0,1.0,0.0,0.0,0.0,0.0,0.0,0.0,0.0,0.0,0.0,0.3
python-attrs/attrs,30fd617c45854a5555550c9a0bf921bc3ee28786,2026-08-18T08:39:29+00:00,0,1,1.0,2.0,0.0,1.0986122886681098,0.0,0.0,0.0,0.0,1.0,0.0,1.0,1.0,0.0,1.0,0.0,1.0,0.0,0.0,0.0,0.0,0.0,0.0,283.0,0.0282685512367491,1.0,0.0,0.3
python-attrs/attrs,a4404537e3dca17c935b786391742c452f8061c4,2026-08-19T20:14:03+00:00,0,1,4.0,136.0,0.0,4.919980925828125,8.0,1.0,1.0,1.0,2.0,0.0,0.0,0.0,0.0,0.0,0.0,0.0,1.0,0.0,0.0,0.101010101010101,0.0336700336700336,31.25,0.0,0.0,1.0,0.0,0.3
python-attrs/attrs,dc1ca3892c0285f2a3980e1fd08d50728fd1eaec,2026-08-25T05:35:47+00:00,0,1,1.0,3.0,3.0,1.9459101490553132,0.0,0.0,0.0,0.0,1.0,0.0,1.0,1.0,0.0,0.0,0.0,1.0,0.0,0.0,1.0,0.08,0.08,25.0,284.0,0.028169014084507,1.0,0.0,0.3
python-attrs/attrs,7e6bd769b44ce51f59fecfaf3701b87c7eb0e451,2026-08-26T03:42:32+00:00,0,1,4.0,29.0,0.0,3.4011973816621555,2.0,1.0,1.0,1.0,2.0,0.0,0.0,0.0,0.0,0.0,0.0,0.0,1.0,0.0,0.0,0.125,0.075,33.75,0.0,0.0,1.0,0.0,0.3
python-attrs/attrs,b821df37e8b5c6a1f99753906fdc1cc94f1469c3,2026-08-27T04:25:21+00:00,0,1,1.0,2.0,2.0,1.6094379124341005,0.0,0.0,0.0,0.0,1.0,0.0,0.0,0.0,0.0,0.0,0.0,1.0,1.0,0.0,1.0,0.2307692307692307,0.2307692307692307,13.0,2.0,0.0,1.0,0.0,0.3
python-attrs/attrs,764bf92a1c96abe4615b59f3e5a7b738b0340a94,2026-08-27T07:11:04+00:00,0,1,1.0,2.0,2.0,1.6094379124341005,0.0,0.0,0.0,0.0,1.0,0.0,0.0,0.0,0.0,0.0,0.0,1.0,0.0,0.0,1.0,0.2142857142857142,0.2142857142857142,14.0,3.0,0.0,1.0,0.0,0.25
python-attrs/attrs,cb325406937643cbb8ca250f9d00714105e14780,2026-08-29T08:29:46+00:00,1,1,1.0,156.0,126.0,5.645446897643238,10.0,0.0,0.0,1.0,0.0,0.0,0.0,0.0,0.0,0.0,0.0,0.0,1.0,0.0,1.0,0.0,0.0,2.0,0.0,0.0,0.0,0.0,0.25
python-attrs/attrs,88cb2281d0a72a96adcbde1f182c7fb62065488c,2026-09-01T05:20:00+00:00,0,1,3.0,6.0,6.0,2.5649493574615367,0.0,0.0,0.0,0.0,0.0,0.0,3.0,1.0,0.0,0.0,0.0,0.0,1.0,0.0,0.0,0.0847457627118644,0.0510193491473532,59.333333333333336,12.0,0.25,1.0,0.0,0.3
python-attrs/attrs,8f767776326faaed11e6c2974798787f6e19b343,2026-09-01T07:04:58+00:00,0,1,3.0,6.0,6.0,2.5649493574615367,0.0,0.0,0.0,0.0,0.0,0.0,3.0,1.0,0.0,0.0,0.0,0.0,0.0,0.0,0.0,0.0833333333333333,0.0501603156986064,60.333333333333336,13.0,0.2307692307692307,1.0,0.0,0.3
python-attrs/attrs,5a7e024c029e7564fe84a8f37686d90ba48a719d,2026-09-03T10:30:35+00:00,0,1,2.0,66.0,10.0,4.343805421853684,5.0,1.0,1.0,1.0,0.0,0.0,0.0,0.0,0.0,0.0,0.0,0.0,1.0,0.0,1.0,0.099009900990099,0.0495049504950495,59.5,1.0,1.0,1.0,0.0,0.3
python-attrs/attrs,a636abe97f506faa360a7894b648380ade984cf6,2026-09-05T07:01:52+00:00,1,1,2.0,82.0,0.0,4.418840607796598,4.0,1.0,1.0,1.0,0.0,0.0,0.0,0.0,0.0,0.0,0.0,0.0,1.0,0.0,0.0,0.2857142857142857,0.1918767507002801,54.5,0.0,0.0,1.0,0.0,0.3
python-attrs/attrs,bea95f8b86c7dbbfc5f1f0d289f985255280859c,2026-09-05T07:31:37+00:00,0,1,2.0,29.0,5.0,3.5553480614894135,2.0,1.0,1.0,1.0,0.0,0.0,0.0,0.0,0.0,0.0,0.0,0.0,1.0,0.0,1.0,0.375,0.2408980582524272,55.5,1.0,1.0,1.0,1.0,0.35
python-attrs/attrs,86a8190264c67972b4627c5d474bc4c16b547c63,2026-09-10T09:52:37+00:00,0,1,1.0,2.0,0.0,1.0986122886681098,0.0,0.0,0.0,0.0,1.0,0.0,0.0,0.0,0.0,0.0,0.0,1.0,1.0,0.0,0.0,0.0,0.0,0.0,0.0,0.0,0.0,0.0,0.35
python-attrs/attrs,4672fea2eea2a0200956cdc151778ab5fcc55a98,2026-09-11T16:24:00+00:00,0,1,1.0,2.0,2.0,1.6094379124341005,0.0,0.0,0.0,0.0,1.0,0.0,0.0,0.0,0.0,0.0,0.0,1.0,1.0,0.0,0.0,0.0,0.0,11.0,0.0,0.0,1.0,0.0,0.3
python-attrs/attrs,cf51d9ea38095f32f09ff206e3261b6d88c3dda7,2026-09-12T23:51:58+00:00,0,1,1.0,11.0,0.0,2.4849066497880004,0.0,0.0,0.0,0.0,1.0,0.0,0.0,0.0,0.0,0.0,0.0,1.0,1.0,0.0,0.0,0.0,0.0,4.0,0.0,0.0,1.0,0.0,0.25
python-attrs/attrs,06712abcdeec793386e172f81ae31c8be2dcb9f7,2026-09-18T01:43:01+00:00,0,1,2.0,45.0,2.0,3.871201010907891,5.0,1.0,1.0,1.0,0.0,0.0,0.0,0.0,0.0,0.0,0.0,0.0,1.0,0.0,0.0,0.3333333333333333,0.1666666666666666,2.5,0.0,0.0,1.0,0.0,0.2
python-attrs/attrs,68fea44f55c212032ce9bb748f1ad27e93d471eb,2026-09-21T04:10:35+00:00,0,1,2.0,2.0,2.0,1.6094379124341005,1.0,1.0,1.0,0.0,1.0,0.0,0.0,0.0,0.0,0.0,1.0,0.0,1.0,0.0,1.0,0.2,0.1528846153846154,59.5,0.0,0.0,1.0,0.0,0.2
python-attrs/attrs,8b26d3ce53e4a54b7dbea4cc0db97cc05213742e,2026-09-21T22:56:24+00:00,1,1,3.0,54.0,2.0,4.04305126783455,5.0,1.0,1.0,1.0,1.0,0.0,0.0,0.0,0.0,0.0,0.0,0.0,1.0,0.0,1.0,0.1212121212121212,0.112987012987013,46.0,0.0,0.0,1.0,0.0,0.15
python-attrs/attrs,569293414432c2a7a4f7ad8efff223fb818da7ee,2026-09-25T11:26:16+00:00,0,1,1.0,21.0,1.0,3.1354942159291497,0.0,0.0,0.0,0.0,1.0,0.0,0.0,0.0,0.0,0.0,0.0,1.0,1.0,0.0,0.0,0.1875,0.1875,16.0,0.0,0.0,1.0,0.0,0.15
python-attrs/attrs,b0ddd1dc2c3d53c6acb348e20af232d2ed8e5ebb,2026-09-27T16:18:25+00:00,0,1,3.0,27.0,2.0,3.4011973816621555,2.0,1.0,1.0,1.0,1.0,0.0,0.0,0.0,0.0,0.0,0.0,0.0,1.0,0.0,1.0,0.0,0.0,1.6666666666666667,0.0,0.0,1.0,0.0,0.15
python-attrs/attrs,62a32ee301d685934e6529f590771125c41f2ed8,2026-09-27T16:21:38+00:00,0,1,3.0,27.0,2.0,3.4011973816621555,2.0,1.0,1.0,1.0,1.0,0.0,0.0,0.0,0.0,0.0,0.0,0.0,1.0,0.0,1.0,0.0,0.0,2.3333333333333335,1.0,0.0,1.0,0.0,0.15
python-attrs/attrs,cfc1c251323078f033cad9cd9b9378a13b4f53ba,2026-09-29T14:11:58+00:00,0,1,2.0,6.0,6.0,2.5649493574615367,2.0,0.0,0.0,0.0,2.0,0.0,0.0,0.0,0.0,0.0,0.0,1.0,1.0,0.0,0.0,0.0,0.0,0.5,0.0,0.0,0.0,0.0,0.15
python-attrs/attrs,8b201bc55d1c303811b2168651d8c9d9c2827163,2026-09-29T19:01:36+00:00,0,1,3.0,45.0,2.0,3.871201010907891,3.0,1.0,1.0,1.0,1.0,0.0,0.0,0.0,0.0,0.0,0.0,0.0,1.0,0.0,0.0,0.125,0.0794025157232704,40.0,0.0,0.0,1.0,0.0,0.15
python-attrs/attrs,a25520700d01fbafe74c192267888f3d15c98b41,2026-09-29T19:08:02+00:00,0,1,1.0,1.0,0.0,0.6931471805599453,0.0,0.0,0.0,0.0,1.0,0.0,0.0,0.0,0.0,0.0,0.0,1.0,1.0,0.0,1.0,0.0,0.0,0.0,1.0,0.0,1.0,0.0,0.15
python-attrs/attrs,cd170a6db5a089e900112a141703af432878bda9,2026-09-29T20:09:59+00:00,1,1,3.0,6.0,6.0,2.5649493574615367,0.0,0.0,0.0,0.0,0.0,0.0,3.0,1.0,0.0,0.0,0.0,0.0,1.0,1.0,1.0,0.081967213114754,0.0493299191327226,61.333333333333336,2.0,0.5,1.0,1.0,0.15
python-attrs/attrs,a56cab19b58729484ff4e7802bd0fd9e8509aa22,2026-10-01T05:22:56+00:00,0,1,2.0,4.0,4.0,2.1972245773362196,0.0,0.0,0.0,0.0,0.0,0.0,2.0,1.0,0.0,0.0,0.0,0.0,1.0,0.0,0.0,0.0545454545454545,0.0476808905380333,52.0,14.0,0.2142857142857142,1.0,0.0,0.2
python-attrs/attrs,b0c79abeae3f3af1f6de5e900e36d6367bc944e2,2026-10-01T08:37:44+00:00,0,1,2.0,4.0,4.0,2.1972245773362196,0.0,0.0,0.0,0.0,0.0,0.0,2.0,1.0,0.0,0.0,0.0,0.0,0.0,0.0,0.0,0.0535714285714285,0.0467857142857142,53.0,15.0,0.2,1.0,0.0,0.2
python-attrs/attrs,398ab46733cf7e89b4e4f11a86c29c355307d560,2026-10-01T08:39:07+00:00,1,1,1.0,9.0,297.0,5.726847747587197,0.0,1.0,1.0,0.0,0.0,0.0,0.0,0.0,0.0,0.0,1.0,0.0,1.0,0.0,0.0,0.0897435897435897,0.0897435897435897,78.0,15.0,0.2,0.0,0.0,0.2
python-attrs/attrs,0ad2af9af9ce32b4b81aed1289e13f004c8bde97,2026-10-01T08:39:18+00:00,1,1,1.0,6.0,293.0,5.703782474656201,0.0,1.0,1.0,0.0,0.0,0.0,0.0,0.0,0.0,0.0,1.0,0.0,1.0,0.0,0.0,0.0897435897435897,0.0897435897435897,78.0,15.0,0.2,0.0,0.0,0.2
python-attrs/attrs,c9a4d723d482380943f2470dc042f45646095127,2026-10-01T12:34:59+00:00,0,1,2.0,897.0,765.0,7.416378479192928,0.0,1.0,1.0,0.0,0.0,0.0,1.0,0.0,0.0,0.0,1.0,0.0,1.0,0.0,0.0,0.1125,0.0726434426229508,70.5,285.0,0.0280701754385964,1.0,0.0,0.25
python-attrs/attrs,bf47028ae4ec31975de7dfd389148756f15ee525,2026-10-01T12:42:16+00:00,0,1,2.0,897.0,765.0,7.416378479192928,0.0,1.0,1.0,0.0,0.0,0.0,1.0,0.0,0.0,0.0,1.0,0.0,0.0,0.0,0.0,0.1111111111111111,0.07168458781362,71.5,286.0,0.0279720279720279,1.0,0.0,0.25
python-attrs/attrs,6483af066ea2706eee075ef48449da5a173d7658,2026-10-01T12:42:42+00:00,0,1,4.0,901.0,769.0,7.421177528595393,0.0,1.0,1.0,0.0,0.0,0.0,3.0,1.0,0.0,0.0,1.0,0.0,1.0,1.0,1.0,0.1111111111111111,0.0588041102122795,62.75,286.0,0.0279720279720279,1.0,0.0,0.25
python-attrs/attrs,a602f78ff670f22be90fb8aea501a6cc30e10fdd,2026-10-01T12:47:12+00:00,0,1,2.0,2.0,2.0,1.6094379124341005,1.0,1.0,1.0,0.0,1.0,0.0,0.0,0.0,0.0,0.0,1.0,0.0,0.0,0.0,1.0,0.1764705882352941,0.1443100604727872,62.0,0.0,0.0,1.0,0.0,0.2
python-attrs/attrs,0c504ac0426ec40d56d0e0de11eea5cee26c61f9,2026-10-01T18:17:25+00:00,0,1,1.0,1.0,0.0,0.6931471805599453,0.0,0.0,0.0,0.0,1.0,0.0,0.0,0.0,0.0,0.0,0.0,1.0,1.0,0.0,0.0,0.0,0.0,0.0,0.0,0.0,0.0,0.0,0.2
python-poetry/poetry,c956178b4c9a92781003782941b8a9bb4de3c084,2026-02-13T13:39:29+00:00,0,1,5.0,92.0,0.0,4.532599493153256,4.0,1.0,1.0,4.0,0.0,1.0,0.0,0.0,0.0,0.0,0.0,0.0,1.0,0.0,0.0,0.0,0.0,0.0,0.0,0.0,0.0,0.0,0.0
python-poetry/poetry,e53e64f057edc41c0d618862b91f2ebe88c57050,2026-02-13T21:03:58+00:00,0,1,1.0,1.0,1.0,1.0986122886681098,1.0,1.0,1.0,0.0,0.0,0.0,0.0,0.0,0.0,0.0,1.0,0.0,1.0,0.0,1.0,0.0,0.0,0.0,0.0,0.0,0.0,0.0,0.0
python-poetry/poetry,913d9a9c9553d0a643b5ffb7ab12ced1d0f8a6c8,2026-02-14T09:02:18+00:00,0,1,1.0,3.0,2.0,1.791759469228055,0.0,0.0,0.0,0.0,1.0,0.0,0.0,0.0,0.0,0.0,0.0,1.0,1.0,0.0,0.0,0.0,0.0,0.0,0.0,0.0,0.0,0.0,0.0
python-poetry/poetry,3b9b705e0fbd2f87d2531da011622c29af48eecf,2026-02-14T09:08:20+00:00,0,1,1.0,11.0,11.0,3.1354942159291497,0.0,0.0,0.0,0.0,1.0,0.0,0.0,0.0,0.0,0.0,0.0,1.0,1.0,0.0,0.0,0.0,0.0,1.0,0.0,0.0,1.0,0.0,0.0
python-poetry/poetry,197571e5831bc4fae45124e490093308f1678d7d,2026-02-14T09:11:33+00:00,0,1,1.0,25.0,9.0,3.5553480614894135,0.0,0.0,0.0,0.0,1.0,0.0,0.0,0.0,0.0,0.0,0.0,1.0,0.0,0.0,0.0,0.0,0.0,2.0,0.0,0.0,0.0,0.0,0.0
python-poetry/poetry,c042d81331fc339231e1a61456d111fc92346520,2026-02-14T09:57:19+00:00,0,1,1.0,4.0,4.0,2.1972245773362196,2.0,0.0,0.0,1.0,0.0,0.0,0.0,0.0,0.0,0.0,0.0,0.0,1.0,0.0,1.0,0.0,0.0,0.0,1.0,0.0,0.0,0.0,0.0
python-poetry/poetry,2234234696ba8164d6b2d30fb2629ce7b85ff56f,2026-02-14T10:05:25+00:00,0,1,2.0,147.0,2.0,5.0106352940962555,4.0,1.0,1.0,1.0,0.0,0.0,0.0,0.0,0.0,0.0,0.0,0.0,0.0,0.0,1.0,0.0,0.0,0.5,0.0,0.0,1.0,0.0,0.0
python-poetry/poetry,89c52a8b041cf6293df8fd4b277052160e26f410,2026-02-14T12:20:02+00:00,0,1,1.0,13.0,2.0,2.772588722239781,0.0,0.0,0.0,0.0,1.0,0.0,0.0,0.0,0.0,0.0,0.0,1.0,1.0,0.0,1.0,0.0,0.0,0.0,2.0,0.0,0.0,0.0,0.0
python-poetry/poetry,896d9de0f60489d84723907b75d76accfb675a0f,2026-02-14T12:20:15+00:00,0,1,1.0,13.0,2.0,2.772588722239781,0.0,0.0,0.0,0.0,1.0,0.0,0.0,0.0,0.0,0.0,0.0,1.0,1.0,0.0,1.0,0.0,0.0,1.0,3.0,0.0,0.0,0.0,0.0
python-poetry/poetry,ad7d8f32251334c62916b7a4ba46506f45816762,2026-02-14T12:21:11+00:00,0,1,1.0,11.0,5.0,2.833213344056216,0.0,0.0,0.0,0.0,1.0,0.0,0.0,0.0,0.0,0.0,0.0,1.0,0.0,0.0,0.0,0.0,0.0,2.0,0.0,0.0,1.0,0.0,0.0
python-poetry/poetry,ca443812b5297769c38c1f9a76d8e5889b360f10,2026-02-14T12:26:46+00:00,0,1,1.0,1.0,1.0,1.0986122886681098,0.0,0.0,0.0,0.0,1.0,0.0,0.0,0.0,0.0,0.0,0.0,1.0,1.0,0.0,0.0,0.0,0.0,3.0,0.0,0.0,0.0,0.0,0.0
python-poetry/poetry,7cb8b4cfcf00b213a9dfbd1ed5e72b257118cb73,2026-02-14T12:27:27+00:00,0,1,1.0,1.0,1.0,1.0986122886681098,0.0,0.0,0.0,0.0,1.0,0.0,0.0,0.0,0.0,0.0,0.0,1.0,1.0,0.0,0.0,0.0,0.0,4.0,4.0,0.0,1.0,0.0,0.0
python-poetry/poetry,295a7a02522d183e6d46fecd2bef27a2df7bc60c,2026-02-14T12:28:31+00:00,0,1,1.0,9.0,4.0,2.6390573296152584,0.0,0.0,0.0,0.0,1.0,0.0,0.0,0.0,0.0,0.0,0.0,1.0,0.0,0.0,0.0,0.0,0.0,5.0,1.0,0.0,1.0,0.0,0.0
python-poetry/poetry,42d9cabbe1110846dc14eae37b5f60aacb248db9,2026-02-15T10:02:51+00:00,0,1,1.0,1.0,1.0,1.0986122886681098,1.0,0.0,0.0,1.0,0.0,0.0,0.0,0.0,0.0,0.0,0.0,0.0,1.0,0.0,1.0,0.0,0.0,0.0,0.0,0.0,0.0,0.0,0.0
python-poetry/poetry,df570ee779aed24a699027ad0465ad8aed265c54,2026-02-15T10:16:51+00:00,0,1,3.0,69.0,5.0,4.31748811353631,2.0,1.0,1.0,2.0,0.0,0.0,0.0,0.0,0.0,0.0,0.0,0.0,0.0,0.0,1.0,0.0,0.0,0.3333333333333333,0.0,0.0,1.0,0.0,0.0
python-poetry/poetry,82619e61c6e92abdfbb35e4eb51c588f749c12af,2026-02-16T00:17:09+00:00,0,1,2.0,5.0,30.0,3.58351893845611,4.0,1.0,1.0,1.0,0.0,0.0,0.0,0.0,0.0,0.0,0.0,0.0,1.0,0.0,0.0,0.0,0.0,0.0,1.0,0.0,0.0,0.0,0.0
python-poetry/poetry,6716d4fa3881fdc5ac5e5129131f27b95d9e664a,2026-02-16T07:44:09+00:00,0,1,2.0,42.0,18.0,4.110873864173311,3.0,1.0,1.0,1.0,0.0,0.0,0.0,0.0,0.0,0.0,0.0,0.0,1.0,0.0,0.0,0.0,0.0,1.0,2.0,0.0,1.0,0.0,0.0
python-poetry/poetry,623170a0972836c54ecd17b9d80f489f33a0aec0,2026-02-16T19:11:26+00:00,0,1,2.0,107.0,0.0,4.68213122712422,4.0,1.0,1.0,1.0,0.0,0.0,0.0,0.0,0.0,0.0,0.0,0.0,1.0,0.0,0.0,0.0,0.0,2.0,3.0,0.0,0.0,0.0,0.0
python-poetry/poetry,e181d92e90b3c473ef6c37776082724c4662625c,2026-02-16T20:56:50+00:00,0,2,1.0,1.0,1.0,1.0986122886681098,0.0,0.0,0.0,0.0,0.0,0.0,1.0,0.0,0.0,0.0,0.0,0.0,1.0,0.0,0.0,0.0,0.0,0.0,0.0,0.0,1.0,0.0,0.0
python-poetry/poetry,eea7d6cb7850b8e805b8fe9212374f99314a2cce,2026-02-18T17:04:30+00:00,0,1,1.0,1.0,1.0,1.0986122886681098,0.0,0.0,0.0,0.0,1.0,0.0,0.0,0.0,0.0,0.0,0.0,1.0,1.0,0.0,0.0,0.0,0.0,0.0,0.0,0.0,1.0,0.0,0.0
python-poetry/poetry,d2d77b11d7e2a0e4b21d9a0af6ffcb49a9760802,2026-02-19T10:10:44+00:00,0,1,1.0,1.0,1.0,1.0986122886681098,0.0,0.0,0.0,0.0,1.0,0.0,0.0,0.0,0.0,0.0,0.0,1.0,0.0,0.0,0.0,0.0,0.0,1.0,1.0,0.0,1.0,0.0,0.0
python-poetry/poetry,9405d4590b1eae2a1223e1c00c899f6d0bf97f90,2026-02-19T10:11:05+00:00,0,2,1.0,1.0,1.0,1.0986122886681098,0.0,0.0,0.0,0.0,0.0,0.0,1.0,0.0,0.0,0.0,0.0,0.0,1.0,0.0,0.0,0.0,0.0,1.0,1.0,0.0,1.0,0.0,0.0
python-poetry/poetry,ad9ab00841c6854cd0e5a80f91e30f14bdd47dbe,2026-02-19T10:11:46+00:00,0,1,1.0,1.0,1.0,1.0986122886681098,0.0,0.0,0.0,0.0,0.0,0.0,1.0,0.0,0.0,0.0,0.0,0.0,0.0,0.0,0.0,0.0,0.0,2.0,2.0,0.0,1.0,0.0,0.0
python-poetry/poetry,27e18657ed8755e35b397e759117a9aac95a3844,2026-02-20T06:42:44+00:00,0,1,1.0,1.0,2.0,1.3862943611198906,1.0,1.0,1.0,0.0,0.0,0.0,0.0,0.0,0.0,0.0,1.0,0.0,1.0,0.0,1.0,0.0,0.0,0.0,0.0,0.0,1.0,0.0,0.0
python-poetry/poetry,346ddf2184d5e5ef46452b2eba454493808d2a99,2026-02-20T06:43:33+00:00,0,1,2.0,37.0,1.0,3.6635616461296463,2.0,1.0,1.0,0.0,1.0,0.0,0.0,0.0,0.0,0.0,1.0,0.0,1.0,0.0,1.0,0.0,0.0,0.0,0.0,0.0,1.0,0.0,0.0
python-poetry/poetry,4b0dd0c7d3c313e873c7fae99baff2040118530e,2026-02-20T06:44:17+00:00,0,1,2.0,18.0,0.0,2.9444389791664403,1.0,1.0,1.0,0.0,1.0,0.0,0.0,0.0,0.0,0.0,1.0,0.0,1.0,0.0,0.0,0.0,0.0,0.0,0.0,0.0,1.0,0.0,0.0
python-poetry/poetry,4f10e545be9b42c8c408e2288baa6b0e041fa0d6,2026-02-20T06:55:34+00:00,0,1,1.0,8.0,1.0,2.302585092994046,1.0,1.0,1.0,0.0,0.0,0.0,0.0,0.0,0.0,0.0,1.0,0.0,1.0,0.0,1.0,0.0,0.0,1.0,3.0,0.0,1.0,0.0,0.0
python-poetry/poetry,b722ef9dc590c217897d5bfaf2d346223ba1f210,2026-02-20T06:55:43+00:00,0,1,1.0,2.0,0.0,1.0986122886681098,1.0,1.0,1.0,0.0,0.0,0.0,0.0,0.0,0.0,0.0,1.0,0.0,1.0,0.0,0.0,0.0,0.0,2.0,3.0,0.0,1.0,0.0,0.0
python-poetry/poetry,8a1b38d852c7aadc7f94555beb115eed2902fe49,2026-02-20T07:51:05+00:00,0,1,2.0,107.0,0.0,4.68213122712422,4.0,1.0,1.0,1.0,0.0,0.0,0.0,0.0,0.0,0.0,0.0,0.0,1.0,0.0,0.0,0.0,0.0,3.0,4.0,0.0,1.0,0.0,0.0
python-poetry/poetry,6ae3c28627ab6fcd575856db5295517ea0321b98,2026-02-21T05:34:49+00:00,0,1,1.0,1.0,2.0,1.3862943611198906,1.0,1.0,1.0,0.0,0.0,0.0,0.0,0.0,0.0,0.0,1.0,0.0,0.0,0.0,1.0,0.0,0.0,3.0,5.0,0.0,1.0,0.0,0.0
python-poetry/poetry,d5df9f0f0b1262ba2906af15619382d0a34d112a,2026-02-21T16:45:51+00:00,0,1,1.0,11.0,23.0,3.5553480614894135,0.0,0.0,0.0,0.0,1.0,0.0,0.0,0.0,0.0,0.0,0.0,1.0,1.0,0.0,1.0,0.0,0.0,0.0,0.0,0.0,1.0,0.0,0.0
python-poetry/poetry,3991d0025654e817a2b48fcd81aa76fd1364f6c5,2026-02-23T02:49:54+00:00,0,1,2.0,45.0,1.0,3.8501476017100584,3.0,1.0,1.0,1.0,0.0,0.0,0.0,0.0,0.0,0.0,0.0,0.0,1.0,0.0,0.0,0.0,0.0,4.0,5.0,0.0,0.0,0.0,0.0
python-poetry/poetry,cb20652dbb1561bbf9fd7dfd6613f948e7848833,2026-02-23T04:42:48+00:00,0,1,2.0,1.0,4.0,1.791759469228055,1.0,1.0,1.0,1.0,0.0,0.0,0.0,0.0,0.0,0.0,0.0,0.0,1.0,0.0,1.0,0.0,0.0,5.0,6.0,0.0,1.0,0.0,0.0
python-poetry/poetry,05fc22fb4f6f6b6d9ddc592aeb99fbc1b29b960b,2026-02-23T21:30:20+00:00,0,2,1.0,1.0,1.0,1.0986122886681098,0.0,0.0,0.0,0.0,0.0,0.0,1.0,0.0,0.0,0.0,0.0,0.0,1.0,0.0,0.0,0.0,0.0,3.0,3.0,0.0,1.0,0.0,0.0
python-poetry/poetry,c6671a054fa760b0bb3be9ae410fff8151d60175,2026-02-24T01:08:48+00:00,0,1,2.0,35.0,2.0,3.6375861597263857,3.0,1.0,1.0,1.0,0.0,0.0,0.0,0.0,0.0,0.0,0.0,0.0,1.0,0.0,1.0,0.0,0.0,0.0,0.0,0.0,0.0,0.0,0.0
python-poetry/poetry,1f8c6727f3d8624a1c91fd7d62c7eb22ea5aa242,2026-02-24T01:33:14+00:00,0,1,1.0,1.0,0.0,0.6931471805599453,1.0,1.0,1.0,0.0,0.0,0.0,0.0,0.0,0.0,0.0,1.0,0.0,1.0,0.0,0.0,0.0,0.0,0.0,1.0,0.0,1.0,0.0,0.0
python-poetry/poetry,38d02e4441521ec51631b7daf5f2390eb7dfac07,2026-02-24T02:08:35+00:00,0,1,5.0,11.0,8.0,2.995732273553991,4.0,4.0,4.0,1.0,0.0,0.0,0.0,0.0,0.0,0.0,0.0,0.0,1.0,0.0,0.0,0.0,0.0,0.4,2.0,0.0,1.0,0.0,0.0
python-poetry/poetry,a47d6f298e26d9a43e2a0c9896cce2e14cbdcf8d,2026-02-24T07:51:36+00:00,0,1,1.0,5.0,3.0,2.1972245773362196,1.0,1.0,1.0,0.0,0.0,0.0,0.0,0.0,0.0,1.0,1.0,0.0,1.0,0.0,1.0,0.0,0.0,0.0,0.0,0.0,1.0,0.0,0.0
python-poetry/poetry,6d300b8b89a68df6b7921266fddf80ea48c61e6a,2026-02-24T08:51:33+00:00,0,1,1.0,1.0,1.0,1.0986122886681098,0.0,0.0,0.0,0.0,0.0,0.0,1.0,0.0,0.0,0.0,0.0,0.0,0.0,0.0,0.0,0.0,0.0,4.0,4.0,0.0,1.0,0.0,0.0
python-poetry/poetry,ce94c325747ced5f9f578ed3d2ea18fd8c3ce3d6,2026-02-24T09:04:34+00:00,0,1,1.0,1.0,1.0,1.0986122886681098,0.0,0.0,0.0,0.0,0.0,0.0,1.0,0.0,0.0,0.0,0.0,0.0,1.0,1.0,1.0,0.0,0.0,5.0,0.0,0.0,1.0,0.0,0.0
python-poetry/poetry,949196661382d9c9e5fa68ee9b45ae457415e953,2026-02-24T17:40:45+00:00,0,1,1.0,1.0,1.0,1.0986122886681098,0.0,0.0,0.0,0.0,1.0,0.0,0.0,0.0,0.0,0.0,0.0,1.0,1.0,0.0,1.0,0.0,0.0,3.0,0.0,0.0,1.0,0.0,0.0
python-poetry/poetry,d4e9399affb2c0f4b1f835131733f3185aa0d1f6,2026-02-25T09:43:26+00:00,0,1,1.0,1.0,1.0,1.0986122886681098,0.0,0.0,0.0,0.0,1.0,0.0,0.0,0.0,0.0,0.0,0.0,1.0,0.0,0.0,1.0,0.0,0.0,4.0,1.0,0.0,1.0,0.0,0.0
python-poetry/poetry,29b978473eb914a8ea04d8c78654d0ab853c9592,2026-02-27T15:25:26+00:00,0,1,1.0,2.0,2.0,1.6094379124341005,2.0,0.0,0.0,1.0,0.0,0.0,0.0,0.0,0.0,0.0,0.0,0.0,1.0,0.0,0.0,0.0,0.0,6.0,5.0,0.0,0.0,0.0,0.0
python-poetry/poetry,9eac0a9e741b4d7d404d96555e6563aedeba8112,2026-02-27T15:32:20+00:00,0,1,2.0,148.0,0.0,5.003946305945459,6.0,1.0,1.0,1.0,0.0,0.0,0.0,0.0,0.0,0.0,0.0,0.0,0.0,0.0,0.0,0.0,0.0,6.5,1.0,0.0,1.0,0.0,0.0
python-poetry/poetry,3aba07bb137c5cd661b9217921142c4ad27cadef,2026-02-28T10:43:56+00:00,0,1,2.0,14.0,14.0,3.367295829986474,2.0,2.0,2.0,0.0,0.0,0.0,0.0,0.0,0.0,0.0,1.0,0.0,1.0,0.0,0.0,0.0,0.0,2.0,6.0,0.0,0.0,0.0,0.0
python-poetry/poetry,029685cfb1b1516c0eb5e6e7a02fd29683f17cc6,2026-02-28T10:51:19+00:00,0,1,6.0,63.0,4.0,4.219507705176107,7.0,4.0,4.0,2.0,0.0,0.0,0.0,0.0,0.0,0.0,0.0,0.0,0.0,0.0,1.0,0.0,0.0,1.6666666666666667,0.0,0.0,1.0,0.0,0.0
python-poetry/poetry,0aa6312bd14c130cc7c1836163f0bd2166dca354,2026-02-28T13:45:13+00:00,0,1,2.0,1.0,101.0,4.634728988229636,0.0,0.0,0.0,2.0,0.0,0.0,1.0,0.0,0.0,0.0,0.0,0.0,1.0,0.0,0.0,0.0,0.0,0.0,0.0,0.0,0.0,0.0,0.0
python-poetry/poetry,6117ad2e03c6a164234b057f13d84d0cf473a1bd,2026-03-02T15:44:35+00:00,0,1,1.0,48.0,3.0,3.951243718581427,0.0,0.0,0.0,0.0,1.0,0.0,0.0,0.0,0.0,0.0,0.0,1.0,1.0,0.0,0.0,0.0,0.0,0.0,7.0,0.0,1.0,0.0,0.0
python-poetry/poetry,391dc169478217e78580ff83de8feb3c5b885ee7,2026-03-02T21:51:37+00:00,0,2,1.0,1.0,1.0,1.0986122886681098,0.0,0.0,0.0,0.0,0.0,0.0,1.0,0.0,0.0,0.0,0.0,0.0,1.0,0.0,0.0,0.0,0.0,6.0,5.0,0.0,1.0,0.0,0.0
python-poetry/poetry,abe08c0242d4d6436320020cbefd0a019ef35c29,2026-03-03T07:24:19+00:00,0,1,2.0,5.0,6.0,2.4849066497880004,2.0,1.0,1.0,1.0,0.0,0.0,0.0,0.0,0.0,0.0,0.0,0.0,1.0,0.0,0.0,0.0,0.0,0.5,3.0,0.0,0.0,0.0,0.0
python-poetry/poetry,caa00e38a031c1a50d54dff38936e9c80994d2ba,2026-03-03T09:24:09+00:00,0,1,2.0,4.0,3.0,2.0794415416798357,2.0,1.0,1.0,1.0,0.0,0.0,0.0,0.0,0.0,0.0,0.0,0.0,1.0,0.0,1.0,0.0,0.0,0.0,4.0,0.0,0.0,0.0,0.0
python-poetry/poetry,da787921be5c844945ea6ef8d53bbb2217cf922f,2026-03-05T20:11:13+00:00,0,1,1.0,14.0,0.0,2.70805020110221,0.0,0.0,0.0,0.0,1.0,0.0,0.0,0.0,0.0,0.0,0.0,1.0,1.0,0.0,0.0,0.0,0.0,0.0,0.0,0.0,1.0,0.0,0.0
python-poetry/poetry,a772a845c6609d955ee6184d48d0198566ae2f9a,2026-03-06T01:00:51+00:00,0,1,1.0,9.0,0.0,2.302585092994046,0.0,0.0,0.0,0.0,1.0,0.0,0.0,0.0,0.0,0.0,0.0,1.0,1.0,0.0,0.0,0.0,0.0,2.0,0.0,0.0,1.0,0.0,0.0
python-poetry/poetry,aa141fdb665b343efeee47ecdf95a0edfbda2f22,2026-03-06T01:24:32+00:00,0,1,1.0,2.0,2.0,1.6094379124341005,0.0,0.0,0.0,0.0,1.0,0.0,0.0,0.0,0.0,0.0,0.0,1.0,1.0,0.0,1.0,0.0,0.0,3.0,1.0,0.0,1.0,0.0,0.0
python-poetry/poetry,32fb4ecfda0df54fccd885ab9e0620518e11af21,2026-03-06T12:46:12+00:00,0,1,2.0,30.0,12.0,3.7612001156935624,3.0,1.0,1.0,1.0,0.0,0.0,0.0,0.0,0.0,0.0,0.0,0.0,1.0,0.0,0.0,0.0,0.0,0.0,0.0,0.0,0.0,0.0,0.0
python-poetry/poetry,161e68beda53b2d530c4cf123fd679047ff203d3,2026-03-07T06:20:08+00:00,0,1,1.0,48.0,3.0,3.951243718581427,0.0,0.0,0.0,0.0,1.0,0.0,0.0,0.0,0.0,0.0,0.0,1.0,0.0,0.0,0.0,0.0,0.0,1.0,8.0,0.0,1.0,0.0,0.0
python-poetry/poetry,8dccde9a67eb6114c174b1cac1e48e72fdd55e41,2026-03-07T10:11:21+00:00,0,1,1.0,9.0,3.0,2.5649493574615367,1.0,0.0,0.0,1.0,0.0,0.0,0.0,0.0,0.0,0.0,0.0,0.0,1.0,0.0,0.0,0.0,0.0,1.0,9.0,0.0,0.0,0.0,0.0
python-poetry/poetry,655bb7491db123f575e47d0a5702bee89ae2eff2,2026-03-07T10:24:26+00:00,0,1,1.0,9.0,3.0,2.5649493574615367,1.0,0.0,0.0,1.0,0.0,0.0,0.0,0.0,0.0,0.0,0.0,0.0,1.0,0.0,0.0,0.0,0.0,2.0,10.0,0.0,0.0,0.0,0.0
python-poetry/poetry,9ebca0150d0f495ebc91118c3d5fcb9d44d4eb54,2026-03-07T10:30:30+00:00,0,1,2.0,26.0,23.0,3.912023005428146,5.0,1.0,1.0,1.0,0.0,0.0,0.0,0.0,0.0,0.0,0.0,0.0,0.0,0.0,1.0,0.0,0.0,2.5,1.0,0.0,1.0,0.0,0.0
python-poetry/poetry,216aa79371bf820523f4dbef6bf7094f4d8eb4c8,2026-03-07T15:46:14+00:00,0,2,3.0,74.0,26.0,4.61512051684126,5.0,1.0,1.0,1.0,1.0,0.0,0.0,0.0,0.0,0.0,0.0,0.0,1.0,1.0,0.0,0.0,0.0,3.0,0.0,0.0,1.0,0.0,0.0
python-poetry/poetry,cec7b0bf9e69d11b9ef05bea3d4c6a3c25c4b43a,2026-03-07T15:47:04+00:00,0,1,1.0,1.0,1.0,1.0986122886681098,0.0,0.0,0.0,0.0,0.0,0.0,1.0,0.0,0.0,0.0,0.0,0.0,0.0,0.0,0.0,0.0,0.0,7.0,6.0,0.0,1.0,0.0,0.0
python-poetry/poetry,283848a82776899dc6ed0ee4564aff4b6f906bc0,2026-03-07T23:55:20+00:00,0,1,1.0,2.0,2.0,1.6094379124341005,0.0,0.0,0.0,0.0,1.0,0.0,0.0,0.0,0.0,0.0,0.0,1.0,1.0,0.0,0.0,0.0,0.0,4.0,0.0,0.0,1.0,0.0,0.0
python-poetry/poetry,a519ba5fc89f6e761171b6814c1d3c5e83d4692f,2026-03-09T21:43:43+00:00,0,2,1.0,2.0,2.0,1.6094379124341005,0.0,0.0,0.0,0.0,0.0,0.0,1.0,0.0,0.0,0.0,0.0,0.0,1.0,0.0,0.0,0.0,0.0,8.0,7.0,0.0,1.0,0.0,0.0
python-poetry/poetry,4f74491b025dea0a6e93fa9b0dcc65d19a3b619c,2026-03-10T22:59:44+00:00,0,1,1.0,2.0,2.0,1.6094379124341005,0.0,0.0,0.0,0.0,1.0,0.0,0.0,0.0,0.0,0.0,0.0,1.0,1.0,0.0,1.0,0.0,0.0,0.0,0.0,0.0,1.0,0.0,0.0
python-poetry/poetry,4b998d1493dd5ead6c571e0488f624382f8b012c,2026-03-11T00:41:22+00:00,0,1,2.0,22.0,3.0,3.258096538021482,2.0,1.0,1.0,1.0,0.0,0.0,0.0,0.0,0.0,0.0,0.0,0.0,1.0,0.0,1.0,0.0,0.0,0.0,0.0,0.0,1.0,0.0,0.0
python-poetry/poetry,5673d4557d76208f30ce77e0ca6ea2d4f19a4165,2026-03-11T00:48:08+00:00,0,1,1.0,6.0,0.0,1.9459101490553132,1.0,0.0,0.0,1.0,0.0,0.0,0.0,0.0,0.0,0.0,0.0,0.0,1.0,0.0,0.0,0.0,0.0,1.0,1.0,0.0,0.0,0.0,0.0
python-poetry/poetry,0facb5c21ae2816854c7703069b0b7405be4cb13,2026-03-11T00:58:35+00:00,0,1,1.0,12.0,6.0,2.9444389791664403,1.0,0.0,0.0,1.0,0.0,0.0,0.0,0.0,0.0,0.0,0.0,0.0,1.0,0.0,1.0,0.0,0.0,0.0,2.0,0.0,0.0,0.0,0.0
python-poetry/poetry,b0d170ab54d33c26ed3d50f67d5bcfbdac0745be,2026-03-11T01:21:07+00:00,0,1,1.0,6.0,0.0,1.9459101490553132,1.0,0.0,0.0,1.0,0.0,0.0,0.0,0.0,0.0,0.0,0.0,0.0,1.0,0.0,0.0,0.0,0.0,2.0,3.0,0.0,1.0,0.0,0.0
python-poetry/poetry,8614fbce0b5d3b2c96f63611176167cb8d0a2b07,2026-03-11T01:26:43+00:00,0,1,1.0,5.0,0.0,1.791759469228055,1.0,0.0,0.0,1.0,0.0,0.0,0.0,0.0,0.0,0.0,0.0,0.0,1.0,0.0,0.0,0.0,0.0,3.0,4.0,0.0,1.0,0.0,0.0
python-poetry/poetry,b43a8b6875d01e461ac9cdc91b1dbceeba330498,2026-03-13T17:12:03+00:00,0,1,1.0,1.0,1.0,1.0986122886681098,0.0,1.0,1.0,0.0,0.0,0.0,0.0,0.0,0.0,0.0,1.0,0.0,1.0,0.0,0.0,0.0,0.0,1.0,0.0,0.0,0.0,0.0,0.0
python-poetry/poetry,7b6c7f313fc357c336bdc1a4a886ec1dcbca027e,2026-03-15T09:42:15+00:00,0,1,1.0,1.0,0.0,0.6931471805599453,0.0,1.0,1.0,0.0,0.0,0.0,0.0,0.0,0.0,0.0,1.0,0.0,0.0,0.0,0.0,0.0,0.0,2.0,1.0,0.0,1.0,0.0,0.0
python-poetry/poetry,03b92fc2e510a970a0377d447e87842b19f3033d,2026-03-15T09:45:20+00:00,0,1,1.0,2.0,2.0,1.6094379124341005,0.0,1.0,1.0,0.0,0.0,0.0,0.0,0.0,0.0,0.0,1.0,0.0,1.0,0.0,1.0,0.0,0.0,2.0,11.0,0.0,0.0,0.0,0.0
python-poetry/poetry,48e5ce0c06ae4eb5832641b3214cab945c892307,2026-03-15T09:58:02+00:00,0,1,1.0,2.0,2.0,1.6094379124341005,0.0,1.0,1.0,0.0,0.0,0.0,0.0,0.0,0.0,0.0,1.0,0.0,0.0,0.0,1.0,0.0,0.0,4.0,12.0,0.0,1.0,0.0,0.0
python-poetry/poetry,eb47e6d3b712ea06fac80f86021476bbfb17667b,2026-03-15T09:58:16+00:00,0,1,1.0,2.0,2.0,1.6094379124341005,0.0,0.0,0.0,0.0,1.0,0.0,0.0,0.0,0.0,0.0,0.0,1.0,1.0,0.0,0.0,0.0,0.0,5.0,1.0,0.0,0.0,0.0,0.0
python-poetry/poetry,a33643d3a12320b6b6da6e0c38ed1e802fdb4315,2026-03-15T10:05:40+00:00,0,1,1.0,3.0,1.0,1.6094379124341005,0.0,0.0,0.0,0.0,1.0,0.0,0.0,0.0,0.0,0.0,0.0,1.0,1.0,0.0,1.0,0.0,0.0,6.0,13.0,0.0,1.0,0.0,0.0
python-poetry/poetry,afd03cc338e29b3b38e73daeae50e274492d4a1e,2026-03-15T10:31:37+00:00,0,1,1.0,2.0,1.0,1.3862943611198906,0.0,0.0,0.0,0.0,1.0,0.0,0.0,0.0,0.0,0.0,0.0,1.0,1.0,0.0,0.0,0.0,0.0,7.0,14.0,0.0,1.0,0.0,0.0
python-poetry/poetry,2c270050111bf57bed83b76e73e11292d13665e7,2026-03-15T10:36:44+00:00,0,1,1.0,12.0,0.0,2.5649493574615367,0.0,0.0,0.0,0.0,1.0,0.0,0.0,0.0,0.0,0.0,0.0,1.0,0.0,0.0,0.0,0.0,0.0,8.0,2.0,0.0,1.0,0.0,0.0
python-poetry/poetry,ff542f9abe01fe05fa8ce750b80156fdbf31e493,2026-03-16T21:40:44+00:00,0,2,1.0,2.0,2.0,1.6094379124341005,0.0,0.0,0.0,0.0,0.0,0.0,1.0,0.0,0.0,0.0,0.0,0.0,1.0,0.0,0.0,0.0,0.0,9.0,8.0,0.0,1.0,0.0,0.0
python-poetry/poetry,aa866ed021f88c1598acdcdb24e7400e428f19d2,2026-03-19T16:10:16+00:00,0,1,1.0,14.0,16.0,3.4339872044851463,3.0,0.0,0.0,1.0,0.0,0.0,0.0,0.0,0.0,0.0,0.0,0.0,1.0,0.0,0.0,0.0,0.0,1.0,5.0,0.0,1.0,0.0,0.0
python-poetry/poetry,edc596c6e6fcb3b36172fbfb8c868dcd2b6596ba,2026-03-19T16:53:10+00:00,0,1,1.0,10.0,5.0,2.772588722239781,1.0,0.0,0.0,1.0,0.0,0.0,0.0,0.0,0.0,0.0,0.0,0.0,1.0,0.0,0.0,0.0,0.0,2.0,6.0,0.0,1.0,0.0,0.0
python-poetry/poetry,2bc73fec447554d2af823a3894556361e0c7837e,2026-03-20T03:12:17+00:00,0,1,1.0,8.0,9.0,2.8903717578961645,1.0,1.0,1.0,0.0,0.0,0.0,0.0,0.0,0.0,0.0,1.0,0.0,1.0,0.0,1.0,0.0,0.0,1.0,0.0,0.0,1.0,0.0,0.0
python-poetry/poetry,5623aae0f057e6eadb17fa4d4e9e1fa5e7f6492a,2026-03-20T18:43:44+00:00,0,1,1.0,10.0,5.0,2.772588722239781,1.0,0.0,0.0,1.0,0.0,0.0,0.0,0.0,0.0,0.0,0.0,0.0,1.0,0.0,0.0,0.0,0.0,3.0,7.0,0.0,0.0,0.0,0.0
python-poetry/poetry,f5751c712bf5d25a44524de968e695a4be2e67ba,2026-03-21T00:07:50+00:00,0,1,1.0,7.0,3.0,2.3978952727983707,1.0,1.0,1.0,0.0,0.0,0.0,0.0,0.0,0.0,0.0,1.0,0.0,1.0,0.0,0.0,0.0,0.0,2.0,1.0,0.0,0.0,0.0,0.0
python-poetry/poetry,09ab0b4ec3586b3dc24a5dbcb5dbedb39baffb6f,2026-03-21T08:48:29+00:00,0,1,1.0,2.0,4.0,1.9459101490553132,1.0,0.0,0.0,1.0,0.0,0.0,0.0,0.0,0.0,0.0,0.0,0.0,1.0,0.0,0.0,0.0,0.0,4.0,15.0,0.0,1.0,0.0,0.0
python-poetry/poetry,157715887a0c538aec3ecc600467674818e0731e,2026-03-21T09:02:59+00:00,0,1,1.0,33.0,0.0,3.5263605246161616,1.0,0.0,0.0,1.0,0.0,0.0,0.0,0.0,0.0,0.0,0.0,0.0,0.0,0.0,0.0,0.0,0.0,5.0,8.0,0.0,1.0,0.0,0.0
python-poetry/poetry,157a5a90fe5d32d606e5e8f52658e91f458c75ac,2026-03-21T09:15:57+00:00,0,1,3.0,66.0,4.0,4.2626798770413155,5.0,1.0,1.0,2.0,0.0,0.0,0.0,0.0,0.0,0.0,0.0,0.0,1.0,0.0,0.0,0.0,0.0,0.0,16.0,0.0,1.0,0.0,0.0
python-poetry/poetry,97f2ebb68464cefeaf4150380ac81f758ad64737,2026-03-21T09:42:04+00:00,0,1,3.0,68.0,4.0,4.290459441148391,5.0,1.0,1.0,2.0,0.0,0.0,0.0,0.0,0.0,0.0,0.0,0.0,1.0,0.0,0.0,0.0,0.0,1.0,17.0,0.0,1.0,0.0,0.0
python-poetry/poetry,e34c55adef23ea3a91cf75d347d253eac7c49037,2026-03-21T12:04:30+00:00,0,1,1.0,5.0,0.0,1.791759469228055,1.0,0.0,0.0,1.0,0.0,0.0,0.0,0.0,0.0,0.0,0.0,0.0,1.0,0.0,0.0,0.0,0.0,4.0,9.0,0.0,0.0,0.0,0.0
python-poetry/poetry,672029018efd84a273be1501d4357e291784d84b,2026-03-22T11:53:48+00:00,0,1,2.0,2.0,2.0,1.6094379124341005,2.0,1.0,1.0,1.0,0.0,0.0,0.0,0.0,0.0,0.0,0.0,0.0,1.0,0.0,0.0,0.0,0.0,4.0,10.0,0.0,0.0,0.0,0.0
python-poetry/poetry,4b0d0a1014df62b249c3249234030c9ab2e650e3,2026-03-22T23:26:37+00:00,0,1,1.0,244.0,57.0,5.71042701737487,30.0,0.0,0.0,1.0,0.0,0.0,0.0,0.0,0.0,0.0,0.0,0.0,1.0,0.0,0.0,0.0,0.0,6.0,0.0,0.0,1.0,0.0,0.0
python-poetry/poetry,76f9157a1db4201f5958e5debce07ee3a13d0d1e,2026-03-23T15:43:28+00:00,0,1,2.0,44.0,0.0,3.80666248977032,3.0,1.0,1.0,1.0,0.0,0.0,0.0,0.0,0.0,0.0,0.0,0.0,1.0,0.0,1.0,0.0,0.0,2.0,11.0,0.0,1.0,0.0,0.0
python-poetry/poetry,15b6433678e10a0347aa4fa98c9dfa8c27d386f4,2026-03-23T16:14:26+00:00,0,1,2.0,9.0,5.0,2.70805020110221,3.0,1.0,1.0,1.0,0.0,0.0,0.0,0.0,0.0,0.0,0.0,0.0,1.0,0.0,0.0,0.0,0.0,3.0,12.0,0.0,1.0,0.0,0.0
python-poetry/poetry,fb652bedf091326209a2d8b90b5c84e60845cf67,2026-03-23T21:07:11+00:00,0,2,1.0,2.0,2.0,1.6094379124341005,0.0,0.0,0.0,0.0,0.0,0.0,1.0,0.0,0.0,0.0,0.0,0.0,1.0,0.0,0.0,0.0,0.0,10.0,9.0,0.0,1.0,0.0,0.0
python-poetry/poetry,dd961c371dd48ba89db5be21a690c610a68ea0b1,2026-03-24T12:47:36+00:00,0,1,2.0,21.0,1.0,3.1354942159291497,2.0,1.0,1.0,1.0,0.0,0.0,0.0,0.0,0.0,0.0,0.0,0.0,1.0,0.0,1.0,0.0,0.0,0.0,0.0,0.0,1.0,0.0,0.0
python-poetry/poetry,5780ee5d6ad5051a79587bb85db04cca2455205a,2026-03-24T13:53:01+00:00,0,1,1.0,2.0,1.0,1.3862943611198906,1.0,0.0,0.0,1.0,0.0,0.0,0.0,0.0,0.0,0.0,0.0,0.0,1.0,0.0,1.0,0.0,0.0,1.0,1.0,0.0,1.0,0.0,0.0
python-poetry/poetry,4466bb2c4f32deba1bfc1fcb9e9b62a9d35b59b5,2026-03-24T20:55:27+00:00,0,1,5.0,335.0,24.0,5.886104031450156,18.0,2.0,3.0,2.0,0.0,0.0,0.0,0.0,0.0,0.0,0.0,0.0,1.0,0.0,0.0,0.0,0.0,0.0,0.0,0.0,1.0,0.0,0.0
python-poetry/poetry,ac38f0cdcd8f7426025ffad267046d030ef51c6d,2026-03-25T02:21:07+00:00,0,1,1.0,1.0,1.0,1.0986122886681098,0.0,0.0,0.0,0.0,1.0,0.0,0.0,0.0,0.0,0.0,0.0,1.0,1.0,0.0,1.0,0.0,0.0,9.0,0.0,0.0,1.0,0.0,0.0
python-poetry/poetry,8a3a78ba6c869f0d2747e70787ce28b68fb2a458,2026-03-25T02:24:02+00:00,0,1,3.0,41.0,4.0,3.828641396489095,4.0,2.0,2.0,1.0,0.0,0.0,0.0,0.0,0.0,0.0,0.0,0.0,1.0,0.0,1.0,0.0,0.0,2.6666666666666665,0.0,0.0,1.0,0.0,0.0
python-poetry/poetry,40bec93fec0425563b52e3175dfcc3d07b936cc4,2026-03-25T16:07:07+00:00,0,1,1.0,1.0,1.0,1.0986122886681098,0.0,0.0,0.0,0.0,1.0,0.0,0.0,0.0,0.0,0.0,0.0,1.0,0.0,0.0,1.0,0.0,0.0,10.0,1.0,0.0,1.0,0.0,0.0
python-poetry/poetry,96883826998f964ae12963fac0b4751bedd04b50,2026-03-25T16:10:52+00:00,0,1,1.0,1.0,1.0,1.0986122886681098,0.0,0.0,0.0,0.0,1.0,0.0,0.0,0.0,0.0,0.0,0.0,1.0,0.0,0.0,1.0,0.0,0.0,11.0,2.0,0.0,0.0,0.0,0.0
python-poetry/poetry,eb3f4b08cca20a9fff91ccdbd1eef26f52d5e544,2026-03-25T18:04:21+00:00,0,1,2.0,47.0,0.0,3.871201010907891,3.0,1.0,1.0,1.0,0.0,0.0,0.0,0.0,0.0,0.0,0.0,0.0,1.0,0.0,1.0,0.0,0.0,0.0,0.0,0.0,1.0,0.0,0.0
python-poetry/poetry,c04dc133f68c600c784c8e67a13715b67c16fc17,2026-03-25T18:13:13+00:00,0,1,1.0,2.0,0.0,1.0986122886681098,0.0,0.0,0.0,0.0,1.0,0.0,0.0,0.0,0.0,0.0,0.0,1.0,1.0,0.0,1.0,0.0,0.0,0.0,1.0,0.0,1.0,0.0,0.0
python-poetry/poetry,941a9c207515fa900a18d31becd1b0013ce358f4,2026-03-25T18:27:51+00:00,0,1,2.0,4.0,1.0,1.791759469228055,1.0,1.0,1.0,1.0,0.0,0.0,0.0,0.0,0.0,0.0,0.0,0.0,1.0,0.0,1.0,0.0,0.0,1.0,10.0,0.0,1.0,0.0,0.0
python-poetry/poetry,3a5e71896cc9b36baf552c1d3529075d4ec7e06c,2026-03-28T04:03:19+00:00,0,1,4.0,20.0,20.0,3.713572066704308,19.0,2.0,2.0,2.0,0.0,0.0,0.0,0.0,0.0,0.0,0.0,0.0,1.0,0.0,0.0,0.0,0.0,0.75,0.0,0.0,1.0,0.0,0.0
python-poetry/poetry,a35955f4239c129d7599feed8e3a3c39befb4176,2026-03-28T09:38:11+00:00,0,1,3.0,52.0,0.0,3.970291913552122,3.0,1.0,1.0,1.0,1.0,0.0,0.0,0.0,0.0,0.0,0.0,0.0,0.0,0.0,1.0,0.0,0.0,1.6666666666666667,0.0,0.0,1.0,0.0,0.0
python-poetry/poetry,af9aac946caf4de8b74762efadec23641bae9d18,2026-03-28T11:25:26+00:00,0,1,1.0,2.0,4.0,1.9459101490553132,1.0,1.0,1.0,0.0,0.0,0.0,0.0,0.0,0.0,0.0,1.0,0.0,1.0,0.0,0.0,0.0,0.0,5.0,18.0,0.0,0.0,0.0,0.0
python-poetry/poetry,020616502b66d336de483d3c527f72e26718feb1,2026-03-28T11:33:02+00:00,0,1,3.0,34.0,11.0,3.828641396489095,4.0,2.0,2.0,1.0,0.0,0.0,0.0,0.0,0.0,0.0,0.0,0.0,0.0,0.0,1.0,0.0,0.0,4.0,1.0,0.0,1.0,0.0,0.0
python-poetry/poetry,99468137c92c06fcde74d729d8a985543c5e403b,2026-03-28T11:35:13+00:00,0,1,3.0,68.0,4.0,4.290459441148391,5.0,1.0,1.0,2.0,0.0,0.0,0.0,0.0,0.0,0.0,0.0,0.0,1.0,0.0,0.0,0.0,0.0,4.333333333333333,19.0,0.0,0.0,0.0,0.0
python-poetry/poetry,1a0fe5d55fb941dd2ca0bd9ee90f671cc3e63494,2026-03-28T12:15:01+00:00,0,1,2.0,11.0,11.0,3.1354942159291497,2.0,1.0,1.0,1.0,0.0,0.0,0.0,0.0,0.0,0.0,0.0,0.0,1.0,0.0,0.0,0.0,0.0,5.0,20.0,0.0,0.0,0.0,0.0
python-poetry/poetry,0b812842e40ed086d6ab62b7ac9c3eedf768d5e0,2026-03-28T12:21:22+00:00,0,1,2.0,44.0,7.0,3.951243718581427,2.0,1.0,1.0,1.0,0.0,0.0,0.0,0.0,0.0,0.0,0.0,0.0,0.0,0.0,1.0,0.0,0.0,6.0,13.0,0.0,1.0,0.0,0.0
python-poetry/poetry,31d8aadc23e564d4b785671a17dca760290938ef,2026-03-28T12:21:33+00:00,0,1,3.0,68.0,4.0,4.290459441148391,5.0,1.0,1.0,2.0,0.0,0.0,0.0,0.0,0.0,0.0,0.0,0.0,1.0,0.0,0.0,0.0,0.0,6.0,21.0,0.0,0.0,0.0,0.0
python-poetry/poetry,8f6d38244bc71642dd9054fe8f0a25471ffb2bd7,2026-03-28T12:37:47+00:00,0,1,3.0,68.0,4.0,4.290459441148391,5.0,1.0,1.0,2.0,0.0,0.0,0.0,0.0,0.0,0.0,0.0,0.0,0.0,0.0,0.0,0.0,0.0,7.0,22.0,0.0,1.0,0.0,0.0
python-poetry/poetry,53dc65a88264def005200a18180752100f3b9a22,2026-03-28T12:42:31+00:00,0,1,1.0,5.0,3.0,2.1972245773362196,1.0,1.0,1.0,0.0,0.0,0.0,0.0,0.0,0.0,1.0,1.0,0.0,1.0,0.0,1.0,0.0,0.0,1.0,1.0,0.0,0.0,0.0,0.0
python-poetry/poetry,1449345a57f3b72cf8c14dd89b6502732aa10345,2026-03-28T12:50:02+00:00,0,1,1.0,5.0,3.0,2.1972245773362196,1.0,1.0,1.0,0.0,0.0,0.0,0.0,0.0,0.0,1.0,1.0,0.0,0.0,0.0,1.0,0.0,0.0,2.0,1.0,0.0,1.0,0.0,0.0
python-poetry/poetry,2ff2845af03539c98d2279b46074c908594427c4,2026-03-28T16:36:25+00:00,0,1,1.0,5.0,3.0,2.1972245773362196,1.0,1.0,1.0,0.0,0.0,0.0,0.0,0.0,0.0,1.0,1.0,0.0,0.0,0.0,1.0,0.0,0.0,3.0,2.0,0.0,0.0,0.0,0.0
python-poetry/poetry,81d8e835264a3debe6bf63100c460fff4cab9ccb,2026-03-28T20:08:23+00:00,0,1,1.0,1.0,1.0,1.0986122886681098,1.0,1.0,1.0,0.0,0.0,0.0,0.0,0.0,0.0,0.0,1.0,0.0,1.0,0.0,1.0,0.0,0.0,2.0,1.0,0.0,1.0,0.0,0.0
python-poetry/poetry,b9ac071261a5f5d8239f4cdd510931556cef8cfb,2026-03-29T05:46:52+00:00,0,1,1.0,1.0,1.0,1.0986122886681098,1.0,1.0,1.0,0.0,0.0,0.0,0.0,0.0,0.0,0.0,1.0,0.0,1.0,0.0,1.0,0.0,0.0,3.0,2.0,0.0,0.0,0.0,0.0
python-poetry/poetry,afb12f6ea17cd709ab73a21b931bb293e7d97280,2026-03-29T05:53:10+00:00,0,1,3.0,19.0,19.0,3.6635616461296463,18.0,1.0,1.0,2.0,0.0,0.0,0.0,0.0,0.0,0.0,0.0,0.0,0.0,0.0,0.0,0.0,0.0,1.6666666666666667,3.0,0.0,1.0,0.0,0.0
python-poetry/poetry,0041c1d312978df8a18f4227c98c755a34dfb768,2026-03-29T07:49:19+00:00,0,1,2.0,6.0,6.0,2.5649493574615367,0.0,0.0,0.0,0.0,0.0,2.0,0.0,0.0,0.0,0.0,0.0,0.0,1.0,0.0,0.0,0.0,0.0,0.0,23.0,0.0,1.0,0.0,0.0
python-poetry/poetry,f3c6f3c90473e9d49ab985e4ee072f72de79cb3f,2026-03-29T07:55:51+00:00,0,1,2.0,6.0,6.0,2.5649493574615367,0.0,0.0,0.0,0.0,0.0,2.0,0.0,0.0,0.0,0.0,0.0,0.0,0.0,0.0,0.0,0.0,0.0,1.0,24.0,0.0,1.0,0.0,0.0
python-poetry/poetry,f054a05a5cfbbde28d41d388b71b8161ec334634,2026-03-29T08:02:48+00:00,0,1,49.0,746.0,2.0,6.618738983517219,0.0,0.0,0.0,49.0,0.0,0.0,48.0,0.0,1.0,0.0,0.0,0.0,1.0,0.0,0.0,0.0,0.0,0.0204081632653061,25.0,0.0,1.0,0.0,0.0
python-poetry/poetry,689ac7b249d047ad57598cfe505fd4de66d8617f,2026-03-29T08:11:16+00:00,0,1,49.0,746.0,2.0,6.618738983517219,0.0,0.0,0.0,49.0,0.0,0.0,48.0,0.0,1.0,0.0,0.0,0.0,0.0,0.0,0.0,0.0,0.0,1.020408163265306,26.0,0.0,1.0,0.0,0.0
python-poetry/poetry,70d3bcf45ddc723a7fe256660a245e1d284ec518,2026-03-29T08:15:33+00:00,0,1,2.0,56.0,1.0,4.060443010546419,4.0,1.0,1.0,1.0,0.0,0.0,0.0,0.0,0.0,0.0,0.0,0.0,1.0,0.0,1.0,0.0,0.0,0.0,26.0,0.0,0.0,0.0,0.0
python-poetry/poetry,ed59537ac3709cfbdbf95d957de801c13872991a,2026-03-29T08:24:21+00:00,0,1,2.0,56.0,1.0,4.060443010546419,4.0,1.0,1.0,1.0,0.0,0.0,0.0,0.0,0.0,0.0,0.0,0.0,0.0,0.0,1.0,0.0,0.0,1.0,28.0,0.0,1.0,0.0,0.0
python-poetry/poetry,e068177d1bfef65de4c55cf71c36de27057f10e7,2026-03-29T08:26:41+00:00,0,1,2.0,56.0,1.0,4.060443010546419,4.0,1.0,1.0,1.0,0.0,0.0,0.0,0.0,0.0,0.0,0.0,0.0,0.0,0.0,1.0,0.0,0.0,1.0,28.0,0.0,0.0,0.0,0.0
python-poetry/poetry,0b9e540e4e4215f0979226c0bc849e33b0b44dd8,2026-03-29T11:25:25+00:00,0,1,6.0,111.0,8.0,4.787491742782046,8.0,5.0,5.0,1.0,0.0,0.0,0.0,0.0,0.0,0.0,0.0,0.0,1.0,0.0,1.0,0.0,0.0,0.8333333333333334,30.0,0.0,1.0,0.0,0.0
python-poetry/poetry,ba4b185a41cd378f64ed52da7a2e7559749a323c,2026-03-29T11:37:50+00:00,0,1,6.0,116.0,8.0,4.8283137373023015,8.0,5.0,5.0,1.0,0.0,0.0,0.0,0.0,0.0,0.0,0.0,0.0,1.0,0.0,1.0,0.0,0.0,1.8333333333333333,31.0,0.0,1.0,0.0,0.0
python-poetry/poetry,a16fbb1750545d70b59c61f3ef9bdb4e0c26bfd3,2026-03-29T11:48:32+00:00,0,1,6.0,116.0,8.0,4.8283137373023015,8.0,5.0,5.0,1.0,0.0,0.0,0.0,0.0,0.0,0.0,0.0,0.0,0.0,0.0,1.0,0.0,0.0,2.8333333333333335,32.0,0.0,1.0,0.0,0.0
python-poetry/poetry,89f09aad49ed7e6223ea2b8ebdf941e87bb5d5c6,2026-03-29T11:54:50+00:00,0,1,6.0,116.0,8.0,4.8283137373023015,8.0,5.0,5.0,1.0,0.0,0.0,0.0,0.0,0.0,0.0,0.0,0.0,0.0,0.0,1.0,0.0,0.0,3.8333333333333335,33.0,0.0,1.0,0.0,0.0
python-poetry/poetry,339ec4b1d808b369afc8ee9b36d8cbdf21c32ff5,2026-03-29T11:57:44+00:00,0,1,2.0,38.0,2.0,3.713572066704308,0.0,0.0,0.0,0.0,1.0,1.0,0.0,0.0,0.0,0.0,0.0,0.0,1.0,0.0,0.0,0.0,0.0,1.0,33.0,0.0,0.0,0.0,0.0
python-poetry/poetry,3d0151ac03b5286e557ed1518b815ad225d52cb0,2026-03-29T12:13:31+00:00,0,2,2.0,38.0,2.0,3.713572066704308,0.0,0.0,0.0,0.0,1.0,1.0,0.0,0.0,0.0,0.0,0.0,0.0,0.0,0.0,0.0,0.0,0.0,2.0,35.0,0.0,1.0,0.0,0.0
python-poetry/poetry,8690efa55cb18f97ab4b01cff336ac687c01ae8e,2026-03-29T12:27:25+00:00,0,1,2.0,38.0,2.0,3.713572066704308,0.0,0.0,0.0,0.0,1.0,1.0,0.0,0.0,0.0,0.0,0.0,0.0,1.0,0.0,0.0,0.0,0.0,2.0,35.0,0.0,1.0,0.0,0.0
python-poetry/poetry,95cd84c149a14b55ae8e41328bc6752fbb8b6883,2026-03-29T12:42:02+00:00,0,1,2.0,38.0,2.0,3.713572066704308,0.0,0.0,0.0,0.0,1.0,1.0,0.0,0.0,0.0,0.0,0.0,0.0,0.0,0.0,0.0,0.0,0.0,3.0,36.0,0.0,1.0,0.0,0.0
python-poetry/poetry,c5466ffb7d0638ea2cd25385a46c50cd001a9718,2026-03-29T17:49:57+00:00,0,1,2.0,1.0,110.0,4.718498871295094,0.0,0.0,0.0,2.0,0.0,0.0,1.0,0.0,0.0,0.0,0.0,0.0,1.0,0.0,0.0,0.0,0.0,2.0,1.0,0.0,0.0,0.0,0.0
python-poetry/poetry,b8b9edf23d25055d9bb92f7bbdc11e875a9ba6ae,2026-03-29T19:35:46+00:00,0,1,1.0,7.0,0.0,2.0794415416798357,1.0,1.0,1.0,0.0,0.0,0.0,0.0,0.0,0.0,0.0,1.0,0.0,1.0,0.0,1.0,0.0,0.0,4.0,0.0,0.0,1.0,0.0,0.0
python-poetry/poetry,687895faa5ef2294dc3d902d4621642a9775d73b,2026-03-30T14:17:32+00:00,0,1,1.0,2.0,1.0,1.3862943611198906,1.0,1.0,1.0,0.0,0.0,0.0,0.0,0.0,0.0,0.0,1.0,0.0,1.0,0.0,1.0,0.0,0.0,0.0,2.0,0.0,1.0,0.0,0.0
python-poetry/poetry,03e39ed6e003032ba0b61edb09c9410ad4213a22,2026-03-30T14:18:53+00:00,0,1,1.0,1.0,1.0,1.0986122886681098,1.0,1.0,1.0,0.0,0.0,0.0,0.0,0.0,0.0,0.0,1.0,0.0,1.0,0.0,1.0,0.0,0.0,5.0,2.0,0.0,1.0,0.0,0.0
python-poetry/poetry,17bda58163eb235db6fc301d07d673259e10ff97,2026-03-30T14:20:06+00:00,0,1,2.0,52.0,22.0,4.31748811353631,2.0,1.0,1.0,1.0,0.0,0.0,0.0,0.0,0.0,0.0,0.0,0.0,1.0,0.0,1.0,0.0,0.0,0.0,2.0,0.0,1.0,0.0,0.0
python-poetry/poetry,510c55b5abc099a682a1bf88da1edfdd61cbcb27,2026-03-30T14:21:09+00:00,0,1,2.0,26.0,2.0,3.367295829986474,3.0,1.0,1.0,1.0,0.0,0.0,0.0,0.0,0.0,0.0,0.0,0.0,1.0,0.0,1.0,0.0,0.0,7.0,2.0,0.0,1.0,0.0,0.0
python-poetry/poetry,83ce2e731bccb1ef8f73b3b3edfdb23f40e9ab92,2026-03-30T14:22:13+00:00,0,1,2.0,29.0,1.0,3.4339872044851463,2.0,1.0,1.0,1.0,0.0,0.0,0.0,0.0,0.0,0.0,0.0,0.0,1.0,0.0,1.0,0.0,0.0,0.0,2.0,0.0,1.0,0.0,0.0
python-poetry/poetry,982e4a681c52b246772748ea065895555f5a1a04,2026-03-30T14:22:26+00:00,0,1,2.0,24.0,1.0,3.258096538021482,2.0,1.0,1.0,1.0,0.0,0.0,0.0,0.0,0.0,0.0,0.0,0.0,1.0,0.0,1.0,0.0,0.0,0.0,2.0,0.0,1.0,0.0,0.0
python-poetry/poetry,a3175c10583d9a8b116653e050b6567da12a41d5,2026-03-30T14:22:42+00:00,0,1,2.0,9.0,3.0,2.5649493574615367,2.0,1.0,1.0,1.0,0.0,0.0,0.0,0.0,0.0,0.0,0.0,0.0,1.0,0.0,1.0,0.0,0.0,0.0,2.0,0.0,1.0,0.0,0.0
python-poetry/poetry,cd9ef9e6899f1df3507e608d6c8f138d11fd74e9,2026-03-30T14:23:10+00:00,0,1,2.0,31.0,2.0,3.5263605246161616,2.0,1.0,1.0,1.0,0.0,0.0,0.0,0.0,0.0,0.0,0.0,0.0,1.0,0.0,1.0,0.0,0.0,3.5,2.0,0.0,1.0,0.0,0.0
python-poetry/poetry,d4c3537ca13c8b833b11489fda741e4615ea3b45,2026-03-30T14:24:15+00:00,0,1,3.0,41.0,2.0,3.784189633918261,3.0,2.0,2.0,1.0,0.0,0.0,0.0,0.0,0.0,0.0,0.0,0.0,1.0,0.0,1.0,0.0,0.0,0.6666666666666666,2.0,0.0,1.0,0.0,0.0
python-poetry/poetry,d93db234ccc53508f9cf1b95e44133e2714fdec0,2026-03-30T14:24:38+00:00,0,1,2.0,93.0,7.0,4.61512051684126,3.0,1.0,1.0,1.0,0.0,0.0,0.0,0.0,0.0,0.0,0.0,0.0,1.0,0.0,1.0,0.0,0.0,2.0,2.0,0.0,1.0,0.0,0.0
python-poetry/poetry,a608025acacbda8051d2da7dc7144e736d2926f6,2026-03-30T14:33:03+00:00,0,1,2.0,15.0,3.0,2.9444389791664403,2.0,1.0,1.0,1.0,0.0,0.0,0.0,0.0,0.0,0.0,0.0,0.0,1.0,0.0,1.0,0.0,0.0,0.0,4.0,0.0,1.0,0.0,0.0
python-poetry/poetry,eca86266b45122c7f187d211474d8ff5a484c8c2,2026-03-30T14:37:21+00:00,0,1,2.0,39.0,1.0,3.713572066704308,2.0,1.0,1.0,1.0,0.0,0.0,0.0,0.0,0.0,0.0,0.0,0.0,1.0,0.0,1.0,0.0,0.0,2.0,4.0,0.0,1.0,0.0,0.0
python-poetry/poetry,ead674b4036eb7f24e7057ae3d8b39675c9630a1,2026-03-30T17:59:18+00:00,0,1,1.0,2.0,1.0,1.3862943611198906,1.0,1.0,1.0,0.0,0.0,0.0,0.0,0.0,0.0,0.0,1.0,0.0,0.0,0.0,1.0,0.0,0.0,1.0,14.0,0.0,1.0,0.0,0.0
python-poetry/poetry,3def841a703297cae84b3fb26a44ac72114d72fa,2026-03-30T18:01:08+00:00,0,1,1.0,1.0,1.0,1.0986122886681098,1.0,1.0,1.0,0.0,0.0,0.0,0.0,0.0,0.0,0.0,1.0,0.0,1.0,0.0,1.0,0.0,0.0,7.0,14.0,0.0,0.0,0.0,0.0
python-poetry/poetry,b760721672011534ca3607d17e3bf61a4dc6ed90,2026-03-30T18:08:43+00:00,0,1,1.0,1.0,1.0,1.0986122886681098,1.0,1.0,1.0,0.0,0.0,0.0,0.0,0.0,0.0,0.0,1.0,0.0,0.0,0.0,1.0,0.0,0.0,8.0,16.0,0.0,1.0,0.0,0.0
python-poetry/poetry,b7728339bde2437784b972cb3de119eccf768aa0,2026-03-30T21:03:20+00:00,0,1,1.0,7.0,0.0,2.0794415416798357,1.0,1.0,1.0,0.0,0.0,0.0,0.0,0.0,0.0,0.0,1.0,0.0,1.0,0.0,1.0,0.0,0.0,5.0,0.0,0.0,1.0,0.0,0.0
python-poetry/poetry,dbf7bf02cd5f740dc73a526a546827b66818dfa6,2026-03-30T21:06:44+00:00,0,2,1.0,2.0,2.0,1.6094379124341005,0.0,0.0,0.0,0.0,0.0,0.0,1.0,0.0,0.0,0.0,0.0,0.0,1.0,0.0,0.0,0.0,0.0,11.0,11.0,0.0,1.0,0.0,0.0
python-poetry/poetry,ed2e81aa82185f31570dcce1e0d66e4870363b33,2026-03-31T03:53:50+00:00,0,1,2.0,24.0,1.0,3.258096538021482,2.0,1.0,1.0,1.0,0.0,0.0,0.0,0.0,0.0,0.0,0.0,0.0,1.0,0.0,1.0,0.0,0.0,1.0,17.0,0.0,1.0,0.0,0.0
python-poetry/poetry,89aaee9d60cae20775d3c40e4f243f9945f718e1,2026-03-31T04:00:28+00:00,0,1,2.0,24.0,1.0,3.258096538021482,2.0,1.0,1.0,1.0,0.0,0.0,0.0,0.0,0.0,0.0,0.0,0.0,0.0,0.0,1.0,0.0,0.0,2.0,18.0,0.0,1.0,0.0,0.0
python-poetry/poetry,1390662c519b7f8ad404266447928f57f1bafc29,2026-03-31T04:42:36+00:00,0,1,2.0,24.0,1.0,3.258096538021482,2.0,1.0,1.0,1.0,0.0,0.0,0.0,0.0,0.0,0.0,0.0,0.0,1.0,1.0,1.0,0.0,0.0,3.0,0.0,0.0,1.0,0.0,0.0
python-poetry/poetry,edb2e6e3daf98cdb6c0d60444560b2f829cbec6c,2026-03-31T10:06:44+00:00,0,1,4.0,27.0,3.0,3.4339872044851463,4.0,3.0,3.0,1.0,0.0,0.0,0.0,0.0,0.0,0.0,0.0,0.0,1.0,1.0,1.0,0.0,0.0,4.75,1.0,0.0,1.0,0.0,0.0
python-poetry/poetry,378c693f0e63da2c4669b2158c31ecadfa619587,2026-03-31T10:13:38+00:00,0,1,3.0,41.0,2.0,3.784189633918261,3.0,2.0,2.0,1.0,0.0,0.0,0.0,0.0,0.0,0.0,0.0,0.0,0.0,0.0,1.0,0.0,0.0,1.6666666666666667,19.0,0.0,1.0,0.0,0.0
python-poetry/poetry,e6bd47231d0e576e49785595afeff83698564f62,2026-03-31T15:54:20+00:00,0,1,1.0,6.0,1.0,2.0794415416798357,1.0,0.0,0.0,1.0,0.0,0.0,0.0,0.0,0.0,0.0,0.0,0.0,1.0,0.0,0.0,0.0,0.0,1.0,38.0,0.0,0.0,0.0,0.0
python-poetry/poetry,35eb5025dc7374db74ef26ce32a0e70f54d2e3b6,2026-03-31T16:07:19+00:00,0,1,2.0,44.0,1.0,3.828641396489095,2.0,1.0,1.0,1.0,0.0,0.0,0.0,0.0,0.0,0.0,0.0,0.0,0.0,0.0,1.0,0.0,0.0,3.5,20.0,0.0,1.0,0.0,0.0
python-poetry/poetry,f08d4dad8dc60520aea84462d1dbd965818321aa,2026-03-31T16:08:11+00:00,0,1,2.0,15.0,3.0,2.9444389791664403,2.0,1.0,1.0,1.0,0.0,0.0,0.0,0.0,0.0,0.0,0.0,0.0,1.0,0.0,1.0,0.0,0.0,1.0,20.0,0.0,0.0,0.0,0.0
python-poetry/poetry,b8383e3cda4e7336eb9048b1e7388b5b914a4653,2026-03-31T16:15:10+00:00,0,1,2.0,15.0,3.0,2.9444389791664403,2.0,1.0,1.0,1.0,0.0,0.0,0.0,0.0,0.0,0.0,0.0,0.0,0.0,0.0,1.0,0.0,0.0,2.0,22.0,0.0,1.0,0.0,0.0
python-poetry/poetry,c9ff9cc20238758bad0a68f53a2555e6b60711e4,2026-03-31T16:19:04+00:00,0,1,2.0,31.0,2.0,3.5263605246161616,2.0,1.0,1.0,1.0,0.0,0.0,0.0,0.0,0.0,0.0,0.0,0.0,1.0,0.0,1.0,0.0,0.0,6.5,22.0,0.0,0.0,0.0,0.0
python-poetry/poetry,3f7feee6985853ee3bda6c92465273738a94b628,2026-03-31T16:26:40+00:00,0,1,2.0,31.0,2.0,3.5263605246161616,2.0,1.0,1.0,1.0,0.0,0.0,0.0,0.0,0.0,0.0,0.0,0.0,0.0,0.0,1.0,0.0,0.0,7.5,24.0,0.0,1.0,0.0,0.0
python-poetry/poetry,4febe9059c65586c91b4c4f12d7b9eeb444ee736,2026-03-31T16:27:45+00:00,0,1,1.0,11.0,11.0,3.1354942159291497,1.0,1.0,1.0,0.0,0.0,0.0,0.0,0.0,0.0,0.0,1.0,0.0,1.0,0.0,0.0,0.0,0.0,5.0,39.0,0.0,0.0,0.0,0.0
python-poetry/poetry,e54180064368c2f9d9ad5ff4771d8b33538cc372,2026-03-31T16:34:43+00:00,0,1,2.0,101.0,15.0,4.762173934797756,3.0,1.0,1.0,1.0,0.0,0.0,0.0,0.0,0.0,0.0,0.0,0.0,0.0,0.0,1.0,0.0,0.0,3.5,24.0,0.0,0.0,0.0,0.0
python-poetry/poetry,4ee275cab50c5921ee9a194c5a4656131e5b06ca,2026-03-31T16:37:56+00:00,0,1,2.0,9.0,3.0,2.5649493574615367,2.0,1.0,1.0,1.0,0.0,0.0,0.0,0.0,0.0,0.0,0.0,0.0,1.0,0.0,1.0,0.0,0.0,1.0,24.0,0.0,0.0,0.0,0.0
python-poetry/poetry,e6f1ded9902d1fa17fc74e6562cb423e84fa7752,2026-03-31T16:46:29+00:00,0,1,2.0,9.0,3.0,2.5649493574615367,2.0,1.0,1.0,1.0,0.0,0.0,0.0,0.0,0.0,0.0,0.0,0.0,0.0,0.0,1.0,0.0,0.0,2.0,26.0,0.0,1.0,0.0,0.0
python-poetry/poetry,c9cccf53eda38d52407eb520e6567abc1972dabe,2026-03-31T19:06:04+00:00,0,1,13.0,241.0,27.0,5.594711379601839,15.0,6.0,7.0,6.0,0.0,0.0,0.0,0.0,0.0,0.0,0.0,0.0,1.0,1.0,0.0,0.0,0.0,4.076923076923077,0.0,0.0,0.0,0.0,0.0
python-poetry/poetry,e253e9a9cf2e4e68828841e6ef57a499a7f1202f,2026-04-01T04:20:20+00:00,0,1,1.0,1.0,1.0,1.0986122886681098,0.0,0.0,0.0,0.0,0.0,1.0,0.0,0.0,0.0,0.0,0.0,0.0,1.0,0.0,0.0,0.0,0.0,6.0,0.0,0.0,0.0,0.0,0.0
python-poetry/poetry,56c0cc2b50ef5663c2d832df792f278532c863ee,2026-04-01T06:57:17+00:00,0,1,1.0,1.0,1.0,1.0986122886681098,0.0,0.0,0.0,0.0,0.0,1.0,0.0,0.0,0.0,0.0,0.0,0.0,1.0,0.0,0.0,0.0,0.0,7.0,0.0,0.0,0.0,0.0,0.0
python-poetry/poetry,a38f16791e383aaf7c466481bf24798463f8a449,2026-04-01T19:06:36+00:00,0,1,0.0,0.0,0.0,0.0,0.0,0.0,0.0,0.0,0.0,0.0,0.0,0.0,0.0,0.0,0.0,0.0,1.0,0.0,0.0,0.0,0.0,0.0,1.0,0.0,0.0,0.0,0.0
python-poetry/poetry,d3bb43a25f14f15eeea9d7f429e078314fa6ce12,2026-04-02T15:30:21+00:00,0,1,1.0,1.0,1.0,1.0986122886681098,1.0,0.0,0.0,1.0,0.0,0.0,0.0,0.0,0.0,1.0,0.0,0.0,1.0,0.0,1.0,0.0,0.0,0.0,40.0,0.0,0.0,0.0,0.0
python-poetry/poetry,1c61afe367d87abb6aaaa3e4a2048599839f8c52,2026-04-02T15:38:15+00:00,0,1,2.0,34.0,1.0,3.58351893845611,2.0,1.0,1.0,1.0,0.0,0.0,0.0,0.0,0.0,2.0,0.0,0.0,0.0,0.0,1.0,0.0,0.0,2.5,27.0,0.0,1.0,0.0,0.0
python-poetry/poetry,1ace8aaae15e5a2ab9cc34a11f0571525e140a9a,2026-04-02T15:38:31+00:00,0,1,2.0,26.0,2.0,3.367295829986474,3.0,1.0,1.0,1.0,0.0,0.0,0.0,0.0,0.0,0.0,0.0,0.0,1.0,0.0,1.0,0.0,0.0,8.0,27.0,0.0,0.0,0.0,0.0
python-poetry/poetry,2af8dcf0bafc8760d83932ae9fd2e08632433279,2026-04-02T15:40:29+00:00,0,1,1.0,25.0,0.0,3.258096538021482,1.0,0.0,0.0,1.0,0.0,0.0,0.0,0.0,0.0,0.0,0.0,0.0,1.0,0.0,0.0,0.0,0.0,0.0,41.0,0.0,0.0,0.0,0.0
python-poetry/poetry,bef79371ba57a54be793cfe0b0b3acb6be3758e2,2026-04-02T15:47:14+00:00,0,1,2.0,26.0,2.0,3.367295829986474,3.0,1.0,1.0,1.0,0.0,0.0,0.0,0.0,0.0,0.0,0.0,0.0,0.0,0.0,1.0,0.0,0.0,9.0,29.0,0.0,1.0,0.0,0.0
python-poetry/poetry,ae70ddbe59cdb36c2bb2f48d4bc2313fc67eb9dd,2026-04-02T20:19:39+00:00,0,1,0.0,0.0,0.0,0.0,0.0,0.0,0.0,0.0,0.0,0.0,0.0,0.0,0.0,0.0,0.0,0.0,1.0,0.0,0.0,0.0,0.0,0.0,2.0,0.0,0.0,0.0,0.0
python-poetry/poetry,cae240974e336968de6cdf62e8ed45fda857c89e,2026-04-03T04:34:12+00:00,0,1,1.0,25.0,0.0,3.258096538021482,1.0,0.0,0.0,1.0,0.0,0.0,0.0,0.0,0.0,0.0,0.0,0.0,1.0,0.0,0.0,0.0,0.0,1.0,42.0,0.0,0.0,0.0,0.0
python-poetry/poetry,5cff2a1c736c42fddc6612f968d28fd7efd06984,2026-04-03T04:41:29+00:00,0,1,2.0,60.0,1.0,4.127134385045092,3.0,1.0,1.0,1.0,0.0,0.0,0.0,0.0,0.0,0.0,0.0,0.0,0.0,0.0,1.0,0.0,0.0,1.0,30.0,0.0,1.0,0.0,0.0
python-poetry/poetry,6f737bd33196c3550d40ec00c2a3a13c01c6e0c8,2026-04-03T04:55:38+00:00,0,1,1.0,2.0,1.0,1.3862943611198906,1.0,0.0,0.0,1.0,0.0,0.0,0.0,0.0,0.0,0.0,0.0,0.0,1.0,0.0,0.0,0.0,0.0,2.0,43.0,0.0,0.0,0.0,0.0
python-poetry/poetry,4bc7ae1e1f1755cbda68e9f25fea8f515ef9ab4f,2026-04-03T05:16:18+00:00,0,1,2.0,40.0,22.0,4.143134726391533,2.0,1.0,1.0,1.0,0.0,0.0,0.0,0.0,0.0,0.0,0.0,0.0,0.0,0.0,1.0,0.0,0.0,2.5,31.0,0.0,1.0,0.0,0.0
python-poetry/poetry,a7be74e2b7924a217ef68f8752c044a3e70ff44b,2026-04-03T05:21:42+00:00,0,1,1.0,14.0,14.0,3.367295829986474,1.0,0.0,0.0,1.0,0.0,0.0,0.0,0.0,0.0,0.0,0.0,0.0,1.0,0.0,0.0,0.0,0.0,4.0,44.0,0.0,0.0,0.0,0.0
python-poetry/poetry,f9b1236a877ea671b46c01aecce73f98f9df8933,2026-04-03T05:29:46+00:00,0,1,2.0,29.0,1.0,3.4339872044851463,2.0,1.0,1.0,1.0,0.0,0.0,0.0,0.0,0.0,0.0,0.0,0.0,0.0,0.0,1.0,0.0,0.0,4.0,32.0,0.0,1.0,0.0,0.0
python-poetry/poetry,5f8af8318f5c6774375a6cec0d69f45d0f6958e1,2026-04-03T08:59:39+00:00,0,1,1.0,44.0,13.0,4.060443010546419,1.0,0.0,0.0,1.0,0.0,0.0,0.0,0.0,0.0,0.0,0.0,0.0,1.0,0.0,0.0,0.0,0.0,0.0,45.0,0.0,1.0,0.0,0.0
python-poetry/poetry,560b9c22e0d9fe65b9d0e9e347ca9a91769953b7,2026-04-03T09:31:48+00:00,0,1,1.0,44.0,13.0,4.060443010546419,1.0,0.0,0.0,1.0,0.0,0.0,0.0,0.0,0.0,0.0,0.0,0.0,0.0,0.0,0.0,0.0,0.0,1.0,46.0,0.0,1.0,0.0,0.0
python-poetry/poetry,f9696601e44c0845580da9a9382ca6ab9094ac59,2026-04-03T10:34:16+00:00,0,1,1.0,56.0,8.0,4.174387269895637,3.0,0.0,0.0,1.0,0.0,0.0,0.0,0.0,0.0,0.0,0.0,0.0,1.0,0.0,1.0,0.0,0.0,4.0,47.0,0.0,0.0,0.0,0.0
python-poetry/poetry,ac387f1c65a9e9a529b8b4f9d662d2cfe67da567,2026-04-03T10:47:23+00:00,0,1,2.0,60.0,8.0,4.23410650459726,5.0,1.0,1.0,1.0,0.0,0.0,0.0,0.0,0.0,0.0,0.0,0.0,0.0,0.0,0.0,0.0,0.0,6.0,6.0,0.0,1.0,0.0,0.0
python-poetry/poetry,9fad4230375a0a3981046e30cfbc1769391312ce,2026-04-03T10:54:45+00:00,0,1,2.0,5.0,9.0,2.70805020110221,2.0,2.0,2.0,0.0,0.0,0.0,0.0,0.0,0.0,0.0,1.0,0.0,1.0,0.0,0.0,0.0,0.0,4.0,48.0,0.0,1.0,0.0,0.0
python-poetry/poetry,bfce5118814fa95445e823cb07a59bd77ffe1474,2026-04-03T11:04:01+00:00,0,1,2.0,5.0,9.0,2.70805020110221,2.0,2.0,2.0,0.0,0.0,0.0,0.0,0.0,0.0,0.0,1.0,0.0,0.0,0.0,0.0,0.0,0.0,5.0,49.0,0.0,1.0,0.0,0.0
python-poetry/poetry,0de19030418eb579d24ae056ea5d325c9c5c7ade,2026-04-03T13:58:24+00:00,0,1,2.0,7.0,10.0,2.8903717578961645,2.0,1.0,1.0,1.0,0.0,0.0,0.0,0.0,0.0,0.0,0.0,0.0,1.0,0.0,0.0,0.0,0.0,6.5,34.0,0.0,0.0,0.0,0.0
python-poetry/poetry,d27575beb4f5571b462cbb528b5e9a14a0aa67e2,2026-04-04T10:02:15+00:00,0,1,2.0,75.0,10.0,4.454347296253507,5.0,1.0,1.0,1.0,0.0,0.0,0.0,0.0,0.0,0.0,0.0,0.0,1.0,0.0,0.0,0.0,0.0,5.5,50.0,0.0,1.0,0.0,0.0
python-poetry/poetry,45598d214e77d78156f8501ee3f14cba4a7fb0e3,2026-04-05T14:51:46+00:00,0,1,6.0,100.0,6.0,4.672828834461906,12.0,3.0,3.0,2.0,1.0,0.0,0.0,0.0,0.0,0.0,0.0,0.0,1.0,0.0,0.0,0.0,0.0,1.1666666666666667,51.0,0.0,0.0,0.0,0.0
python-poetry/poetry,f8a008f6f311ecc324ca3c3eec537cbc3c90e433,2026-04-05T15:15:48+00:00,0,1,6.0,100.0,6.0,4.672828834461906,12.0,3.0,3.0,2.0,1.0,0.0,0.0,0.0,0.0,0.0,0.0,0.0,1.0,0.0,0.0,0.0,0.0,2.1666666666666665,52.0,0.0,0.0,0.0,0.0
python-poetry/poetry,1b142ece40a5cef4fb37d3b1565a007b99536fe2,2026-04-06T07:06:16+00:00,0,1,7.0,119.0,7.0,4.844187086458591,14.0,3.0,3.0,3.0,1.0,0.0,0.0,0.0,0.0,0.0,0.0,0.0,1.0,0.0,0.0,0.0,0.0,3.2857142857142856,53.0,0.0,0.0,0.0,0.0
python-poetry/poetry,9f570134451fcdab906ae1048c57a8bddca64393,2026-04-06T09:07:10+00:00,0,1,7.0,126.0,9.0,4.912654885736052,17.0,3.0,3.0,3.0,1.0,0.0,0.0,0.0,0.0,0.0,0.0,0.0,1.0,0.0,0.0,0.0,0.0,4.285714285714286,54.0,0.0,0.0,0.0,0.0
python-poetry/poetry,64e87583bfb6f06b859717159c7bf3f6ab63b548,2026-04-06T11:40:16+00:00,0,1,7.0,126.0,9.0,4.912654885736052,17.0,3.0,3.0,3.0,1.0,0.0,0.0,0.0,0.0,0.0,0.0,0.0,1.0,0.0,0.0,0.0,0.0,5.285714285714286,55.0,0.0,0.0,0.0,0.0
python-poetry/poetry,5cb23ae90e967e7f45aff39ae0d3909b17638dd0,2026-04-06T12:18:16+00:00,0,1,7.0,126.0,9.0,4.912654885736052,17.0,3.0,3.0,3.0,1.0,0.0,0.0,0.0,0.0,0.0,0.0,0.0,1.0,0.0,0.0,0.0,0.0,6.285714285714286,56.0,0.0,0.0,0.0,0.0
python-poetry/poetry,67cce2079d38391e92a6ae64e5e6883a4c3331bf,2026-04-06T21:45:40+00:00,0,2,1.0,2.0,2.0,1.6094379124341005,0.0,0.0,0.0,0.0,0.0,0.0,1.0,0.0,0.0,0.0,0.0,0.0,1.0,0.0,0.0,0.0,0.0,12.0,12.0,0.0,1.0,0.0,0.0
python-poetry/poetry,0e1b882f5fc9e75a467e2eae576dd6a20fc4d3f8,2026-04-10T11:21:22+00:00,0,1,2.0,39.0,1.0,3.713572066704308,1.0,1.0,2.0,0.0,0.0,0.0,0.0,0.0,0.0,0.0,1.0,0.0,1.0,0.0,1.0,0.0,0.0,0.0,0.0,0.0,1.0,0.0,0.0
python-poetry/poetry,21c7886dedee8d6b1219f7a605759906ac764912,2026-04-10T11:53:07+00:00,0,1,3.0,20.0,3.0,3.1780538303479458,3.0,2.0,3.0,0.0,0.0,0.0,0.0,0.0,0.0,0.0,1.0,0.0,1.0,0.0,1.0,0.0,0.0,2.0,1.0,0.0,1.0,0.0,0.0
python-poetry/poetry,c321d9d6daf8677910e82a7bfadddf218fc33a40,2026-04-11T12:05:41+00:00,0,1,2.0,110.0,15.0,4.836281906951478,7.0,1.0,1.0,1.0,0.0,0.0,0.0,0.0,0.0,0.0,0.0,0.0,1.0,0.0,0.0,0.0,0.0,6.5,57.0,0.0,1.0,0.0,0.0
python-poetry/poetry,c801cd781d97e4d4f995d909b568b61fe50787a4,2026-04-11T19:14:25+00:00,0,1,1.0,9.0,0.0,2.302585092994046,0.0,0.0,0.0,0.0,1.0,0.0,0.0,0.0,0.0,0.0,0.0,1.0,1.0,0.0,0.0,0.0,0.0,3.0,0.0,0.0,1.0,0.0,0.0
python-poetry/poetry,a029a41ea4adb1b35e9d1ba4fe391cd1c77804d8,2026-04-12T12:21:55+00:00,0,1,2.0,110.0,15.0,4.836281906951478,7.0,1.0,1.0,1.0,0.0,0.0,0.0,0.0,0.0,0.0,0.0,0.0,0.0,0.0,0.0,0.0,0.0,7.5,58.0,0.0,1.0,0.0,0.0
python-poetry/poetry,15d1872a40f7e5129c6b1e6b5c505e8f9d9cacef,2026-04-12T14:34:35+00:00,0,1,4.0,292.0,84.0,5.932245187448011,11.0,1.0,1.0,3.0,0.0,0.0,0.0,0.0,0.0,0.0,0.0,0.0,1.0,0.0,1.0,0.0,0.0,1.5,59.0,0.0,1.0,0.0,0.0
python-poetry/poetry,47e97340cae50d3698aac858732788861ba8dd1f,2026-04-12T14:50:24+00:00,0,1,4.0,292.0,84.0,5.932245187448011,11.0,1.0,1.0,3.0,0.0,0.0,0.0,0.0,0.0,0.0,0.0,0.0,0.0,0.0,1.0,0.0,0.0,2.5,60.0,0.0,1.0,0.0,0.0
python-poetry/poetry,e512e7fc5557251c7c9c59d0029506e77db1ea18,2026-04-12T14:52:25+00:00,0,1,4.0,292.0,84.0,5.932245187448011,11.0,1.0,1.0,3.0,0.0,0.0,0.0,0.0,0.0,0.0,0.0,0.0,0.0,0.0,1.0,0.0,0.0,2.5,60.0,0.0,0.0,0.0,0.0
python-poetry/poetry,9c11e17af433c37f3d617136b713d5ee48f19af4,2026-04-12T15:03:02+00:00,0,1,2.0,11.0,2.0,2.6390573296152584,0.0,0.0,0.0,0.0,1.0,1.0,0.0,0.0,0.0,0.0,0.0,0.0,1.0,0.0,0.0,0.0,0.0,6.0,62.0,0.0,1.0,0.0,0.0
python-poetry/poetry,7c7af71ba206dadd2ff7eda19b9a4c90c4349754,2026-04-12T15:09:58+00:00,0,2,2.0,11.0,2.0,2.6390573296152584,0.0,0.0,0.0,0.0,1.0,1.0,0.0,0.0,0.0,0.0,0.0,0.0,0.0,0.0,0.0,0.0,0.0,7.0,63.0,0.0,1.0,0.0,0.0
python-poetry/poetry,0b78bc2c2d80c5aeb12b84a1967fc6d3cd7b7e2a,2026-04-12T16:00:27+00:00,0,1,1.0,10.0,1.0,2.4849066497880004,0.0,0.0,0.0,0.0,1.0,0.0,0.0,0.0,0.0,0.0,0.0,1.0,1.0,0.0,0.0,0.0,0.0,6.0,64.0,0.0,1.0,0.0,0.0
python-poetry/poetry,db4961f97bfe665f77f100c0d49f38b6efaefdc5,2026-04-12T16:04:36+00:00,0,1,1.0,10.0,1.0,2.4849066497880004,0.0,0.0,0.0,0.0,1.0,0.0,0.0,0.0,0.0,0.0,0.0,1.0,1.0,0.0,0.0,0.0,0.0,7.0,65.0,0.0,1.0,0.0,0.0
python-poetry/poetry,6630816f19f0f605125ead8e60d73f870281bde0,2026-04-12T16:08:16+00:00,0,1,1.0,10.0,1.0,2.4849066497880004,0.0,0.0,0.0,0.0,1.0,0.0,0.0,0.0,0.0,0.0,0.0,1.0,0.0,0.0,0.0,0.0,0.0,8.0,66.0,0.0,1.0,0.0,0.0
python-poetry/poetry,4662fdce044b9e6d18e1cdb4c0f6cc43c11bbec2,2026-04-13T16:22:32+00:00,0,1,1.0,1.0,4.0,1.791759469228055,0.0,0.0,0.0,0.0,1.0,0.0,0.0,0.0,0.0,0.0,0.0,1.0,1.0,0.0,0.0,0.0,0.0,1.0,0.0,0.0,1.0,0.0,0.0
python-poetry/poetry,fd1a9cf1b26cddf4fabe7580af87e44dfb38e7e5,2026-04-13T18:10:37+00:00,0,1,1.0,2.0,2.0,1.6094379124341005,0.0,0.0,0.0,0.0,1.0,0.0,0.0,0.0,0.0,0.0,0.0,1.0,1.0,0.0,1.0,0.0,0.0,4.0,1.0,0.0,1.0,0.0,0.0
python-poetry/poetry,59dfe15fb26250b65259ec59eec09b14c1fb2704,2026-04-13T21:12:47+00:00,0,2,1.0,2.0,2.0,1.6094379124341005,0.0,0.0,0.0,0.0,0.0,0.0,1.0,0.0,0.0,0.0,0.0,0.0,1.0,0.0,0.0,0.0,0.0,13.0,13.0,0.0,1.0,0.0,0.0
python-poetry/poetry,4cae71b7974141074b913addf9f32c762f731d7f,2026-04-15T02:40:04+00:00,0,1,1.0,1.0,1.0,1.0986122886681098,1.0,1.0,1.0,0.0,0.0,0.0,0.0,0.0,0.0,0.0,1.0,0.0,1.0,0.0,1.0,0.0,0.0,13.0,0.0,0.0,1.0,0.0,0.0
python-poetry/poetry,7d87de06012ca7868b502bdd402fbb04a2ff53eb,2026-04-15T20:03:38+00:00,0,1,1.0,8.0,18.0,3.295836866004329,5.0,0.0,0.0,1.0,0.0,0.0,0.0,0.0,0.0,0.0,0.0,0.0,1.0,0.0,1.0,0.0,0.0,7.0,0.0,0.0,0.0,0.0,0.0
python-poetry/poetry,43a37fcf1b707818ede846fc03a67d109d4e9121,2026-04-16T04:35:59+00:00,0,1,1.0,49.0,9.0,4.07753744390572,3.0,0.0,0.0,1.0,0.0,0.0,0.0,0.0,0.0,0.0,0.0,0.0,1.0,0.0,1.0,0.0,0.0,8.0,1.0,0.0,1.0,0.0,0.0
python-poetry/poetry,9e0199ecfcea0fcdf01c0f5caf87bf2f6afd3e05,2026-04-16T05:30:42+00:00,0,1,7.0,26.0,37.0,4.1588830833596715,9.0,4.0,5.0,2.0,0.0,0.0,0.0,0.0,0.0,2.0,0.0,0.0,1.0,0.0,1.0,0.0,0.0,3.5714285714285716,2.0,0.0,0.0,0.0,0.0
python-poetry/poetry,a1e9f217dfd25df1a43df50d56be7fe6c4f3c4b0,2026-04-17T10:20:58+00:00,0,1,2.0,23.0,4.0,3.332204510175204,5.0,1.0,1.0,1.0,0.0,0.0,0.0,0.0,0.0,0.0,0.0,0.0,1.0,0.0,1.0,0.0,0.0,7.5,0.0,0.0,1.0,0.0,0.0
python-poetry/poetry,4a20310515c6bfcc511279a2662ff7da6b10a47e,2026-04-17T16:24:08+00:00,0,1,5.0,9.0,40.0,3.912023005428146,3.0,0.0,0.0,3.0,0.0,2.0,0.0,0.0,0.0,0.0,0.0,0.0,1.0,0.0,1.0,0.0,0.0,4.6,67.0,0.0,1.0,0.0,0.0
python-poetry/poetry,5d9c7a2f273e8b929da4b6823a1c75821f476650,2026-04-17T16:31:32+00:00,0,1,5.0,11.0,42.0,3.9889840465642745,3.0,0.0,0.0,3.0,0.0,2.0,0.0,0.0,0.0,0.0,0.0,0.0,1.0,0.0,1.0,0.0,0.0,5.6,68.0,0.0,1.0,0.0,0.0
python-poetry/poetry,8b89fc94a573aa93e3812420d3891eaa54b6696f,2026-04-18T02:23:49+00:00,0,1,1.0,14.0,14.0,3.367295829986474,0.0,0.0,0.0,0.0,1.0,0.0,0.0,0.0,0.0,0.0,0.0,1.0,1.0,0.0,0.0,0.0,0.0,7.0,0.0,0.0,1.0,0.0,0.0
python-poetry/poetry,e05e7a68e04b0abfbb9d43f3c07dc1e00fa9fd30,2026-04-18T15:10:38+00:00,0,1,5.0,11.0,42.0,3.9889840465642745,3.0,0.0,0.0,3.0,0.0,2.0,0.0,0.0,0.0,0.0,0.0,0.0,0.0,0.0,1.0,0.0,0.0,6.6,69.0,0.0,1.0,0.0,0.0
python-poetry/poetry,61016ab0fa44f6d8aee99a240aab2edba214b4b5,2026-04-18T15:24:38+00:00,0,1,2.0,738.0,669.0,7.249925536717988,1.0,1.0,1.0,0.0,0.0,1.0,0.0,0.0,0.0,0.0,1.0,0.0,1.0,0.0,0.0,0.0,0.0,3.0,70.0,0.0,1.0,0.0,0.0
python-poetry/poetry,6de7f755475e2aac18fa63b37f8aaebcd2836501,2026-04-18T16:43:13+00:00,0,1,1.0,13.0,6.0,2.995732273553991,2.0,1.0,1.0,0.0,0.0,0.0,0.0,0.0,0.0,0.0,1.0,0.0,1.0,0.0,0.0,0.0,0.0,4.0,2.0,0.0,1.0,0.0,0.0
python-poetry/poetry,dc6317462a1408c7fb1863d399ea37663c27152d,2026-04-18T19:46:26+00:00,0,1,1.0,2.0,2.0,1.6094379124341005,0.0,0.0,0.0,0.0,1.0,0.0,0.0,0.0,0.0,0.0,0.0,1.0,1.0,0.0,1.0,0.0,0.0,5.0,2.0,0.0,0.0,0.0,0.0
python-poetry/poetry,bee7c1084d41355b71781772cd17ebd3fd577375,2026-04-19T07:01:43+00:00,0,1,2.0,738.0,669.0,7.249925536717988,1.0,1.0,1.0,0.0,0.0,1.0,0.0,0.0,0.0,0.0,1.0,0.0,0.0,0.0,0.0,0.0,0.0,4.0,71.0,0.0,1.0,0.0,0.0
python-poetry/poetry,7fbe30172b16f2b4f40abc88ebc50a70c05f0ab1,2026-04-19T07:01:56+00:00,0,1,1.0,14.0,14.0,3.367295829986474,0.0,0.0,0.0,0.0,1.0,0.0,0.0,0.0,0.0,0.0,0.0,1.0,1.0,0.0,0.0,0.0,0.0,8.0,1.0,0.0,0.0,0.0,0.0
python-poetry/poetry,1dd728634ef29a6162279031cda9af55d7e3af20,2026-04-19T07:55:13+00:00,0,1,1.0,7.0,10.0,2.8903717578961645,1.0,1.0,1.0,0.0,0.0,0.0,0.0,0.0,0.0,0.0,1.0,0.0,1.0,0.0,1.0,0.0,0.0,5.0,0.0,0.0,0.0,0.0,0.0
python-poetry/poetry,ab66825ed4574d667651df8ebf269a235107d3db,2026-04-19T09:53:12+00:00,0,2,1.0,2.0,2.0,1.6094379124341005,0.0,0.0,0.0,0.0,0.0,0.0,1.0,0.0,0.0,0.0,0.0,0.0,1.0,0.0,0.0,0.0,0.0,14.0,14.0,0.0,1.0,0.0,0.0
python-poetry/poetry,af2326b4e7eecb3cbc366a58abea15c29ae895aa,2026-04-19T09:56:14+00:00,0,1,1.0,2.0,2.0,1.6094379124341005,0.0,0.0,0.0,0.0,0.0,0.0,1.0,0.0,0.0,0.0,0.0,0.0,0.0,0.0,0.0,0.0,0.0,15.0,15.0,0.0,1.0,0.0,0.0
python-poetry/poetry,6a42d6297cf76dd17fca9c66befc542ae41a0f59,2026-04-19T10:13:07+00:00,0,1,7.0,12.0,12.0,3.218875824868201,0.0,0.0,0.0,0.0,0.0,0.0,7.0,1.0,0.0,0.0,0.0,0.0,1.0,0.0,0.0,0.0,0.0,0.0,72.0,0.0,1.0,0.0,0.0
python-poetry/poetry,51a10c9790c59183298eeda643dcc219556f40ca,2026-04-19T11:26:49+00:00,1,1,1.0,3.0,3.0,1.9459101490553132,0.0,0.0,0.0,0.0,0.0,0.0,1.0,1.0,0.0,0.0,0.0,0.0,1.0,0.0,0.0,0.0,0.0,0.0,72.0,0.0,1.0,0.0,0.0
python-poetry/poetry,1ab7e4ef159be63c94eb6055cae8f68433d60d13,2026-04-19T12:05:43+00:00,0,1,7.0,12.0,12.0,3.218875824868201,0.0,0.0,0.0,0.0,0.0,0.0,7.0,1.0,0.0,0.0,0.0,0.0,0.0,0.0,0.0,0.5,0.0714285714285714,1.1428571428571428,74.0,0.0135135135135135,1.0,0.0,0.05
python-poetry/poetry,2dca96da48dbd2c7eebe3ff3e3fe84036d4aa5a4,2026-04-19T12:12:38+00:00,0,1,1.0,14.0,14.0,3.367295829986474,0.0,0.0,0.0,0.0,1.0,0.0,0.0,0.0,0.0,0.0,0.0,1.0,1.0,0.0,0.0,0.0,0.0,9.0,2.0,0.0,0.0,0.0,0.05
python-poetry/poetry,e5bc5aa95460b6426e1fdfc1a418313f0bccb70b,2026-04-19T12:15:58+00:00,0,1,1.0,14.0,0.0,2.70805020110221,0.0,0.0,0.0,0.0,1.0,0.0,0.0,0.0,0.0,0.0,0.0,1.0,0.0,0.0,0.0,0.0,0.0,10.0,1.0,0.0,1.0,0.0,0.05
python-poetry/poetry,2ed534203f0cbacc5bcc5660c651b9296916c811,2026-04-20T20:54:29+00:00,0,2,1.0,1.0,1.0,1.0986122886681098,0.0,0.0,0.0,0.0,0.0,0.0,1.0,0.0,0.0,0.0,0.0,0.0,1.0,0.0,0.0,0.0,0.0,16.0,16.0,0.0,1.0,0.0,0.05
python-poetry/poetry,848bbd1560894ffa7139575ef1581a6851899c96,2026-04-21T02:42:11+00:00,0,1,1.0,1.0,1.0,1.0986122886681098,0.0,0.0,0.0,0.0,0.0,0.0,1.0,1.0,0.0,0.0,0.0,0.0,1.0,0.0,1.0,0.0,0.0,2.0,1.0,0.0,1.0,0.0,0.05
python-poetry/poetry,6d97905a282adc6f97e3afa2ba1cbd5df5ed5b2a,2026-04-21T21:23:03+00:00,0,1,15.0,776.0,724.0,7.313886831633462,4.0,1.0,1.0,3.0,1.0,2.0,8.0,1.0,0.0,0.0,0.0,0.0,1.0,1.0,1.0,0.3333333333333333,0.0222222222222222,5.8,3.0,0.0,1.0,0.0,0.05
python-poetry/poetry,e0dc9b00cc763b74ea99176ca6c0a33a04276d81,2026-04-21T21:28:08+00:00,0,1,15.0,776.0,724.0,7.313886831633462,4.0,1.0,1.0,3.0,1.0,2.0,8.0,1.0,0.0,0.0,0.0,0.0,1.0,1.0,0.0,0.25,0.0166666666666666,6.8,4.0,0.0,1.0,0.0,0.05
python-poetry/poetry,5d81f75a49bc2ba51a40629ea1c274eca98e3a58,2026-04-22T15:26:32+00:00,0,1,1.0,2.0,2.0,1.6094379124341005,0.0,0.0,0.0,0.0,1.0,0.0,0.0,0.0,0.0,0.0,0.0,1.0,1.0,0.0,1.0,0.0,0.0,6.0,3.0,0.0,0.0,0.0,0.05
python-poetry/poetry,b624543168a2c23a128d0237bf019f38c6175c04,2026-04-22T15:30:09+00:00,0,1,1.0,9.0,0.0,2.302585092994046,0.0,0.0,0.0,0.0,1.0,0.0,0.0,0.0,0.0,0.0,0.0,1.0,0.0,0.0,0.0,0.0,0.0,7.0,0.0,0.0,1.0,0.0,0.05
python-poetry/poetry,b74ed24ea59981790672333a1cb0c51423e6a5af,2026-04-22T15:31:40+00:00,0,1,1.0,1.0,1.0,1.0986122886681098,1.0,1.0,1.0,0.0,0.0,0.0,0.0,0.0,0.0,0.0,1.0,0.0,1.0,0.0,1.0,0.0,0.0,14.0,2.0,0.0,1.0,0.0,0.05
python-poetry/poetry,f9a330f39e87999b1d404610c4fce628a4059659,2026-04-22T15:49:48+00:00,0,1,1.0,1.0,1.0,1.0986122886681098,1.0,1.0,1.0,0.0,0.0,0.0,0.0,0.0,0.0,0.0,1.0,0.0,0.0,0.0,1.0,0.0,0.0,15.0,0.0,0.0,1.0,0.0,0.05
python-poetry/poetry,d336c5fc45dd95db5897ca21f1df83c7cc1c62ff,2026-04-23T15:33:10+00:00,1,1,1.0,76.0,0.0,4.343805421853684,1.0,0.0,0.0,1.0,0.0,0.0,0.0,0.0,0.0,0.0,0.0,0.0,1.0,0.0,0.0,0.0,0.0,11.0,1.0,0.0,1.0,0.0,0.05
python-poetry/poetry,e76724912c0bedc10309b97cf08ece9f56cda38b,2026-04-26T14:50:50+00:00,0,1,4.0,150.0,150.0,5.707110264748875,9.0,0.0,0.0,3.0,0.0,0.0,1.0,1.0,0.0,0.0,0.0,0.0,1.0,0.0,1.0,0.0,0.0,2.0,0.0,0.0,1.0,0.0,0.1
python-poetry/poetry,9c547e4a86303d0adcadb3d40bbbba80891452c2,2026-04-26T15:01:05+00:00,0,1,4.0,150.0,150.0,5.707110264748875,9.0,0.0,0.0,3.0,0.0,0.0,1.0,1.0,0.0,0.0,0.0,0.0,0.0,0.0,1.0,0.0,0.0,3.0,75.0,0.0133333333333333,1.0,0.0,0.1
python-poetry/poetry,74cd4f357bf24b185cac2d821a936b60a2d2e6a9,2026-04-26T20:50:33+00:00,0,2,6.0,160.0,151.0,5.7430031878094825,10.0,1.0,1.0,3.0,1.0,0.0,1.0,1.0,0.0,0.0,0.0,0.0,1.0,1.0,0.0,0.0,0.0,6.666666666666667,3.0,0.0,1.0,0.0,0.1
python-poetry/poetry,cd0ede860983435b9fe52c2ea3506ec0310d0972,2026-04-26T20:51:26+00:00,0,1,1.0,1.0,1.0,1.0986122886681098,0.0,0.0,0.0,0.0,0.0,0.0,1.0,0.0,0.0,0.0,0.0,0.0,0.0,0.0,0.0,0.0,0.0,19.0,17.0,0.0,1.0,0.0,0.1
python-poetry/poetry,fe897257aff1a7225307c7348aa1c5b2b7e7bb53,2026-04-27T09:14:17+00:00,0,1,1.0,6.0,1.0,2.0794415416798357,1.0,1.0,1.0,0.0,0.0,0.0,0.0,0.0,0.0,0.0,1.0,0.0,1.0,0.0,1.0,0.0,0.0,0.0,0.0,0.0,1.0,0.0,0.1
python-poetry/poetry,04af1729bd996d057f172dd9bcff2176bfe3ce85,2026-04-27T12:35:12+00:00,1,1,1.0,1.0,1.0,1.0986122886681098,1.0,1.0,1.0,0.0,0.0,0.0,0.0,0.0,0.0,1.0,1.0,0.0,1.0,0.0,1.0,0.0,0.0,6.0,0.0,0.0,0.0,0.0,0.1
python-poetry/poetry,0708bab0c418c355a0fc470206288a0319741444,2026-04-27T21:41:18+00:00,0,2,1.0,2.0,2.0,1.6094379124341005,0.0,0.0,0.0,0.0,0.0,0.0,1.0,0.0,0.0,0.0,0.0,0.0,1.0,0.0,0.0,0.0,0.0,20.0,18.0,0.0,1.0,0.0,0.15
python-poetry/poetry,e9d6150588635e7c9bc2a7d3c649e895fd42d45f,2026-04-28T11:43:25+00:00,0,1,1.0,2.0,2.0,1.6094379124341005,0.0,0.0,0.0,0.0,0.0,0.0,1.0,0.0,0.0,0.0,0.0,0.0,0.0,0.0,0.0,0.0,0.0,21.0,19.0,0.0,1.0,0.0,0.1
python-poetry/poetry,dac684c11300958bced821e0036d10ae21f05fb9,2026-04-29T11:28:21+00:00,1,1,1.0,1.0,1.0,1.0986122886681098,1.0,1.0,1.0,0.0,0.0,0.0,0.0,0.0,0.0,1.0,1.0,0.0,1.0,0.0,0.0,0.1428571428571428,0.1428571428571428,7.0,1.0,1.0,1.0,1.0,0.1
python-poetry/poetry,36a97bf96aeb6cd7e60ac0558f6fefa55035a962,2026-04-29T16:09:00+00:00,1,1,2.0,77.0,0.0,4.356708826689592,1.0,0.0,0.0,1.0,0.0,1.0,0.0,0.0,0.0,0.0,0.0,0.0,1.0,0.0,0.0,0.0833333333333333,0.0416666666666666,13.5,2.0,0.5,1.0,0.0,0.15
python-poetry/poetry,f9d6fbeaf5978f1ec4cfce368534461093ec7026,2026-04-29T16:22:47+00:00,0,1,3.0,125.0,41.0,5.117993812416755,1.0,0.0,0.0,1.0,0.0,2.0,0.0,0.0,0.0,0.0,0.0,0.0,1.0,0.0,0.0,0.1538461538461538,0.0721153846153846,12.666666666666666,3.0,0.6666666666666666,1.0,0.0,0.2
python-poetry/poetry,41ec955cdc3b4eb5b230652578e58ff373c7a20b,2026-05-01T04:30:44+00:00,0,1,1.0,6.0,1.0,2.0794415416798357,1.0,1.0,1.0,0.0,0.0,0.0,0.0,0.0,0.0,0.0,1.0,0.0,1.0,0.0,1.0,0.0,0.0,1.0,1.0,0.0,1.0,0.0,0.2
python-poetry/poetry,f47e6b2f73e6ea6e1f81fa8963ec0fde30815345,2026-05-01T04:41:20+00:00,0,1,1.0,6.0,1.0,2.0794415416798357,1.0,1.0,1.0,0.0,0.0,0.0,0.0,0.0,0.0,0.0,1.0,0.0,0.0,0.0,1.0,0.0,0.0,2.0,2.0,0.0,1.0,0.0,0.2
python-poetry/poetry,8cee5a3ba5152431e1373e36a208a6923afffae3,2026-05-01T04:58:58+00:00,0,1,5.0,6.0,14.0,3.044522437723423,5.0,1.0,1.0,3.0,0.0,1.0,0.0,0.0,0.0,0.0,0.0,0.0,1.0,0.0,0.0,0.0588235294117647,0.0294117647058823,4.0,76.0,0.0131578947368421,1.0,0.0,0.2
python-poetry/poetry,4b3f0898a6d45fc02efc77d70362443666603fb7,2026-05-01T07:29:14+00:00,0,1,5.0,6.0,14.0,3.044522437723423,5.0,1.0,1.0,3.0,0.0,1.0,0.0,0.0,0.0,0.0,0.0,0.0,0.0,0.0,0.0,0.0555555555555555,0.0111111111111111,5.0,77.0,0.0129870129870129,1.0,0.0,0.2
python-poetry/poetry,f7d32eb8a63c1c2050177ce92d9f6d761e40cef9,2026-05-01T07:32:40+00:00,0,1,1.0,0.0,2.0,1.0986122886681098,0.0,0.0,0.0,0.0,0.0,1.0,0.0,0.0,0.0,0.0,0.0,0.0,1.0,0.0,0.0,0.0555555555555555,0.0555555555555555,18.0,77.0,0.0129870129870129,0.0,0.0,0.2
python-poetry/poetry,720d3cd161d97ebc3dcacecc94a611135bdab35c,2026-05-01T07:42:05+00:00,0,1,1.0,0.0,2.0,1.0986122886681098,0.0,0.0,0.0,0.0,0.0,1.0,0.0,0.0,0.0,0.0,0.0,0.0,0.0,0.0,0.0,0.05,0.05,20.0,79.0,0.0126582278481012,1.0,0.0,0.2
python-poetry/poetry,77593a4fd7760c326c1b696fe1b06b0f6f314c2a,2026-05-01T12:16:57+00:00,0,1,1.0,60.0,8.0,4.23410650459726,8.0,0.0,0.0,1.0,0.0,0.0,0.0,0.0,0.0,0.0,0.0,0.0,1.0,0.0,0.0,0.0,0.0,8.0,80.0,0.0125,0.0,0.0,0.2
python-poetry/poetry,2f42de82c66cf218e5750e5d6b02f72f13b90a3a,2026-05-01T12:29:53+00:00,0,1,1.0,4.0,3.0,2.0794415416798357,1.0,1.0,1.0,0.0,0.0,0.0,0.0,0.0,0.0,0.0,1.0,0.0,1.0,0.0,0.0,0.0,0.0,0.0,81.0,0.0123456790123456,1.0,0.0,0.2
python-poetry/poetry,8d84f20b5e20e52c340c7a9f60f1a6487d87558f,2026-05-01T13:04:17+00:00,0,1,12.0,309.0,86.0,5.981414211254481,40.0,4.0,8.0,4.0,0.0,0.0,0.0,0.0,0.0,2.0,0.0,0.0,0.0,0.0,1.0,0.25,0.025,4.0,5.0,0.0,1.0,0.0,0.2
python-poetry/poetry,faaae4815d759eca1b633b5c423a3730f6fea54b,2026-05-01T13:21:29+00:00,0,1,1.0,1.0,2.0,1.3862943611198906,1.0,0.0,0.0,1.0,0.0,0.0,0.0,0.0,0.0,0.0,0.0,0.0,1.0,0.0,0.0,0.0,0.0,9.0,82.0,0.0121951219512195,0.0,0.0,0.15
python-poetry/poetry,f5602480cac081db215cc33773f229a8b0bb0d9d,2026-05-01T13:30:47+00:00,0,1,1.0,506.0,57.0,6.335054251498059,60.0,0.0,0.0,1.0,0.0,0.0,0.0,0.0,0.0,0.0,0.0,0.0,0.0,0.0,0.0,0.0,0.0,10.0,6.0,0.0,1.0,0.0,0.15
python-poetry/poetry,50f771ca40d1bda30dda6559a045e889461d3ecc,2026-05-01T13:44:58+00:00,0,1,1.0,3.0,1.0,1.6094379124341005,1.0,0.0,0.0,1.0,0.0,0.0,0.0,0.0,0.0,0.0,0.0,0.0,1.0,0.0,1.0,0.0,0.0,0.0,83.0,0.0120481927710843,0.0,0.0,0.15
python-poetry/poetry,f58d2d41f0187d1452b47abb1ffca2af921db4eb,2026-05-01T14:02:27+00:00,0,1,2.0,11.0,4.0,2.772588722239781,2.0,1.0,1.0,1.0,0.0,0.0,0.0,0.0,0.0,1.0,0.0,0.0,0.0,0.0,1.0,0.2222222222222222,0.1111111111111111,5.0,0.0,0.0,1.0,0.0,0.15
python-poetry/poetry,0b9501ac7206eb67e145d162019597b6af93fe2a,2026-05-02T05:18:28+00:00,0,1,11.0,124.0,124.0,5.517452896464707,0.0,0.0,0.0,11.0,0.0,0.0,3.0,0.0,0.0,0.0,0.0,0.0,1.0,0.0,0.0,0.0,0.0,0.3636363636363636,84.0,0.0119047619047619,1.0,0.0,0.15
python-poetry/poetry,23e5b6e1dee0a6e02cc7c45d44739820a39aae6f,2026-05-02T07:04:59+00:00,0,1,11.0,124.0,124.0,5.517452896464707,0.0,0.0,0.0,11.0,0.0,0.0,3.0,0.0,0.0,0.0,0.0,0.0,0.0,0.0,0.0,0.0,0.0,1.3636363636363635,85.0,0.0117647058823529,1.0,0.0,0.15
python-poetry/poetry,c282971172cb9a4f539e250432e4a34517351bb6,2026-05-02T07:15:47+00:00,0,1,15.0,184.0,182.0,5.905361848054571,132.0,0.0,0.0,15.0,0.0,0.0,0.0,0.0,0.0,0.0,0.0,0.0,1.0,0.0,1.0,0.0,0.0,2.8,86.0,0.0116279069767441,1.0,0.0,0.1
python-poetry/poetry,a7b06304084d480e3c925ee7af866d98f03d414d,2026-05-02T07:23:49+00:00,0,1,16.0,187.0,184.0,5.918893854273146,133.0,0.0,0.0,16.0,0.0,0.0,0.0,0.0,0.0,0.0,0.0,0.0,1.0,0.0,1.0,0.0,0.0,3.75,87.0,0.0114942528735632,1.0,0.0,0.1
python-poetry/poetry,7ef28ec94b11c277f925a961f94895991d6890a2,2026-05-02T07:54:08+00:00,0,1,16.0,187.0,184.0,5.918893854273146,133.0,0.0,0.0,16.0,0.0,0.0,0.0,0.0,0.0,0.0,0.0,0.0,0.0,0.0,1.0,0.0,0.0,4.75,88.0,0.0113636363636363,1.0,0.0,0.1
python-poetry/poetry,d86458f898f7016708c2d813ee8a3cfe8faeeea8,2026-05-02T08:02:25+00:00,0,1,2.0,6.0,6.0,2.5649493574615367,0.0,0.0,0.0,0.0,0.0,2.0,0.0,0.0,0.0,0.0,0.0,0.0,1.0,0.0,0.0,0.0476190476190476,0.0238095238095238,15.5,89.0,0.0112359550561797,1.0,0.0,0.05
python-poetry/poetry,236dacf038578e3fbcd3ee69ea74d1a2e1de076f,2026-05-02T08:10:15+00:00,0,1,2.0,6.0,6.0,2.5649493574615367,0.0,0.0,0.0,0.0,0.0,2.0,0.0,0.0,0.0,0.0,0.0,0.0,0.0,0.0,0.0,0.0454545454545454,0.0227272727272727,16.5,90.0,0.0111111111111111,1.0,0.0,0.0
python-poetry/poetry,9808ca47a577f7363283c65cc83350dc12acb46e,2026-05-02T08:11:21+00:00,0,1,1.0,2.0,2.0,1.6094379124341005,0.0,0.0,0.0,0.0,0.0,0.0,1.0,1.0,0.0,0.0,0.0,0.0,1.0,0.0,0.0,0.0,0.0,4.0,90.0,0.0111111111111111,0.0,0.0,0.0
python-poetry/poetry,812e2bc3b099257e0eca0ce584396aedafb07390,2026-05-02T08:13:11+00:00,0,1,1.0,2.0,2.0,1.6094379124341005,0.0,0.0,0.0,0.0,0.0,0.0,1.0,1.0,0.0,0.0,0.0,0.0,0.0,0.0,0.0,0.0,0.0,5.0,91.0,0.0109890109890109,0.0,0.0,0.0
python-poetry/poetry,40a2d3fe529003c9b81cc80a1602dcbaf639edd3,2026-05-02T08:15:03+00:00,0,1,7.0,126.0,9.0,4.912654885736052,17.0,3.0,3.0,3.0,1.0,0.0,0.0,0.0,0.0,0.0,0.0,0.0,1.0,0.0,0.0,0.0,0.0,9.285714285714286,91.0,0.0109890109890109,0.0,0.0,0.0
python-poetry/poetry,42014e2789abafd7d59131b2413ec681c6507e3e,2026-05-02T16:24:39+00:00,1,1,1.0,3.0,5.0,2.1972245773362196,1.0,1.0,1.0,0.0,0.0,0.0,0.0,0.0,0.0,0.0,1.0,0.0,1.0,0.0,1.0,0.0,0.0,0.0,35.0,0.0,1.0,0.0,0.0
python-poetry/poetry,85c41ff03d12f51b19266d0c70c654c636228fa6,2026-05-02T16:25:12+00:00,0,1,1.0,2.0,0.0,1.0986122886681098,2.0,0.0,0.0,1.0,0.0,0.0,0.0,0.0,0.0,0.0,0.0,0.0,1.0,0.0,0.0,0.1428571428571428,0.1428571428571428,14.0,35.0,0.0,1.0,0.0,0.0
python-poetry/poetry,acc9324bd35696bbcdbd79030bffea8b8bdca612,2026-05-02T16:31:44+00:00,0,1,3.0,13.0,84.0,4.584967478670572,3.0,1.0,2.0,1.0,0.0,0.0,0.0,0.0,0.0,0.0,0.0,0.0,1.0,0.0,0.0,0.0,0.0,1.0,37.0,0.027027027027027,1.0,0.0,0.05
python-poetry/poetry,f58325bee735167217d05ac1f1e352c4acca5712,2026-05-02T16:32:16+00:00,1,1,1.0,3.0,5.0,2.1972245773362196,1.0,1.0,1.0,0.0,0.0,0.0,0.0,0.0,0.0,0.0,1.0,0.0,1.0,0.0,1.0,1.0,1.0,1.0,37.0,0.027027027027027,1.0,0.0,0.05
python-poetry/poetry,f8b703078d53b80ec861dab7fd543703fafa3ba1,2026-05-02T16:32:37+00:00,0,1,1.0,2.0,0.0,1.0986122886681098,2.0,0.0,0.0,1.0,0.0,0.0,0.0,0.0,0.0,0.0,0.0,0.0,1.0,0.0,0.0,0.1333333333333333,0.1333333333333333,15.0,37.0,0.027027027027027,1.0,0.0,0.05
python-poetry/poetry,1213c05b9172b753970982a7a90efc6cc3167934,2026-05-03T05:04:00+00:00,0,1,3.0,13.0,84.0,4.584967478670572,3.0,1.0,2.0,1.0,0.0,0.0,0.0,0.0,0.0,0.0,0.0,0.0,0.0,0.0,0.0,0.0,0.0,2.0,40.0,0.05,1.0,0.0,0.1
python-poetry/poetry,8ee9c297d4af3c18a4c54b0a05e79ac38f0c828c,2026-05-03T05:05:46+00:00,0,1,1.0,3.0,5.0,2.1972245773362196,1.0,1.0,1.0,0.0,0.0,0.0,0.0,0.0,0.0,0.0,1.0,0.0,1.0,0.0,1.0,1.0,1.0,2.0,40.0,0.05,0.0,0.0,0.1
python-poetry/poetry,d83f6c05b70fae6572765015520368db59b7f31c,2026-05-03T05:12:35+00:00,0,1,1.0,3.0,5.0,2.1972245773362196,1.0,1.0,1.0,0.0,0.0,0.0,0.0,0.0,0.0,0.0,1.0,0.0,0.0,0.0,1.0,0.6666666666666666,0.6666666666666666,3.0,42.0,0.0476190476190476,1.0,0.0,0.1
python-poetry/poetry,6be16b5449c243c4cf6d682f316827e056767af7,2026-05-03T05:25:37+00:00,0,1,1.0,2.0,0.0,1.0986122886681098,2.0,0.0,0.0,1.0,0.0,0.0,0.0,0.0,0.0,0.0,0.0,0.0,1.0,0.0,0.0,0.125,0.125,16.0,42.0,0.0476190476190476,0.0,0.0,0.1
python-poetry/poetry,f6e2bb57714c605d6245b2b2a447411d89248e01,2026-05-03T05:32:45+00:00,0,1,1.0,2.0,0.0,1.0986122886681098,2.0,0.0,0.0,1.0,0.0,0.0,0.0,0.0,0.0,0.0,0.0,0.0,0.0,0.0,0.0,0.1176470588235294,0.1176470588235294,17.0,43.0,0.0465116279069767,0.0,0.0,0.1
python-poetry/poetry,1a8d1ccdb401c8ccd4628b40d6492e5d83c1225a,2026-05-03T07:27:47+00:00,0,1,2.0,6.0,6.0,2.5649493574615367,0.0,0.0,0.0,0.0,0.0,2.0,0.0,0.0,0.0,0.0,0.0,0.0,1.0,0.0,0.0,0.0434782608695652,0.0217391304347826,17.5,94.0,0.0106382978723404,1.0,0.0,0.1
python-poetry/poetry,56a5e3848311b934788db0b2bba6943c73857e60,2026-05-03T07:55:49+00:00,0,1,2.0,6.0,6.0,2.5649493574615367,0.0,0.0,0.0,0.0,0.0,2.0,0.0,0.0,0.0,0.0,0.0,0.0,0.0,0.0,0.0,0.0416666666666666,0.0208333333333333,18.5,95.0,0.0105263157894736,1.0,0.0,0.1
python-poetry/poetry,2e59cca2f283f5d00755d92ffb28937ebbf00089,2026-05-03T08:40:35+00:00,0,1,7.0,126.0,9.0,4.912654885736052,17.0,3.0,3.0,3.0,1.0,0.0,0.0,0.0,0.0,0.0,0.0,0.0,1.0,0.0,0.0,0.0,0.0,10.285714285714286,96.0,0.0104166666666666,0.0,0.0,0.1
python-poetry/poetry,ca51dac1c3d019d17f5adcb609338e890e0d47c8,2026-05-03T08:49:40+00:00,0,1,7.0,126.0,9.0,4.912654885736052,17.0,3.0,3.0,3.0,1.0,0.0,0.0,0.0,0.0,0.0,0.0,0.0,0.0,0.0,0.0,0.0,0.0,11.285714285714286,97.0,0.0103092783505154,0.0,0.0,0.1
python-poetry/poetry,fad385cd7d051a0396016524feaabf3cb5f88d5a,2026-05-03T09:13:30+00:00,0,1,2.0,47.0,2.0,3.912023005428146,0.0,0.0,0.0,0.0,1.0,1.0,0.0,0.0,0.0,0.0,0.0,0.0,1.0,0.0,0.0,0.04,0.02,17.0,98.0,0.010204081632653,1.0,0.0,0.1
python-poetry/poetry,97a43d2d0c194710ae9c37c4386bf32ecb1ce1ed,2026-05-03T11:03:53+00:00,0,1,2.0,1.0,110.0,4.718498871295094,0.0,0.0,0.0,2.0,0.0,0.0,1.0,0.0,0.0,0.0,0.0,0.0,1.0,0.0,0.0,0.0,0.0,4.0,45.0,0.0444444444444444,0.0,0.0,0.1
python-poetry/poetry,f955d201e072e72175530ab56e10c1a40bd05ff6,2026-05-03T11:54:18+00:00,0,1,38.0,1523.0,1661.0,8.066207568006265,136.0,12.0,18.0,18.0,0.0,2.0,0.0,0.0,0.0,0.0,0.0,0.0,1.0,0.0,0.0,0.5,0.0269230769230769,3.263157894736842,46.0,0.0434782608695652,1.0,0.0,0.1
python-poetry/poetry,08399c62917e7ee90263d10756a9a6917307a584,2026-05-03T12:04:51+00:00,0,1,38.0,1523.0,1662.0,8.066521490469993,136.0,12.0,18.0,18.0,0.0,2.0,0.0,0.0,0.0,0.0,0.0,0.0,1.0,0.0,0.0,0.4,0.0115009746588693,4.2631578947368425,47.0,0.0425531914893617,1.0,0.0,0.1
python-poetry/poetry,edbe5e73aec082f698137dfda5bf804608768894,2026-05-03T12:11:37+00:00,0,1,38.0,1523.0,1663.0,8.066835314417336,137.0,12.0,18.0,18.0,0.0,2.0,0.0,0.0,0.0,0.0,0.0,0.0,1.0,0.0,0.0,0.3333333333333333,0.0097117794486215,5.2631578947368425,48.0,0.0416666666666666,1.0,0.0,0.1
python-poetry/poetry,6088e2f3481fce8aedb4bbaf5d5d405d8667ffc9,2026-05-03T13:50:03+00:00,1,1,2.0,56.0,1.0,4.060443010546419,4.0,1.0,1.0,1.0,0.0,0.0,0.0,0.0,0.0,0.0,0.0,0.0,1.0,0.0,1.0,0.0,0.0,10.0,99.0,0.0101010101010101,0.0,0.0,0.1
python-poetry/poetry,296ad0fede8f5b0d0a4896c88380848999bab655,2026-05-03T13:51:08+00:00,0,1,2.0,194.0,192.0,5.958424693029782,0.0,0.0,0.0,0.0,0.0,2.0,0.0,0.0,0.0,0.0,0.0,0.0,1.0,0.0,0.0,0.0344827586206896,0.0172413793103448,23.0,99.0,0.0101010101010101,1.0,0.0,0.1
python-poetry/poetry,6b100d5cfcb1bc52c85705b5e4be241a09629fd3,2026-05-03T13:58:53+00:00,0,1,2.0,194.0,192.0,5.958424693029782,0.0,0.0,0.0,0.0,0.0,2.0,0.0,0.0,0.0,0.0,0.0,0.0,0.0,0.0,0.0,0.0333333333333333,0.0166666666666666,24.0,100.0,0.01,1.0,0.0,0.1
python-poetry/poetry,08e7e0f8bb35a1b343f668c025aa1b7f2dba3f02,2026-05-03T13:59:54+00:00,0,1,2.0,47.0,2.0,3.912023005428146,0.0,0.0,0.0,0.0,1.0,1.0,0.0,0.0,0.0,0.0,0.0,0.0,1.0,0.0,0.0,0.0333333333333333,0.0166666666666666,20.0,100.0,0.01,0.0,0.0,0.1
python-poetry/poetry,9369b4eacfe4e364c4c4c4b09277a038abdbcb23,2026-05-03T14:49:26+00:00,1,1,2.0,56.0,1.0,4.060443010546419,4.0,1.0,1.0,1.0,0.0,0.0,0.0,0.0,0.0,0.0,0.0,0.0,1.0,0.0,1.0,0.0,0.0,10.0,102.0,0.0098039215686274,0.0,0.0,0.05
python-poetry/poetry,3fc8b33d8c46bf3fbbf06255f1688a2a7bfdfc6b,2026-05-03T14:50:56+00:00,0,3,2.0,47.0,2.0,3.912023005428146,0.0,0.0,0.0,0.0,1.0,1.0,0.0,0.0,0.0,0.0,0.0,0.0,0.0,0.0,0.0,0.03125,0.015625,21.5,102.0,0.0098039215686274,1.0,0.0,0.05
python-poetry/poetry,2cf49dca58b96bc5d1c29c5c2d8ad8c49bd9f287,2026-05-03T21:48:41+00:00,1,1,38.0,1532.0,1672.0,8.07246736935477,137.0,12.0,18.0,18.0,0.0,2.0,0.0,0.0,0.0,0.0,0.0,0.0,1.0,0.0,0.0,0.2857142857142857,0.0083162451583504,6.421052631578948,49.0,0.0408163265306122,1.0,0.0,0.05
python-poetry/poetry,bfd40afac9e4bc70f8788681a791f6007c371522,2026-05-03T23:10:45+00:00,1,1,4.0,14.0,9.0,3.1780538303479458,4.0,1.0,1.0,3.0,0.0,0.0,0.0,0.0,0.0,0.0,0.0,0.0,1.0,0.0,1.0,0.0,0.0,3.25,50.0,0.06,1.0,0.0,0.1
python-poetry/poetry,f1cd632242bbee57bf3f9265bf2fa5256423ddec,2026-05-06T05:56:01+00:00,0,1,1.0,3.0,1.0,1.6094379124341005,1.0,0.0,0.0,1.0,0.0,0.0,0.0,0.0,0.0,0.0,0.0,0.0,1.0,0.0,0.0,0.0,0.0,0.0,0.0,0.0,0.0,0.0,0.2
python-poetry/poetry,17f15a9e4c28199f44a1bc4a7c2f1e971142709b,2026-05-06T09:08:36+00:00,1,1,61.0,2095.0,774.0,7.962067308753666,272.0,7.0,16.0,40.0,2.0,2.0,4.0,1.0,0.0,2.0,0.0,0.0,1.0,1.0,0.0,1.0,0.0510525815264377,6.147540983606557,4.0,0.5,1.0,0.0,0.2
python-poetry/poetry,4001a9551aa15cb80e9d3371f8c6c9b485f541d3,2026-05-06T09:13:34+00:00,1,1,3.0,81.0,4.0,4.454347296253507,1.0,0.0,0.0,1.0,0.0,2.0,0.0,0.0,0.0,0.0,0.0,0.0,1.0,0.0,0.0,0.1578947368421052,0.1129490392648287,25.0,5.0,0.6,1.0,0.0,0.25
python-poetry/poetry,b0314d645815b48c27cccea861fa70bc890a829c,2026-05-07T22:11:32+00:00,1,1,1.0,13.0,7.0,3.044522437723423,2.0,1.0,1.0,0.0,0.0,0.0,0.0,0.0,0.0,0.0,1.0,0.0,1.0,0.0,0.0,0.1,0.1,10.0,4.0,0.0,1.0,0.0,0.3
python-poetry/poetry,2016713088b2f206d7f3c5bbaff6f3ffa5b11082,2026-05-08T12:37:31+00:00,0,1,1.0,4.0,4.0,2.1972245773362196,4.0,0.0,0.0,1.0,0.0,0.0,0.0,0.0,0.0,0.0,0.0,0.0,1.0,0.0,0.0,0.3333333333333333,0.3333333333333333,3.0,1.0,0.0,1.0,0.0,0.35
python-poetry/poetry,ee811fb9a594239b220bbecc6959694bcaf4367f,2026-05-08T14:49:34+00:00,1,1,2.0,79.0,1.0,4.394449154672439,3.0,1.0,1.0,1.0,0.0,0.0,0.0,0.0,0.0,0.0,0.0,0.0,1.0,0.0,1.0,0.0833333333333333,0.0416666666666666,9.5,105.0,0.0285714285714285,1.0,0.0,0.35
python-poetry/poetry,39996bf3c674f296fc3ef71c4c5330c2c35742b2,2026-05-08T14:55:04+00:00,0,1,1.0,0.0,6.0,1.9459101490553132,0.0,0.0,0.0,0.0,0.0,0.0,1.0,1.0,0.0,0.0,0.0,0.0,1.0,0.0,0.0,0.0,0.0,4.0,105.0,0.0285714285714285,1.0,0.0,0.35
python-poetry/poetry,ca5b500f3037af1d5350bfa20c276dc3fbc3dc5d,2026-05-08T15:03:19+00:00,0,1,1.0,0.0,6.0,1.9459101490553132,0.0,0.0,0.0,0.0,0.0,0.0,1.0,1.0,0.0,0.0,0.0,0.0,0.0,0.0,0.0,0.0,0.0,5.0,107.0,0.0373831775700934,1.0,0.0,0.4
python-poetry/poetry,dfc37d2c2cac65d6d7fcb8c2077e528aae889d73,2026-05-08T15:03:36+00:00,0,1,2.0,79.0,1.0,4.394449154672439,3.0,1.0,1.0,1.0,0.0,0.0,0.0,0.0,0.0,0.0,0.0,0.0,1.0,0.0,1.0,0.1538461538461538,0.1394230769230769,10.5,107.0,0.0373831775700934,0.0,0.0,0.4
python-poetry/poetry,409c83cb91d77eedee8dfa85ca9623748baa8c7e,2026-05-08T15:15:35+00:00,0,1,2.0,79.0,1.0,4.394449154672439,3.0,1.0,1.0,1.0,0.0,0.0,0.0,0.0,0.0,0.0,0.0,0.0,0.0,0.0,1.0,0.1428571428571428,0.1269841269841269,11.5,108.0,0.037037037037037,0.0,0.0,0.4
python-poetry/poetry,5636ff85a7ed790d8fb4d63eafc39accca11e620,2026-05-08T15:17:01+00:00,0,1,1.0,4.0,4.0,2.1972245773362196,4.0,0.0,0.0,1.0,0.0,0.0,0.0,0.0,0.0,0.0,0.0,0.0,1.0,0.0,0.0,0.25,0.25,4.0,2.0,0.0,0.0,0.0,0.4
python-poetry/poetry,e75f0349fcfdede5ff5634864d1107631623c856,2026-05-08T15:28:00+00:00,0,1,1.0,4.0,4.0,2.1972245773362196,4.0,0.0,0.0,1.0,0.0,0.0,0.0,0.0,0.0,0.0,0.0,0.0,0.0,0.0,0.0,0.2,0.2,5.0,0.0,0.0,1.0,0.0,0.4
python-poetry/poetry,2ae360bc61373ad954f29d06c2b85f1dd106e684,2026-05-08T15:54:34+00:00,0,1,2.0,2.0,2.0,1.6094379124341005,0.0,0.0,0.0,0.0,0.0,2.0,0.0,0.0,0.0,0.0,0.0,0.0,1.0,0.0,0.0,0.1363636363636363,0.1237373737373737,29.0,110.0,0.0363636363636363,0.0,0.0,0.4
python-poetry/poetry,c273de570ec06c6068fa8ec42666a5d22cf47c73,2026-05-09T07:31:30+00:00,0,1,2.0,2.0,2.0,1.6094379124341005,0.0,0.0,0.0,0.0,0.0,2.0,0.0,0.0,0.0,0.0,0.0,0.0,0.0,0.0,0.0,0.1304347826086956,0.1192714453584018,30.0,111.0,0.036036036036036,1.0,0.0,0.4
python-poetry/poetry,038b82387f76993d41d9935761a5037da3b1006a,2026-05-09T07:55:51+00:00,0,1,2.0,14.0,2.0,2.833213344056216,0.0,0.0,0.0,0.0,1.0,1.0,0.0,0.0,0.0,0.0,0.0,0.0,1.0,0.0,0.0,0.1052631578947368,0.0910931174089068,25.5,112.0,0.0357142857142857,1.0,0.0,0.4
python-poetry/poetry,811a12dae0fe81f199e3f1b88b8b8be9eed543c2,2026-05-09T15:08:38+00:00,0,3,2.0,14.0,2.0,2.833213344056216,0.0,0.0,0.0,0.0,1.0,1.0,0.0,0.0,0.0,0.0,0.0,0.0,0.0,0.0,0.0,0.1025641025641025,0.0869963369963369,26.5,113.0,0.0353982300884955,1.0,0.0,0.4
python-poetry/poetry,7af2c52f1698ec5e55dbe3baee573ea5f10e787a,2026-05-10T01:36:00+00:00,1,1,1.0,52.0,0.0,3.970291913552122,1.0,0.0,0.0,1.0,0.0,0.0,0.0,0.0,0.0,0.0,0.0,0.0,1.0,0.0,0.0,0.1818181818181818,0.1818181818181818,11.0,0.0,0.0,0.0,0.0,0.35
python-poetry/poetry,ab66cd89359f53858fa97d1c51dc48bd47d4f855,2026-05-10T09:08:19+00:00,1,1,1.0,1.0,1.0,1.0986122886681098,1.0,1.0,1.0,0.0,0.0,0.0,0.0,0.0,0.0,0.0,1.0,0.0,1.0,0.0,1.0,0.1818181818181818,0.1818181818181818,11.0,1.0,1.0,1.0,1.0,0.4
python-poetry/poetry,d3aba977121ce87f31b0a3a19ccd8b3f745980bb,2026-05-10T15:30:23+00:00,0,1,1.0,2.0,2.0,1.6094379124341005,0.0,0.0,0.0,0.0,0.0,1.0,0.0,0.0,0.0,0.0,0.0,0.0,1.0,0.0,0.0,0.1,0.1,40.0,114.0,0.0350877192982456,0.0,0.0,0.4
python-poetry/poetry,98fd668570c350e02888a3e1fc95e10ac68f91b9,2026-05-10T16:35:09+00:00,1,1,38.0,1532.0,1672.0,8.07246736935477,137.0,12.0,18.0,18.0,0.0,2.0,0.0,0.0,0.0,0.0,0.0,0.0,1.0,0.0,0.0,0.4444444444444444,0.2172833529591518,8.0,51.0,0.0784313725490196,1.0,0.0,0.35
python-poetry/poetry,e7d899cdd87fc7609660d5e5b86b38384e1e2bba,2026-05-10T17:03:17+00:00,0,1,38.0,1532.0,1672.0,8.07246736935477,137.0,12.0,18.0,18.0,0.0,2.0,0.0,0.0,0.0,0.0,0.0,0.0,1.0,0.0,0.0,0.5,0.3305580822686088,9.0,52.0,0.0961538461538461,1.0,0.0,0.35
python-poetry/poetry,c04069d97f2fbf397baf01a5cc51b59e0c9f3b0b,2026-05-10T17:51:28+00:00,0,1,3.0,83.0,3.0,4.465908118654584,1.0,0.0,0.0,1.0,0.0,2.0,0.0,0.0,0.0,0.0,0.0,0.0,0.0,0.0,0.0,0.2,0.1567084078711985,29.666666666666668,6.0,0.6666666666666666,1.0,0.0,0.35
python-poetry/poetry,d07f455acb141baa895bfb2df0675ae13e756e71,2026-05-10T22:28:22+00:00,0,1,1.0,0.0,1.0,0.6931471805599453,0.0,0.0,0.0,1.0,0.0,0.0,0.0,0.0,0.0,0.0,0.0,0.0,1.0,0.0,1.0,0.0,0.0,3.0,20.0,0.0,0.0,0.0,0.3
python-poetry/poetry,24ae828db625aa89fcc56d67fa96b7ab6d81c84d,2026-05-11T13:40:53+00:00,1,1,1.0,85.0,31.0,4.762173934797756,9.0,0.0,0.0,1.0,0.0,0.0,0.0,0.0,0.0,0.0,0.0,0.0,1.0,0.0,0.0,0.1666666666666666,0.1666666666666666,6.0,3.0,0.0,1.0,0.0,0.25
python-poetry/poetry,bd622ac6f4f756ec334c4378f226514df0081460,2026-05-11T20:52:17+00:00,1,1,1.0,53.0,63.0,4.762173934797756,5.0,0.0,0.0,1.0,0.0,0.0,0.0,0.0,0.0,0.0,0.0,0.0,1.0,0.0,0.0,0.2857142857142857,0.2857142857142857,7.0,4.0,0.25,1.0,1.0,0.25
python-poetry/poetry,a9eaf156b15f4d4fea46ae6e0d7857e9b2603f91,2026-05-14T01:38:29+00:00,0,1,1.0,45.0,0.0,3.828641396489095,4.0,0.0,0.0,1.0,0.0,0.0,0.0,0.0,0.0,0.0,0.0,0.0,1.0,0.0,0.0,0.1428571428571428,0.1428571428571428,21.0,0.0,0.0,1.0,0.0,0.3
python-poetry/poetry,492fe2deece9c5597e4f7c3b7760fcd2324c6c03,2026-05-14T02:00:45+00:00,0,1,1.0,46.0,0.0,3.8501476017100584,4.0,0.0,0.0,1.0,0.0,0.0,0.0,0.0,0.0,0.0,0.0,0.0,1.0,0.0,0.0,0.1363636363636363,0.1363636363636363,22.0,1.0,0.0,1.0,0.0,0.25
python-poetry/poetry,b05dbefacc9911ecf3a8d6d70b7d33adcd15a991,2026-05-15T07:38:47+00:00,0,1,4.0,37.0,12.0,3.912023005428146,5.0,1.0,1.0,1.0,0.0,2.0,0.0,0.0,0.0,0.0,0.0,0.0,1.0,0.0,0.0,0.1481481481481481,0.1308922558922559,17.75,115.0,0.0347826086956521,1.0,0.0,0.25
python-poetry/poetry,437f01a4d42c371dcec5a55e5b158e1f7f4c49f0,2026-05-15T11:19:13+00:00,0,1,1.0,8.0,1.0,2.302585092994046,1.0,1.0,1.0,0.0,0.0,0.0,0.0,0.0,0.0,0.0,1.0,0.0,1.0,0.0,0.0,0.0,0.0,1.0,116.0,0.0344827586206896,1.0,0.0,0.25
python-poetry/poetry,6c32445eec000a5c356ee6c761e9e359b28a2e36,2026-05-15T11:21:52+00:00,0,1,4.0,37.0,12.0,3.912023005428146,5.0,1.0,1.0,1.0,0.0,2.0,0.0,0.0,0.0,0.0,0.0,0.0,1.0,0.0,0.0,0.1428571428571428,0.0634920634920634,18.75,116.0,0.0344827586206896,1.0,0.0,0.25
python-poetry/poetry,0e38079e16fd79fbff8beaa52753408f74f244b2,2026-05-16T07:11:05+00:00,1,1,4.0,211.0,2.0,5.365976015021851,12.0,1.0,1.0,1.0,1.0,0.0,1.0,0.0,0.0,0.0,0.0,0.0,1.0,0.0,0.0,0.3333333333333333,0.2418300653594771,7.25,0.0,0.0,1.0,0.0,0.25
python-poetry/poetry,fce324ddff0540a6f43373bd9eb909eb86aa7210,2026-05-16T07:21:52+00:00,0,1,4.0,211.0,2.0,5.365976015021851,12.0,1.0,1.0,1.0,1.0,0.0,1.0,0.0,0.0,0.0,0.0,0.0,1.0,0.0,0.0,1.0,0.492063492063492,8.25,1.0,1.0,1.0,0.0,0.3
python-poetry/poetry,35a6279f916eb5809053ce628ae65cb1a74dc1a9,2026-05-16T09:22:08+00:00,0,1,0.0,0.0,0.0,0.0,0.0,0.0,0.0,0.0,0.0,0.0,0.0,0.0,0.0,0.0,0.0,0.0,1.0,0.0,0.0,0.0,0.0,0.0,0.0,0.0,1.0,0.0,0.3
python-poetry/poetry,0aa9f345834f84d9b7f2cadc5da4519b9b83f818,2026-05-16T14:15:17+00:00,0,1,1.0,7.0,0.0,2.0794415416798357,1.0,0.0,0.0,1.0,0.0,0.0,0.0,0.0,0.0,0.0,0.0,0.0,1.0,0.0,1.0,0.0,0.0,0.0,53.0,0.0943396226415094,1.0,0.0,0.3
python-poetry/poetry,beadec8b2c061a10aabbc5c43448a262552da9ea,2026-05-16T15:19:17+00:00,0,1,18.0,100.0,174.0,5.616771097666572,69.0,7.0,9.0,7.0,0.0,2.0,0.0,0.0,0.0,0.0,0.0,0.0,1.0,0.0,0.0,0.375,0.2848434579006793,11.22222222222222,54.0,0.0925925925925925,1.0,0.0,0.3
python-poetry/poetry,743455c2531c724abc23c53e3cb4a84fbfaac9cb,2026-05-16T15:21:46+00:00,0,1,38.0,1532.0,1672.0,8.07246736935477,137.0,12.0,18.0,18.0,0.0,2.0,0.0,0.0,0.0,0.0,0.0,0.0,1.0,0.0,0.0,0.4545454545454545,0.2865741620268962,10.31578947368421,54.0,0.0925925925925925,1.0,0.0,0.3
python-poetry/poetry,de88e1bcc3dc21fa812074abe57b9c5c0fd5677a,2026-05-16T15:31:50+00:00,0,1,18.0,102.0,176.0,5.631211781821365,69.0,7.0,9.0,7.0,0.0,2.0,0.0,0.0,0.0,0.0,0.0,0.0,1.0,0.0,0.0,0.3,0.2252995243388981,13.22222222222222,56.0,0.0892857142857142,1.0,0.0,0.3
python-poetry/poetry,86ba5650b06c98f5abf8001216593341b9597661,2026-05-16T15:33:37+00:00,0,1,38.0,1549.0,1691.0,8.083637203141548,142.0,12.0,18.0,18.0,0.0,2.0,0.0,0.0,0.0,0.0,0.0,0.0,1.0,0.0,0.0,0.4166666666666667,0.2409836620069566,11.789473684210526,56.0,0.0892857142857142,1.0,0.0,0.3
python-poetry/poetry,050a4055d058a9b518661d3610b36aefe4396efe,2026-05-16T16:03:30+00:00,0,1,1.0,8.0,1.0,2.302585092994046,1.0,1.0,1.0,0.0,0.0,0.0,0.0,0.0,0.0,0.0,1.0,0.0,0.0,0.0,0.0,0.0,0.0,3.0,118.0,0.0338983050847457,1.0,0.0,0.2
python-poetry/poetry,d59dc8ccb7cb9f2ffa9cf8ee554828aae5e54e21,2026-05-17T07:46:52+00:00,0,1,4.0,210.0,0.0,5.351858133476067,11.0,1.0,1.0,1.0,1.0,0.0,1.0,0.0,0.0,0.0,0.0,0.0,1.0,0.0,0.0,0.5,0.2888157894736842,10.75,2.0,0.5,1.0,0.0,0.2
python-poetry/poetry,49257f640e4689b94d4c19e78154f6233729bd2e,2026-05-17T08:03:44+00:00,0,1,4.0,225.0,0.0,5.420534999272286,11.0,1.0,1.0,1.0,1.0,0.0,1.0,0.0,0.0,0.0,0.0,0.0,1.0,0.0,0.0,0.3333333333333333,0.2342074592074592,11.75,3.0,0.3333333333333333,1.0,0.0,0.15
python-poetry/poetry,b96e26092296b823bd61188d88949da3edef5965,2026-05-17T08:47:03+00:00,0,1,4.0,239.0,0.0,5.480638923341991,12.0,1.0,1.0,1.0,1.0,0.0,1.0,0.0,0.0,0.0,0.0,0.0,1.0,0.0,0.0,0.25,0.2023809523809523,12.75,4.0,0.25,1.0,0.0,0.15
python-poetry/poetry,7a8c413300b83411469823ed722f49186b69962b,2026-05-17T10:01:34+00:00,0,1,2.0,29.0,3.0,3.49650756146648,2.0,1.0,1.0,1.0,0.0,0.0,0.0,0.0,0.0,0.0,0.0,0.0,1.0,0.0,0.0,0.0,0.0,0.0,0.0,0.0,1.0,0.0,0.15
python-poetry/poetry,eeb0516d2b4d29858dc5cc09be39eb7b8f51f02c,2026-05-17T10:02:48+00:00,1,1,2.0,165.0,13.0,5.187385805840755,8.0,1.0,1.0,1.0,0.0,0.0,0.0,0.0,0.0,0.0,0.0,0.0,1.0,0.0,0.0,0.0,0.0,7.5,119.0,0.0336134453781512,0.0,0.0,0.15
python-poetry/poetry,fc175ab73faba27ec5790689258925c97d038255,2026-05-17T10:10:29+00:00,0,1,4.0,19.0,12.0,3.4657359027997265,4.0,1.0,3.0,1.0,0.0,0.0,0.0,0.0,0.0,0.0,0.0,0.0,1.0,0.0,0.0,0.0,0.0,1.5,1.0,0.0,1.0,0.0,0.15
python-poetry/poetry,0663b0e044e403f8437c60b39a37f0929dbdbb02,2026-05-17T10:26:26+00:00,0,1,1.0,2.0,2.0,1.6094379124341005,1.0,0.0,0.0,1.0,0.0,0.0,0.0,0.0,0.0,0.0,0.0,0.0,1.0,0.0,0.0,0.0,0.0,1.0,120.0,0.0416666666666666,0.0,0.0,0.1
python-poetry/poetry,0f3e509f6289d367bf37fdf83ef9ebea328ec55a,2026-05-17T10:33:30+00:00,0,1,4.0,46.0,1.0,3.871201010907891,6.0,2.0,3.0,1.0,0.0,0.0,0.0,0.0,0.0,0.0,0.0,0.0,1.0,0.0,0.0,0.0,0.0,1.25,2.0,0.0,1.0,0.0,0.1
python-poetry/poetry,12f29ff3e130e04bca20b5476dea9b8cc527c2ff,2026-05-17T10:33:51+00:00,0,1,1.0,8.0,1.0,2.302585092994046,2.0,0.0,0.0,1.0,0.0,0.0,0.0,0.0,0.0,0.0,0.0,0.0,0.0,0.0,1.0,0.0,0.0,2.0,58.0,0.0862068965517241,1.0,0.0,0.1
python-poetry/poetry,07939d0bee7483febbca76e7b1b535962c4db929,2026-05-17T10:49:02+00:00,0,1,3.0,9.0,6.0,2.772588722239781,3.0,2.0,2.0,1.0,0.0,0.0,0.0,0.0,0.0,0.0,0.0,0.0,1.0,0.0,0.0,1.0,0.5,0.6666666666666666,3.0,0.0,1.0,0.0,0.1
python-poetry/poetry,a0a8f851923d1101b3e34ffcac3436bfb9d5e289,2026-05-17T11:07:56+00:00,0,1,2.0,20.0,7.0,3.332204510175204,4.0,1.0,1.0,1.0,0.0,0.0,0.0,0.0,0.0,0.0,0.0,0.0,1.0,0.0,0.0,0.0833333333333333,0.0729166666666666,14.0,4.0,0.0,1.0,0.0,0.1
python-poetry/poetry,2af3664a0431647e410cae2ae7ed92eac9177b37,2026-05-17T11:09:55+00:00,0,1,2.0,2.0,2.0,1.6094379124341005,0.0,0.0,0.0,0.0,0.0,2.0,0.0,0.0,0.0,0.0,0.0,0.0,1.0,0.0,0.0,0.1212121212121212,0.1106060606060606,41.5,121.0,0.0413223140495867,0.0,0.0,0.1
python-poetry/poetry,b95f28aefeb3ce97cb40876a6fedee791a136587,2026-05-17T11:17:34+00:00,0,1,17.0,100.0,174.0,5.616771097666572,69.0,7.0,9.0,7.0,0.0,1.0,0.0,0.0,0.0,0.0,0.0,0.0,0.0,0.0,0.0,0.2307692307692307,0.1892382006386741,13.411764705882351,59.0,0.0847457627118644,1.0,0.0,0.05
python-poetry/poetry,477745d1eb8a78498abbf2d5812afc2a23d6a8fc,2026-05-17T11:26:00+00:00,0,1,35.0,1474.0,1542.0,8.012018239159062,98.0,11.0,15.0,18.0,0.0,2.0,0.0,0.0,0.0,0.0,0.0,0.0,1.0,0.0,0.0,0.3846153846153846,0.2018346821245981,14.114285714285714,60.0,0.0833333333333333,1.0,0.0,0.05
python-poetry/poetry,c265539ab4037d235e878dd2e80e65a5046c0e5d,2026-05-17T12:41:29+00:00,0,1,5.0,259.0,0.0,5.560681631015528,12.0,1.0,1.0,1.0,2.0,0.0,1.0,0.0,0.0,0.0,0.0,0.0,1.0,0.0,0.0,0.2142857142857142,0.1363330786860198,13.4,5.0,0.2,1.0,0.0,0.05
python-poetry/poetry,2b2a5476bc4acb718c2806e3d35cdd19b43785fa,2026-05-17T12:53:16+00:00,0,1,2.0,13.0,2.0,2.772588722239781,2.0,1.0,1.0,1.0,0.0,0.0,0.0,0.0,0.0,0.0,0.0,0.0,1.0,0.0,0.0,0.0769230769230769,0.0678733031674208,15.0,5.0,0.0,1.0,0.0,0.05
python-poetry/poetry,d65ff0007160ce15b2dcff180bc90072dc7a898b,2026-05-17T15:09:14+00:00,0,1,5.0,269.0,0.0,5.598421958998375,13.0,1.0,1.0,1.0,2.0,0.0,1.0,0.0,0.0,0.0,0.0,0.0,1.0,0.0,0.0,0.2,0.1240579710144927,14.4,6.0,0.1666666666666666,1.0,0.0,0.05
python-poetry/poetry,56bc6a8309782d208483e00d2e023004ff30fcc2,2026-05-17T17:30:03+00:00,0,1,5.0,78.0,42.0,4.795790545596741,6.0,1.0,3.0,2.0,0.0,0.0,0.0,0.0,0.0,0.0,0.0,0.0,1.0,0.0,0.0,0.0,0.0,2.2,122.0,0.040983606557377,0.0,0.0,0.05
python-poetry/poetry,81875f381ecbeddb239f154a5b32362233659ada,2026-05-17T17:37:08+00:00,0,1,4.0,84.0,15.0,4.605170185988092,4.0,1.0,3.0,1.0,0.0,0.0,0.0,0.0,0.0,0.0,0.0,0.0,0.0,0.0,0.0,0.0,0.0,3.25,0.0,0.0,1.0,0.0,0.05
python-poetry/poetry,8e09ed58cb1fb8660458b46e111b2ab691ec4cad,2026-05-17T17:37:56+00:00,0,1,2.0,13.0,2.0,2.772588722239781,2.0,1.0,1.0,1.0,0.0,0.0,0.0,0.0,0.0,0.0,0.0,0.0,1.0,0.0,0.0,0.0714285714285714,0.0634920634920634,16.0,6.0,0.0,0.0,0.0,0.05
python-poetry/poetry,7df479b259ac24bbce1b39abc048939db254796c,2026-05-17T17:45:31+00:00,0,1,2.0,13.0,2.0,2.772588722239781,2.0,1.0,1.0,1.0,0.0,0.0,0.0,0.0,0.0,0.0,0.0,0.0,0.0,0.0,0.0,0.0666666666666666,0.0596491228070175,17.0,1.0,0.0,1.0,0.0,0.05
python-poetry/poetry,edf2ec98241c320e35002b99fcad7744b4a0eb0a,2026-05-17T18:37:48+00:00,1,1,2.0,8.0,6.0,2.70805020110221,3.0,1.0,1.0,1.0,0.0,0.0,0.0,0.0,0.0,0.0,0.0,0.0,1.0,0.0,1.0,0.1875,0.1770833333333333,14.0,4.0,0.0,1.0,0.0,0.05
python-poetry/poetry,4cbf4b610d958c0f368a33b67ad8d8d1452ea0df,2026-05-17T18:38:12+00:00,0,1,2.0,47.0,1.0,3.8918202981106265,4.0,1.0,1.0,1.0,0.0,0.0,0.0,0.0,0.0,0.0,0.0,0.0,1.0,0.0,1.0,0.2352941176470588,0.2352941176470588,17.0,4.0,0.0,1.0,0.0,0.05
python-poetry/poetry,3a49de01fe8c35183c87e290dfdb69d439b626f7,2026-05-17T19:10:34+00:00,0,1,1.0,2.0,2.0,1.6094379124341005,1.0,0.0,0.0,1.0,0.0,0.0,0.0,0.0,0.0,0.0,0.0,0.0,1.0,0.0,0.0,0.25,0.25,4.0,6.0,0.1666666666666666,1.0,1.0,0.1
python-poetry/poetry,03988594541f0b6647cc9b13233608e47d6c1e5d,2026-05-18T18:46:08+00:00,0,1,2.0,36.0,8.0,3.80666248977032,3.0,1.0,1.0,1.0,0.0,0.0,0.0,0.0,0.0,0.0,0.0,0.0,1.0,0.0,0.0,0.2222222222222222,0.2222222222222222,4.5,0.0,0.0,1.0,0.0,0.05
python-poetry/poetry,3e97a30e3460962c52d8e23b8d8fbd5b9bf0eb23,2026-05-18T21:47:42+00:00,0,2,1.0,2.0,2.0,1.6094379124341005,0.0,0.0,0.0,0.0,0.0,0.0,1.0,0.0,0.0,0.0,0.0,0.0,1.0,0.0,0.0,0.0,0.0,22.0,21.0,0.0,1.0,0.0,0.05
python-poetry/poetry,ecd83cb224d61d1f5c0285f70d1b18baf8c8eb34,2026-05-19T04:55:50+00:00,1,1,1.0,46.0,0.0,3.8501476017100584,4.0,0.0,0.0,1.0,0.0,0.0,0.0,0.0,0.0,0.0,0.0,0.0,1.0,0.0,0.0,0.1153846153846153,0.1153846153846153,26.0,2.0,0.0,1.0,0.0,0.05
python-poetry/poetry,f13176224c6f36fdf7c9e18cb6de5fbbb50ccbca,2026-05-19T19:29:44+00:00,0,1,1.0,3.0,4.0,2.0794415416798357,0.0,0.0,0.0,0.0,1.0,0.0,0.0,0.0,0.0,0.0,0.0,1.0,1.0,0.0,1.0,0.0,0.0,2.0,1.0,0.0,1.0,0.0,0.1
python-poetry/poetry,84446a06b0abbf6eae68bae547f86e093f6b7fae,2026-05-20T15:43:07+00:00,0,1,1.0,9.0,2.0,2.4849066497880004,4.0,0.0,0.0,1.0,0.0,0.0,0.0,0.0,0.0,0.0,0.0,0.0,1.0,0.0,0.0,0.1481481481481481,0.1481481481481481,27.0,123.0,0.040650406504065,1.0,1.0,0.1
python-poetry/poetry,1ba75be68b7d5918a648e4055980c0c6570d6178,2026-05-20T15:50:35+00:00,0,1,1.0,55.0,2.0,4.060443010546419,7.0,0.0,0.0,1.0,0.0,0.0,0.0,0.0,0.0,0.0,0.0,0.0,0.0,0.0,0.0,0.1428571428571428,0.1428571428571428,28.0,3.0,0.3333333333333333,1.0,0.0,0.1
python-poetry/poetry,299c093585952ff3e9d636906cccc0d3c0f5aeb1,2026-05-20T15:58:55+00:00,0,1,1.0,8.0,4.0,2.5649493574615367,1.0,0.0,0.0,1.0,0.0,0.0,0.0,0.0,0.0,0.0,0.0,0.0,1.0,0.0,0.0,0.375,0.375,8.0,124.0,0.0403225806451612,0.0,0.0,0.1
python-poetry/poetry,ffcacc9451a2e567c489b2fa6fe101688887b04e,2026-05-20T16:06:00+00:00,0,1,1.0,84.0,41.0,4.836281906951478,6.0,0.0,0.0,1.0,0.0,0.0,0.0,0.0,0.0,0.0,0.0,0.0,0.0,0.0,0.0,0.3333333333333333,0.3333333333333333,9.0,1.0,0.0,1.0,0.0,0.1
python-poetry/poetry,35832ccab34fc39dfb7767a18782b53085dc38cd,2026-05-20T16:14:12+00:00,0,1,1.0,8.0,10.0,2.9444389791664403,2.0,0.0,0.0,1.0,0.0,0.0,0.0,0.0,0.0,0.0,0.0,0.0,1.0,0.0,0.0,0.0,0.0,1.0,125.0,0.04,0.0,0.0,0.1
python-poetry/poetry,f2f70de47e55af87cc5b4c535dda718b7df03d95,2026-05-20T16:22:43+00:00,0,1,1.0,21.0,0.0,3.091042453358316,1.0,0.0,0.0,1.0,0.0,0.0,0.0,0.0,0.0,0.0,0.0,0.0,0.0,0.0,0.0,0.0,0.0,2.0,2.0,0.0,1.0,0.0,0.1
python-poetry/poetry,511961317463dbb369270dd35846593563fa9ef3,2026-05-21T01:07:41+00:00,0,1,1.0,43.0,0.0,3.784189633918261,5.0,0.0,0.0,1.0,0.0,0.0,0.0,0.0,0.0,0.0,0.0,0.0,1.0,0.0,0.0,0.0,0.0,0.0,0.0,0.0,1.0,0.0,0.1
python-poetry/poetry,578a9536f68e780898e4ba50da299f24ca5042a8,2026-05-21T01:49:15+00:00,0,1,1.0,3.0,11.0,2.70805020110221,3.0,0.0,0.0,1.0,0.0,0.0,0.0,0.0,0.0,0.0,0.0,0.0,1.0,0.0,0.0,0.0,0.0,1.0,1.0,0.0,1.0,0.0,0.1
python-poetry/poetry,46abf77480e4c709c1ed2bd36d40f709727d996a,2026-05-21T06:40:52+00:00,0,1,1.0,1.0,1.0,1.0986122886681098,0.0,0.0,0.0,0.0,1.0,0.0,0.0,0.0,0.0,0.0,0.0,1.0,1.0,0.0,0.0,0.0,0.0,5.0,0.0,0.0,1.0,0.0,0.1
python-poetry/poetry,22bda55c3cf882f27d6ae94fae707ef68b79a70f,2026-05-21T10:01:27+00:00,0,1,2.0,27.0,6.0,3.5263605246161616,5.0,1.0,1.0,1.0,0.0,0.0,0.0,0.0,0.0,0.0,0.0,0.0,1.0,0.0,0.0,0.0,0.0,4.5,0.0,0.0,1.0,0.0,0.1
python-poetry/poetry,64600a036113b4a18b507fd07d3bf5ecacef64b0,2026-05-21T10:09:40+00:00,0,1,2.0,27.0,2.0,3.4011973816621555,4.0,1.0,1.0,1.0,0.0,0.0,0.0,0.0,0.0,0.0,0.0,0.0,1.0,0.0,0.0,0.125,0.1180555555555555,8.5,1.0,0.0,1.0,0.0,0.1
python-poetry/poetry,442ee54937dbebb2dcb244f1c3043e52528ce5b0,2026-05-23T05:24:42+00:00,0,1,1.0,3.0,4.0,2.0794415416798357,0.0,0.0,0.0,0.0,1.0,0.0,0.0,0.0,0.0,0.0,0.0,1.0,1.0,0.0,1.0,0.0,0.0,3.0,2.0,0.0,1.0,0.0,0.1
python-poetry/poetry,af9f0b1a66bfede219fbda51a956d992c69f1316,2026-05-23T07:24:45+00:00,0,1,1.0,2.0,2.0,1.6094379124341005,0.0,0.0,0.0,0.0,1.0,0.0,0.0,0.0,0.0,0.0,0.0,1.0,1.0,0.0,1.0,0.0,0.0,4.0,3.0,0.0,1.0,0.0,0.1
python-poetry/poetry,4bc890716460797fa16ab3c5d90330db15262b79,2026-05-23T12:55:46+00:00,0,1,1.0,2.0,3.0,1.791759469228055,0.0,0.0,0.0,0.0,1.0,0.0,0.0,0.0,0.0,0.0,0.0,1.0,0.0,0.0,1.0,0.0,0.0,5.0,0.0,0.0,1.0,0.0,0.1
python-poetry/poetry,333f326c97e7869cf16f7a5250034084d936c653,2026-05-23T14:57:48+00:00,1,1,2.0,5.0,5.0,2.3978952727983707,0.0,0.0,0.0,0.0,0.0,2.0,0.0,0.0,0.0,0.0,0.0,0.0,1.0,0.0,0.0,0.1111111111111111,0.1036324786324786,44.0,126.0,0.0396825396825396,1.0,0.0,0.05
python-poetry/poetry,51ed260d9bbd373370b561e19ecced5382cfc427,2026-05-23T15:05:32+00:00,0,1,2.0,27.0,6.0,3.5263605246161616,5.0,1.0,1.0,1.0,0.0,0.0,0.0,0.0,0.0,0.0,0.0,0.0,1.0,0.0,0.0,0.0,0.0,5.5,2.0,0.0,1.0,0.0,0.1
python-poetry/poetry,5d5dc6afc7719dcb69b971013870d24abcdb8e8c,2026-05-23T15:05:33+00:00,0,1,1.0,18.0,0.0,2.9444389791664403,1.0,0.0,0.0,1.0,0.0,0.0,0.0,0.0,0.0,0.0,0.0,0.0,1.0,0.0,0.0,0.1111111111111111,0.1111111111111111,9.0,2.0,0.0,0.0,0.0,0.1
python-poetry/poetry,de6697aaad4838c85b1ea4d4e49cdf545e691ec9,2026-05-24T14:31:49+00:00,0,1,1.0,2.0,0.0,1.0986122886681098,1.0,1.0,1.0,0.0,0.0,0.0,0.0,0.0,0.0,0.0,1.0,0.0,1.0,0.0,0.0,0.0,0.0,1.0,127.0,0.0472440944881889,0.0,0.0,0.1
python-poetry/poetry,448eadfa971a9fc3c8e979b4ae52640907afc732,2026-05-24T14:41:07+00:00,0,1,4.0,48.0,1.0,3.912023005428146,6.0,2.0,3.0,1.0,0.0,0.0,0.0,0.0,0.0,0.0,0.0,0.0,0.0,0.0,0.0,0.0,0.0,2.5,2.0,0.0,1.0,0.0,0.1
python-poetry/poetry,ccf24801b172e6590c9775de8b9d007c229e3acd,2026-05-24T15:01:59+00:00,0,1,1.0,18.0,0.0,2.9444389791664403,1.0,0.0,0.0,1.0,0.0,0.0,0.0,0.0,0.0,0.0,0.0,0.0,1.0,0.0,0.0,0.1,0.1,10.0,4.0,0.0,0.0,0.0,0.05
python-poetry/poetry,42b996241aec34fec6849ca6ace2647d4aa72f19,2026-05-24T15:02:27+00:00,0,1,2.0,27.0,6.0,3.5263605246161616,5.0,1.0,1.0,1.0,0.0,0.0,0.0,0.0,0.0,0.0,0.0,0.0,1.0,0.0,0.0,0.0,0.0,6.5,4.0,0.0,1.0,0.0,0.05
python-poetry/poetry,10b6cedc21f89ebe647d6d3dc7c08f3718681347,2026-05-24T15:02:50+00:00,0,1,2.0,14.0,12.0,3.295836866004329,2.0,2.0,2.0,0.0,0.0,0.0,0.0,0.0,0.0,0.0,1.0,0.0,1.0,0.0,0.0,0.5,0.25,3.0,128.0,0.046875,0.0,0.0,0.05
python-poetry/poetry,dd7811a3b49fb5fd0dcc11a4097ddaab7f06a283,2026-05-24T15:12:26+00:00,0,1,3.0,20.0,15.0,3.58351893845611,3.0,2.0,2.0,1.0,0.0,0.0,0.0,0.0,0.0,0.0,0.0,0.0,0.0,0.0,0.0,0.3333333333333333,0.1111111111111111,3.0,3.0,0.0,1.0,0.0,0.05
python-poetry/poetry,e44b5e755838ec51425d5d6e4bd0349c941bdb0d,2026-05-24T15:14:03+00:00,0,1,1.0,2.0,2.0,1.6094379124341005,1.0,0.0,0.0,1.0,0.0,0.0,0.0,0.0,0.0,0.0,0.0,0.0,1.0,0.0,0.0,0.2,0.2,5.0,7.0,0.1428571428571428,0.0,0.0,0.05
python-poetry/poetry,9dc193dda6709bfa8a2489fa2819aacdf2e9462e,2026-05-24T15:22:33+00:00,0,1,3.0,10.0,8.0,2.9444389791664403,4.0,1.0,1.0,2.0,0.0,0.0,0.0,0.0,0.0,0.0,0.0,0.0,0.0,0.0,1.0,0.2352941176470588,0.2109100050276521,12.0,1.0,0.0,1.0,0.0,0.05
python-poetry/poetry,1f359d1828519d7a4b809ac9d1b8d97abc4ded52,2026-05-24T15:37:27+00:00,0,1,1.0,32.0,32.0,4.174387269895637,2.0,0.0,0.0,1.0,0.0,0.0,0.0,0.0,0.0,0.0,0.0,0.0,1.0,0.0,0.0,0.2222222222222222,0.2222222222222222,18.0,129.0,0.0465116279069767,0.0,0.0,0.05
python-poetry/poetry,2f9969555b6ce50931c5242936ae90a98f83908f,2026-05-24T15:43:45+00:00,0,1,2.0,48.0,1.0,3.912023005428146,4.0,1.0,1.0,1.0,0.0,0.0,0.0,0.0,0.0,0.0,0.0,0.0,0.0,0.0,1.0,0.2222222222222222,0.2163742690058479,18.5,2.0,0.0,1.0,0.0,0.05
python-poetry/poetry,c1782eacfefd17f8f03b299d66e736c4fe2bc79a,2026-05-24T16:16:42+00:00,1,1,2.0,21.0,7.0,3.367295829986474,3.0,1.0,1.0,1.0,0.0,0.0,0.0,0.0,0.0,0.0,0.0,0.0,1.0,0.0,0.0,0.2,0.1,5.5,4.0,0.0,0.0,0.0,0.05
python-poetry/poetry,da5249373b1af2a914a374c555f3bdd131c4e2f4,2026-05-24T16:22:17+00:00,1,1,1.0,4.0,5.0,2.302585092994046,1.0,0.0,0.0,1.0,0.0,0.0,0.0,0.0,0.0,0.0,0.0,0.0,1.0,0.0,1.0,0.5,0.5,2.0,5.0,0.2,1.0,1.0,0.1
python-poetry/poetry,887f055707bae7bd6b9c84f108fccdcc359d6877,2026-05-24T16:28:51+00:00,0,1,1.0,8.0,10.0,2.9444389791664403,1.0,1.0,1.0,0.0,0.0,0.0,0.0,0.0,0.0,0.0,1.0,0.0,1.0,0.0,0.0,0.2727272727272727,0.2727272727272727,11.0,6.0,0.3333333333333333,1.0,1.0,0.15
python-poetry/poetry,52af34e2721243a6c8225df73a6d3cd750b0f6d2,2026-05-24T20:39:42+00:00,0,1,8.0,78.0,24.0,4.634728988229636,11.0,3.0,4.0,4.0,0.0,0.0,0.0,0.0,0.0,0.0,0.0,0.0,1.0,1.0,1.0,0.25,0.1549864243943191,11.25,0.0,0.0,1.0,0.0,0.15
python-poetry/poetry,94d230539284b798cf635c042fcda1351ebbaf60,2026-05-24T20:39:42+00:00,0,1,8.0,78.0,24.0,4.634728988229636,11.0,3.0,4.0,4.0,0.0,0.0,0.0,0.0,0.0,0.0,0.0,0.0,1.0,1.0,1.0,0.25,0.1549864243943191,11.25,0.0,0.0,1.0,0.0,0.15
python-poetry/poetry,2812257fe6f0ca8a27876789a855d8173806e7d7,2026-05-25T06:08:00+00:00,0,1,13.0,128.0,28.0,5.056245805348308,17.0,5.0,7.0,5.0,1.0,0.0,0.0,0.0,0.0,0.0,0.0,0.0,1.0,1.0,0.0,0.2,0.0798132423132423,9.692307692307692,1.0,0.0,1.0,0.0,0.15
python-poetry/poetry,dc3db2c91c38603c1905dca64296e09263d8e889,2026-05-25T10:10:58+00:00,0,1,35.0,1474.0,1543.0,8.012349639327795,98.0,11.0,15.0,18.0,0.0,2.0,0.0,0.0,0.0,0.0,0.0,0.0,1.0,0.0,0.0,0.3571428571428571,0.1837047810168627,16.057142857142857,61.0,0.081967213114754,1.0,0.0,0.15
python-poetry/poetry,233b2100c9473341c3406788310b0c152d6e92b7,2026-05-25T18:59:39+00:00,0,1,1.0,13.0,1.0,2.70805020110221,0.0,0.0,0.0,0.0,1.0,0.0,0.0,0.0,0.0,0.0,0.0,1.0,1.0,0.0,0.0,0.0,0.0,6.0,7.0,0.2857142857142857,1.0,0.0,0.15
python-poetry/poetry,76d602f6cbdda8a8c0fea22c021152fd223dca25,2026-05-25T21:27:04+00:00,0,2,1.0,2.0,2.0,1.6094379124341005,0.0,0.0,0.0,0.0,0.0,0.0,1.0,0.0,0.0,0.0,0.0,0.0,1.0,0.0,0.0,0.0,0.0,23.0,22.0,0.0,1.0,0.0,0.1
python-poetry/poetry,d5c33e7a2456ecce572f4c30e303d472121113ab,2026-05-26T10:14:44+00:00,1,1,1.0,33.0,8.0,3.737669618283368,2.0,1.0,1.0,0.0,0.0,0.0,0.0,0.0,0.0,0.0,1.0,0.0,1.0,0.0,0.0,0.1818181818181818,0.1818181818181818,11.0,0.0,0.0,0.0,0.0,0.1
python-poetry/poetry,184dda892b21090e504ce2ac9bcf304c2f178cfa,2026-05-26T10:14:52+00:00,0,1,1.0,31.0,1.0,3.49650756146648,1.0,1.0,1.0,0.0,0.0,0.0,0.0,0.0,0.0,0.0,1.0,0.0,1.0,0.0,0.0,0.1818181818181818,0.1818181818181818,11.0,0.0,0.0,0.0,0.0,0.1
python-poetry/poetry,14597ac9f1ebee7c16c743ed7e7baa4c89d8c178,2026-05-26T13:05:08+00:00,1,1,1.0,47.0,0.0,3.871201010907891,3.0,0.0,0.0,1.0,0.0,0.0,0.0,0.0,0.0,0.0,0.0,0.0,1.0,0.0,0.0,0.0,0.0,4.0,4.0,0.25,1.0,0.0,0.15
python-poetry/poetry,7bdb4a5b94738837a6c25511ee2a78f5a14bc158,2026-05-26T13:15:19+00:00,0,1,1.0,47.0,0.0,3.871201010907891,3.0,0.0,0.0,1.0,0.0,0.0,0.0,0.0,0.0,0.0,0.0,0.0,1.0,0.0,0.0,0.2,0.2,5.0,5.0,0.4,1.0,0.0,0.2
python-poetry/poetry,79693457ae8375dbe0d19bbe95a93be87ede6ef9,2026-05-28T12:47:56+00:00,0,1,1.0,0.0,57.0,4.060443010546419,1.0,0.0,0.0,1.0,0.0,0.0,0.0,0.0,0.0,0.0,0.0,0.0,1.0,0.0,0.0,0.1666666666666666,0.1666666666666666,6.0,0.0,0.0,1.0,0.0,0.2
python-poetry/poetry,81f32b3ce5350ee58a39cf7dfb3b476d35e95568,2026-05-28T12:52:49+00:00,1,1,1.0,2.0,2.0,1.6094379124341005,1.0,1.0,1.0,0.0,0.0,0.0,0.0,0.0,0.0,0.0,1.0,0.0,1.0,0.0,0.0,0.1739130434782608,0.1739130434782608,23.0,0.0,0.0,0.0,0.0,0.2
python-poetry/poetry,7c1d3ee8833137b63c5e8357c13341f1673395af,2026-05-28T16:01:53+00:00,0,1,1.0,0.0,57.0,4.060443010546419,1.0,0.0,0.0,1.0,0.0,0.0,0.0,0.0,0.0,0.0,0.0,0.0,0.0,0.0,0.0,0.1428571428571428,0.1428571428571428,7.0,5.0,0.2,1.0,0.0,0.25
python-poetry/poetry,378e64e562752e00a8f6819d1b887a742de0ceea,2026-05-28T17:03:12+00:00,1,1,9.0,78.0,81.0,5.075173815233827,12.0,3.0,4.0,5.0,0.0,0.0,0.0,0.0,0.0,0.0,0.0,0.0,1.0,1.0,1.0,0.2083333333333333,0.1212602212602212,14.11111111111111,2.0,0.0,1.0,0.0,0.25
python-poetry/poetry,d534920b589b51c3456f3ac167f948ffc7170265,2026-05-28T17:03:45+00:00,0,1,9.0,78.0,81.0,5.075173815233827,12.0,3.0,4.0,5.0,0.0,0.0,0.0,0.0,0.0,0.0,0.0,0.0,1.0,1.0,1.0,0.2083333333333333,0.1212602212602212,14.11111111111111,2.0,0.0,1.0,0.0,0.25
python-poetry/poetry,3b5092824112a3c2eb57d760bf251f52491eefc7,2026-05-29T15:25:11+00:00,0,1,2.0,51.0,30.0,4.406719247264253,6.0,1.0,1.0,1.0,0.0,0.0,0.0,0.0,0.0,0.0,0.0,0.0,1.0,0.0,0.0,0.0,0.0,0.0,130.0,0.0461538461538461,1.0,1.0,0.3
python-poetry/poetry,d69e0fc3cedf1ab1746dd89587b3644fc136841b,2026-05-29T15:48:57+00:00,1,1,1.0,18.0,18.0,3.610917912644224,3.0,1.0,1.0,0.0,0.0,0.0,0.0,0.0,0.0,0.0,1.0,0.0,1.0,0.0,0.0,0.1,0.1,10.0,131.0,0.0458015267175572,0.0,0.0,0.3
python-poetry/poetry,c9c082621381be320f5f6dcce77440ea4f5ef470,2026-05-29T22:39:49+00:00,0,1,1.0,0.0,57.0,4.060443010546419,1.0,0.0,0.0,1.0,0.0,0.0,0.0,0.0,0.0,0.0,0.0,0.0,1.0,1.0,0.0,0.2,0.2,10.0,2.0,0.0,1.0,0.0,0.35
python-poetry/poetry,95bf60ee001cfe1521cce9a7b587c7da7ea0ecf4,2026-05-30T11:43:11+00:00,0,1,1.0,13.0,0.0,2.6390573296152584,0.0,0.0,0.0,0.0,1.0,0.0,0.0,0.0,0.0,0.0,0.0,1.0,1.0,0.0,0.0,0.0,0.0,7.0,0.0,0.0,1.0,0.0,0.3
python-poetry/poetry,fa82605e6df93ceddf0040f041177cd5a0bf85c0,2026-05-30T12:17:25+00:00,0,1,8.0,1232.0,4.0,7.1204443723924875,56.0,3.0,4.0,3.0,1.0,0.0,0.0,0.0,0.0,0.0,0.0,0.0,1.0,0.0,0.0,0.1818181818181818,0.0686147186147186,12.0,132.0,0.053030303030303,1.0,0.0,0.25
python-poetry/poetry,94fa550358611ec86bfdb2998831c3dd576fde5c,2026-05-30T16:22:01+00:00,1,1,1.0,29.0,0.0,3.4011973816621555,0.0,1.0,1.0,0.0,0.0,0.0,0.0,0.0,0.0,0.0,1.0,0.0,1.0,0.0,1.0,0.0,0.0,0.0,133.0,0.0526315789473684,0.0,0.0,0.25
python-poetry/poetry,7fe4aabb66b82883e2398167f0849d974ce94df4,2026-05-30T17:57:55+00:00,0,1,2.0,25.0,0.0,3.258096538021482,2.0,1.0,1.0,1.0,0.0,0.0,0.0,0.0,0.0,0.0,0.0,0.0,1.0,0.0,1.0,0.1,0.0954545454545454,21.0,0.0,0.0,1.0,0.0,0.3
python-poetry/poetry,77aad18a64f1c5235fac68620f963ac76bfd9a77,2026-05-30T18:27:09+00:00,0,1,1.0,5.0,1.0,1.9459101490553132,1.0,1.0,1.0,0.0,0.0,0.0,0.0,0.0,0.0,0.0,1.0,0.0,1.0,0.0,0.0,0.0952380952380952,0.0952380952380952,21.0,1.0,0.0,1.0,0.0,0.3
python-poetry/poetry,d0252f177e42924ceae38116bb107d499c290e63,2026-05-31T04:53:50+00:00,0,1,1.0,6.0,7.0,2.6390573296152584,1.0,1.0,1.0,0.0,0.0,0.0,0.0,0.0,0.0,0.0,1.0,0.0,1.0,0.0,0.0,0.0909090909090909,0.0909090909090909,22.0,2.0,0.0,1.0,0.0,0.3
python-poetry/poetry,5da8dd6ab3fd54fa8b70b0b5a8d620b323cf5411,2026-05-31T05:13:09+00:00,0,1,1.0,2.0,1.0,1.3862943611198906,1.0,1.0,1.0,0.0,0.0,0.0,0.0,0.0,0.0,0.0,1.0,0.0,1.0,0.0,0.0,0.0,0.0,0.0,3.0,0.0,0.0,0.0,0.3
python-poetry/poetry,a538f5418a8e8a126ccdc809fb2a776be07da184,2026-05-31T12:09:52+00:00,0,1,8.0,1263.0,4.0,7.145196134997171,57.0,3.0,4.0,3.0,1.0,0.0,0.0,0.0,0.0,0.0,0.0,0.0,1.0,0.0,0.0,0.1666666666666666,0.0638690476190476,13.0,134.0,0.0597014925373134,1.0,0.0,0.3
python-poetry/poetry,a26f319c19abb9daf2cf003187aa87684ad52fb6,2026-05-31T12:22:20+00:00,1,1,1.0,8.0,7.0,2.772588722239781,0.0,1.0,1.0,0.0,0.0,0.0,0.0,0.0,0.0,0.0,1.0,0.0,1.0,0.0,0.0,1.0,1.0,1.0,135.0,0.0592592592592592,1.0,1.0,0.3
python-poetry/poetry,a381b07c9f9f395cc17dfd070dfa642eb3ab21c5,2026-05-31T12:29:24+00:00,0,1,1.0,0.0,60.0,4.110873864173311,0.0,0.0,0.0,0.0,0.0,0.0,1.0,0.0,0.0,0.0,0.0,0.0,1.0,0.0,0.0,0.0,0.0,0.0,136.0,0.0661764705882353,1.0,0.0,0.35
python-poetry/poetry,d634b80f8a899ebf366346c76c88117327b88dc1,2026-05-31T12:32:02+00:00,0,1,1.0,0.0,60.0,4.110873864173311,0.0,0.0,0.0,0.0,0.0,0.0,1.0,0.0,0.0,0.0,0.0,0.0,0.0,0.0,0.0,0.0,0.0,1.0,137.0,0.0656934306569343,1.0,0.0,0.3
python-poetry/poetry,f9c77d1558a30a5c9386c4eb8752f78c9a93dd3b,2026-05-31T13:29:23+00:00,0,1,3.0,5.0,5.0,2.3978952727983707,0.0,0.0,0.0,0.0,0.0,0.0,3.0,1.0,0.0,0.0,0.0,0.0,1.0,0.0,0.0,0.1428571428571428,0.0714285714285714,3.6666666666666665,138.0,0.0652173913043478,1.0,0.0,0.25
python-poetry/poetry,aab3194f200e52198101d0f303b0f6423897829c,2026-05-31T16:07:04+00:00,0,1,3.0,5.0,5.0,2.3978952727983707,0.0,0.0,0.0,0.0,0.0,0.0,3.0,1.0,0.0,0.0,0.0,0.0,0.0,0.0,0.0,0.125,0.0416666666666666,4.666666666666667,139.0,0.0647482014388489,1.0,0.0,0.25
python-poetry/poetry,b32edfea5c3bc7295498a61b5f3eeac2ff2f9372,2026-06-01T17:12:06+00:00,0,1,2.0,3.0,3.0,1.9459101490553132,0.0,0.0,0.0,0.0,2.0,0.0,0.0,0.0,0.0,0.0,0.0,1.0,1.0,0.0,0.0,0.0,0.0,9.0,0.0,0.0,1.0,0.0,0.25
python-poetry/poetry,c43d838fcfff05636fcc036d058d0d204c4b0e70,2026-06-01T21:59:20+00:00,0,2,1.0,2.0,2.0,1.6094379124341005,0.0,0.0,0.0,0.0,0.0,0.0,1.0,0.0,0.0,0.0,0.0,0.0,1.0,0.0,0.0,0.0,0.0,24.0,23.0,0.0,1.0,0.0,0.2
python-poetry/poetry,c579549ece7d4426368aae9a9298dfc973226cc7,2026-06-02T16:53:55+00:00,0,1,2.0,27.0,6.0,3.5263605246161616,5.0,1.0,1.0,1.0,0.0,0.0,0.0,0.0,0.0,0.0,0.0,0.0,1.0,0.0,0.0,0.0,0.0,7.5,6.0,0.0,1.0,0.0,0.2
python-poetry/poetry,844f8c984139867933e6443bce4aa39d0a7269c5,2026-06-02T18:16:39+00:00,0,1,1.0,1.0,0.0,0.6931471805599453,0.0,0.0,0.0,1.0,0.0,0.0,0.0,0.0,0.0,0.0,0.0,0.0,1.0,0.0,0.0,0.0,0.0,0.0,1.0,0.0,0.0,0.0,0.15
python-poetry/poetry,daa377625329e729d28bbbeb79726adb12194662,2026-06-02T19:20:36+00:00,0,1,4.0,5.0,65.0,4.2626798770413155,0.0,0.0,0.0,0.0,0.0,0.0,4.0,1.0,0.0,0.0,0.0,0.0,1.0,1.0,0.0,0.1111111111111111,0.0277777777777777,4.75,3.0,0.0,1.0,0.0,0.15
python-poetry/poetry,dab6f7a702934434d8d58ed242413b147106f7a9,2026-06-02T23:17:24+00:00,0,1,1.0,18.0,0.0,2.9444389791664403,1.0,0.0,0.0,1.0,0.0,0.0,0.0,0.0,0.0,0.0,0.0,0.0,1.0,0.0,0.0,0.0769230769230769,0.0769230769230769,13.0,7.0,0.0,0.0,0.0,0.15
python-poetry/poetry,153a04194d46a642797cb9b07ce32a4ee875e869,2026-06-04T00:57:41+00:00,0,1,5.0,72.0,20.0,4.532599493153256,5.0,2.0,2.0,2.0,1.0,0.0,0.0,0.0,0.0,0.0,0.0,0.0,1.0,0.0,0.0,0.2307692307692307,0.1096153846153846,15.4,6.0,0.3333333333333333,1.0,0.0,0.1
python-poetry/poetry,2a4aaec316deddd5d4ea3a3b9dec2a2b8b62947a,2026-06-05T09:53:32+00:00,0,1,4.0,31.0,31.0,4.143134726391533,3.0,1.0,1.0,2.0,1.0,0.0,0.0,0.0,0.0,0.0,0.0,0.0,1.0,0.0,0.0,0.2222222222222222,0.1018518518518518,16.25,7.0,0.2857142857142857,1.0,0.0,0.1
python-poetry/poetry,1d86f36e18775fb100f65b68eb4be23e1ab34f78,2026-06-06T12:15:56+00:00,0,1,1.0,1.0,1.0,1.0986122886681098,0.0,0.0,0.0,0.0,0.0,1.0,0.0,0.0,0.0,0.0,0.0,0.0,1.0,0.0,0.0,0.1111111111111111,0.1111111111111111,54.0,140.0,0.0642857142857142,1.0,0.0,0.1
python-poetry/poetry,91bfb576b39d72b0c3c2fd1303608d6729c25501,2026-06-06T12:22:37+00:00,0,1,1.0,1.0,1.0,1.0986122886681098,0.0,0.0,0.0,0.0,0.0,1.0,0.0,0.0,0.0,0.0,0.0,0.0,0.0,0.0,0.0,0.109090909090909,0.109090909090909,55.0,141.0,0.0638297872340425,1.0,0.0,0.1
python-poetry/poetry,f803c2d1a4117d72535e3aa3b9422b4f47d32f49,2026-06-06T12:29:45+00:00,0,1,4.0,38.0,13.0,3.951243718581427,5.0,1.0,1.0,1.0,0.0,2.0,0.0,0.0,0.0,0.0,0.0,0.0,1.0,0.0,0.0,0.131578947368421,0.0596804511278195,25.75,142.0,0.0633802816901408,1.0,0.0,0.05
python-poetry/poetry,5516faf5149b32eb3cf2d9b7e641ac66a00904e3,2026-06-06T12:39:02+00:00,0,1,2.0,44.0,0.0,3.80666248977032,2.0,1.0,1.0,1.0,0.0,0.0,0.0,0.0,0.0,0.0,0.0,0.0,1.0,0.0,1.0,0.0869565217391304,0.0869565217391304,23.0,8.0,0.25,1.0,0.0,0.05
python-poetry/poetry,c93341bc6aed943c5da0611e27183b1bf811dd52,2026-06-06T12:46:11+00:00,0,1,4.0,38.0,13.0,3.951243718581427,5.0,1.0,1.0,1.0,0.0,2.0,0.0,0.0,0.0,0.0,0.0,0.0,0.0,0.0,0.0,0.1282051282051282,0.0583670715249662,26.75,143.0,0.0629370629370629,1.0,0.0,0.05
python-poetry/poetry,2aa1503f544446844fdf32b76c5fde5fd8292554,2026-06-06T12:48:56+00:00,0,1,3.0,52.0,1.0,3.9889840465642745,3.0,2.0,2.0,1.0,0.0,0.0,0.0,0.0,0.0,0.0,0.0,0.0,1.0,0.0,1.0,0.0833333333333333,0.0833333333333333,16.0,9.0,0.2222222222222222,1.0,0.0,0.05
python-poetry/poetry,dd1cd4feea5c96ef27378f72426a2d4cf4e26bf1,2026-06-06T13:14:53+00:00,0,1,3.0,90.0,3.0,4.543294782270004,5.0,1.0,1.0,1.0,1.0,0.0,0.0,0.0,0.0,0.0,0.0,0.0,1.0,0.0,0.0,0.1818181818181818,0.0909090909090909,7.0,10.0,0.2,1.0,0.0,0.05
python-poetry/poetry,918b4f90c6eaa1e961a270852c8a1423cfbb24f3,2026-06-06T13:26:17+00:00,0,1,3.0,108.0,3.0,4.718498871295094,6.0,1.0,1.0,1.0,1.0,0.0,0.0,0.0,0.0,0.0,0.0,0.0,1.0,0.0,0.0,0.1666666666666666,0.0555555555555555,8.0,11.0,0.1818181818181818,1.0,0.0,0.05
python-poetry/poetry,a108f2f688eda507f71e5f90184e61253d7221b9,2026-06-06T16:22:26+00:00,0,1,5.0,15.0,10.0,3.258096538021482,4.0,1.0,1.0,3.0,0.0,1.0,0.0,0.0,0.0,0.0,0.0,0.0,1.0,0.0,1.0,1.0,0.5013636363636363,11.8,62.0,0.0806451612903225,1.0,0.0,0.0
python-poetry/poetry,298068d32cc16e7d2a086c3bdf219daa30a85a8b,2026-06-06T16:28:03+00:00,0,1,5.0,15.0,10.0,3.258096538021482,4.0,1.0,1.0,3.0,0.0,1.0,0.0,0.0,0.0,0.0,0.0,0.0,0.0,0.0,1.0,0.6666666666666666,0.324390243902439,12.8,63.0,0.0793650793650793,1.0,0.0,0.0
python-poetry/poetry,79a940671dff63641422ed64b6beae1745d7f938,2026-06-06T20:55:14+00:00,0,1,2.0,53.0,2.0,4.02535169073515,3.0,1.0,1.0,1.0,0.0,0.0,0.0,0.0,0.0,0.0,0.0,0.0,1.0,0.0,1.0,1.0,0.5,2.5,64.0,0.078125,1.0,0.0,0.0
python-poetry/poetry,ac7366aefa745e873de43b9f104b1be58aa76a6c,2026-06-06T22:00:41+00:00,1,1,2.0,58.0,0.0,4.07753744390572,2.0,1.0,1.0,1.0,0.0,0.0,0.0,0.0,0.0,0.0,0.0,0.0,1.0,0.0,1.0,0.5,0.25,3.5,65.0,0.0769230769230769,1.0,0.0,0.0
python-poetry/poetry,16575b5a5198ab8736582eee0958290de2831dba,2026-06-06T22:15:34+00:00,0,1,2.0,1.0,110.0,4.718498871295094,0.0,0.0,0.0,2.0,0.0,0.0,1.0,0.0,0.0,0.0,0.0,0.0,1.0,0.0,0.0,0.1666666666666666,0.0833333333333333,5.5,66.0,0.0909090909090909,0.0,0.0,0.05
python-poetry/poetry,14f8b6ca954399cf4d6aefe27d6dcda65b46ac46,2026-06-07T00:29:29+00:00,0,1,3.0,126.0,3.0,4.867534450455582,7.0,1.0,1.0,1.0,1.0,0.0,0.0,0.0,0.0,0.0,0.0,0.0,1.0,0.0,0.0,0.1538461538461538,0.0512820512820512,9.0,12.0,0.1666666666666666,1.0,0.0,0.05
python-poetry/poetry,e54707bf0b462162adaf818465d232af0bd00089,2026-06-07T04:23:57+00:00,0,1,3.0,213.0,2.0,5.375278407684165,8.0,1.0,1.0,1.0,1.0,0.0,0.0,0.0,0.0,0.0,0.0,0.0,1.0,0.0,0.0,0.0833333333333333,0.0277777777777777,11.0,13.0,0.1538461538461538,1.0,0.0,0.05
python-poetry/poetry,c79692e68cae68a24f697852c6a220ef726f63c6,2026-06-08T03:43:38+00:00,1,1,2.0,29.0,3.0,3.49650756146648,1.0,1.0,1.0,1.0,0.0,0.0,0.0,0.0,0.0,0.0,0.0,0.0,1.0,0.0,1.0,0.0,0.0,1.0,0.0,0.0,1.0,0.0,0.05
python-poetry/poetry,97e6fcf1e9c1658a0921cbf6bcc83d7fa151c0d4,2026-06-08T03:50:24+00:00,0,1,2.0,30.0,4.0,3.5553480614894135,2.0,1.0,1.0,1.0,0.0,0.0,0.0,0.0,0.0,0.0,0.0,0.0,1.0,0.0,1.0,0.5,0.5,2.0,1.0,1.0,1.0,0.0,0.1
python-poetry/poetry,c276060f4b8f61c4c7297fcb83cac2d1ffc6d173,2026-06-08T21:08:21+00:00,0,2,1.0,2.0,2.0,1.6094379124341005,0.0,0.0,0.0,0.0,0.0,0.0,1.0,0.0,0.0,0.0,0.0,0.0,1.0,0.0,0.0,0.0,0.0,25.0,24.0,0.0,1.0,0.0,0.1
python-poetry/poetry,1c69dc9a98d92787b9b9484d3b13ec8641854e8d,2026-06-10T13:30:18+00:00,0,1,3.0,42.0,21.0,4.1588830833596715,4.0,1.0,3.0,0.0,0.0,0.0,0.0,0.0,0.0,0.0,1.0,0.0,1.0,0.0,0.0,0.0909090909090909,0.0303030303030303,8.0,144.0,0.0625,1.0,0.0,0.1
python-poetry/poetry,089195cf1560827ec42026e5c3ae873cf17870e7,2026-06-10T18:02:28+00:00,0,1,5.0,269.0,0.0,5.598421958998375,13.0,1.0,1.0,1.0,2.0,0.0,1.0,0.0,0.0,0.0,0.0,0.0,1.0,0.0,0.0,0.1764705882352941,0.1092501616031027,16.4,7.0,0.1428571428571428,1.0,0.0,0.1
python-poetry/poetry,e4f991548b710895d26530148de2e371e76d632f,2026-06-11T12:45:57+00:00,0,1,3.0,42.0,21.0,4.1588830833596715,4.0,1.0,3.0,0.0,0.0,0.0,0.0,0.0,0.0,0.0,1.0,0.0,0.0,0.0,0.0,0.0833333333333333,0.0277777777777777,9.0,145.0,0.0620689655172413,1.0,0.0,0.1
python-poetry/poetry,2a032a0ca183c4ed1b46270154419fb1774cee0c,2026-06-11T12:54:35+00:00,0,1,4.0,78.0,54.0,4.890349128221754,9.0,1.0,3.0,1.0,0.0,0.0,0.0,0.0,0.0,0.0,0.0,0.0,1.0,0.0,0.0,0.0769230769230769,0.0192307692307692,8.0,146.0,0.0616438356164383,1.0,0.0,0.1
python-poetry/poetry,d57090395b14ba260a24a97ab704819667bf6cf1,2026-06-12T09:33:10+00:00,0,1,4.0,78.0,54.0,4.890349128221754,9.0,1.0,3.0,1.0,0.0,0.0,0.0,0.0,0.0,0.0,0.0,0.0,0.0,0.0,0.0,0.0714285714285714,0.0178571428571428,9.0,147.0,0.0612244897959183,1.0,0.0,0.1
python-poetry/poetry,8014de78a0c3aa42a42945b75a84ed098aa98164,2026-06-13T04:54:34+00:00,0,1,2.0,53.0,2.0,4.02535169073515,3.0,1.0,1.0,1.0,0.0,0.0,0.0,0.0,0.0,0.0,0.0,0.0,1.0,0.0,1.0,0.6666666666666666,0.4166666666666666,4.5,67.0,0.0895522388059701,1.0,0.0,0.1
python-poetry/poetry,9be6dd6e75906312c5dc477907e6901fa81ae024,2026-06-13T04:59:30+00:00,0,1,2.0,53.0,2.0,4.02535169073515,3.0,1.0,1.0,1.0,0.0,0.0,0.0,0.0,0.0,0.0,0.0,0.0,0.0,0.0,0.0,0.5,0.3214285714285714,5.5,68.0,0.088235294117647,1.0,0.0,0.1
python-poetry/poetry,8dcc639749f393c91647ae5540f74e6f2f44656a,2026-06-13T05:12:01+00:00,0,1,1.0,33.0,0.0,3.5263605246161616,0.0,0.0,0.0,0.0,1.0,0.0,0.0,0.0,0.0,0.0,0.0,1.0,1.0,0.0,0.0,0.0,0.0,0.0,0.0,0.0,1.0,0.0,0.1
python-poetry/poetry,5fb0de0f490e2682388f526030ca07bae8bfa0ab,2026-06-13T11:06:02+00:00,0,1,4.0,34.0,19.0,3.9889840465642745,11.0,1.0,3.0,1.0,0.0,0.0,0.0,0.0,0.0,0.0,0.0,0.0,1.0,0.0,0.0,0.0666666666666666,0.0166666666666666,10.0,148.0,0.0608108108108108,1.0,0.0,0.1
python-poetry/poetry,a341710a8b65457c8430e0a056bcf25ab2e4c8f9,2026-06-13T11:16:30+00:00,0,1,4.0,34.0,19.0,3.9889840465642745,11.0,1.0,3.0,1.0,0.0,0.0,0.0,0.0,0.0,0.0,0.0,0.0,1.0,0.0,0.0,0.0625,0.015625,11.0,149.0,0.0604026845637583,1.0,0.0,0.1
python-poetry/poetry,fc4f917ce6de535481f728d335d9766c31444f7c,2026-06-13T13:23:00+00:00,0,1,3.0,363.0,7.0,5.916202062607435,9.0,2.0,2.0,1.0,0.0,0.0,0.0,0.0,0.0,0.0,0.0,0.0,1.0,0.0,1.0,0.4,0.175,5.333333333333333,69.0,0.0869565217391304,0.0,0.0,0.1
python-poetry/poetry,69191c3ed6c74904eac50c3ea8d4af373c9f4ce6,2026-06-13T13:30:45+00:00,0,1,3.0,363.0,7.0,5.916202062607435,9.0,2.0,2.0,1.0,0.0,0.0,0.0,0.0,0.0,0.0,0.0,0.0,1.0,0.0,1.0,0.3333333333333333,0.1481481481481481,6.333333333333333,70.0,0.0857142857142857,0.0,0.0,0.1
python-poetry/poetry,8b73b1d37e842a64451cba08f83d2ef2009a4203,2026-06-14T08:57:28+00:00,1,1,2.0,14.0,4.0,2.9444389791664403,6.0,2.0,2.0,0.0,0.0,0.0,0.0,0.0,0.0,0.0,1.0,0.0,1.0,0.0,0.0,0.1538461538461538,0.1538461538461538,6.5,150.0,0.06,1.0,0.0,0.1
python-poetry/poetry,41e7f695aa8b8a69ae7ae0c9ce2aa8acc86e828f,2026-06-14T09:34:26+00:00,0,1,3.0,36.0,0.0,3.610917912644224,2.0,1.0,2.0,0.0,1.0,0.0,0.0,0.0,0.0,1.0,1.0,0.0,1.0,0.0,0.0,0.2727272727272727,0.0909090909090909,7.0,151.0,0.0662251655629139,1.0,0.0,0.15
python-poetry/poetry,563a5cb8878ef0c861227d8dfabf1d9619f7e5e2,2026-06-14T16:01:28+00:00,0,1,1.0,3.0,1.0,1.6094379124341005,0.0,0.0,0.0,0.0,1.0,0.0,0.0,0.0,0.0,0.0,0.0,1.0,1.0,0.0,0.0,0.0,0.0,1.0,1.0,0.0,1.0,0.0,0.1
python-poetry/poetry,35b90b69e07290caf08ad2ac0526de68bfc5c7e2,2026-06-15T21:21:01+00:00,0,2,1.0,2.0,2.0,1.6094379124341005,0.0,0.0,0.0,0.0,0.0,0.0,1.0,0.0,0.0,0.0,0.0,0.0,1.0,0.0,0.0,0.0,0.0,26.0,25.0,0.0,1.0,0.0,0.1
python-poetry/poetry,a74d584dc6360440b99efd7a7420d223a347b635,2026-06-16T13:53:06+00:00,1,1,2.0,77.0,15.0,4.532599493153256,4.0,1.0,1.0,1.0,0.0,0.0,0.0,0.0,0.0,0.0,0.0,0.0,1.0,0.0,0.0,0.2142857142857142,0.1964285714285714,28.0,0.0,0.0,1.0,0.0,0.1
python-poetry/poetry,a6d35f57b712d7968c4d5b0152d2ad0d94e964f5,2026-06-16T19:27:41+00:00,0,1,13.0,210.0,84.0,5.68697535633982,20.0,3.0,5.0,6.0,0.0,2.0,0.0,0.0,0.0,0.0,0.0,0.0,1.0,1.0,0.0,0.5,0.142885376962456,15.153846153846152,4.0,0.0,1.0,0.0,0.15
python-poetry/poetry,8ba07e37b40c695eaf72110a841829704d530f98,2026-06-17T05:37:50+00:00,1,1,1.0,1.0,1.0,1.0986122886681098,0.0,1.0,1.0,0.0,0.0,0.0,0.0,0.0,0.0,0.0,1.0,0.0,1.0,0.0,1.0,0.2413793103448276,0.2413793103448276,29.0,1.0,1.0,0.0,0.0,0.1
python-poetry/poetry,c34203d56c6fb08a83fdd2a971de4bdd83ea7124,2026-06-17T07:29:34+00:00,0,1,2.0,25.0,0.0,3.258096538021482,2.0,1.0,1.0,1.0,0.0,0.0,0.0,0.0,0.0,0.0,0.0,0.0,1.0,0.0,1.0,0.2413793103448276,0.2241379310344827,29.0,0.0,0.0,1.0,0.0,0.1
python-poetry/poetry,434850aa99c8adc46d5584d7f19a8556aa33dfb9,2026-06-17T11:29:54+00:00,0,1,1.0,15.0,6.0,3.091042453358316,1.0,1.0,1.0,0.0,0.0,0.0,0.0,0.0,0.0,0.0,1.0,0.0,1.0,0.0,0.0,0.2580645161290322,0.2580645161290322,31.0,2.0,1.0,1.0,1.0,0.15
python-poetry/poetry,efd862519912b4febf61be69a7f1b02d69bf3791,2026-06-19T04:49:28+00:00,0,1,1.0,13.0,6.0,2.995732273553991,1.0,1.0,1.0,0.0,0.0,0.0,0.0,0.0,0.0,0.0,1.0,0.0,1.0,0.0,0.0,0.0,0.0,9.0,14.0,0.1428571428571428,1.0,0.0,0.15
python-poetry/poetry,913391873c97f419b15486e1e49c3ae1053ea22b,2026-06-19T08:40:09+00:00,0,1,4.0,34.0,19.0,3.9889840465642745,11.0,1.0,3.0,1.0,0.0,0.0,0.0,0.0,0.0,0.0,0.0,0.0,0.0,0.0,0.0,0.0555555555555555,0.0138888888888888,13.0,152.0,0.0657894736842105,1.0,0.0,0.15
python-poetry/poetry,6d1174f49e7ee115e442a1954b1b8bfbb87a8564,2026-06-19T08:40:52+00:00,0,1,2.0,14.0,4.0,2.9444389791664403,6.0,2.0,2.0,0.0,0.0,0.0,0.0,0.0,0.0,0.0,1.0,0.0,1.0,0.0,0.0,1.0,0.6,8.0,152.0,0.0657894736842105,0.0,0.0,0.15
python-poetry/poetry,026904c6f4be07f4a80b8fadfca098b1db884b66,2026-06-19T09:15:38+00:00,0,1,2.0,14.0,4.0,2.9444389791664403,6.0,2.0,2.0,0.0,0.0,0.0,0.0,0.0,0.0,0.0,1.0,0.0,0.0,0.0,0.0,0.5,0.34375,9.0,154.0,0.0649350649350649,1.0,0.0,0.15
python-poetry/poetry,2ff5aa3cb538d341889bd1d308e2fba0146c47eb,2026-06-19T09:25:01+00:00,0,1,1.0,29.0,5.0,3.5553480614894135,3.0,1.0,1.0,0.0,0.0,0.0,0.0,0.0,0.0,0.0,1.0,0.0,1.0,0.0,0.0,0.1538461538461538,0.1538461538461538,13.0,155.0,0.064516129032258,1.0,0.0,0.15
python-poetry/poetry,d2bfad7a33cb2851e85cbe31eac48bae278e6edc,2026-06-19T09:37:45+00:00,0,1,1.0,31.0,5.0,3.610917912644224,3.0,1.0,1.0,0.0,0.0,0.0,0.0,0.0,0.0,0.0,1.0,0.0,1.0,0.0,0.0,0.1428571428571428,0.1428571428571428,14.0,156.0,0.0641025641025641,1.0,0.0,0.15
python-poetry/poetry,b95a01ed511e5cf22e8b69467d75a2b4c91adc03,2026-06-19T09:48:37+00:00,0,1,1.0,31.0,5.0,3.610917912644224,3.0,1.0,1.0,0.0,0.0,0.0,0.0,0.0,0.0,0.0,1.0,0.0,1.0,0.0,0.0,0.1333333333333333,0.1333333333333333,15.0,157.0,0.0636942675159235,1.0,0.0,0.15
python-poetry/poetry,cbd47cdf9656f9e9b2d15020df90a8b785a0a419,2026-06-19T12:02:44+00:00,0,1,1.0,16.0,17.0,3.5263605246161616,1.0,1.0,1.0,0.0,0.0,0.0,0.0,0.0,0.0,1.0,1.0,0.0,1.0,0.0,0.0,0.25,0.25,12.0,158.0,0.0632911392405063,1.0,0.0,0.15
python-poetry/poetry,9857f22f3ed9c12598b71c886af37653b5e2d210,2026-06-19T12:19:40+00:00,0,1,1.0,15.0,17.0,3.49650756146648,1.0,1.0,1.0,0.0,0.0,0.0,0.0,0.0,0.0,1.0,1.0,0.0,1.0,0.0,0.0,0.2307692307692307,0.2307692307692307,13.0,159.0,0.0628930817610062,1.0,0.0,0.15
python-poetry/poetry,7af72cb810ce786dea4029bf33748393e697ef5e,2026-06-20T04:00:18+00:00,1,1,3.0,170.0,19.0,5.247024072160486,10.0,1.0,1.0,1.0,1.0,0.0,0.0,0.0,0.0,0.0,0.0,0.0,1.0,0.0,0.0,0.0769230769230769,0.0256410256410256,12.333333333333334,15.0,0.1333333333333333,1.0,0.0,0.15
python-poetry/poetry,66ef81c354323ba14f9ac5eff91e3af9785f4607,2026-06-20T09:32:35+00:00,0,1,3.0,363.0,7.0,5.916202062607435,9.0,2.0,2.0,1.0,0.0,0.0,0.0,0.0,0.0,0.0,0.0,0.0,1.0,0.0,1.0,0.25,0.1136363636363636,8.0,71.0,0.0845070422535211,0.0,0.0,0.2
python-poetry/poetry,92443a905e4d963584170eff90da410a6389ed48,2026-06-20T09:37:57+00:00,0,1,3.0,363.0,7.0,5.916202062607435,9.0,2.0,2.0,1.0,0.0,0.0,0.0,0.0,0.0,0.0,0.0,0.0,0.0,0.0,1.0,0.2222222222222222,0.1018518518518518,9.0,72.0,0.0833333333333333,0.0,0.0,0.2
python-poetry/poetry,0f491b8a3d0caf487ab949392703d1a1c148aa07,2026-06-20T09:43:01+00:00,0,1,1.0,3.0,11.0,2.70805020110221,3.0,0.0,0.0,1.0,0.0,0.0,0.0,0.0,0.0,0.0,0.0,0.0,1.0,0.0,0.0,0.0,0.0,2.0,2.0,0.0,0.0,0.0,0.2
python-poetry/poetry,0745e135cf7b67d919bb1229682e6e169d5d37a4,2026-06-20T09:47:59+00:00,0,1,1.0,35.0,0.0,3.58351893845611,4.0,0.0,0.0,1.0,0.0,0.0,0.0,0.0,0.0,0.0,0.0,0.0,0.0,0.0,0.0,0.0,0.0,3.0,0.0,0.0,1.0,0.0,0.15
python-poetry/poetry,ceb11b08fac21a2cd3c2c475a3a29aea3f8a4bc8,2026-06-20T09:48:43+00:00,0,1,10.0,499.0,25.0,6.263398262591624,31.0,4.0,7.0,3.0,0.0,0.0,0.0,0.0,0.0,0.0,0.0,0.0,1.0,1.0,0.0,0.3333333333333333,0.0839358577439072,10.9,160.0,0.0625,1.0,0.0,0.15
python-poetry/poetry,8d0cc7f46a499f3025e68f5e59d85da4cf52b96a,2026-06-20T09:56:46+00:00,0,1,2.0,10.0,2.0,2.5649493574615367,1.0,1.0,1.0,0.0,1.0,0.0,0.0,0.0,0.0,0.0,1.0,0.0,1.0,0.0,0.0,0.0666666666666666,0.0333333333333333,8.0,161.0,0.062111801242236,1.0,0.0,0.15
python-poetry/poetry,db13ea2ae74d91a3c95c9f3ec221534408699f4e,2026-06-20T10:02:37+00:00,0,1,2.0,10.0,2.0,2.5649493574615367,1.0,1.0,1.0,0.0,1.0,0.0,0.0,0.0,0.0,0.0,1.0,0.0,0.0,0.0,0.0,0.0625,0.03125,9.0,5.0,0.0,1.0,0.0,0.1
python-poetry/poetry,dd2d301e89ac420f3d32b588ff24b1e4047f16e4,2026-06-20T10:04:09+00:00,0,1,2.0,27.0,6.0,3.5263605246161616,5.0,1.0,1.0,1.0,0.0,0.0,0.0,0.0,0.0,0.0,0.0,0.0,1.0,0.0,0.0,0.0,0.0,8.5,8.0,0.0,0.0,0.0,0.1
python-poetry/poetry,0b7930cf41f4bcac07413262cb5fc8dbc071f5da,2026-06-20T10:49:17+00:00,0,1,2.0,8.0,11.0,2.995732273553991,5.0,1.0,1.0,1.0,0.0,0.0,0.0,0.0,0.0,0.0,0.0,0.0,1.0,0.0,0.0,0.0,0.0,9.5,162.0,0.0617283950617283,1.0,0.0,0.1
python-poetry/poetry,7f5d3bedd4f405a9715bae28d61d58e8d4cf7e07,2026-06-20T10:53:54+00:00,0,1,2.0,28.0,10.0,3.6635616461296463,6.0,1.0,1.0,1.0,0.0,0.0,0.0,0.0,0.0,0.0,0.0,0.0,0.0,0.0,0.0,0.0,0.0,10.5,4.0,0.25,1.0,0.0,0.05
python-poetry/poetry,e0e87af9a3898d375e984fdbeb888fe954f9fd8d,2026-06-20T10:57:43+00:00,0,1,1.0,18.0,0.0,2.9444389791664403,1.0,0.0,0.0,1.0,0.0,0.0,0.0,0.0,0.0,0.0,0.0,0.0,1.0,0.0,0.0,0.0714285714285714,0.0714285714285714,14.0,9.0,0.0,0.0,0.0,0.05
python-poetry/poetry,589b77ac3406c5a195ea50b31d7d9417c09fc9a8,2026-06-20T11:21:41+00:00,0,1,1.0,9.0,9.0,2.9444389791664403,3.0,0.0,0.0,1.0,0.0,0.0,0.0,0.0,0.0,0.0,0.0,0.0,1.0,0.0,0.0,0.0666666666666666,0.0666666666666666,15.0,163.0,0.0613496932515337,1.0,0.0,0.05
python-poetry/poetry,cf54a1c046762f0633eed1621f4c6fe36bca3ae0,2026-06-20T11:27:34+00:00,0,1,2.0,45.0,2.0,3.871201010907891,6.0,1.0,1.0,1.0,0.0,0.0,0.0,0.0,0.0,0.0,0.0,0.0,0.0,0.0,0.0,0.1538461538461538,0.1081730769230769,14.5,5.0,0.2,1.0,0.0,0.05
python-poetry/poetry,bb502912827a185c3f37c82aedd2e62b0a01b4fe,2026-06-21T11:14:19+00:00,0,1,1.0,13.0,1.0,2.70805020110221,0.0,0.0,0.0,0.0,1.0,0.0,0.0,0.0,0.0,0.0,0.0,1.0,1.0,0.0,0.0,0.0588235294117647,0.0588235294117647,17.0,8.0,0.25,1.0,0.0,0.05
python-poetry/poetry,6dfc0280a5ce9aba3fa64222f2b0db321e568e56,2026-06-21T13:00:20+00:00,0,1,1.0,22.0,24.0,3.8501476017100584,0.0,0.0,0.0,0.0,1.0,0.0,0.0,0.0,0.0,0.0,0.0,1.0,1.0,0.0,0.0,0.0555555555555555,0.0555555555555555,18.0,164.0,0.0609756097560975,1.0,0.0,0.05
python-poetry/poetry,9788c1d430e3e4e10273f2a4e75f4f42cb603a66,2026-06-21T13:09:09+00:00,0,1,1.0,4.0,3.0,2.0794415416798357,0.0,0.0,0.0,0.0,1.0,0.0,0.0,0.0,0.0,0.0,0.0,1.0,1.0,0.0,1.0,0.0526315789473684,0.0526315789473684,19.0,165.0,0.0606060606060606,1.0,0.0,0.05
python-poetry/poetry,648abab852d25d16aaa669fdd833e5ff9decfb3c,2026-06-21T13:12:36+00:00,0,1,1.0,24.0,13.0,3.6375861597263857,0.0,0.0,0.0,0.0,1.0,0.0,0.0,0.0,0.0,0.0,0.0,1.0,0.0,0.0,0.0,0.05,0.05,20.0,1.0,0.0,1.0,0.0,0.05
python-poetry/poetry,74b701ea1899ed4653c688a54c172e1575f8d1ee,2026-06-21T13:20:06+00:00,0,1,1.0,47.0,0.0,3.871201010907891,3.0,0.0,0.0,1.0,0.0,0.0,0.0,0.0,0.0,0.0,0.0,0.0,1.0,0.0,0.0,0.1818181818181818,0.1818181818181818,11.0,16.0,0.1875,1.0,0.0,0.05
python-poetry/poetry,eeadf09101e322d1dd226815f6040f744239f57a,2026-06-21T13:38:15+00:00,0,1,1.0,40.0,31.0,4.276666119016055,3.0,0.0,0.0,1.0,0.0,0.0,0.0,0.0,0.0,0.0,0.0,0.0,1.0,0.0,0.0,0.1666666666666666,0.1666666666666666,12.0,166.0,0.0602409638554216,1.0,0.0,0.05
python-poetry/poetry,6fee9f42bd6391a58293071005e14e86ef1d52c1,2026-06-21T13:43:06+00:00,0,1,1.0,56.0,0.0,4.04305126783455,4.0,0.0,0.0,1.0,0.0,0.0,0.0,0.0,0.0,0.0,0.0,0.0,0.0,0.0,0.0,0.1538461538461538,0.1538461538461538,13.0,17.0,0.1764705882352941,1.0,0.0,0.05
python-poetry/poetry,46e264c0a6bdee972dccf5c5af4049ef199283aa,2026-06-21T13:43:27+00:00,0,1,2.0,3.0,3.0,1.9459101490553132,0.0,0.0,0.0,0.0,2.0,0.0,0.0,0.0,0.0,0.0,0.0,1.0,1.0,0.0,0.0,0.0,0.0,11.0,1.0,0.0,0.0,0.0,0.05
python-poetry/poetry,f46702336862f30050d5c641d5ed6f7568ded793,2026-06-21T13:46:44+00:00,0,1,2.0,3.0,3.0,1.9459101490553132,0.0,0.0,0.0,0.0,2.0,0.0,0.0,0.0,0.0,0.0,0.0,1.0,0.0,0.0,0.0,0.0,0.0,12.0,0.0,0.0,0.0,0.0,0.0
python-poetry/poetry,c88e1a28d8394dca9e1378ca0862a10a2361fcb2,2026-06-22T19:39:04+00:00,0,1,35.0,1465.0,1547.0,8.0106915391303,97.0,11.0,15.0,18.0,0.0,2.0,0.0,0.0,0.0,0.0,0.0,0.0,1.0,0.0,0.0,0.3333333333333333,0.1730728934423234,18.2,73.0,0.0821917808219178,1.0,0.0,0.0
python-poetry/poetry,b1a947475f2cd54711ff9b6b3c135136864decda,2026-06-22T21:21:25+00:00,0,2,1.0,2.0,2.0,1.6094379124341005,0.0,0.0,0.0,0.0,0.0,0.0,1.0,0.0,0.0,0.0,0.0,0.0,1.0,0.0,0.0,0.0,0.0,27.0,26.0,0.0,1.0,0.0,0.0
python-poetry/poetry,18fed8e49c3ea7c7cbd15df5ed6a92a8e8ed3b82,2026-06-23T04:41:28+00:00,0,1,1.0,15.0,6.0,3.091042453358316,1.0,1.0,1.0,0.0,0.0,0.0,0.0,0.0,0.0,0.0,1.0,0.0,1.0,0.0,0.0,0.2424242424242424,0.2424242424242424,33.0,3.0,0.6666666666666666,0.0,0.0,0.0
python-poetry/poetry,96285ae24c696bc0b86b859ac65fb6180082b84f,2026-06-24T04:22:20+00:00,1,1,3.0,331.0,23.0,5.872117789475416,14.0,1.0,1.0,1.0,1.0,0.0,0.0,0.0,0.0,0.0,0.0,0.0,1.0,0.0,0.0,0.1428571428571428,0.0937950937950938,15.333333333333334,18.0,0.1666666666666666,1.0,0.0,0.0
python-poetry/poetry,fc3d9c5b736fe20d0071ad5b7d0543837187a146,2026-06-24T04:28:23+00:00,0,1,3.0,329.0,23.0,5.8664680569332965,14.0,1.0,1.0,1.0,1.0,0.0,0.0,0.0,0.0,0.0,0.0,0.0,1.0,0.0,0.0,0.2,0.1525252525252525,16.333333333333332,19.0,0.2105263157894736,1.0,0.0,0.05
python-poetry/poetry,493f38140e79a287e31f4736981c4e60449bde36,2026-06-24T06:30:35+00:00,0,1,2.0,128.0,11.0,4.941642422609304,14.0,1.0,1.0,1.0,0.0,0.0,0.0,0.0,0.0,0.0,0.0,0.0,1.0,0.0,1.0,0.0,0.0,3.5,0.0,0.0,1.0,0.0,0.05
python-poetry/poetry,4e5e5ab8611ab7021a33471a1c19822235958bd2,2026-06-24T06:42:59+00:00,1,1,2.0,33.0,46.0,4.382026634673881,12.0,1.0,1.0,0.0,1.0,0.0,0.0,0.0,0.0,0.0,1.0,0.0,1.0,0.0,0.0,0.0666666666666666,0.0333333333333333,11.5,1.0,0.0,1.0,0.0,0.05
python-poetry/poetry,7770eb2858531b333aaac86510fce220227e1282,2026-06-24T06:51:48+00:00,0,1,1.0,1.0,0.0,0.6931471805599453,0.0,1.0,1.0,0.0,0.0,0.0,0.0,0.0,0.0,0.0,1.0,0.0,1.0,0.0,1.0,0.1111111111111111,0.1111111111111111,9.0,2.0,0.5,1.0,1.0,0.1
python-poetry/poetry,d83c7bbcc261bba3da0782052d50b8a1c11f7322,2026-06-24T07:02:16+00:00,0,1,1.0,8.0,9.0,2.8903717578961645,2.0,1.0,1.0,0.0,0.0,0.0,0.0,0.0,0.0,0.0,1.0,0.0,1.0,0.0,0.0,0.1,0.1,10.0,3.0,0.3333333333333333,1.0,0.0,0.1
python-poetry/poetry,a21ffdbf2497d5a1a367c3a01c8df038719e8c56,2026-06-26T20:01:04+00:00,1,1,7.0,465.0,2.0,6.148468295917647,20.0,5.0,7.0,0.0,0.0,0.0,0.0,0.0,0.0,0.0,1.0,0.0,1.0,0.0,0.0,0.1428571428571428,0.078327922077922,7.857142857142857,0.0,0.0,1.0,0.0,0.1
python-poetry/poetry,7013e8fb615525a1c6ea98eb9b4bc9bdf52a64d8,2026-06-27T06:08:58+00:00,0,1,1.0,16.0,8.0,3.218875824868201,2.0,1.0,1.0,0.0,0.0,0.0,0.0,0.0,0.0,0.0,1.0,0.0,1.0,0.0,0.0,0.1538461538461538,0.1538461538461538,13.0,20.0,0.2,1.0,0.0,0.15
python-poetry/poetry,97c94be6d0473c64d11b47ada52c5dba8b1bc753,2026-06-29T09:42:49+00:00,0,1,2.0,127.0,4.0,4.882801922586371,4.0,1.0,1.0,1.0,0.0,0.0,0.0,0.0,0.0,0.0,0.0,0.0,1.0,0.0,1.0,0.1875,0.1651785714285714,15.0,0.0,0.0,1.0,0.0,0.15
python-poetry/poetry,394ee73835f789e5e4f20c3149d5c3076c9135e5,2026-06-29T21:10:09+00:00,0,2,1.0,2.0,2.0,1.6094379124341005,0.0,0.0,0.0,0.0,0.0,0.0,1.0,0.0,0.0,0.0,0.0,0.0,1.0,0.0,0.0,0.0,0.0,28.0,27.0,0.0,1.0,0.0,0.15
python-poetry/poetry,7b12c4d00b615456ebc9c0b61c052fa80cd192e8,2026-06-30T06:04:08+00:00,0,1,3.0,33.0,3.0,3.610917912644224,2.0,1.0,1.0,2.0,0.0,1.0,0.0,0.0,0.0,0.0,0.0,0.0,1.0,0.0,0.0,0.3333333333333333,0.3333333333333333,2.0,0.0,0.0,1.0,0.0,0.15
python-poetry/poetry,b8daef9c42b4312936e345b5ffd3e31ff01a90eb,2026-07-01T08:47:14+00:00,0,1,8.0,78.0,14.0,4.532599493153256,12.0,3.0,6.0,2.0,0.0,0.0,0.0,0.0,0.0,1.0,0.0,0.0,1.0,0.0,0.0,1.0,0.1972789115646258,5.25,0.0,0.0,1.0,0.0,0.15
python-poetry/poetry,ea5f27080c22f9c4249c659baed06b8d5f61b569,2026-07-01T09:00:56+00:00,0,1,4.0,68.0,9.0,4.356708826689592,7.0,2.0,3.0,1.0,0.0,0.0,0.0,0.0,0.0,0.0,0.0,0.0,1.0,0.0,0.0,0.5,0.1644736842105263,6.5,1.0,0.0,1.0,0.0,0.15
python-poetry/poetry,c0141e59ebd4ab76fa7495217f8a557b02278d10,2026-07-02T02:53:48+00:00,0,1,2.0,127.0,4.0,4.882801922586371,4.0,1.0,1.0,1.0,0.0,0.0,0.0,0.0,0.0,0.0,0.0,0.0,1.0,0.0,1.0,0.1764705882352941,0.1549019607843137,16.0,1.0,0.0,1.0,0.0,0.15
python-poetry/poetry,b5334e4bc56dc369721f64c10a25b862f3a1fa24,2026-07-02T04:19:29+00:00,0,1,1.0,3.0,4.0,2.0794415416798357,1.0,0.0,0.0,1.0,0.0,0.0,0.0,0.0,0.0,0.0,0.0,0.0,1.0,0.0,0.0,0.25,0.25,4.0,1.0,0.0,0.0,0.0,0.15
python-poetry/poetry,0f5a7f3e0a290164ede00291342e20cf118f9990,2026-07-02T04:51:06+00:00,0,1,1.0,33.0,19.0,3.970291913552122,4.0,0.0,0.0,1.0,0.0,0.0,0.0,0.0,0.0,0.0,0.0,0.0,1.0,0.0,0.0,0.2,0.2,5.0,2.0,0.0,1.0,0.0,0.15
python-poetry/poetry,257c576d97ab6d30bf873695c88f924df73c002d,2026-07-05T08:51:36+00:00,0,1,3.0,61.0,1.0,4.143134726391533,3.0,2.0,2.0,1.0,0.0,0.0,0.0,0.0,0.0,0.0,0.0,0.0,1.0,0.0,1.0,0.0769230769230769,0.0512820512820512,17.666666666666668,21.0,0.1904761904761904,1.0,0.0,0.15
python-poetry/poetry,af55a485a28b745bd72fdd6e4cb767c90277469b,2026-07-08T20:28:33+00:00,0,1,2.0,37.0,1.0,3.6635616461296463,2.0,1.0,1.0,1.0,0.0,0.0,0.0,0.0,0.0,0.0,0.0,0.0,1.0,0.0,1.0,0.25,0.2083333333333333,5.0,0.0,0.0,1.0,0.0,0.15
python-poetry/poetry,6208f6e1f5a6eb945c8d8c101b89def75a111d24,2026-07-08T20:42:37+00:00,0,1,1.0,8.0,4.0,2.5649493574615367,1.0,0.0,0.0,1.0,0.0,0.0,0.0,0.0,0.0,0.0,0.0,0.0,1.0,0.0,0.0,0.1428571428571428,0.1428571428571428,7.0,1.0,0.0,1.0,0.0,0.15
python-poetry/poetry,625a9e37acf7b6713c16d9431d5891f44dfb9a98,2026-07-09T08:34:33+00:00,0,1,2.0,49.0,1.0,3.9318256327243257,4.0,1.0,1.0,1.0,0.0,0.0,0.0,0.0,0.0,0.0,0.0,0.0,1.0,0.0,1.0,0.2352941176470588,0.2144212523719165,32.5,0.0,0.0,1.0,0.0,0.15
python-poetry/poetry,dd0536b75b88f63518ccd78eacf7e8cda0d2a3a1,2026-07-13T18:10:25+00:00,0,1,3.0,57.0,12.0,4.248495242049359,5.0,1.0,1.0,2.0,0.0,0.0,0.0,0.0,0.0,0.0,0.0,0.0,1.0,0.0,1.0,1.0,0.5909090909090909,4.0,0.0,0.0,1.0,0.0,0.15
python-poetry/poetry,1ad72aa141db007ec12566d3a140ebcd7efacbad,2026-07-13T21:57:39+00:00,0,2,1.0,2.0,2.0,1.6094379124341005,0.0,0.0,0.0,0.0,0.0,0.0,1.0,0.0,0.0,0.0,0.0,0.0,1.0,0.0,0.0,0.0,0.0,29.0,28.0,0.0,1.0,0.0,0.1
python-poetry/poetry,9759034129ab1ffeadf427047bae70dd0027221c,2026-07-14T10:07:39+00:00,0,1,3.0,61.0,1.0,4.143134726391533,3.0,2.0,2.0,1.0,0.0,0.0,0.0,0.0,0.0,0.0,0.0,0.0,1.0,0.0,1.0,0.074074074074074,0.0493827160493827,18.666666666666668,22.0,0.1818181818181818,1.0,0.0,0.1
python-poetry/poetry,005837e9c5635975e3dd3790804196976f5097ae,2026-07-14T21:12:21+00:00,0,1,5.0,224.0,14.0,5.476463551931511,9.0,2.0,3.0,2.0,0.0,0.0,0.0,0.0,0.0,0.0,0.0,0.0,1.0,0.0,1.0,0.5,0.1476190476190476,7.4,1.0,0.0,1.0,0.0,0.1
python-poetry/poetry,38099b741fb8122a41baa50a8d1d8d2aa961d0f2,2026-07-15T01:50:29+00:00,0,1,7.0,170.0,9.0,5.19295685089021,10.0,3.0,4.0,3.0,0.0,0.0,0.0,0.0,0.0,0.0,0.0,0.0,1.0,0.0,1.0,0.2,0.1004201680672269,7.142857142857143,0.0,0.0,1.0,0.0,0.05
python-poetry/poetry,47e5fea7f3ea81f201d6ed3ce058114f25e4c4a8,2026-07-16T13:49:54+00:00,0,1,2.0,81.0,2.0,4.430816798843313,2.0,1.0,1.0,1.0,0.0,0.0,0.0,0.0,0.0,0.0,0.0,0.0,1.0,0.0,1.0,0.1666666666666666,0.1458333333333333,17.0,0.0,0.0,1.0,0.0,0.05
python-poetry/poetry,6e313b59d2d726caa39bdc4be659dde376eab604,2026-07-17T00:26:11+00:00,0,1,5.0,55.0,89.0,4.976733742420574,11.0,0.0,0.0,5.0,0.0,0.0,0.0,0.0,0.0,0.0,0.0,0.0,1.0,0.0,0.0,0.1764705882352941,0.1302521008403361,11.8,0.0,0.0,1.0,0.0,0.05
python-poetry/poetry,94ffccc81ff0501902efc63529338c64ece96b5e,2026-07-17T03:06:58+00:00,0,1,4.0,64.0,157.0,5.402677381872279,10.0,2.0,2.0,2.0,0.0,0.0,0.0,0.0,0.0,0.0,0.0,0.0,1.0,0.0,1.0,0.1538461538461538,0.0551282051282051,9.75,2.0,0.0,1.0,0.0,0.0
python-poetry/poetry,20accdf84b0389debee0aee9dd727b43626e006c,2026-07-17T08:20:17+00:00,0,1,2.0,100.0,8.0,4.6913478822291435,1.0,0.0,0.0,0.0,2.0,0.0,0.0,0.0,0.0,0.0,0.0,1.0,1.0,0.0,0.0,0.0869565217391304,0.0434782608695652,19.0,0.0,0.0,1.0,0.0,0.0
python-poetry/poetry,7c5d00bffc39e792526cbe54cf96ca32d28a7ad9,2026-07-17T08:25:41+00:00,0,1,2.0,15.0,11.0,3.295836866004329,0.0,0.0,0.0,0.0,2.0,0.0,0.0,0.0,0.0,0.0,0.0,1.0,1.0,0.0,0.0,0.0833333333333333,0.0416666666666666,20.0,1.0,0.0,1.0,0.0,0.0
python-poetry/poetry,cf25f930e9084e15a4dde77189d609dbb778d29e,2026-07-17T08:36:28+00:00,0,1,1.0,25.0,3.0,3.367295829986474,0.0,0.0,0.0,0.0,1.0,0.0,0.0,0.0,0.0,0.0,0.0,1.0,1.0,0.0,0.0,0.0,0.0,0.0,2.0,0.0,1.0,0.0,0.0
python-poetry/poetry,e4cf3ea390423dd447acf17c926daa11f3f551a6,2026-07-17T08:40:10+00:00,0,1,1.0,14.0,10.0,3.218875824868201,0.0,0.0,0.0,0.0,1.0,0.0,0.0,0.0,0.0,0.0,0.0,1.0,1.0,0.0,0.0,0.0,0.0,1.0,3.0,0.0,1.0,0.0,0.0
python-poetry/poetry,157afc2b062e67d62f72a784928eed2af9a77a18,2026-07-18T23:41:21+00:00,0,1,2.0,59.0,0.0,4.0943445622221,6.0,0.0,0.0,2.0,0.0,0.0,0.0,0.0,0.0,0.0,0.0,0.0,1.0,0.0,0.0,0.0,0.0,0.0,0.0,0.0,1.0,0.0,0.0
python-poetry/poetry,5ec337f4b16189427eea2862843345cd8174b5d2,2026-07-19T00:51:34+00:00,0,1,2.0,83.0,0.0,4.430816798843313,3.0,1.0,1.0,1.0,0.0,0.0,0.0,0.0,0.0,0.0,0.0,0.0,1.0,0.0,1.0,0.125,0.09375,12.0,0.0,0.0,1.0,0.0,0.0
python-poetry/poetry,24626bc567d2350d954c7258a9dc32c7149c51d2,2026-07-19T11:59:57+00:00,0,1,1.0,25.0,0.0,3.258096538021482,2.0,0.0,0.0,1.0,0.0,0.0,0.0,0.0,0.0,0.0,0.0,0.0,1.0,0.0,0.0,0.0,0.0,0.0,0.0,0.0,1.0,0.0,0.0
python-poetry/poetry,8b685b5956f8d2ff061cd79110b2601525cd728c,2026-07-19T13:02:40+00:00,0,1,2.0,113.0,2.0,4.7535901911063645,2.0,1.0,1.0,1.0,0.0,0.0,0.0,0.0,0.0,0.0,0.0,0.0,1.0,0.0,1.0,0.1578947368421052,0.1377708978328173,18.0,1.0,0.0,1.0,0.0,0.0
python-poetry/poetry,d6ab4cbf04985fe9b1597ec08f2d0705fed24977,2026-07-20T16:29:46+00:00,0,1,2.0,54.0,5.0,4.0943445622221,2.0,1.0,1.0,1.0,0.0,0.0,0.0,0.0,0.0,0.0,0.0,0.0,1.0,0.0,1.0,0.1428571428571428,0.1008403361344537,15.5,1.0,0.0,1.0,0.0,0.0
python-poetry/poetry,7a2bf50fa1acee4f31d09d20d3d774df6c2a0474,2026-07-20T21:26:02+00:00,0,2,1.0,2.0,2.0,1.6094379124341005,0.0,0.0,0.0,0.0,0.0,0.0,1.0,0.0,0.0,0.0,0.0,0.0,1.0,0.0,0.0,0.0,0.0,30.0,29.0,0.0,1.0,0.0,0.0
python-poetry/poetry,7d19e64d84dc04335fc3e7694ea2b260c5f3afd8,2026-07-21T17:41:36+00:00,0,1,2.0,15.0,5.0,3.044522437723423,2.0,1.0,1.0,1.0,0.0,0.0,0.0,0.0,0.0,0.0,0.0,0.0,1.0,0.0,0.0,0.2,0.1625,6.5,2.0,0.0,1.0,0.0,0.0
python-poetry/poetry,006d20585c94b83c0bc369c212cecf05187b620d,2026-07-22T18:00:46+00:00,0,1,1.0,1.0,1.0,1.0986122886681098,1.0,1.0,1.0,0.0,0.0,0.0,0.0,0.0,0.0,0.0,1.0,0.0,1.0,0.0,1.0,0.1666666666666666,0.1666666666666666,6.0,0.0,0.0,1.0,0.0,0.0
python-poetry/poetry,ae3cb779bb29fbb965e648aa829ff12b06e93e9a,2026-07-24T05:15:34+00:00,0,1,2.0,26.0,1.0,3.332204510175204,3.0,1.0,1.0,1.0,0.0,0.0,0.0,0.0,0.0,0.0,0.0,0.0,1.0,0.0,0.0,0.25,0.125,3.5,0.0,0.0,1.0,0.0,0.0
python-poetry/poetry,a4d1c90469178225e27768767511e21d1d5a0b87,2026-07-24T15:07:17+00:00,0,1,5.0,78.0,26.0,4.653960350157523,5.0,2.0,2.0,2.0,1.0,0.0,0.0,0.0,0.0,0.0,0.0,0.0,1.0,0.0,0.0,0.2285714285714285,0.1214365079365079,22.6,0.0,0.0,1.0,0.0,0.0
python-poetry/poetry,c98e96c06d51f170411a205e29a3b9365f409cec,2026-07-24T19:01:08+00:00,0,1,1.0,5.0,2.0,2.0794415416798357,1.0,0.0,0.0,1.0,0.0,0.0,0.0,0.0,0.0,0.0,0.0,0.0,1.0,0.0,0.0,0.0,0.0,4.0,1.0,0.0,1.0,0.0,0.0
python-poetry/poetry,f41a83116c1dc7ce5e2b8c7c2303aaac8af3234d,2026-07-26T13:55:49+00:00,0,1,3.0,50.0,68.0,4.77912349311153,5.0,2.0,2.0,1.0,0.0,0.0,0.0,0.0,0.0,0.0,0.0,0.0,1.0,0.0,1.0,0.0714285714285714,0.0467980295566502,20.0,167.0,0.059880239520958,1.0,0.0,0.0
python-poetry/poetry,a07d84a7ece108acc40fb9125b76d257130ac1e2,2026-07-26T14:20:44+00:00,0,1,3.0,53.0,11.0,4.174387269895637,4.0,2.0,2.0,1.0,0.0,0.0,0.0,0.0,0.0,0.0,0.0,0.0,0.0,0.0,1.0,0.0689655172413793,0.0452107279693486,21.0,23.0,0.1739130434782608,1.0,0.0,0.0
python-poetry/poetry,b4c400f6a6d7faa201be28cee514a8db9a39e91e,2026-07-26T14:58:02+00:00,0,1,5.0,951.0,823.0,7.4815557019095165,4.0,1.0,1.0,3.0,0.0,1.0,0.0,0.0,0.0,0.0,0.0,0.0,1.0,0.0,0.0,1.0,0.3712121212121211,9.8,168.0,0.0595238095238095,1.0,0.0,0.0
python-poetry/poetry,aedda8577cd6e7c2d2b983130933a640b1b6545a,2026-07-26T15:03:36+00:00,0,1,5.0,951.0,823.0,7.4815557019095165,4.0,1.0,1.0,3.0,0.0,1.0,0.0,0.0,0.0,0.0,0.0,0.0,0.0,0.0,0.0,0.5,0.1222222222222222,10.8,169.0,0.059171597633136,1.0,0.0,0.0
python-poetry/poetry,b976698dfc4f12ec01a24e3eae4c79be4cee7dbf,2026-07-26T15:06:28+00:00,0,1,1.0,31.0,5.0,3.610917912644224,3.0,1.0,1.0,0.0,0.0,0.0,0.0,0.0,0.0,0.0,1.0,0.0,1.0,0.0,0.0,0.1764705882352941,0.1764705882352941,17.0,169.0,0.059171597633136,0.0,0.0,0.0
python-poetry/poetry,5ccad24e03e3f7539246bf7350f6b6599331bdcb,2026-07-26T15:11:37+00:00,0,1,1.0,31.0,5.0,3.610917912644224,3.0,1.0,1.0,0.0,0.0,0.0,0.0,0.0,0.0,0.0,1.0,0.0,0.0,0.0,0.0,0.1666666666666666,0.1666666666666666,18.0,171.0,0.0584795321637426,1.0,0.0,0.0
python-poetry/poetry,53e406c45e1ac2358a2f46e090a05dda56aaec75,2026-07-26T15:13:25+00:00,0,1,1.0,15.0,17.0,3.49650756146648,1.0,1.0,1.0,0.0,0.0,0.0,0.0,0.0,0.0,1.0,1.0,0.0,1.0,0.0,0.0,0.2,0.2,15.0,171.0,0.0584795321637426,0.0,0.0,0.0
python-poetry/poetry,c459f14f1d5012bd0e3b6558c77b0e42c9d452df,2026-07-26T15:25:07+00:00,0,1,1.0,15.0,17.0,3.49650756146648,1.0,1.0,1.0,0.0,0.0,0.0,0.0,0.0,0.0,1.0,1.0,0.0,0.0,0.0,0.0,0.1875,0.1875,16.0,172.0,0.0581395348837209,0.0,0.0,0.0
python-poetry/poetry,555d33c9d39834f1a5635011b24ccb9a65d88c89,2026-07-26T15:31:49+00:00,0,1,35.0,1568.0,1650.0,8.076826031298808,97.0,11.0,15.0,18.0,0.0,2.0,0.0,0.0,0.0,0.0,0.0,0.0,1.0,0.0,0.0,0.3125,0.1595145871680243,19.742857142857144,74.0,0.081081081081081,0.0,0.0,0.0
python-poetry/poetry,314fb29b324f40337ad7c2f0889689ebe92d6099,2026-07-27T10:45:34+00:00,0,1,10.0,1050.0,856.0,7.553286605600419,12.0,4.0,5.0,4.0,0.0,1.0,0.0,0.0,0.0,1.0,0.0,0.0,1.0,1.0,1.0,0.3333333333333333,0.0901097766166395,16.4,0.0,0.0,1.0,0.0,0.0
python-poetry/poetry,b7c01f42cf9e4245157ec77cc94946790de888db,2026-07-27T21:14:10+00:00,0,2,1.0,3.0,3.0,1.9459101490553132,0.0,0.0,0.0,0.0,0.0,0.0,1.0,0.0,0.0,0.0,0.0,0.0,1.0,0.0,0.0,0.0,0.0,31.0,30.0,0.0,1.0,0.0,0.0
python-poetry/poetry,7b38c77a1ef24a9d6bb42371e845079f8093c056,2026-07-29T02:11:07+00:00,1,1,6.0,142.0,4.0,4.990432586778736,10.0,1.0,2.0,4.0,0.0,0.0,0.0,0.0,0.0,0.0,0.0,0.0,1.0,0.0,1.0,0.1333333333333333,0.0377777777777777,6.666666666666667,1.0,0.0,1.0,0.0,0.0
python-poetry/poetry,fc6aa52e11c0a51f22e7be6dd4560b7405d22ea5,2026-07-29T02:16:23+00:00,0,1,1.0,2.0,2.0,1.6094379124341005,1.0,0.0,0.0,1.0,0.0,0.0,0.0,0.0,0.0,0.0,0.0,0.0,1.0,0.0,1.0,0.1052631578947368,0.1052631578947368,19.0,2.0,0.5,1.0,1.0,0.05
python-poetry/poetry,a114be5b185cfbf7f847aa67320e5831e6654a8d,2026-07-29T02:56:43+00:00,0,1,1.0,5.0,0.0,1.791759469228055,1.0,1.0,1.0,0.0,0.0,0.0,0.0,0.0,0.0,0.0,1.0,0.0,1.0,0.0,1.0,0.0,0.0,8.0,0.0,0.0,1.0,0.0,0.05
python-poetry/poetry,d40e9175a46a959895bb6706a12b52cf5b8ebe3a,2026-07-29T03:06:23+00:00,0,1,1.0,22.0,6.0,3.367295829986474,1.0,1.0,1.0,0.0,0.0,0.0,0.0,0.0,0.0,0.0,1.0,0.0,1.0,0.0,1.0,0.0,0.0,9.0,1.0,0.0,1.0,0.0,0.05
python-poetry/poetry,bffb997db2bc76c232a981b9697cf9b9b8ef5a99,2026-07-29T03:12:19+00:00,0,1,1.0,22.0,6.0,3.367295829986474,1.0,1.0,1.0,0.0,0.0,0.0,0.0,0.0,0.0,0.0,1.0,0.0,1.0,0.0,1.0,0.0,0.0,10.0,2.0,0.0,1.0,0.0,0.05
python-poetry/poetry,d2a4f042dd7cd1dfc30fc954df0d3070147fd77a,2026-07-30T03:04:48+00:00,0,1,3.0,140.0,20.0,5.081404364984463,4.0,1.0,1.0,2.0,0.0,0.0,0.0,0.0,0.0,0.0,0.0,0.0,1.0,0.0,1.0,0.0,0.0,3.6666666666666665,2.0,0.0,1.0,0.0,0.05
python-poetry/poetry,cc876ca5a711191499f475b2830cda1fce4bb632,2026-07-30T09:38:04+00:00,0,1,3.0,74.0,12.0,4.465908118654584,6.0,1.0,1.0,2.0,0.0,0.0,0.0,0.0,0.0,0.0,0.0,0.0,1.0,0.0,1.0,0.0,0.0,4.333333333333333,0.0,0.0,1.0,0.0,0.05
python-poetry/poetry,407146f41610669ca65e76b6371a10336ad61a57,2026-07-31T08:08:00+00:00,0,1,1.0,1.0,1.0,1.0986122886681098,0.0,0.0,0.0,0.0,1.0,0.0,0.0,0.0,0.0,0.0,0.0,1.0,1.0,0.0,1.0,0.0,0.0,12.0,0.0,0.0,1.0,0.0,0.05
python-poetry/poetry,51f977025933fd4143695534f6c11f4d2c8350b5,2026-07-31T09:29:03+00:00,1,1,2.0,43.0,1.0,3.80666248977032,2.0,1.0,1.0,1.0,0.0,0.0,0.0,0.0,0.0,0.0,0.0,0.0,1.0,0.0,1.0,0.0625,0.0615530303030303,32.5,0.0,0.0,1.0,0.0,0.05
python-poetry/poetry,bf839165e579f10e991244d88836b17663a9a2f6,2026-07-31T09:45:23+00:00,0,1,1.0,26.0,2.0,3.367295829986474,0.0,0.0,0.0,0.0,1.0,0.0,0.0,0.0,0.0,0.0,0.0,1.0,1.0,0.0,0.0,0.0,0.0,0.0,0.0,0.0,1.0,0.0,0.1
python-poetry/poetry,ebf61886272a6c61442003df3a11f5d86adb417b,2026-07-31T09:45:52+00:00,0,1,1.0,0.0,1.0,0.6931471805599453,0.0,0.0,0.0,0.0,1.0,0.0,0.0,0.0,0.0,0.0,0.0,1.0,1.0,0.0,0.0,0.0,0.0,1.0,1.0,0.0,1.0,0.0,0.1
python-poetry/poetry,c37a23c7c705c0ce4652af580abe74fec8ebc63f,2026-07-31T13:49:35+00:00,0,1,2.0,143.0,20.0,5.099866427824199,6.0,1.0,1.0,1.0,0.0,0.0,0.0,0.0,0.0,0.0,0.0,0.0,1.0,0.0,1.0,0.15,0.1305555555555555,19.0,1.0,1.0,1.0,0.0,0.1
python-poetry/poetry,60b4463203abef701513809e8ca74761316ee912,2026-07-31T16:13:20+00:00,0,1,1.0,10.0,4.0,2.70805020110221,1.0,0.0,0.0,1.0,0.0,0.0,0.0,0.0,0.0,0.0,0.0,0.0,1.0,0.0,0.0,0.1428571428571428,0.1428571428571428,21.0,2.0,0.5,1.0,0.0,0.1
python-poetry/poetry,152df4af387223923d6bc3819b3a7c77fd05a82c,2026-07-31T16:46:45+00:00,0,1,6.0,23.0,15.0,3.6635616461296463,6.0,1.0,1.0,5.0,0.0,0.0,0.0,0.0,0.0,0.0,0.0,0.0,1.0,0.0,1.0,0.1666666666666666,0.0925925925925926,2.6666666666666665,0.0,0.0,1.0,0.0,0.1
python-poetry/poetry,a0291713d3d6284e83e17fde6bf79ea874aed417,2026-08-01T05:06:57+00:00,0,1,1.0,1.0,1.0,1.0986122886681098,0.0,0.0,0.0,0.0,1.0,0.0,0.0,0.0,0.0,0.0,0.0,1.0,0.0,0.0,1.0,0.0,0.0,13.0,1.0,0.0,1.0,0.0,0.1
python-poetry/poetry,cd2abd67656b60741fc357ad4672c7c7712dc1b0,2026-08-01T05:34:34+00:00,0,1,2.0,15.0,5.0,3.044522437723423,2.0,1.0,1.0,1.0,0.0,0.0,0.0,0.0,0.0,0.0,0.0,0.0,1.0,0.0,0.0,0.1428571428571428,0.1214285714285714,8.5,3.0,0.0,0.0,0.0,0.1
python-poetry/poetry,3a95c37c5d5ec600556f519e60e4340f35bbcac1,2026-08-01T05:41:23+00:00,0,1,2.0,53.0,3.0,4.04305126783455,2.0,1.0,1.0,1.0,0.0,0.0,0.0,0.0,0.0,0.0,0.0,0.0,0.0,0.0,1.0,0.125,0.1079545454545454,9.5,0.0,0.0,1.0,0.0,0.1
python-poetry/poetry,a45299d7ac1bbec34fa6cbbfaf4dff26c1b013e4,2026-08-01T06:56:42+00:00,1,1,2.0,163.0,7.0,5.14166355650266,16.0,1.0,1.0,1.0,0.0,0.0,0.0,0.0,0.0,0.0,0.0,0.0,1.0,0.0,0.0,0.1666666666666666,0.1666666666666666,3.0,0.0,0.0,1.0,0.0,0.1
python-poetry/poetry,6b92022a647a64d0f7e87545cf3d62db4749d377,2026-08-01T07:02:09+00:00,0,1,1.0,8.0,2.0,2.3978952727983707,2.0,0.0,0.0,1.0,0.0,0.0,0.0,0.0,0.0,0.0,0.0,0.0,1.0,0.0,0.0,1.0,1.0,1.0,1.0,1.0,1.0,1.0,0.15
python-poetry/poetry,9d01e03ce3d59581b381fc81ffd9129dc6e06e37,2026-08-01T07:51:22+00:00,0,1,2.0,113.0,2.0,4.7535901911063645,2.0,1.0,1.0,1.0,0.0,0.0,0.0,0.0,0.0,0.0,0.0,0.0,1.0,0.0,1.0,0.1363636363636363,0.1208133971291866,20.5,2.0,0.0,0.0,0.0,0.15
python-poetry/poetry,62018d105562e1365bf79607edcc29ed794e4635,2026-08-01T07:56:07+00:00,0,1,2.0,192.0,2.0,5.272999558563747,3.0,1.0,1.0,1.0,0.0,0.0,0.0,0.0,0.0,0.0,0.0,0.0,0.0,0.0,1.0,0.1304347826086956,0.1152173913043478,21.5,1.0,0.0,1.0,0.0,0.15
python-poetry/poetry,af753fe634ae674567cf126f9c767d3879330b9a,2026-08-01T08:02:30+00:00,0,1,2.0,59.0,0.0,4.0943445622221,6.0,0.0,0.0,2.0,0.0,0.0,0.0,0.0,0.0,0.0,0.0,0.0,1.0,0.0,0.0,0.0,0.0,1.0,1.0,0.0,1.0,0.0,0.1
python-poetry/poetry,9b1dfc571c445183f038a0477c881e299729d547,2026-08-01T08:07:02+00:00,0,1,2.0,59.0,0.0,4.0943445622221,6.0,0.0,0.0,2.0,0.0,0.0,0.0,0.0,0.0,0.0,0.0,0.0,0.0,0.0,0.0,0.0,0.0,2.0,0.0,0.0,1.0,0.0,0.1
python-poetry/poetry,a6e964b101f89770d5c066cbfb25402f59194ffe,2026-08-01T08:08:26+00:00,0,1,1.0,4.0,1.0,1.791759469228055,0.0,1.0,1.0,0.0,0.0,0.0,0.0,0.0,0.0,0.0,1.0,0.0,1.0,0.0,0.0,0.2857142857142857,0.2857142857142857,7.0,2.0,0.5,1.0,0.0,0.1
python-poetry/poetry,52be386be3aa6e494c403152ad536d69c7b17e91,2026-08-01T09:49:56+00:00,0,1,1.0,0.0,1.0,0.6931471805599453,1.0,0.0,0.0,1.0,0.0,0.0,0.0,0.0,0.0,0.0,0.0,0.0,1.0,0.0,0.0,0.1111111111111111,0.1111111111111111,9.0,174.0,0.057471264367816,0.0,0.0,0.1
python-poetry/poetry,62ffee2c98f36c065bc45f482837229ee142db06,2026-08-01T09:56:01+00:00,0,1,3.0,124.0,1.0,4.836281906951478,4.0,1.0,1.0,2.0,0.0,0.0,0.0,0.0,0.0,0.0,0.0,0.0,0.0,0.0,1.0,0.1333333333333333,0.0962962962962962,14.333333333333334,0.0,0.0,1.0,0.0,0.1
python-poetry/poetry,fd8d32eb02e768f1465a18323147f4801e6d9898,2026-08-01T10:01:30+00:00,0,1,1.0,25.0,0.0,3.258096538021482,2.0,0.0,0.0,1.0,0.0,0.0,0.0,0.0,0.0,0.0,0.0,0.0,1.0,0.0,0.0,0.0,0.0,1.0,1.0,0.0,1.0,0.0,0.1
python-poetry/poetry,b0b33381d96f6d7b43652a0fac57169cf6a9a8fd,2026-08-01T10:06:11+00:00,0,1,1.0,25.0,0.0,3.258096538021482,2.0,0.0,0.0,1.0,0.0,0.0,0.0,0.0,0.0,0.0,0.0,0.0,0.0,0.0,0.0,0.0,0.0,2.0,0.0,0.0,1.0,0.0,0.1
python-poetry/poetry,5818d3600b918fb4ae7f83449ef6ee027086725c,2026-08-01T10:29:24+00:00,0,1,2.0,14.0,2.0,2.833213344056216,3.0,1.0,1.0,1.0,0.0,0.0,0.0,0.0,0.0,0.0,0.0,0.0,1.0,0.0,1.0,0.2162162162162162,0.1963434022257552,35.5,1.0,0.0,1.0,0.0,0.1
python-poetry/poetry,7e36ae541936a226ac9f966a64c690bc8dd9035d,2026-08-01T12:05:07+00:00,0,1,8.0,292.0,288.0,6.364750756851911,42.0,4.0,5.0,3.0,0.0,0.0,0.0,0.0,0.0,0.0,0.0,0.0,1.0,0.0,0.0,0.5,0.2125,7.875,3.0,0.3333333333333333,1.0,0.0,0.05
python-poetry/poetry,11ae8d0427fedc11878850e1edae41dc1ffc1c49,2026-08-01T14:32:19+00:00,0,1,36.0,1570.0,1652.0,8.078067881815437,98.0,11.0,15.0,19.0,0.0,2.0,0.0,0.0,0.0,0.0,0.0,0.0,1.0,0.0,0.0,0.2941176470588235,0.1469537921096625,20.444444444444443,75.0,0.08,1.0,0.0,0.05
python-poetry/poetry,916bd02b5ecdc170dc3ae6d2e700f81838a9aa6a,2026-08-02T11:32:55+00:00,0,1,7.0,247.0,235.0,6.180016653652572,26.0,2.0,3.0,4.0,0.0,0.0,0.0,0.0,0.0,0.0,0.0,0.0,1.0,0.0,0.0,0.2222222222222222,0.0916499933306656,9.142857142857142,175.0,0.0571428571428571,0.0,0.0,0.05
python-poetry/poetry,1dac0257f8d538a0675e1d5e9bf479de5231af94,2026-08-02T11:38:11+00:00,0,1,1.0,1.0,1.0,1.0986122886681098,1.0,0.0,0.0,1.0,0.0,0.0,0.0,0.0,0.0,0.0,0.0,0.0,1.0,0.0,1.0,0.1666666666666666,0.1666666666666666,18.0,176.0,0.0568181818181818,1.0,0.0,0.05
python-poetry/poetry,e9c3fc5e3d572f76d025ede36f24f338428fb232,2026-08-02T11:43:25+00:00,0,1,1.0,6.0,1.0,2.0794415416798357,1.0,0.0,0.0,1.0,0.0,0.0,0.0,0.0,0.0,0.0,0.0,0.0,1.0,0.0,0.0,0.1578947368421052,0.1578947368421052,19.0,177.0,0.0564971751412429,1.0,0.0,0.05
python-poetry/poetry,92b74dcfe348d0e01e14d40d6c1fa47a4ee04a54,2026-08-02T11:51:11+00:00,0,1,9.0,496.0,310.0,6.693323668269949,46.0,4.0,5.0,4.0,0.0,0.0,0.0,0.0,0.0,0.0,0.0,0.0,0.0,0.0,0.0,0.2,0.083749257278669,10.22222222222222,4.0,0.25,1.0,0.0,0.05
python-poetry/poetry,396ffdf48bef6e093b326f9a590aed8438a79a72,2026-08-03T21:37:27+00:00,0,2,1.0,3.0,3.0,1.9459101490553132,0.0,0.0,0.0,0.0,0.0,0.0,1.0,0.0,0.0,0.0,0.0,0.0,1.0,0.0,0.0,0.0,0.0,32.0,31.0,0.0,1.0,0.0,0.05
python-poetry/poetry,a93ff3e2e4c1574b2abc73a6c1e492dd39905ef5,2026-08-04T07:51:01+00:00,0,1,1.0,11.0,3.0,2.70805020110221,1.0,1.0,1.0,0.0,0.0,0.0,0.0,0.0,0.0,0.0,1.0,0.0,1.0,0.0,0.0,0.2051282051282051,0.2051282051282051,39.0,0.0,0.0,1.0,0.0,0.05
python-poetry/poetry,208ff4f0ddc4b7e84c92a63a4243641c496e7b76,2026-08-04T11:09:08+00:00,0,1,1.0,11.0,3.0,2.70805020110221,1.0,1.0,1.0,0.0,0.0,0.0,0.0,0.0,0.0,0.0,1.0,0.0,1.0,0.0,0.0,0.2,0.2,40.0,1.0,0.0,0.0,0.0,0.05
python-poetry/poetry,35d75699e1273c6db71b1c001fcb4090e040d0e8,2026-08-08T19:14:54+00:00,0,1,1.0,23.0,27.0,3.9318256327243257,5.0,0.0,0.0,1.0,0.0,0.0,0.0,0.0,0.0,0.0,0.0,0.0,1.0,0.0,0.0,0.1428571428571428,0.1428571428571428,21.0,0.0,0.0,1.0,0.0,0.0
python-poetry/poetry,33078b35ad7b715305d1eaaee8aef63022bd1272,2026-08-09T08:31:24+00:00,0,1,1.0,36.0,0.0,3.610917912644224,3.0,0.0,0.0,1.0,0.0,0.0,0.0,0.0,0.0,0.0,0.0,0.0,1.0,0.0,0.0,0.0,0.0,0.0,0.0,0.0,1.0,0.0,0.0
python-poetry/poetry,bcd52bbe1299d8c90a8bb3cbf222611d3605a5ff,2026-08-09T08:37:22+00:00,0,1,1.0,1.0,0.0,0.6931471805599453,1.0,0.0,0.0,1.0,0.0,0.0,0.0,0.0,0.0,0.0,0.0,0.0,1.0,0.0,0.0,0.0,0.0,1.0,1.0,0.0,1.0,0.0,0.0
python-poetry/poetry,9c8cb98d93d6106a8ddd74640c9d25e0f88fdabb,2026-08-09T12:22:03+00:00,0,1,3.0,289.0,2.0,5.676753802268282,4.0,1.0,1.0,1.0,0.0,1.0,0.0,0.0,0.0,0.0,0.0,0.0,1.0,0.0,1.0,0.3333333333333333,0.1867913832199546,22.666666666666668,178.0,0.0561797752808988,1.0,0.0,0.0
python-poetry/poetry,d892c8058e1bfba833ebd698dd4133c0f36942b4,2026-08-09T12:35:18+00:00,0,1,2.0,5.0,5.0,2.3978952727983707,0.0,0.0,0.0,0.0,0.0,2.0,0.0,0.0,0.0,0.0,0.0,0.0,1.0,0.0,0.0,0.1,0.0983870967741935,56.0,179.0,0.0558659217877094,0.0,0.0,0.0
python-poetry/poetry,bed7d77987703b163b46b7166bb5bb1e421f3c31,2026-08-10T21:37:58+00:00,0,2,1.0,3.0,3.0,1.9459101490553132,0.0,0.0,0.0,0.0,0.0,0.0,1.0,0.0,0.0,0.0,0.0,0.0,1.0,0.0,0.0,0.0,0.0,33.0,32.0,0.0,1.0,0.0,0.0
python-poetry/poetry,0cbaf29120ecf257dc3d28fba91af5fefe0316ca,2026-08-12T00:23:00+00:00,0,1,2.0,32.0,2.0,3.5553480614894135,2.0,1.0,1.0,1.0,0.0,0.0,0.0,0.0,0.0,0.0,0.0,0.0,1.0,0.0,1.0,0.125,0.1101190476190476,22.5,0.0,0.0,1.0,0.0,0.0
python-poetry/poetry,310c3ed7972a5b814fb5bf01d274ad1d5cedcc87,2026-08-12T19:11:47+00:00,0,1,2.0,35.0,1.0,3.610917912644224,2.0,1.0,1.0,1.0,0.0,0.0,0.0,0.0,0.0,0.0,0.0,0.0,1.0,0.0,1.0,0.0,0.0,1.0,0.0,0.0,1.0,0.0,0.0
python-poetry/poetry,4aada01a8e6217495413bc31ea870db15ab15884,2026-08-13T17:24:10+00:00,0,1,1.0,5.0,1.0,1.9459101490553132,1.0,0.0,0.0,1.0,0.0,0.0,0.0,0.0,0.0,0.0,0.0,0.0,1.0,0.0,0.0,0.0,0.0,0.0,0.0,0.0,1.0,0.0,0.0
python-poetry/poetry,11eb98290ac844408308f2a8fcff31709553132f,2026-08-17T22:01:23+00:00,0,2,1.0,3.0,3.0,1.9459101490553132,0.0,0.0,0.0,0.0,0.0,0.0,1.0,0.0,0.0,0.0,0.0,0.0,1.0,0.0,0.0,0.0,0.0,34.0,33.0,0.0,1.0,0.0,0.0
python-poetry/poetry,3d5b34a99bdc6ee76a2cf9c37c7d9fcbbc5987fe,2026-08-18T05:19:02+00:00,0,1,3.0,353.0,30.0,5.950642552587727,16.0,1.0,1.0,1.0,1.0,0.0,0.0,0.0,0.0,0.0,0.0,0.0,1.0,0.0,0.0,0.12,0.0959440559440559,24.333333333333332,24.0,0.1666666666666666,1.0,0.0,0.0
python-poetry/poetry,c1d2d45883d8c5f58f24a56087a23957a23318dc,2026-08-21T10:02:27+00:00,1,1,4.0,106.0,0.0,4.672828834461906,7.0,2.0,3.0,1.0,0.0,0.0,0.0,0.0,0.0,0.0,0.0,0.0,1.0,0.0,1.0,0.2,0.0666666666666666,3.25,0.0,0.0,1.0,0.0,0.0
python-poetry/poetry,c19d2c0e545864e3f1da88b38d1d3accbe580c17,2026-08-21T13:02:34+00:00,0,1,1.0,3.0,1.0,1.6094379124341005,1.0,1.0,1.0,0.0,0.0,0.0,0.0,0.0,0.0,0.0,1.0,0.0,1.0,0.0,0.0,0.3333333333333333,0.3333333333333333,6.0,1.0,1.0,1.0,1.0,0.05
python-poetry/poetry,28f883c24a78c8357784e9f78a53602d38564bfd,2026-08-22T15:38:50+00:00,0,1,1.0,7.0,0.0,2.0794415416798357,0.0,0.0,0.0,0.0,1.0,0.0,0.0,0.0,0.0,0.0,0.0,1.0,1.0,0.0,0.0,0.0,0.0,2.0,0.0,0.0,1.0,0.0,0.05
python-poetry/poetry,031cc0d69e881e1b6cd5dd0a64db594802658cf8,2026-08-23T13:15:51+00:00,0,2,2.0,59.0,1.0,4.110873864173311,4.0,1.0,1.0,1.0,0.0,0.0,0.0,0.0,0.0,0.0,0.0,0.0,1.0,0.0,1.0,0.1951219512195122,0.1808943089430894,38.5,0.0,0.0,1.0,0.0,0.05
python-poetry/poetry,5370f1397073fb885f2ad80816d03fc07c81c978,2026-08-23T20:01:40+00:00,0,1,1.0,7.0,0.0,2.0794415416798357,0.0,0.0,0.0,0.0,1.0,0.0,0.0,0.0,0.0,0.0,0.0,1.0,0.0,0.0,0.0,0.0,0.0,3.0,1.0,0.0,1.0,0.0,0.05
python-poetry/poetry,a7da4ba401ddcd0fc62bb027fc5104fd7c83f821,2026-08-24T21:33:57+00:00,0,2,1.0,3.0,3.0,1.9459101490553132,0.0,0.0,0.0,0.0,0.0,0.0,1.0,0.0,0.0,0.0,0.0,0.0,1.0,0.0,0.0,0.0,0.0,35.0,34.0,0.0,1.0,0.0,0.05
python-poetry/poetry,a290dbf90d23776308039eb82f0ab5603bd0b4a3,2026-08-26T05:51:04+00:00,0,1,4.0,152.0,17.0,5.135798437050262,8.0,2.0,2.0,2.0,0.0,0.0,0.0,0.0,0.0,0.0,0.0,0.0,1.0,0.0,1.0,0.3333333333333333,0.238095238095238,2.5,0.0,0.0,1.0,0.0,0.05
python-poetry/poetry,8541aaf829d62d20e330e97aa0c9d2d4a7063ddf,2026-08-27T02:40:16+00:00,0,1,2.0,25.0,1.0,3.295836866004329,2.0,1.0,1.0,1.0,0.0,0.0,0.0,0.0,0.0,0.0,0.0,0.0,1.0,0.0,1.0,0.1904761904761904,0.1763191763191763,39.5,0.0,0.0,1.0,0.0,0.05
python-poetry/poetry,3a3eb0ac3eec3cd8d4807961b3842dc053e24f02,2026-08-28T03:08:16+00:00,0,1,1.0,7.0,0.0,2.0794415416798357,0.0,0.0,0.0,0.0,1.0,0.0,0.0,0.0,0.0,0.0,0.0,1.0,1.0,0.0,0.0,0.074074074074074,0.074074074074074,27.0,0.0,0.0,1.0,0.0,0.05
python-poetry/poetry,b7a9232a7d983dededb86217758648c595fc26f0,2026-08-29T12:44:08+00:00,1,1,3.0,8.0,8.0,2.833213344056216,9.0,1.0,1.0,2.0,0.0,0.0,0.0,0.0,0.0,0.0,0.0,0.0,1.0,0.0,1.0,0.4,0.2244306418219461,11.666666666666666,180.0,0.0555555555555555,1.0,0.0,0.05
python-poetry/poetry,a2dacbf20cba7486796933efb96ae257843ad1e5,2026-08-29T13:33:05+00:00,0,1,81.0,223.0,33.0,5.54907608489522,0.0,0.0,0.0,81.0,0.0,0.0,81.0,0.0,2.0,0.0,0.0,0.0,1.0,0.0,0.0,0.3333333333333333,0.0136054421768707,1.2839506172839503,181.0,0.0607734806629834,1.0,0.0,0.1
python-poetry/poetry,eec3f9d3e0a24949ca39eb819d7aa8301ffd4af6,2026-08-29T13:38:07+00:00,0,1,81.0,223.0,33.0,5.54907608489522,0.0,0.0,0.0,81.0,0.0,0.0,81.0,0.0,2.0,0.0,0.0,0.0,0.0,0.0,0.0,0.25,0.0061728395061728,2.2839506172839505,182.0,0.0604395604395604,1.0,0.0,0.1
python-poetry/poetry,44a80884ad1f6729dd07b311f9cad0df5a6d8989,2026-08-29T13:38:23+00:00,0,1,3.0,8.0,8.0,2.833213344056216,9.0,1.0,1.0,2.0,0.0,0.0,0.0,0.0,0.0,0.0,0.0,0.0,1.0,0.0,1.0,0.5,0.3055555555555555,12.666666666666666,182.0,0.0604395604395604,0.0,0.0,0.1
python-poetry/poetry,000b7860cf42245f083037f2f2df25e970683827,2026-08-29T13:50:15+00:00,0,1,3.0,8.0,8.0,2.833213344056216,9.0,1.0,1.0,2.0,0.0,0.0,0.0,0.0,0.0,0.0,0.0,0.0,0.0,0.0,1.0,0.4285714285714285,0.2702645502645502,13.666666666666666,184.0,0.0597826086956521,1.0,0.0,0.1
python-poetry/poetry,1ad9311efecaf34b037dd37f3c541348cdc695b0,2026-08-29T15:21:11+00:00,1,1,1.0,1.0,1.0,1.0986122886681098,1.0,1.0,1.0,0.0,0.0,0.0,0.0,0.0,0.0,0.0,1.0,0.0,1.0,0.0,0.0,0.1818181818181818,0.1818181818181818,11.0,185.0,0.0594594594594594,0.0,0.0,0.1
python-poetry/poetry,47d648626eaa986ff7148a1ae1db3b889f21bae7,2026-08-29T15:43:44+00:00,1,1,1.0,1.0,1.0,1.0986122886681098,1.0,0.0,0.0,1.0,0.0,0.0,0.0,0.0,0.0,0.0,0.0,0.0,1.0,0.0,1.0,0.1363636363636363,0.1363636363636363,22.0,186.0,0.064516129032258,1.0,1.0,0.15
python-poetry/poetry,39b386d9d54eef792f8d0eb1a6ae51554e8ec3b1,2026-08-29T16:07:43+00:00,0,1,1.0,1.0,4.0,1.791759469228055,1.0,1.0,1.0,0.0,0.0,0.0,0.0,0.0,0.0,0.0,1.0,0.0,1.0,0.0,1.0,0.25,0.25,12.0,187.0,0.0695187165775401,1.0,1.0,0.2
python-poetry/poetry,a968f64b77814665fe2477b3612521b2bc854feb,2026-08-29T16:08:00+00:00,0,1,2.0,61.0,3.0,4.174387269895637,3.0,1.0,1.0,1.0,0.0,0.0,0.0,0.0,0.0,0.0,0.0,0.0,1.0,0.0,0.0,0.1428571428571428,0.1339285714285714,22.5,0.0,0.0,1.0,0.0,0.2
python-poetry/poetry,812a81670bdb2e67f4e4ce3665f333cea2546556,2026-08-29T16:14:45+00:00,0,1,2.0,139.0,37.0,5.176149732573829,3.0,1.0,1.0,1.0,0.0,0.0,0.0,0.0,0.0,0.0,0.0,0.0,0.0,0.0,1.0,0.2307692307692307,0.2023411371237458,18.0,188.0,0.0691489361702127,1.0,0.0,0.2
python-poetry/poetry,22173fdf4acd9cd839ba4aa57c644bf8830083e2,2026-08-29T16:21:21+00:00,0,1,2.0,139.0,37.0,5.176149732573829,3.0,1.0,1.0,1.0,0.0,0.0,0.0,0.0,0.0,0.0,0.0,0.0,0.0,0.0,1.0,0.2142857142857142,0.1904761904761904,19.0,189.0,0.0687830687830687,1.0,0.0,0.2
python-poetry/poetry,1bfb75b8c359e79dac4982c8da0a163cd7763148,2026-08-29T16:27:07+00:00,0,1,2.0,6.0,0.0,1.9459101490553132,2.0,2.0,2.0,0.0,0.0,0.0,0.0,0.0,0.0,0.0,1.0,0.0,1.0,0.0,1.0,0.5,0.3269230769230769,14.0,190.0,0.0684210526315789,1.0,0.0,0.2
python-poetry/poetry,5970f6713947000e7b802c411aabaea44b338255,2026-08-29T16:33:57+00:00,0,1,2.0,6.0,0.0,1.9459101490553132,2.0,2.0,2.0,0.0,0.0,0.0,0.0,0.0,0.0,0.0,1.0,0.0,0.0,0.0,1.0,0.3333333333333333,0.2407407407407407,15.0,191.0,0.0680628272251308,1.0,0.0,0.15
python-poetry/poetry,e97c5d93d3dd8bf8eb24c0b8c617907d41832160,2026-08-29T18:00:45+00:00,0,1,2.0,94.0,46.0,4.948759890378168,5.0,1.0,1.0,1.0,0.0,0.0,0.0,0.0,0.0,0.0,0.0,0.0,1.0,0.0,0.0,0.0,0.0,0.0,192.0,0.0677083333333333,0.0,0.0,0.15
python-poetry/poetry,1c9cd2f427bc46de1ccce826d2642d8788f85dd6,2026-08-29T18:05:45+00:00,0,1,2.0,94.0,46.0,4.948759890378168,5.0,1.0,1.0,1.0,0.0,0.0,0.0,0.0,0.0,0.0,0.0,0.0,0.0,0.0,0.0,0.0,0.0,1.0,193.0,0.0673575129533678,0.0,0.0,0.15
python-poetry/poetry,3dd0f2dafbe88c38605cd74d3bfdde1111618f1c,2026-08-29T18:10:45+00:00,0,1,2.0,94.0,46.0,4.948759890378168,5.0,1.0,1.0,1.0,0.0,0.0,0.0,0.0,0.0,0.0,0.0,0.0,0.0,0.0,0.0,0.0,0.0,2.0,194.0,0.0670103092783505,0.0,0.0,0.15
python-poetry/poetry,c4c4398117d28e5b2b45abd8877ee59462232532,2026-08-29T18:14:48+00:00,0,1,2.0,11.0,2.0,2.6390573296152584,0.0,0.0,0.0,0.0,1.0,1.0,0.0,0.0,0.0,0.0,0.0,0.0,1.0,0.0,0.0,0.125,0.1101190476190476,39.5,194.0,0.0670103092783505,0.0,0.0,0.15
python-poetry/poetry,15ce1fc5f2fc30af34a4465a8c8efe866a604f01,2026-08-29T19:10:20+00:00,0,2,2.0,11.0,2.0,2.6390573296152584,0.0,0.0,0.0,0.0,1.0,1.0,0.0,0.0,0.0,0.0,0.0,0.0,0.0,0.0,0.0,0.1176470588235294,0.1056985294117647,40.5,196.0,0.0663265306122449,1.0,0.0,0.15
python-poetry/poetry,82a4936c37d522305fa8bb5b65bd29e0ab9c371b,2026-08-29T19:50:26+00:00,0,1,1.0,11.0,1.0,2.5649493574615367,0.0,0.0,0.0,0.0,1.0,0.0,0.0,0.0,0.0,0.0,0.0,1.0,1.0,0.0,0.0,0.1176470588235294,0.1176470588235294,17.0,196.0,0.0663265306122449,1.0,0.0,0.15
python-poetry/poetry,e33ce99067f6a28537aebd23caabc2c49aae5ed8,2026-08-29T19:52:30+00:00,0,1,1.0,11.0,1.0,2.5649493574615367,0.0,0.0,0.0,0.0,1.0,0.0,0.0,0.0,0.0,0.0,0.0,1.0,0.0,0.0,0.0,0.1111111111111111,0.1111111111111111,18.0,197.0,0.065989847715736,1.0,0.0,0.15
python-poetry/poetry,8fc06fd2ecbac18c7439ddb10e3728edf972554a,2026-08-29T20:24:29+00:00,0,1,1.0,26.0,9.0,3.58351893845611,2.0,1.0,1.0,0.0,0.0,0.0,0.0,0.0,0.0,0.0,1.0,0.0,1.0,0.0,0.0,0.0,0.0,0.0,76.0,0.0789473684210526,1.0,0.0,0.15
python-poetry/poetry,52ce20095c4f7411f837658557844126620b1c05,2026-08-30T18:22:09+00:00,0,1,2.0,1.0,114.0,4.7535901911063645,0.0,0.0,0.0,2.0,0.0,0.0,1.0,0.0,0.0,0.0,0.0,0.0,1.0,0.0,0.0,0.2,0.1,9.0,77.0,0.0779220779220779,0.0,0.0,0.1
python-poetry/poetry,907013bfccdfb8b3a53ba5cc5ea54866f13e2e05,2026-08-31T12:48:09+00:00,1,1,2.0,38.0,2.0,3.713572066704308,2.0,1.0,1.0,1.0,0.0,0.0,0.0,0.0,0.0,0.0,0.0,0.0,1.0,0.0,1.0,0.2,0.18,20.0,0.0,0.0,1.0,0.0,0.1
python-poetry/poetry,f89bbd6b699dd7b8a2ec58c1d60626b268eca56a,2026-08-31T13:02:14+00:00,1,1,2.0,43.0,2.0,3.828641396489095,2.0,1.0,1.0,1.0,0.0,0.0,0.0,0.0,0.0,0.0,0.0,0.0,1.0,0.0,1.0,0.25,0.2211538461538461,21.0,1.0,1.0,1.0,0.0,0.15
python-poetry/poetry,d519c6c41a3f406478de671f64c1a31c0ece0fb1,2026-08-31T13:33:41+00:00,1,1,1.0,7.0,0.0,2.0794415416798357,1.0,0.0,0.0,1.0,0.0,0.0,0.0,0.0,0.0,0.0,0.0,0.0,1.0,0.0,1.0,0.2222222222222222,0.2222222222222222,27.0,2.0,1.0,1.0,1.0,0.2
python-poetry/poetry,3108a3b8c05911017f92e5bd55369ecc045e195c,2026-08-31T13:41:33+00:00,0,1,1.0,2.0,1.0,1.3862943611198906,1.0,0.0,0.0,1.0,0.0,0.0,0.0,0.0,0.0,0.0,0.0,0.0,1.0,0.0,0.0,0.25,0.25,28.0,3.0,1.0,1.0,1.0,0.25
python-poetry/poetry,5164e2629fbbd436a5b8a3cef7b57c061753bf8b,2026-08-31T21:52:38+00:00,0,2,1.0,3.0,3.0,1.9459101490553132,0.0,0.0,0.0,0.0,0.0,0.0,1.0,0.0,0.0,0.0,0.0,0.0,1.0,0.0,0.0,0.0,0.0,36.0,35.0,0.0,1.0,0.0,0.2
python-poetry/poetry,5261c467ce928ffcbb4973f2130de009e7a0d591,2026-08-31T22:29:33+00:00,0,1,2.0,8.0,2.0,2.3978952727983707,2.0,1.0,1.0,1.0,0.0,0.0,0.0,0.0,0.0,0.0,0.0,0.0,1.0,0.0,1.0,0.2941176470588235,0.2677484787018255,23.0,4.0,0.75,1.0,0.0,0.15
python-poetry/poetry,0114526ec9bf3bfdeb08602a8b971b9b748229ad,2026-09-02T14:49:45+00:00,1,1,2.0,13.0,6.0,2.995732273553991,2.0,1.0,1.0,1.0,0.0,0.0,0.0,0.0,0.0,0.0,0.0,0.0,1.0,0.0,1.0,0.2777777777777778,0.2555555555555555,24.0,5.0,0.6,1.0,0.0,0.15
python-poetry/poetry,90b280ff0495b7307592f719f524306776717918,2026-09-02T15:24:17+00:00,1,1,2.0,13.0,6.0,2.995732273553991,2.0,1.0,1.0,1.0,0.0,0.0,0.0,0.0,0.0,0.0,0.0,0.0,1.0,0.0,1.0,0.3157894736842105,0.2869269949066214,25.0,0.0,0.0,0.0,0.0,0.2
python-poetry/poetry,a31537b595f5dd4296929ed18ab78003e242d10c,2026-09-02T18:14:15+00:00,0,1,1.0,2.0,2.0,1.6094379124341005,1.0,0.0,0.0,1.0,0.0,0.0,0.0,0.0,0.0,0.0,0.0,0.0,1.0,0.0,0.0,0.28125,0.28125,32.0,1.0,1.0,1.0,1.0,0.25
python-poetry/poetry,ae4984679bcf525ca4246ce9e7401dd5c4e94cb8,2026-09-04T11:19:05+00:00,0,1,109.0,1535.0,445.0,7.591357046698551,87.0,7.0,10.0,96.0,3.0,0.0,81.0,0.0,2.0,0.0,0.0,0.0,1.0,1.0,0.0,0.375,0.0294071184188144,5.587155963302752,2.0,0.0,1.0,0.0,0.25
python-poetry/poetry,aceb3228bb8fc9035094f52611fcfc6b1922abd9,2026-09-04T15:27:48+00:00,0,1,2.0,15.0,11.0,3.295836866004329,0.0,0.0,0.0,0.0,2.0,0.0,0.0,0.0,0.0,0.0,0.0,1.0,1.0,0.0,0.0,0.0714285714285714,0.0357142857142857,22.5,4.0,0.0,0.0,0.0,0.25
python-poetry/poetry,f8712e51931981f465645eded086acbb0837f820,2026-09-04T15:50:21+00:00,0,1,1.0,3.0,6.0,2.302585092994046,0.0,0.0,0.0,0.0,1.0,0.0,0.0,0.0,0.0,0.0,0.0,1.0,1.0,0.0,0.0,0.0689655172413793,0.0689655172413793,29.0,199.0,0.0653266331658291,1.0,0.0,0.25
python-poetry/poetry,d3873c8ccdd926efd952e77a517a5e359adb8d34,2026-09-04T15:54:21+00:00,0,1,2.0,103.0,10.0,4.736198448394496,1.0,0.0,0.0,0.0,2.0,0.0,0.0,0.0,0.0,0.0,0.0,1.0,0.0,0.0,0.0,0.0666666666666666,0.0333333333333333,24.0,0.0,0.0,1.0,0.0,0.25
python-poetry/poetry,76079710fadc3090b9194737309cbe974728aebd,2026-09-04T15:58:43+00:00,0,1,1.0,1.0,1.0,1.0986122886681098,0.0,0.0,0.0,0.0,1.0,0.0,0.0,0.0,0.0,0.0,0.0,1.0,1.0,0.0,1.0,0.064516129032258,0.064516129032258,31.0,200.0,0.065,1.0,0.0,0.25
python-poetry/poetry,3d9f09650ad04e4d230b04df175157fac03f8067,2026-09-04T16:00:39+00:00,0,1,1.0,1.0,1.0,1.0986122886681098,0.0,0.0,0.0,0.0,1.0,0.0,0.0,0.0,0.0,0.0,0.0,1.0,0.0,0.0,1.0,0.0625,0.0625,32.0,201.0,0.0646766169154228,1.0,0.0,0.25
python-poetry/poetry,c75b821dab795e09b4e0bd7ab80c09e339fb212b,2026-09-04T16:05:29+00:00,0,1,1.0,26.0,9.0,3.58351893845611,2.0,1.0,1.0,0.0,0.0,0.0,0.0,0.0,0.0,0.0,1.0,0.0,1.0,0.0,0.0,0.0,0.0,1.0,78.0,0.0769230769230769,1.0,0.0,0.25
python-poetry/poetry,2fbd57688e5b22cb28bbb32f7316c7f6292ffd26,2026-09-04T16:11:07+00:00,0,1,1.0,26.0,9.0,3.58351893845611,2.0,1.0,1.0,0.0,0.0,0.0,0.0,0.0,0.0,0.0,1.0,0.0,0.0,0.0,0.0,0.0,0.0,2.0,79.0,0.0759493670886076,1.0,0.0,0.25
python-poetry/poetry,f69a507b94ccae9b94e1b32fa6a06ae7b3b9311b,2026-09-04T22:46:00+00:00,0,1,2.0,71.0,8.0,4.382026634673881,4.0,1.0,1.0,1.0,0.0,0.0,0.0,0.0,0.0,0.0,0.0,0.0,1.0,0.0,1.0,0.3333333333333333,0.2990196078431372,27.5,2.0,0.5,1.0,0.0,0.25
python-poetry/poetry,98df56f83d9948b4d4367977ad8a9329e2c865d9,2026-09-05T08:31:17+00:00,0,1,2.0,71.0,8.0,4.382026634673881,4.0,1.0,1.0,1.0,0.0,0.0,0.0,0.0,0.0,0.0,0.0,0.0,0.0,0.0,1.0,0.3181818181818182,0.2876623376623376,28.5,0.0,0.0,1.0,0.0,0.25
python-poetry/poetry,4659943557e18d8a5fad243b9a5e4e96500dc54d,2026-09-05T08:37:42+00:00,0,1,2.0,71.0,8.0,4.382026634673881,4.0,1.0,1.0,1.0,0.0,0.0,0.0,0.0,0.0,0.0,0.0,0.0,0.0,0.0,1.0,0.3043478260869565,0.2771739130434782,29.5,1.0,0.0,1.0,0.0,0.25
python-poetry/poetry,537ea272e4d6cd40707ca3deb736734d9ff97372,2026-09-05T08:43:24+00:00,0,1,2.0,11.0,2.0,2.6390573296152584,0.0,0.0,0.0,0.0,1.0,1.0,0.0,0.0,0.0,0.0,0.0,0.0,1.0,0.0,0.0,0.0952380952380952,0.0937728937728937,43.0,202.0,0.0643564356435643,1.0,0.0,0.25
python-poetry/poetry,4d69b9b1f06fd067186f150a12913e8ac6c1ec02,2026-09-05T08:51:52+00:00,0,2,2.0,11.0,2.0,2.6390573296152584,0.0,0.0,0.0,0.0,1.0,1.0,0.0,0.0,0.0,0.0,0.0,0.0,0.0,0.0,0.0,0.0909090909090909,0.0909090909090909,44.0,203.0,0.064039408866995,1.0,0.0,0.2
python-poetry/poetry,58789d084164745c0f7d15d0a75c183f99fd1337,2026-09-05T09:02:13+00:00,0,1,1.0,9.0,1.0,2.3978952727983707,0.0,0.0,0.0,0.0,1.0,0.0,0.0,0.0,0.0,0.0,0.0,1.0,1.0,0.0,0.0,0.0909090909090909,0.0909090909090909,22.0,203.0,0.064039408866995,1.0,0.0,0.2
python-poetry/poetry,52fb46f2b8b0046021d8c1858a244569010a3f85,2026-09-05T09:10:44+00:00,0,1,1.0,9.0,1.0,2.3978952727983707,0.0,0.0,0.0,0.0,1.0,0.0,0.0,0.0,0.0,0.0,0.0,1.0,0.0,0.0,0.0,0.0833333333333333,0.0833333333333333,24.0,205.0,0.0634146341463414,1.0,0.0,0.1
python-poetry/poetry,a6c137a2cc469324f2d0dec68895ad702e0db9cf,2026-09-05T09:11:05+00:00,0,1,1.0,8.0,7.0,2.772588722239781,0.0,1.0,1.0,0.0,0.0,0.0,0.0,0.0,0.0,0.0,1.0,0.0,1.0,0.0,0.0,1.0,1.0,2.0,206.0,0.0631067961165048,0.0,0.0,0.1
python-poetry/poetry,209ce6b194793e0d4e456f7dcf2c393bc622bf52,2026-09-05T09:16:24+00:00,0,1,2.0,165.0,0.0,5.111987788356544,7.0,1.0,1.0,1.0,0.0,0.0,0.0,0.0,0.0,0.0,0.0,0.0,0.0,0.0,1.0,0.6666666666666666,0.6666666666666666,1.5,207.0,0.0628019323671497,1.0,0.0,0.1
python-poetry/poetry,9729cced43c40a05fc4a6739eda4f70d33b969da,2026-09-05T09:17:22+00:00,0,1,8.0,1263.0,4.0,7.145196134997171,57.0,3.0,4.0,3.0,1.0,0.0,0.0,0.0,0.0,0.0,0.0,0.0,1.0,0.0,0.0,0.1578947368421052,0.0673954284866756,16.0,207.0,0.0628019323671497,0.0,0.0,0.1
python-poetry/poetry,6e5b59f58021867e6ffa856c404846fda8d0c5e0,2026-09-05T09:59:05+00:00,0,1,8.0,1263.0,4.0,7.145196134997171,57.0,3.0,4.0,3.0,1.0,0.0,0.0,0.0,0.0,0.0,0.0,0.0,0.0,0.0,0.0,0.15,0.0641647568118156,17.0,209.0,0.062200956937799,1.0,0.0,0.05
python-poetry/poetry,fc989527902fe40163396cbdfd0204459186f919,2026-09-05T10:58:08+00:00,0,1,1.0,1090.0,757.0,7.521859252201629,0.0,0.0,0.0,0.0,0.0,1.0,0.0,0.0,0.0,0.0,0.0,0.0,1.0,0.0,0.0,0.0980392156862745,0.0980392156862745,51.0,210.0,0.0619047619047619,1.0,0.0,0.0
python-poetry/poetry,23535b72b269cd1c1a22bc066000ccab33abc0bd,2026-09-05T11:06:03+00:00,0,1,1.0,1090.0,757.0,7.521859252201629,0.0,0.0,0.0,0.0,0.0,1.0,0.0,0.0,0.0,0.0,0.0,0.0,0.0,0.0,0.0,0.0961538461538461,0.0961538461538461,52.0,211.0,0.0616113744075829,1.0,0.0,0.0
python-poetry/poetry,1ce429a769635bad48e3280cb735a018b89828e3,2026-09-05T15:09:16+00:00,0,1,7.0,82.0,37.0,4.787491742782046,15.0,1.0,5.0,2.0,0.0,0.0,0.0,0.0,0.0,0.0,0.0,0.0,1.0,0.0,0.0,0.1666666666666666,0.0277777777777777,3.5714285714285716,80.0,0.075,1.0,0.0,0.0
python-poetry/poetry,9b39a847b6d3009c4fb1dc6008715ef0daf055cb,2026-09-05T15:12:24+00:00,0,1,36.0,1892.0,1974.0,8.260234291607297,98.0,11.0,15.0,19.0,0.0,2.0,0.0,0.0,0.0,0.0,0.0,0.0,1.0,0.0,0.0,0.2777777777777778,0.1373415156791765,21.944444444444443,80.0,0.075,1.0,0.0,0.0
python-poetry/poetry,05b0aa5746ed393a24a65b16d3b3740e7b2adfd4,2026-09-05T15:21:14+00:00,0,1,7.0,89.0,37.0,4.844187086458591,15.0,1.0,5.0,2.0,0.0,0.0,0.0,0.0,0.0,0.0,0.0,0.0,1.0,0.0,0.0,0.1428571428571428,0.0204081632653061,4.571428571428571,82.0,0.073170731707317,1.0,0.0,0.0
python-poetry/poetry,b824dc6657d3565dd28160748dfca1d369cf0f51,2026-09-06T08:25:30+00:00,0,1,8.0,23.0,208.0,5.44673737166631,8.0,0.0,0.0,6.0,0.0,2.0,0.0,0.0,0.0,0.0,0.0,0.0,1.0,0.0,0.0,0.6666666666666666,0.1466134960580293,25.0,212.0,0.0613207547169811,1.0,0.0,0.0
python-poetry/poetry,4f85863966896a68e31c4af7dce6daea1947c788,2026-09-06T16:08:59+00:00,0,1,8.0,23.0,208.0,5.44673737166631,8.0,0.0,0.0,6.0,0.0,2.0,0.0,0.0,0.0,0.0,0.0,0.0,0.0,0.0,0.0,0.5,0.1232186615544907,26.0,213.0,0.0610328638497652,1.0,0.0,0.0
python-poetry/poetry,05e6b756ce22f196dd2b6e47662a994118dade9a,2026-09-06T16:16:10+00:00,0,1,2.0,14.0,6.0,3.044522437723423,2.0,0.0,0.0,2.0,0.0,0.0,0.0,0.0,0.0,0.0,0.0,0.0,1.0,0.0,1.0,0.1904761904761904,0.1507936507936507,15.0,214.0,0.0607476635514018,1.0,0.0,0.0
python-poetry/poetry,628f7fcb4297299fcd74794fea0bc46c84f03645,2026-09-06T16:21:33+00:00,0,1,2.0,14.0,6.0,3.044522437723423,2.0,0.0,0.0,2.0,0.0,0.0,0.0,0.0,0.0,0.0,0.0,0.0,0.0,0.0,1.0,0.1818181818181818,0.1409090909090909,16.0,215.0,0.0604651162790697,1.0,0.0,0.0
python-poetry/poetry,b362a2c5a9f6f6a9e14a3994bcb61118069ebf3b,2026-09-06T16:25:52+00:00,1,1,1.0,1.0,0.0,0.6931471805599453,0.0,0.0,0.0,0.0,0.0,0.0,1.0,1.0,0.0,0.0,0.0,0.0,1.0,0.0,0.0,0.2,0.2,5.0,216.0,0.0601851851851851,1.0,0.0,0.0
python-poetry/poetry,0eea3769f0d2cff8537e6fab630465f6959ed015,2026-09-06T17:14:25+00:00,0,1,2.0,3.0,1.0,1.6094379124341005,1.0,0.0,0.0,1.0,0.0,0.0,1.0,1.0,0.0,0.0,0.0,0.0,1.0,0.0,0.0,0.3333333333333333,0.2882882882882883,21.5,217.0,0.064516129032258,1.0,0.0,0.05
python-poetry/poetry,ad72557a73c668010e806f1a0c58ea982541d154,2026-09-06T20:11:27+00:00,1,1,6.0,47.0,7.0,4.007333185232471,5.0,2.0,3.0,2.0,1.0,0.0,0.0,0.0,0.0,2.0,0.0,0.0,1.0,0.0,0.0,0.1666666666666666,0.0471264367816091,9.5,0.0,0.0,1.0,0.0,0.05
python-poetry/poetry,44942e46664f36729adcb54303f9abd5e6203c59,2026-09-06T21:10:22+00:00,0,1,1.0,1.0,1.0,1.0986122886681098,1.0,1.0,1.0,0.0,0.0,0.0,0.0,0.0,0.0,0.0,1.0,0.0,1.0,0.0,1.0,1.0,1.0,1.0,1.0,1.0,1.0,1.0,0.1
python-poetry/poetry,b39e17073d5d6d05e2de7fc1f260c6696e0a2659,2026-09-06T21:37:59+00:00,0,1,5.0,63.0,10.0,4.30406509320417,8.0,1.0,1.0,4.0,0.0,0.0,0.0,0.0,0.0,0.0,0.0,0.0,1.0,0.0,0.0,0.125,0.0416666666666666,11.0,83.0,0.072289156626506,1.0,0.0,0.1
python-poetry/poetry,c3d24463b81f70f36b00c5bcd2386506281a8839,2026-09-07T08:40:36+00:00,1,1,2.0,11.0,13.0,3.218875824868201,2.0,1.0,1.0,1.0,0.0,0.0,0.0,0.0,0.0,0.0,0.0,0.0,1.0,0.0,1.0,0.1818181818181818,0.1678321678321678,41.5,2.0,0.0,1.0,0.0,0.1
python-poetry/poetry,7dd24740d1a3a672c3968c2a09d16601fd7d4ea9,2026-09-07T09:00:16+00:00,0,1,2.0,11.0,13.0,3.218875824868201,2.0,1.0,1.0,1.0,0.0,0.0,0.0,0.0,0.0,0.0,0.0,0.0,1.0,0.0,1.0,0.2,0.1875,42.5,3.0,0.3333333333333333,0.0,0.0,0.15
python-poetry/poetry,ced3ed609e610c4b602a24552f924c186484a4b3,2026-09-07T15:51:01+00:00,0,1,5.0,63.0,10.0,4.30406509320417,8.0,1.0,1.0,4.0,0.0,0.0,0.0,0.0,0.0,0.0,0.0,0.0,1.0,0.0,0.0,0.1111111111111111,0.0384384384384384,12.0,84.0,0.0714285714285714,0.0,0.0,0.15
python-poetry/poetry,f323c547437f4d602dc20dac942b04ffe8d62045,2026-09-07T15:55:41+00:00,0,1,9.0,140.0,35.0,5.170483995038151,18.0,1.0,5.0,4.0,0.0,0.0,0.0,0.0,0.0,0.0,0.0,0.0,0.0,0.0,0.0,0.1,0.0198830409356725,9.77777777777778,85.0,0.0705882352941176,1.0,0.0,0.15
python-poetry/poetry,247936599b0cca697cd1109580fb5739b9514a0d,2026-09-07T17:31:46+00:00,0,1,1.0,0.0,1.0,0.6931471805599453,1.0,1.0,1.0,0.0,0.0,0.0,0.0,0.0,0.0,0.0,1.0,0.0,1.0,0.0,0.0,0.0,0.0,5.0,0.0,0.0,1.0,0.0,0.15
python-poetry/poetry,7f07b6e04acefa3d4e8cdaa75c4c82807732bf30,2026-09-07T17:32:05+00:00,0,1,2.0,2.0,2.0,1.6094379124341005,1.0,1.0,1.0,0.0,1.0,0.0,0.0,0.0,0.0,0.0,1.0,0.0,1.0,0.0,1.0,0.0857142857142857,0.0428571428571428,23.0,0.0,0.0,1.0,0.0,0.15
python-poetry/poetry,f8d31cae4c7f152c12d24eba09b48fee22e640fb,2026-09-07T18:08:08+00:00,0,1,18.0,177.0,249.0,6.056784013228625,28.0,1.0,5.0,11.0,0.0,2.0,0.0,0.0,0.0,0.0,0.0,0.0,1.0,1.0,0.0,0.4,0.0722153624689856,18.88888888888889,0.0,0.0,0.0,0.0,0.15
python-poetry/poetry,0aa0a3f9a637095d9e68edc088718e4eaa6192a2,2026-09-07T21:15:08+00:00,0,1,1.0,1.0,1.0,1.0986122886681098,1.0,1.0,1.0,0.0,0.0,0.0,0.0,0.0,0.0,0.0,1.0,0.0,1.0,0.0,1.0,0.5,0.5,2.0,2.0,0.5,0.0,0.0,0.15
python-poetry/poetry,5c8a2a982ea069c8a430a1b1160e18d6f4e825a9,2026-09-07T21:46:50+00:00,0,2,1.0,3.0,3.0,1.9459101490553132,0.0,0.0,0.0,0.0,0.0,0.0,1.0,0.0,0.0,0.0,0.0,0.0,1.0,0.0,0.0,0.0,0.0,37.0,36.0,0.0,1.0,0.0,0.15
python-poetry/poetry,42ce1d8fcd273ecc0d60aaa80ced255f2026802b,2026-09-08T07:59:45+00:00,0,1,2.0,2.0,2.0,1.6094379124341005,1.0,1.0,1.0,0.0,1.0,0.0,0.0,0.0,0.0,0.0,1.0,0.0,0.0,0.0,1.0,0.0833333333333333,0.0416666666666666,24.0,2.0,0.0,1.0,0.0,0.15
python-poetry/poetry,d1e1afd85d59c28b48e7cb555badde634ff91b34,2026-09-08T08:01:29+00:00,0,1,2.0,2.0,2.0,1.6094379124341005,1.0,1.0,1.0,0.0,1.0,0.0,0.0,0.0,0.0,0.0,1.0,0.0,1.0,1.0,0.0,0.0833333333333333,0.0416666666666666,24.0,6.0,0.1666666666666666,1.0,0.0,0.15
python-poetry/poetry,4d59b927f85a88649557e669df805f90ff5b11d0,2026-09-08T11:16:37+00:00,0,1,1.0,1.0,1.0,1.0986122886681098,1.0,1.0,1.0,0.0,0.0,0.0,0.0,0.0,0.0,0.0,1.0,0.0,1.0,0.0,1.0,0.3333333333333333,0.3333333333333333,3.0,3.0,0.3333333333333333,0.0,0.0,0.15
python-poetry/poetry,f897b0e396fda31efab7c7613bd994aae9135ccd,2026-09-08T12:04:25+00:00,1,1,2.0,52.0,9.0,4.127134385045092,2.0,1.0,1.0,1.0,0.0,0.0,0.0,0.0,0.0,0.0,0.0,0.0,1.0,0.0,1.0,0.25,0.125,3.5,0.0,0.0,1.0,0.0,0.15
python-poetry/poetry,9db3711d7e5d3ea4124cd7ccaefbeb34acf43b8a,2026-09-08T12:13:56+00:00,0,1,2.0,62.0,9.0,4.276666119016055,3.0,1.0,1.0,1.0,0.0,0.0,0.0,0.0,0.0,0.0,0.0,0.0,1.0,0.0,1.0,0.4,0.325,4.5,1.0,1.0,1.0,0.0,0.2
python-poetry/poetry,a0a31b1e41772baa80bc93c1ecd91b864934cc78,2026-09-08T18:25:01+00:00,0,1,1.0,1.0,3.0,1.6094379124341005,1.0,1.0,1.0,0.0,0.0,0.0,0.0,0.0,0.0,0.0,1.0,0.0,1.0,0.0,0.0,0.0833333333333333,0.0833333333333333,24.0,0.0,0.0,0.0,0.0,0.2
python-poetry/poetry,f329f78d8a3ddd6b94155872cd62b941149ac119,2026-09-09T05:31:20+00:00,0,1,2.0,9.0,62.0,4.276666119016055,3.0,1.0,1.0,1.0,0.0,0.0,0.0,0.0,0.0,0.0,0.0,0.0,1.0,0.0,1.0,0.3333333333333333,0.2666666666666666,5.5,2.0,0.5,1.0,0.0,0.2
python-poetry/poetry,06f1cd9f2c35d6e7e6689c9e3a51426c024863ed,2026-09-09T15:51:01+00:00,0,1,1.0,0.0,1.0,0.6931471805599453,1.0,1.0,1.0,0.0,0.0,0.0,0.0,0.0,0.0,0.0,1.0,0.0,0.0,0.0,0.0,0.0,0.0,6.0,3.0,0.0,1.0,0.0,0.15
python-poetry/poetry,160497bd540c0fcb37269a07265a35e76b9a9565,2026-09-09T19:28:56+00:00,0,1,4.0,34.0,2.0,3.610917912644224,5.0,2.0,2.0,2.0,0.0,0.0,0.0,0.0,0.0,0.0,0.0,0.0,1.0,0.0,1.0,0.1956521739130435,0.1143232430348019,28.25,0.0,0.0,1.0,0.0,0.15
python-poetry/poetry,5597b83cb97ca058babf66d849deff0b3fe669c8,2026-09-09T19:41:28+00:00,0,1,3.0,28.0,2.0,3.4339872044851463,3.0,2.0,2.0,1.0,0.0,0.0,0.0,0.0,0.0,0.0,0.0,0.0,1.0,0.0,1.0,0.1914893617021276,0.1483708500359749,37.333333333333336,1.0,0.0,1.0,0.0,0.1
python-poetry/poetry,07fb9f3e1b427b8386e75d79481d7a7f23f7decf,2026-09-10T02:20:46+00:00,1,1,2.0,13.0,1.0,2.70805020110221,2.0,1.0,1.0,1.0,0.0,0.0,0.0,0.0,0.0,0.0,0.0,0.0,1.0,0.0,1.0,0.3333333333333333,0.2549019607843137,11.5,0.0,0.0,1.0,0.0,0.1
python-poetry/poetry,f1e29b3cdb9d3bcbe277762220d1c1af5e376757,2026-09-10T02:28:28+00:00,0,1,2.0,13.0,1.0,2.70805020110221,2.0,1.0,1.0,1.0,0.0,0.0,0.0,0.0,0.0,0.0,0.0,0.0,1.0,0.0,1.0,0.4285714285714285,0.3253968253968253,12.5,1.0,1.0,1.0,0.0,0.15
python-poetry/poetry,53f0fa113feadc0555635ab1d028ab2d902106d9,2026-09-10T17:22:53+00:00,0,1,1.0,5.0,4.0,2.302585092994046,1.0,0.0,0.0,1.0,0.0,0.0,0.0,0.0,0.0,0.0,0.0,0.0,1.0,0.0,0.0,0.1785714285714285,0.1785714285714285,28.0,0.0,0.0,1.0,0.0,0.1
python-poetry/poetry,c20e604066d5523def40ab64d315767378c6fdba,2026-09-11T01:22:04+00:00,0,1,4.0,77.0,1.0,4.3694478524670215,7.0,2.0,2.0,2.0,0.0,0.0,0.0,0.0,0.0,2.0,0.0,0.0,1.0,0.0,1.0,0.3333333333333333,0.1617585630743525,15.25,2.0,0.0,1.0,0.0,0.1
python-poetry/poetry,f10c09e18fef05df69b823473b616b1beb055d6f,2026-09-11T12:43:06+00:00,0,1,1.0,5.0,4.0,2.302585092994046,1.0,0.0,0.0,1.0,0.0,0.0,0.0,0.0,0.0,0.0,0.0,0.0,0.0,0.0,0.0,0.1724137931034483,0.1724137931034483,29.0,0.0,0.0,1.0,0.0,0.1
python-poetry/poetry,100dd9f45b5af3bc8ca2d5366201c6af53f14ebc,2026-09-11T12:47:21+00:00,0,1,4.0,7.0,7.0,2.70805020110221,3.0,2.0,2.0,1.0,1.0,0.0,0.0,0.0,0.0,0.0,0.0,0.0,1.0,1.0,0.0,0.1724137931034483,0.0628402903811252,22.0,218.0,0.0642201834862385,1.0,0.0,0.1
python-poetry/poetry,395ac68758a489e6c593841b946ac2aaaf8d4acf,2026-09-11T12:47:43+00:00,0,1,3.0,6.0,6.0,2.5649493574615367,0.0,0.0,0.0,0.0,3.0,0.0,0.0,0.0,0.0,0.0,0.0,1.0,0.0,0.0,0.0,0.0606060606060606,0.0202020202020202,16.666666666666668,1.0,0.0,0.0,0.0,0.1
python-poetry/poetry,22b5d30a5b072b5e3440151450102a150eb498c8,2026-09-11T13:54:08+00:00,1,2,1.0,2.0,0.0,1.0986122886681098,0.0,0.0,0.0,0.0,0.0,0.0,1.0,1.0,0.0,0.0,0.0,0.0,1.0,0.0,1.0,0.0,0.0,7.0,219.0,0.0639269406392694,0.0,0.0,0.1
python-poetry/poetry,7305028f2f4478bfd008b9afcf9707f181ed0f56,2026-09-11T14:44:42+00:00,1,1,2.0,3.0,16.0,2.995732273553991,0.0,0.0,0.0,0.0,0.0,0.0,2.0,1.0,0.0,0.0,0.0,0.0,0.0,0.0,1.0,0.1,0.05,8.0,220.0,0.0681818181818181,1.0,1.0,0.15
python-poetry/poetry,c6386b4fc8fb39e5c0b3c404aac0808eef28cb00,2026-09-11T14:47:23+00:00,0,2,2.0,3.0,11.0,2.70805020110221,0.0,0.0,0.0,0.0,0.0,0.0,2.0,1.0,0.0,0.0,0.0,0.0,1.0,0.0,1.0,0.1,0.05,8.0,220.0,0.0681818181818181,1.0,1.0,0.15
python-poetry/poetry,be56ff07db06e9b82574648433ca228e4cac549b,2026-09-11T15:13:52+00:00,0,1,53.0,112.0,143.0,5.545177444479562,49.0,17.0,29.0,18.0,0.0,1.0,5.0,1.0,0.0,0.0,0.0,0.0,0.0,0.0,0.0,1.0,0.1513773186839495,12.943396226415096,37.0,0.0,1.0,0.0,0.2
python-poetry/poetry,f13851a836e6666b383d50f7cd01ba90cdde955a,2026-09-11T17:24:11+00:00,0,1,58.0,123.0,154.0,5.627621113690637,51.0,17.0,30.0,19.0,3.0,1.0,5.0,1.0,0.0,0.0,0.0,0.0,1.0,1.0,1.0,0.5,0.0931334861951648,14.327586206896552,0.0,0.0,1.0,0.0,0.2
python-poetry/poetry,a1d54ee7156b24474a3520b72e4350a5835d2fc3,2026-09-12T03:28:19+00:00,0,1,2.0,28.0,4.0,3.49650756146648,2.0,1.0,1.0,1.0,0.0,0.0,0.0,0.0,0.0,0.0,0.0,0.0,1.0,0.0,0.0,0.1666666666666666,0.1458333333333333,7.0,0.0,0.0,1.0,0.0,0.2
python-poetry/poetry,c9b54f11917358db549674194e168a5f4ab0ce38,2026-09-12T07:05:36+00:00,1,1,2.0,45.0,6.0,3.951243718581427,3.0,1.0,1.0,1.0,0.0,0.0,0.0,0.0,0.0,0.0,0.0,0.0,1.0,0.0,1.0,0.0,0.0,11.5,0.0,0.0,1.0,0.0,0.15
python-poetry/poetry,899501aabb9f818cbaa8a51067350c37c6700cac,2026-09-12T09:08:55+00:00,0,1,1.0,33.0,1.0,3.5553480614894135,0.0,0.0,0.0,0.0,1.0,0.0,0.0,0.0,0.0,0.0,0.0,1.0,1.0,0.0,0.0,0.0,0.0,19.0,0.0,0.0,1.0,0.0,0.2
python-poetry/poetry,7e7922636adabc939d7b61756e4f62ffccfc7ae4,2026-09-12T10:30:26+00:00,0,1,1.0,64.0,1.0,4.189654742026425,1.0,0.0,0.0,1.0,0.0,0.0,0.0,0.0,0.0,0.0,0.0,0.0,1.0,0.0,0.0,0.1428571428571428,0.1428571428571428,7.0,1.0,0.0,1.0,0.0,0.2
python-poetry/poetry,54294b1ee431af4b8f74f9653469da6a7877e7b1,2026-09-12T15:32:22+00:00,0,1,1.0,125.0,0.0,4.836281906951478,6.0,0.0,0.0,1.0,0.0,0.0,0.0,0.0,0.0,0.0,0.0,0.0,1.0,0.0,0.0,0.0,0.0,2.0,0.0,0.0,1.0,0.0,0.2
python-poetry/poetry,acc308c6d5141237294a127dfa3ebf2df9de71be,2026-09-14T01:17:00+00:00,0,1,2.0,56.0,8.0,4.174387269895637,5.0,1.0,1.0,1.0,0.0,0.0,0.0,0.0,0.0,1.0,0.0,0.0,1.0,0.0,1.0,0.2,0.1,11.5,0.0,0.0,1.0,0.0,0.2
python-poetry/poetry,ec9fdc4d352567bd89b02ae70507bf03a34c25c2,2026-09-14T01:40:26+00:00,0,1,2.0,28.0,0.0,3.367295829986474,2.0,1.0,1.0,1.0,0.0,0.0,0.0,0.0,0.0,0.0,0.0,0.0,1.0,0.0,1.0,0.1666666666666666,0.0833333333333333,5.0,1.0,0.0,1.0,0.0,0.2
python-poetry/poetry,04bf04c37fd03c02459301eca344294164f8d9e2,2026-09-14T21:44:03+00:00,0,2,1.0,2.0,2.0,1.6094379124341005,0.0,0.0,0.0,0.0,0.0,0.0,1.0,0.0,0.0,0.0,0.0,0.0,1.0,0.0,0.0,0.0,0.0,40.0,38.0,0.0,1.0,0.0,0.2
python-poetry/poetry,beab280fa26be988529012eaf9ae55190999034f,2026-09-15T05:19:03+00:00,0,1,1.0,2.0,0.0,1.0986122886681098,0.0,0.0,0.0,0.0,1.0,0.0,0.0,0.0,0.0,0.0,0.0,1.0,1.0,0.0,0.0,0.0571428571428571,0.0571428571428571,35.0,0.0,0.0,1.0,0.0,0.2
python-poetry/poetry,5c016982d5a8bc0c6e3cee63dda0c36da4c01044,2026-09-15T07:45:49+00:00,0,1,2.0,7.0,8.0,2.772588722239781,2.0,1.0,1.0,1.0,0.0,0.0,0.0,0.0,0.0,0.0,0.0,0.0,1.0,0.0,1.0,0.18,0.1677777777777777,47.5,4.0,0.25,1.0,0.0,0.15
python-poetry/poetry,87c580bccd56125d4687ce4de7cad6734d5a0b8a,2026-09-16T06:56:57+00:00,0,1,4.0,95.0,2.0,4.584967478670572,8.0,2.0,2.0,2.0,0.0,0.0,0.0,0.0,0.0,2.0,0.0,0.0,1.0,0.0,1.0,0.25,0.1346405787195261,16.5,3.0,0.0,1.0,0.0,0.15
python-poetry/poetry,adcaa4b6ffb2f27826185e04c5bf88df5f220ddb,2026-09-17T08:18:27+00:00,0,1,2.0,102.0,4.0,4.672828834461906,2.0,1.0,1.0,1.0,0.0,0.0,0.0,0.0,0.0,0.0,0.0,0.0,1.0,0.0,1.0,0.1111111111111111,0.0925925925925925,27.0,0.0,0.0,1.0,0.0,0.15
python-poetry/poetry,504bf42221703176861a1ef0843a8fc7935cc9a6,2026-09-17T12:05:09+00:00,1,1,2.0,68.0,22.0,4.51085950651685,3.0,1.0,1.0,1.0,0.0,0.0,0.0,0.0,0.0,0.0,0.0,0.0,1.0,0.0,1.0,0.2222222222222222,0.1468253968253968,11.5,2.0,0.5,1.0,0.0,0.15
python-poetry/poetry,d5227b470930630c6827ec33615ed75809f19617,2026-09-17T12:15:05+00:00,0,1,1.0,23.0,13.0,3.610917912644224,4.0,0.0,0.0,1.0,0.0,0.0,0.0,0.0,0.0,0.0,0.0,0.0,1.0,0.0,0.0,0.1333333333333333,0.1333333333333333,15.0,3.0,0.6666666666666666,1.0,1.0,0.2
python-poetry/poetry,072c82f15a5f14ed3f67dc17d8dfbec38341f777,2026-09-17T16:33:15+00:00,0,1,5.0,269.0,0.0,5.598421958998375,13.0,1.0,1.0,1.0,2.0,0.0,1.0,0.0,0.0,0.0,0.0,0.0,1.0,0.0,0.0,0.125,0.0911538461538461,22.0,8.0,0.125,1.0,0.0,0.2
python-poetry/poetry,5356cd94fb45920c21f9e522fb051989498f002d,2026-09-17T16:36:44+00:00,0,1,2.0,2.0,2.0,1.6094379124341005,0.0,0.0,0.0,0.0,2.0,0.0,0.0,0.0,0.0,0.0,0.0,1.0,1.0,0.0,0.0,0.0,0.0,10.0,4.0,0.0,1.0,0.0,0.2
python-poetry/poetry,80dd521d381eb462cb74ef71c2d29d91c9f46367,2026-09-17T16:37:07+00:00,0,1,1.0,1.0,1.0,1.0986122886681098,1.0,1.0,1.0,0.0,0.0,0.0,0.0,0.0,0.0,0.0,1.0,0.0,1.0,0.0,1.0,0.1,0.1,10.0,5.0,0.0,1.0,0.0,0.2
python-poetry/poetry,07c923b1992155dbc8a8c628cf47b16a6f04abd5,2026-09-17T16:37:28+00:00,0,1,1.0,1.0,1.0,1.0986122886681098,1.0,1.0,1.0,0.0,0.0,0.0,0.0,0.0,0.0,0.0,1.0,0.0,1.0,0.0,1.0,0.0,0.0,5.0,5.0,0.0,1.0,0.0,0.2
python-poetry/poetry,4067fae545a11156ff5ceea3522d63466acd5650,2026-09-18T09:39:03+00:00,0,1,2.0,7.0,8.0,2.772588722239781,2.0,1.0,1.0,1.0,0.0,0.0,0.0,0.0,0.0,0.0,0.0,0.0,1.0,0.0,1.0,0.1764705882352941,0.1643222506393862,48.5,5.0,0.2,0.0,0.0,0.1
python-poetry/poetry,bb1a194ecc108613dafee5416f9120d132934701,2026-09-18T09:48:41+00:00,0,1,2.0,66.0,1.0,4.219507705176107,4.0,1.0,1.0,1.0,0.0,0.0,0.0,0.0,0.0,0.0,0.0,0.0,0.0,0.0,1.0,0.173076923076923,0.1610065466448445,49.5,0.0,0.0,1.0,0.0,0.1
python-poetry/poetry,2df08dcc03e660830b493e9b4d755b656dfb1258,2026-09-18T12:18:16+00:00,1,1,2.0,6.0,6.0,2.5649493574615367,0.0,0.0,0.0,0.0,0.0,2.0,0.0,0.0,0.0,0.0,0.0,0.0,1.0,0.0,1.0,0.087719298245614,0.0849555395337659,65.0,0.0,0.0,1.0,0.0,0.1
python-poetry/poetry,e1fc049809921bc86848b77a6d76265c752ad335,2026-09-18T13:43:34+00:00,0,1,6.0,23.0,15.0,3.6635616461296463,6.0,1.0,1.0,5.0,0.0,0.0,0.0,0.0,0.0,0.0,0.0,0.0,1.0,0.0,1.0,0.0833333333333333,0.0243055555555555,5.5,1.0,0.0,0.0,0.0,0.15
python-poetry/poetry,a07cdc063a92ac6563ad18bbcf010a925b593552,2026-09-18T13:53:52+00:00,0,1,12.0,227.0,0.0,5.429345628954441,10.0,1.0,1.0,11.0,0.0,4.0,0.0,0.0,0.0,0.0,0.0,0.0,0.0,0.0,1.0,0.0769230769230769,0.0150829562594268,3.5,2.0,0.0,1.0,0.0,0.1
python-poetry/poetry,9d9f8b35fb6ed6d396a2d6f9cca8c0b2a41215cb,2026-09-18T13:58:16+00:00,0,1,1.0,2.0,0.0,1.0986122886681098,0.0,0.0,0.0,0.0,1.0,0.0,0.0,0.0,0.0,0.0,0.0,1.0,1.0,0.0,0.0,0.0555555555555555,0.0555555555555555,36.0,1.0,0.0,0.0,0.0,0.1
python-poetry/poetry,02fca5f5f3a07ebfba97da93022b751e39eb1ea8,2026-09-18T14:18:38+00:00,0,1,1.0,2.0,0.0,1.0986122886681098,0.0,0.0,0.0,0.0,1.0,0.0,0.0,0.0,0.0,0.0,0.0,1.0,0.0,0.0,0.0,0.054054054054054,0.054054054054054,37.0,0.0,0.0,1.0,0.0,0.1
python-poetry/poetry,ad987eb4fea810fb85448d7606b8f4c773059366,2026-09-18T14:19:45+00:00,0,1,1.0,7.0,0.0,2.0794415416798357,0.0,0.0,0.0,0.0,1.0,0.0,0.0,0.0,0.0,0.0,0.0,1.0,1.0,0.0,0.0,0.0526315789473684,0.0526315789473684,38.0,1.0,0.0,1.0,0.0,0.1
python-poetry/poetry,acb779e60add6dcde69b719c5d977aa1af41cb7d,2026-09-18T14:28:44+00:00,0,1,1.0,7.0,0.0,2.0794415416798357,0.0,0.0,0.0,0.0,1.0,0.0,0.0,0.0,0.0,0.0,0.0,1.0,0.0,0.0,0.0,0.0512820512820512,0.0512820512820512,39.0,0.0,0.0,1.0,0.0,0.1
python-poetry/poetry,ed26bae0606dad174c4f309cec6c1c6a1b774653,2026-09-18T15:10:50+00:00,0,1,1.0,11.0,0.0,2.4849066497880004,11.0,0.0,0.0,1.0,0.0,0.0,0.0,0.0,0.0,0.0,0.0,0.0,1.0,0.0,0.0,0.125,0.125,8.0,222.0,0.072072072072072,0.0,0.0,0.1
python-poetry/poetry,d447dacd7c4506bedf0686b849e3eb076e1156fc,2026-09-18T15:21:50+00:00,0,1,4.0,133.0,15.0,5.003946305945459,17.0,2.0,2.0,2.0,0.0,0.0,0.0,0.0,0.0,0.0,0.0,0.0,0.0,0.0,1.0,0.1111111111111111,0.0555555555555555,5.0,0.0,0.0,1.0,0.0,0.1
python-poetry/poetry,a1112e82b9a7c65f5811bb9f5572a37087fbe47c,2026-09-18T15:40:36+00:00,0,1,1.0,12.0,10.0,3.1354942159291497,4.0,0.0,0.0,1.0,0.0,0.0,0.0,0.0,0.0,0.0,0.0,0.0,1.0,0.0,0.0,0.1071428571428571,0.1071428571428571,28.0,223.0,0.0717488789237668,0.0,0.0,0.1
python-poetry/poetry,af8f92a3d72c4f3b77b2a67f7356612c2859064e,2026-09-18T15:46:03+00:00,0,1,2.0,151.0,20.0,5.147494476813453,6.0,1.0,1.0,1.0,0.0,0.0,0.0,0.0,0.0,0.0,0.0,0.0,0.0,0.0,1.0,0.1034482758620689,0.0874384236453202,28.5,0.0,0.0,1.0,0.0,0.1
python-poetry/poetry,3d3249db3a6dac35843eb163b677b30d566a0b65,2026-09-18T15:47:17+00:00,1,1,2.0,32.0,2.0,3.5553480614894135,2.0,1.0,1.0,1.0,0.0,0.0,0.0,0.0,0.0,0.0,0.0,0.0,1.0,0.0,1.0,0.1034482758620689,0.0874384236453202,28.5,1.0,0.0,0.0,0.0,0.1
python-poetry/poetry,850bac6c713ea568b942acd304679aeaeef65f46,2026-09-18T16:21:17+00:00,0,1,1.0,64.0,1.0,4.189654742026425,1.0,0.0,0.0,1.0,0.0,0.0,0.0,0.0,0.0,0.0,0.0,0.0,1.0,0.0,0.0,0.1,0.1,10.0,2.0,0.0,0.0,0.0,0.15
python-poetry/poetry,454ecbedf6037ae7d8fb226d7cb4b0bde7ed3223,2026-09-19T07:07:03+00:00,0,1,6.0,18.0,18.0,3.610917912644224,0.0,0.0,0.0,0.0,0.0,0.0,6.0,1.0,0.0,0.0,0.0,0.0,1.0,0.0,0.0,0.2222222222222222,0.0775132275132275,8.166666666666666,224.0,0.0714285714285714,1.0,0.0,0.1
python-poetry/poetry,7d7079e3186ce39f580f8b113a60760c53f0bd01,2026-09-19T09:57:59+00:00,0,1,6.0,18.0,18.0,3.610917912644224,0.0,0.0,0.0,0.0,0.0,0.0,6.0,1.0,0.0,0.0,0.0,0.0,0.0,0.0,0.0,0.2,0.0707070707070707,9.166666666666666,225.0,0.0711111111111111,1.0,0.0,0.1
python-poetry/poetry,fdeba05cfe17b6544968c366357f2884cdf6b2d0,2026-09-19T10:26:49+00:00,0,1,1.0,3.0,3.0,1.9459101490553132,0.0,0.0,0.0,0.0,0.0,0.0,1.0,1.0,0.0,0.0,0.0,0.0,1.0,0.0,0.0,0.1818181818181818,0.1818181818181818,11.0,226.0,0.0707964601769911,1.0,0.0,0.1
python-poetry/poetry,6de19222e44a948bc64f215ea3539b93ecf08719,2026-09-19T11:03:22+00:00,0,1,1.0,3.0,3.0,1.9459101490553132,0.0,0.0,0.0,0.0,0.0,0.0,1.0,1.0,0.0,0.0,0.0,0.0,0.0,0.0,0.0,0.1666666666666666,0.1666666666666666,12.0,227.0,0.0704845814977973,1.0,0.0,0.1
python-poetry/poetry,79b7edd7758a36e0eca0baa6ebeb1a1ec91f13ec,2026-09-19T11:51:33+00:00,0,1,3.0,289.0,2.0,5.676753802268282,4.0,1.0,1.0,1.0,0.0,1.0,0.0,0.0,0.0,0.0,0.0,0.0,1.0,0.0,1.0,0.2857142857142857,0.1630541871921182,28.333333333333332,228.0,0.0701754385964912,1.0,0.0,0.1
python-poetry/poetry,52fd2873d26240db0ba68795b88d57d906d0a0b8,2026-09-19T13:34:10+00:00,0,1,3.0,289.0,2.0,5.676753802268282,4.0,1.0,1.0,1.0,0.0,1.0,0.0,0.0,0.0,0.0,0.0,0.0,0.0,0.0,1.0,0.25,0.1489776701641108,29.333333333333332,229.0,0.0698689956331877,1.0,0.0,0.1
python-poetry/poetry,648e79d7e1c007d29d1701919b1a5a3f924fb6ed,2026-09-19T13:40:52+00:00,0,1,2.0,134.0,17.0,5.0238805208462765,7.0,1.0,1.0,1.0,0.0,0.0,0.0,0.0,0.0,2.0,0.0,0.0,1.0,0.0,0.0,0.2,0.1909090909090909,13.5,229.0,0.0698689956331877,0.0,0.0,0.1
python-poetry/poetry,8711c8380c044992e84276783b9e27b18573017d,2026-09-19T13:46:22+00:00,0,1,2.0,134.0,17.0,5.0238805208462765,7.0,1.0,1.0,1.0,0.0,0.0,0.0,0.0,0.0,2.0,0.0,0.0,0.0,0.0,0.0,0.1739130434782608,0.1702898550724637,14.5,231.0,0.0692640692640692,1.0,0.0,0.05
python-poetry/poetry,2613dd5a5247007aebedf7fd66a043d66b055e1e,2026-09-19T13:48:26+00:00,0,1,2.0,31.0,0.0,3.4657359027997265,4.0,1.0,1.0,1.0,0.0,0.0,0.0,0.0,0.0,2.0,0.0,0.0,1.0,0.0,0.0,0.1739130434782608,0.1702898550724637,14.5,231.0,0.0692640692640692,0.0,0.0,0.05
python-poetry/poetry,e078ebfa5a01412bdf68d851c494ef483595af98,2026-09-19T14:23:10+00:00,0,1,2.0,31.0,0.0,3.4657359027997265,4.0,1.0,1.0,1.0,0.0,0.0,0.0,0.0,0.0,2.0,0.0,0.0,0.0,0.0,0.0,0.16,0.1425,16.5,233.0,0.0686695278969957,1.0,0.0,0.05
python-poetry/poetry,328cb11dbc2c0850e16e76ddf2f2bdaea58219dc,2026-09-19T14:31:15+00:00,0,1,2.0,45.0,1.0,3.8501476017100584,2.0,1.0,1.0,1.0,0.0,0.0,0.0,0.0,0.0,2.0,0.0,0.0,1.0,0.0,0.0,0.1538461538461538,0.1324786324786324,17.5,234.0,0.0683760683760683,1.0,0.0,0.05
python-poetry/poetry,a416efd1be6b6787019e751e7c4f6fa1a0911050,2026-09-19T14:55:02+00:00,0,1,2.0,45.0,1.0,3.8501476017100584,2.0,1.0,1.0,1.0,0.0,0.0,0.0,0.0,0.0,2.0,0.0,0.0,0.0,0.0,0.0,0.1481481481481481,0.124074074074074,18.5,235.0,0.0680851063829787,1.0,0.0,0.05
python-poetry/poetry,265c5ac26737bdd0b2be4e56b9f6a48edfd4fc79,2026-09-19T14:56:21+00:00,0,1,86.0,1371.0,268.0,7.402451520818244,129.0,17.0,37.0,36.0,3.0,6.0,8.0,1.0,0.0,2.0,0.0,0.0,1.0,1.0,0.0,0.3333333333333333,0.0650708687814509,14.069767441860463,235.0,0.0680851063829787,1.0,0.0,0.05
python-poetry/poetry,c8790a3c56b552fcfe7075c8712da723572faaf6,2026-09-19T15:06:06+00:00,0,1,2.0,3.0,1.0,1.6094379124341005,1.0,0.0,0.0,1.0,0.0,0.0,1.0,1.0,0.0,0.0,0.0,0.0,0.0,0.0,0.0,0.2368421052631578,0.1898496240601503,26.0,237.0,0.0675105485232067,1.0,0.0,0.05
python-poetry/poetry,01f8212ea4c92f07b463c308de895081d846291a,2026-09-19T15:35:07+00:00,0,1,1.0,5.0,1.0,1.9459101490553132,1.0,0.0,0.0,1.0,0.0,0.0,0.0,0.0,0.0,0.0,0.0,0.0,1.0,0.0,0.0,0.0,0.0,1.0,1.0,0.0,1.0,0.0,0.05
python-poetry/poetry,d266d457e7e7afff72280bfe92066cd1200ebf91,2026-09-19T15:55:42+00:00,0,1,1.0,5.0,1.0,1.9459101490553132,1.0,0.0,0.0,1.0,0.0,0.0,0.0,0.0,0.0,0.0,0.0,0.0,0.0,0.0,0.0,0.0,0.0,2.0,0.0,0.0,1.0,0.0,0.05
python-poetry/poetry,4ee695465e08e9e587651a582dd3411d99920410,2026-09-19T15:59:07+00:00,0,1,1.0,94.0,94.0,5.241747015059643,0.0,0.0,0.0,0.0,0.0,1.0,0.0,0.0,0.0,0.0,0.0,0.0,1.0,0.0,0.0,0.0983606557377049,0.0983606557377049,61.0,238.0,0.0672268907563025,0.0,0.0,0.05
python-poetry/poetry,32356ae238b6ed2ca08aa87a74ad9b108ee2c6f0,2026-09-19T16:11:59+00:00,0,1,1.0,94.0,94.0,5.241747015059643,0.0,0.0,0.0,0.0,0.0,1.0,0.0,0.0,0.0,0.0,0.0,0.0,0.0,0.0,0.0,0.0967741935483871,0.0967741935483871,62.0,239.0,0.0669456066945606,1.0,0.0,0.05
python-poetry/poetry,2d27f82e3f2a97011a335220075338e95f2f248d,2026-09-19T16:45:37+00:00,1,1,2.0,83.0,2.0,4.454347296253507,0.0,0.0,0.0,0.0,1.0,1.0,0.0,0.0,0.0,0.0,0.0,0.0,1.0,0.0,0.0,0.0933333333333333,0.0866666666666666,50.0,240.0,0.0666666666666666,1.0,0.0,0.05
python-poetry/poetry,cc6f1b8553541425a655e9f845cefdc49054ab3b,2026-09-19T17:50:55+00:00,0,1,2.0,8.0,12.0,3.044522437723423,0.0,0.0,0.0,0.0,0.0,2.0,0.0,0.0,0.0,0.0,0.0,0.0,1.0,0.0,0.0,0.1052631578947368,0.100250626566416,69.5,241.0,0.0705394190871369,1.0,0.0,0.05
python-poetry/poetry,c93fd63cb73f7f1c9bdfb443278f09068c6bc5bd,2026-09-19T17:58:19+00:00,0,1,2.0,8.0,12.0,3.044522437723423,0.0,0.0,0.0,0.0,0.0,2.0,0.0,0.0,0.0,0.0,0.0,0.0,0.0,0.0,0.0,0.1038961038961039,0.0988230519480519,70.5,242.0,0.0702479338842975,1.0,0.0,0.05
python-poetry/poetry,b0705091cd3c72065c8cb34565043fc4abf6da8b,2026-09-19T17:58:43+00:00,0,1,2.0,83.0,2.0,4.454347296253507,0.0,0.0,0.0,0.0,1.0,1.0,0.0,0.0,0.0,0.0,0.0,0.0,1.0,0.0,0.0,0.1153846153846153,0.1096403596403596,51.5,242.0,0.0702479338842975,0.0,0.0,0.05
python-poetry/poetry,165fb4b42e0138249abf58e3228d1f2d14cee826,2026-09-19T18:09:46+00:00,0,3,2.0,83.0,2.0,4.454347296253507,0.0,0.0,0.0,0.0,1.0,1.0,0.0,0.0,0.0,0.0,0.0,0.0,0.0,0.0,0.0,0.1111111111111111,0.1068376068376068,52.5,243.0,0.0699588477366255,0.0,0.0,0.05
python-poetry/poetry,faecfb0df8b376f01c021b851db4194ef46ee0b3,2026-09-20T02:45:21+00:00,0,1,2.0,28.0,0.0,3.367295829986474,2.0,1.0,1.0,1.0,0.0,0.0,0.0,0.0,0.0,0.0,0.0,0.0,1.0,0.0,1.0,0.1428571428571428,0.0714285714285714,6.0,2.0,0.0,0.0,0.0,0.05
python-poetry/poetry,27006910c9eda5304faa85319d8f30906c64242f,2026-09-20T06:35:45+00:00,0,1,9.0,76.0,22.0,4.59511985013459,16.0,2.0,5.0,4.0,0.0,0.0,0.0,0.0,0.0,0.0,0.0,0.0,1.0,0.0,1.0,0.0909090909090909,0.021780303030303,8.777777777777779,245.0,0.0693877551020408,1.0,0.0,0.05
python-poetry/poetry,f8408cab10a99ad81e4e16a0f2fda9593f5f089f,2026-09-20T06:54:09+00:00,0,1,9.0,76.0,22.0,4.59511985013459,16.0,2.0,5.0,4.0,0.0,0.0,0.0,0.0,0.0,0.0,0.0,0.0,0.0,0.0,1.0,0.0833333333333333,0.0178062678062678,9.77777777777778,246.0,0.0691056910569105,1.0,0.0,0.05
python-poetry/poetry,20b1987f19fef5756a4a326d4d67b39caca4fb8e,2026-09-20T07:01:47+00:00,0,1,2.0,10.0,2.0,2.5649493574615367,0.0,0.0,0.0,0.0,1.0,1.0,0.0,0.0,0.0,0.0,0.0,0.0,1.0,0.0,0.0,0.1071428571428571,0.1035714285714285,54.0,247.0,0.068825910931174,1.0,0.0,0.05
python-poetry/poetry,94b6e35b9091991887aa54feeb3771a86d3bd692,2026-09-20T07:13:05+00:00,0,3,2.0,10.0,2.0,2.5649493574615367,0.0,0.0,0.0,0.0,1.0,1.0,0.0,0.0,0.0,0.0,0.0,0.0,0.0,0.0,0.0,0.1034482758620689,0.1011068539804171,55.0,248.0,0.0685483870967741,1.0,0.0,0.05
python-poetry/poetry,2f1908a703f06af0cd274d1c880e3d461a8c3b35,2026-09-20T14:18:15+00:00,1,1,2.0,28.0,0.0,3.367295829986474,2.0,1.0,1.0,1.0,0.0,0.0,0.0,0.0,0.0,0.0,0.0,0.0,1.0,0.0,1.0,0.125,0.0625,7.0,3.0,0.0,0.0,0.0,0.05
python-poetry/poetry,1c4ad1a0e7c7967609e119e3908a7bd0c894e22c,2026-09-20T16:10:25+00:00,0,1,1.0,13.0,6.0,2.995732273553991,0.0,0.0,0.0,0.0,1.0,0.0,0.0,0.0,0.0,0.0,0.0,1.0,1.0,0.0,0.0,0.0,0.0,5.0,0.0,0.0,1.0,0.0,0.1
python-poetry/poetry,34b7f7b59bb6fbe1f33837d3e311e7433d8eab3c,2026-09-21T14:21:15+00:00,1,1,2.0,41.0,3.0,3.80666248977032,7.0,1.0,1.0,1.0,0.0,0.0,0.0,0.0,0.0,2.0,0.0,0.0,1.0,0.0,1.0,0.1379310344827586,0.1106321839080459,20.5,0.0,0.0,1.0,0.0,0.1
python-poetry/poetry,704115e51e8734fc36446348b1f590cbe00cfa73,2026-09-21T21:33:00+00:00,0,2,1.0,2.0,2.0,1.6094379124341005,0.0,0.0,0.0,0.0,0.0,0.0,1.0,0.0,0.0,0.0,0.0,0.0,1.0,0.0,0.0,0.0,0.0,42.0,39.0,0.0,1.0,0.0,0.15
python-poetry/poetry,3d1752082a72bf97267b82782bd22ee7c35cdcdb,2026-09-22T03:49:46+00:00,0,1,4.0,86.0,9.0,4.564348191467836,5.0,2.0,2.0,2.0,0.0,0.0,0.0,0.0,0.0,0.0,0.0,0.0,1.0,0.0,1.0,0.0909090909090909,0.0704089769879243,14.75,0.0,0.0,1.0,0.0,0.15
python-poetry/poetry,9dc31ea2d5ca2b5f5e21083e4b3b25eef555ed31,2026-09-22T04:21:53+00:00,0,1,1.0,1.0,1.0,1.0986122886681098,1.0,1.0,1.0,0.0,0.0,0.0,0.0,0.0,0.0,0.0,1.0,0.0,1.0,0.0,0.0,0.0833333333333333,0.0833333333333333,12.0,1.0,0.0,1.0,0.0,0.15
python-poetry/poetry,572f1ad7db7e037d1dcd432509dbd1a1c834ac69,2026-09-22T04:47:13+00:00,1,1,2.0,11.0,1.0,2.5649493574615367,2.0,1.0,1.0,1.0,0.0,0.0,0.0,0.0,0.0,0.0,0.0,0.0,1.0,0.0,1.0,0.0,0.0,12.0,2.0,0.0,1.0,0.0,0.15
python-poetry/poetry,5d30bcdcabbf11169b82f37bd8d3add99c785635,2026-09-22T06:28:34+00:00,0,1,1.0,1.0,1.0,1.0986122886681098,1.0,0.0,0.0,1.0,0.0,0.0,0.0,0.0,0.0,0.0,0.0,0.0,1.0,0.0,1.0,0.0,0.0,3.0,0.0,0.0,1.0,0.0,0.2
python-poetry/poetry,1db8d0b56417696fcbfce1470cf6a06a5b6a014c,2026-09-22T09:18:23+00:00,0,1,2.0,44.0,3.0,3.871201010907891,7.0,1.0,1.0,1.0,0.0,0.0,0.0,0.0,0.0,2.0,0.0,0.0,1.0,0.0,1.0,0.1666666666666666,0.1602564102564102,21.5,1.0,1.0,1.0,0.0,0.2
python-poetry/poetry,3e7c5ca16183002553d5cace2eb15cfa01331ea6,2026-09-22T11:04:38+00:00,0,2,1.0,11.0,3.0,2.70805020110221,0.0,0.0,0.0,0.0,1.0,0.0,0.0,0.0,0.0,0.0,0.0,1.0,1.0,0.0,0.0,0.0967741935483871,0.0967741935483871,31.0,0.0,0.0,1.0,0.0,0.2
python-poetry/poetry,4d1363cb62e6a2c28003c7abeb4e8895cd2b0f10,2026-09-22T13:52:16+00:00,0,1,1.0,26.0,0.0,3.295836866004329,0.0,0.0,0.0,0.0,1.0,0.0,0.0,0.0,0.0,0.0,0.0,1.0,1.0,0.0,0.0,0.0,0.0,2.0,0.0,0.0,1.0,0.0,0.2
python-poetry/poetry,7cbbb9155bb708ac24b1c9c462e9fe85449c6462,2026-09-22T16:48:47+00:00,0,1,3.0,114.0,1.0,4.7535901911063645,6.0,2.0,2.0,1.0,0.0,0.0,0.0,0.0,0.0,0.0,0.0,0.0,1.0,0.0,1.0,0.25,0.125,2.6666666666666665,0.0,0.0,1.0,0.0,0.2
python-poetry/poetry,0a972e38dfbd4574b53020eb4a0d2a23d5b2bb2c,2026-09-22T20:54:08+00:00,0,1,3.0,114.0,1.0,4.7535901911063645,6.0,2.0,2.0,1.0,0.0,0.0,0.0,0.0,0.0,0.0,0.0,0.0,1.0,0.0,1.0,0.2,0.0666666666666666,3.6666666666666665,1.0,0.0,1.0,0.0,0.15
python-poetry/poetry,662c76d5714cb9c037a6b9da54b9f31825a71e3f,2026-09-23T01:40:12+00:00,0,1,1.0,3.0,1.0,1.6094379124341005,0.0,0.0,0.0,0.0,1.0,0.0,0.0,0.0,0.0,0.0,0.0,1.0,1.0,0.0,0.0,0.09375,0.09375,32.0,1.0,0.0,1.0,0.0,0.15
python-poetry/poetry,b3a4442528893e117e638d54fd2b71b508cbf3d9,2026-09-23T09:27:44+00:00,0,1,5.0,82.0,25.0,4.68213122712422,6.0,2.0,2.0,2.0,1.0,0.0,0.0,0.0,0.0,0.0,0.0,0.0,1.0,0.0,0.0,0.1666666666666666,0.1037121415170195,36.2,0.0,0.0,1.0,0.0,0.15
python-poetry/poetry,c5eb2993b56ddb121ae316896da5b9ae79fb410a,2026-09-23T22:12:30+00:00,1,1,4.0,53.0,0.0,3.9889840465642745,2.0,1.0,1.0,3.0,0.0,1.0,0.0,0.0,0.0,0.0,0.0,0.0,1.0,0.0,1.0,0.0,0.0,1.0,0.0,0.0,1.0,0.0,0.15
python-poetry/poetry,00cb16bee1f94be8be5dd882d89c5b678f10bb6d,2026-09-24T05:35:58+00:00,0,1,2.0,34.0,1.0,3.58351893845611,2.0,1.0,1.0,1.0,0.0,0.0,0.0,0.0,0.0,0.0,0.0,0.0,1.0,0.0,1.0,0.1052631578947368,0.0526315789473684,12.5,0.0,0.0,1.0,0.0,0.2
python-poetry/poetry,8266116cc519029e6859b17e99ab71b45ec9d8b8,2026-09-24T05:52:52+00:00,0,1,1.0,7.0,0.0,2.0794415416798357,0.0,0.0,0.0,0.0,1.0,0.0,0.0,0.0,0.0,0.0,0.0,1.0,1.0,0.0,0.0,0.0476190476190476,0.0476190476190476,42.0,1.0,0.0,1.0,0.0,0.2
python-poetry/poetry,8e793223cead3840d9469884ce9907a3e7669d3c,2026-09-24T11:05:05+00:00,0,1,11.0,333.0,9.0,5.8377304471659395,23.0,3.0,8.0,2.0,1.0,0.0,0.0,0.0,0.0,0.0,0.0,0.0,1.0,0.0,0.0,0.25,0.1181352015022389,10.454545454545457,0.0,0.0,1.0,0.0,0.2
python-poetry/poetry,bbbbed4ad8ffd6f41dc4928a4961b1ed3a5e180c,2026-09-24T19:02:26+00:00,1,1,2.0,33.0,9.0,3.7612001156935624,8.0,1.0,1.0,1.0,0.0,0.0,0.0,0.0,0.0,0.0,0.0,0.0,1.0,0.0,0.0,0.2272727272727272,0.1136363636363636,13.0,0.0,0.0,1.0,0.0,0.2
python-poetry/poetry,b7567f06c94ae7026abb2b5cf946b10b15ba7b33,2026-09-24T20:31:20+00:00,1,1,4.0,68.0,1.0,4.248495242049359,4.0,2.0,2.0,2.0,0.0,0.0,0.0,0.0,0.0,0.0,0.0,0.0,1.0,0.0,1.0,0.5,0.2041666666666666,10.75,1.0,1.0,1.0,1.0,0.25
python-poetry/poetry,c188ea19538789e2444a336452ccaadabad29ba0,2026-09-25T11:40:22+00:00,0,1,1.0,29.0,0.0,3.4011973816621555,2.0,0.0,0.0,1.0,0.0,0.0,0.0,0.0,0.0,0.0,0.0,0.0,1.0,0.0,0.0,0.6666666666666666,0.6666666666666666,3.0,2.0,1.0,1.0,1.0,0.25
python-poetry/poetry,8dd70d210398c57021ab9232b16b37c1489eca8d,2026-09-25T12:41:45+00:00,0,1,1.0,15.0,4.0,2.995732273553991,1.0,0.0,0.0,1.0,0.0,0.0,0.0,0.0,0.0,0.0,0.0,0.0,1.0,0.0,0.0,0.0,0.0,4.0,0.0,0.0,1.0,0.0,0.25
python-poetry/poetry,bce8925d8c70d651c98e53382be70610c9be7386,2026-09-25T13:56:49+00:00,0,1,3.0,27.0,3.0,3.4339872044851463,4.0,2.0,2.0,1.0,0.0,0.0,0.0,0.0,0.0,0.0,0.0,0.0,1.0,0.0,1.0,0.375,0.2497208931419457,27.333333333333332,0.0,0.0,1.0,0.0,0.2
python-poetry/poetry,cd415a40d5f108dd39155b83bb462c2e44e6c1c1,2026-09-25T17:01:10+00:00,0,1,89.0,1506.0,363.0,7.533693709848633,130.0,17.0,38.0,37.0,4.0,6.0,8.0,1.0,0.0,2.0,0.0,0.0,1.0,1.0,0.0,0.4,0.0697517549753748,15.595505617977528,1.0,0.0,1.0,0.0,0.2
python-poetry/poetry,ebde8dd3102f5702fbf0e975534670a8c017eae1,2026-09-25T17:25:12+00:00,0,1,1.0,6.0,2.0,2.1972245773362196,0.0,0.0,0.0,0.0,1.0,0.0,0.0,0.0,0.0,0.0,0.0,1.0,1.0,0.0,0.0,0.0,0.0,3.0,2.0,0.0,1.0,0.0,0.2
python-poetry/poetry,ba07347e4dc9be055a67028e7410db4e62923f4c,2026-09-25T17:36:45+00:00,0,1,2.0,124.0,4.0,4.859812404361672,7.0,1.0,1.0,1.0,0.0,0.0,0.0,0.0,0.0,0.0,0.0,0.0,1.0,0.0,1.0,0.1818181818181818,0.1534090909090909,17.5,0.0,0.0,1.0,0.0,0.2
python-poetry/poetry,939b8efee904425f73bd51d4c9520135a8aec60d,2026-09-25T18:20:58+00:00,0,1,1.0,29.0,0.0,3.4011973816621555,2.0,0.0,0.0,1.0,0.0,0.0,0.0,0.0,0.0,0.0,0.0,0.0,1.0,0.0,0.0,0.5,0.5,4.0,3.0,0.6666666666666666,0.0,0.0,0.15
python-poetry/poetry,77a3e6204148b48d025757097d0cd86934c5c72c,2026-09-25T21:01:58+00:00,0,1,1.0,3.0,1.0,1.6094379124341005,0.0,0.0,0.0,0.0,1.0,0.0,0.0,0.0,0.0,0.0,0.0,1.0,1.0,0.0,0.0,0.0909090909090909,0.0909090909090909,33.0,2.0,0.0,0.0,0.0,0.15
python-poetry/poetry,01861d2819194022de5c74852425bef579c8854d,2026-09-26T14:06:23+00:00,1,1,2.0,18.0,1.0,2.995732273553991,2.0,1.0,1.0,1.0,0.0,0.0,0.0,0.0,0.0,0.0,0.0,0.0,1.0,0.0,1.0,0.1176470588235294,0.079656862745098,20.5,1.0,0.0,1.0,0.0,0.15
python-poetry/poetry,02c2bb5e107a7695a2ab391c844e89df5eaeb1ae,2026-09-26T14:51:36+00:00,0,1,2.0,20.0,1.0,3.091042453358316,2.0,1.0,1.0,1.0,0.0,0.0,0.0,0.0,0.0,0.0,0.0,0.0,1.0,0.0,1.0,0.1666666666666666,0.1233333333333333,21.5,2.0,0.5,1.0,0.0,0.2
python-poetry/poetry,104a1a77fca15c3a7a82efa8829794ac76f13fa3,2026-09-27T01:42:45+00:00,0,1,1.0,4.0,0.0,1.6094379124341005,1.0,1.0,1.0,0.0,0.0,0.0,0.0,0.0,0.0,0.0,1.0,0.0,1.0,0.0,0.0,0.0,0.0,4.0,0.0,0.0,0.0,0.0,0.2
python-poetry/poetry,c8c209834f68d9db806f06eb3ed8680a3e82600f,2026-09-27T02:14:24+00:00,0,1,2.0,36.0,1.0,3.6375861597263857,3.0,1.0,1.0,1.0,0.0,0.0,0.0,0.0,0.0,0.0,0.0,0.0,1.0,0.0,1.0,0.0,0.0,0.0,0.0,0.0,1.0,0.0,0.2
python-poetry/poetry,12bb8271b365d2dae4a51eb8bca97edbcad74ede,2026-09-27T05:35:31+00:00,0,1,1.0,1.0,0.0,0.6931471805599453,0.0,0.0,0.0,0.0,0.0,0.0,1.0,1.0,0.0,0.0,0.0,0.0,1.0,0.0,1.0,0.1111111111111111,0.1111111111111111,18.0,249.0,0.0682730923694779,1.0,0.0,0.2
python-poetry/poetry,130f053073b81e4d9f4f2ec64a23988792a44989,2026-09-27T05:36:38+00:00,0,1,1.0,1.0,0.0,0.6931471805599453,0.0,0.0,0.0,0.0,0.0,0.0,1.0,1.0,0.0,0.0,0.0,0.0,0.0,0.0,1.0,0.1052631578947368,0.1052631578947368,19.0,250.0,0.068,1.0,0.0,0.2
python-poetry/poetry,90856e9a8d1bf13e483e7a00aa022b2edc10260e,2026-09-27T05:36:52+00:00,0,1,1.0,11.0,3.0,2.70805020110221,0.0,0.0,0.0,0.0,1.0,0.0,0.0,0.0,0.0,0.0,0.0,1.0,1.0,0.0,0.0,0.088235294117647,0.088235294117647,34.0,3.0,0.0,1.0,0.0,0.2
python-poetry/poetry,14f7173cf8dc0bd353940fc1fee11429c3130490,2026-09-27T05:43:36+00:00,0,1,1.0,11.0,6.0,2.8903717578961645,0.0,0.0,0.0,0.0,1.0,0.0,0.0,0.0,0.0,0.0,0.0,1.0,1.0,0.0,0.0,0.0857142857142857,0.0857142857142857,35.0,251.0,0.0677290836653386,1.0,0.0,0.15
python-poetry/poetry,d0ad6f5c6bcc6164527590c60be565f890ad0f62,2026-09-27T05:46:02+00:00,0,1,1.0,5.0,0.0,1.791759469228055,0.0,0.0,0.0,0.0,1.0,0.0,0.0,0.0,0.0,0.0,0.0,1.0,1.0,0.0,0.0,0.0833333333333333,0.0833333333333333,36.0,252.0,0.0674603174603174,1.0,0.0,0.15
python-poetry/poetry,135631bbb93ed05834ea53a1367d7966880e2db5,2026-09-27T05:53:12+00:00,0,1,1.0,22.0,4.0,3.295836866004329,0.0,0.0,0.0,0.0,1.0,0.0,0.0,0.0,0.0,0.0,0.0,1.0,0.0,0.0,0.0,0.081081081081081,0.081081081081081,37.0,0.0,0.0,1.0,0.0,0.15
python-poetry/poetry,dbd585584498b3f27cc6f4174f6af5233e3ff2c1,2026-09-27T09:57:51+00:00,0,1,2.0,34.0,1.0,3.58351893845611,2.0,1.0,1.0,1.0,0.0,0.0,0.0,0.0,0.0,0.0,0.0,0.0,1.0,0.0,1.0,0.0952380952380952,0.0476190476190476,14.5,2.0,0.0,1.0,0.0,0.15
python-poetry/poetry,b486b0f385b952b6bdd935ae7fd8a4d604dc9936,2026-09-27T10:03:44+00:00,0,1,2.0,34.0,1.0,3.58351893845611,2.0,1.0,1.0,1.0,0.0,0.0,0.0,0.0,0.0,0.0,0.0,0.0,0.0,0.0,1.0,0.0909090909090909,0.0454545454545454,15.5,0.0,0.0,1.0,0.0,0.1
python-poetry/poetry,eb2fbd93d8c4e3186d86dc15378fc7d4c8a5da71,2026-09-27T10:21:15+00:00,1,1,1.0,59.0,0.0,4.0943445622221,3.0,0.0,0.0,1.0,0.0,0.0,0.0,0.0,0.0,0.0,0.0,0.0,1.0,0.0,0.0,0.0,0.0,0.0,1.0,0.0,1.0,0.0,0.05
python-poetry/poetry,74bc962103a88c1350a4db71b95587fb2d90b749,2026-09-27T10:23:02+00:00,0,1,1.0,1.0,1.0,1.0986122886681098,1.0,0.0,0.0,1.0,0.0,0.0,0.0,0.0,0.0,0.0,0.0,0.0,1.0,0.0,1.0,0.0,0.0,5.0,1.0,0.0,1.0,0.0,0.05
python-poetry/poetry,4987d287330d8cb64043b26cf7869ba144e02541,2026-09-27T10:28:46+00:00,0,1,1.0,1.0,1.0,1.0986122886681098,1.0,0.0,0.0,1.0,0.0,0.0,0.0,0.0,0.0,0.0,0.0,0.0,0.0,0.0,1.0,0.0,0.0,6.0,2.0,0.0,1.0,0.0,0.1
python-poetry/poetry,d60f72491ff780ed7ea31ccaca2e565f03a0dace,2026-09-27T10:32:43+00:00,0,1,1.0,1.0,1.0,1.0986122886681098,1.0,1.0,1.0,0.0,0.0,0.0,0.0,0.0,0.0,0.0,1.0,0.0,1.0,0.0,1.0,0.0,0.0,9.0,7.0,0.0,0.0,0.0,0.1
python-poetry/poetry,1c2a5c910a1b5cb243818efb8ac42569461942d5,2026-09-27T10:34:35+00:00,1,1,1.0,2.0,11.0,2.6390573296152584,2.0,0.0,0.0,1.0,0.0,0.0,0.0,0.0,0.0,0.0,0.0,0.0,1.0,0.0,1.0,0.1578947368421052,0.1578947368421052,19.0,2.0,0.5,1.0,1.0,0.1
python-poetry/poetry,a9efcec20dd95fcc4b7372ec0f7120e83d8997e9,2026-09-27T10:48:22+00:00,0,1,1.0,7.0,2.0,2.302585092994046,2.0,0.0,0.0,1.0,0.0,0.0,0.0,0.0,0.0,0.0,0.0,0.0,1.0,0.0,0.0,0.0476190476190476,0.0476190476190476,21.0,3.0,0.6666666666666666,1.0,1.0,0.15
python-poetry/poetry,d4e206e68dceb09efe03249bff71439318b0acc6,2026-09-27T12:24:43+00:00,0,1,1.0,1.0,1.0,1.0986122886681098,1.0,1.0,1.0,0.0,0.0,0.0,0.0,0.0,0.0,0.0,1.0,0.0,0.0,0.0,1.0,0.0,0.0,10.0,8.0,0.0,1.0,0.0,0.15
python-poetry/poetry,b972b707f678b790b87a999eccc8b54787169d23,2026-09-27T12:29:41+00:00,0,1,1.0,5.0,4.0,2.302585092994046,1.0,0.0,0.0,1.0,0.0,0.0,0.0,0.0,0.0,0.0,0.0,0.0,1.0,0.0,0.0,0.2,0.2,20.0,253.0,0.067193675889328,0.0,0.0,0.15
python-poetry/poetry,77c81a1eec2c2dffe92778f1eace915c9657aae9,2026-09-27T14:47:55+00:00,0,1,1.0,1.0,1.0,1.0986122886681098,1.0,0.0,0.0,1.0,0.0,0.0,0.0,0.0,0.0,0.0,0.0,0.0,1.0,0.0,0.0,0.1904761904761904,0.1904761904761904,21.0,254.0,0.0669291338582677,1.0,0.0,0.15
python-poetry/poetry,d4fd21e4711ae948f04e18a1736d9ee85b590e87,2026-09-27T15:22:29+00:00,0,1,1.0,6.0,5.0,2.4849066497880004,1.0,0.0,0.0,1.0,0.0,0.0,0.0,0.0,0.0,0.0,0.0,0.0,0.0,0.0,0.0,0.1818181818181818,0.1818181818181818,22.0,255.0,0.0666666666666666,1.0,0.0,0.1
python-poetry/poetry,b7095fd3c6cc8a7265e2b243fc2926990d00a244,2026-09-27T16:58:40+00:00,0,1,2.0,27.0,1.0,3.367295829986474,2.0,1.0,1.0,1.0,0.0,0.0,0.0,0.0,0.0,0.0,0.0,0.0,1.0,0.0,0.0,0.4,0.3666666666666667,5.5,4.0,0.0,1.0,0.0,0.1
python-poetry/poetry,e077afe0f4a47a9b69834ad3a167029525c453a2,2026-09-27T17:00:57+00:00,0,1,7.0,65.0,12.0,4.356708826689592,5.0,1.0,2.0,3.0,1.0,0.0,1.0,1.0,0.0,0.0,0.0,0.0,1.0,1.0,0.0,0.1739130434782608,0.0628309905197777,18.857142857142858,4.0,0.0,1.0,0.0,0.1
python-poetry/poetry,41159a839c1cb6124040f35491fcdfa742a21ccc,2026-09-27T17:04:44+00:00,1,1,2.0,25.0,1.0,3.295836866004329,2.0,1.0,1.0,1.0,0.0,0.0,0.0,0.0,0.0,0.0,0.0,0.0,1.0,0.0,0.0,0.3333333333333333,0.3095238095238095,6.5,6.0,0.0,1.0,0.0,0.1
python-poetry/poetry,aeb144292318d5128e30df99731771abc8ad93df,2026-09-28T07:46:14+00:00,0,1,1.0,23.0,29.0,3.970291913552122,3.0,0.0,0.0,1.0,0.0,0.0,0.0,0.0,0.0,0.0,0.0,0.0,1.0,0.0,0.0,0.08,0.08,25.0,3.0,0.0,1.0,0.0,0.15
python-poetry/poetry,be7624a6b0112b208e729bc6894d4885d3eacc02,2026-09-28T19:56:23+00:00,0,1,7.0,65.0,12.0,4.356708826689592,5.0,1.0,2.0,3.0,1.0,0.0,1.0,1.0,0.0,0.0,0.0,0.0,1.0,1.0,0.0,0.1666666666666666,0.0603087388801674,19.857142857142858,2.0,0.0,1.0,0.0,0.15
python-poetry/poetry,7a3463ec17b776da41cdd37a268906b6c7301fd4,2026-09-28T22:20:11+00:00,0,2,1.0,2.0,2.0,1.6094379124341005,0.0,0.0,0.0,0.0,0.0,0.0,1.0,0.0,0.0,0.0,0.0,0.0,1.0,0.0,0.0,0.0,0.0,44.0,40.0,0.0,1.0,0.0,0.15
python-poetry/poetry,93c7f35d65224525f2657bcb0cab7f81c4161849,2026-09-29T10:17:20+00:00,0,1,5.0,184.0,24.0,5.342334251964811,13.0,1.0,2.0,2.0,1.0,0.0,0.0,0.0,0.0,0.0,0.0,0.0,1.0,0.0,1.0,1.0,0.2611111111111111,9.6,0.0,0.0,1.0,0.0,0.15
python-poetry/poetry,ebc73e4cf11876dff5fd5bee7eebcb3463d24c79,2026-09-29T12:56:04+00:00,0,1,2.0,178.0,1.0,5.19295685089021,13.0,1.0,1.0,1.0,0.0,0.0,0.0,0.0,0.0,1.0,0.0,0.0,1.0,0.0,1.0,0.15625,0.15625,16.0,0.0,0.0,1.0,0.0,0.15
python-poetry/poetry,da49e91c6eb0cf5707f6fea319eb8672f6bff758,2026-09-29T17:18:57+00:00,0,1,2.0,113.0,2.0,4.7535901911063645,4.0,1.0,1.0,1.0,0.0,0.0,0.0,0.0,0.0,0.0,0.0,0.0,1.0,0.0,1.0,0.2307692307692307,0.1868131868131868,17.0,3.0,0.3333333333333333,1.0,0.0,0.15
python-poetry/poetry,0555f367cd2242d534aac568f13666e8544bad8a,2026-09-29T17:28:29+00:00,0,1,7.0,99.0,15.0,4.74493212836325,12.0,3.0,6.0,1.0,0.0,0.0,0.0,0.0,0.0,1.0,0.0,0.0,1.0,0.0,1.0,0.3333333333333333,0.1365875503806538,12.0,3.0,0.3333333333333333,1.0,0.0,0.15
python-poetry/poetry,33508f1dbe5e7834958e17d5c51ea48d2db71503,2026-09-29T17:33:52+00:00,0,1,2.0,158.0,1.0,5.075173815233827,8.0,1.0,1.0,1.0,0.0,0.0,0.0,0.0,0.0,0.0,0.0,0.0,1.0,0.0,1.0,0.4285714285714285,0.4017857142857143,7.5,4.0,0.25,1.0,0.0,0.15
python-poetry/poetry,1da7cc2c0c369a78e5beb350859aa59b57084192,2026-09-29T17:43:13+00:00,0,1,2.0,34.0,3.0,3.6375861597263857,3.0,1.0,1.0,1.0,0.0,0.0,0.0,0.0,0.0,0.0,0.0,0.0,1.0,0.0,1.0,0.2222222222222222,0.1825396825396825,8.0,6.0,0.1666666666666666,1.0,0.0,0.1
python-poetry/poetry,f1cb83ff3994533620520c3585ce3e1156f75fa8,2026-09-30T04:26:53+00:00,0,1,3.0,52.0,3.0,4.02535169073515,3.0,1.0,1.0,2.0,0.0,0.0,0.0,0.0,0.0,1.0,0.0,0.0,1.0,0.0,1.0,0.1333333333333333,0.0849768098406936,21.0,0.0,0.0,1.0,0.0,0.1
python-poetry/poetry,f9b3db8daf4711a02607c4b5cd78cc195287a9f0,2026-09-30T04:32:03+00:00,0,1,2.0,11.0,5.0,2.833213344056216,2.0,1.0,1.0,1.0,0.0,0.0,0.0,0.0,0.0,0.0,0.0,0.0,1.0,0.0,1.0,0.125,0.0969827586206896,18.5,0.0,0.0,1.0,0.0,0.1
python-poetry/poetry,114cde81a59eb0ee6c06d5ef317043e85888d7cd,2026-09-30T09:56:26+00:00,0,1,48.0,1446.0,219.0,7.418180822726788,74.0,7.0,13.0,24.0,3.0,6.0,6.0,1.0,0.0,2.0,0.0,0.0,1.0,1.0,0.0,0.225,0.055120308337198,19.291666666666668,1.0,0.0,1.0,0.0,0.05
python-poetry/poetry,54215c3bbe7da652e271a67794816edd49d50fc7,2026-09-30T21:12:46+00:00,0,1,0.0,0.0,0.0,0.0,0.0,0.0,0.0,0.0,0.0,0.0,0.0,0.0,0.0,0.0,0.0,0.0,1.0,0.0,0.0,0.0,0.0,0.0,7.0,0.1428571428571428,1.0,1.0,0.05
python-poetry/poetry,e9509fd9f064821cb2112fce413c3bbf2655c405,2026-10-01T05:53:13+00:00,0,1,1.0,17.0,10.0,3.332204510175204,3.0,0.0,0.0,1.0,0.0,0.0,0.0,0.0,0.0,0.0,0.0,0.0,1.0,0.0,0.0,0.0,0.0,3.0,1.0,0.0,1.0,0.0,0.05
python-poetry/poetry,a485f326dd1ae6d536ce016bf4d04634c97a9dbe,2026-10-01T08:39:50+00:00,0,1,1.0,4.0,0.0,1.6094379124341005,0.0,0.0,0.0,0.0,1.0,0.0,0.0,0.0,0.0,0.0,0.0,1.0,1.0,0.0,0.0,0.0425531914893617,0.0425531914893617,47.0,0.0,0.0,1.0,0.0,0.05
python-poetry/poetry,dcfdc3c0a56b2f78457a6417d8e8a547c2df3c48,2026-10-01T13:10:22+00:00,0,1,7.0,65.0,12.0,4.356708826689592,5.0,1.0,2.0,3.0,1.0,0.0,1.0,1.0,0.0,0.0,0.0,0.0,1.0,1.0,1.0,0.1538461538461538,0.055842354887954,21.857142857142858,3.0,0.3333333333333333,1.0,0.0,0.05
python-poetry/poetry,210c02f0266cf8c35daf90be5a64174bfbcf1a3e,2026-10-01T13:36:48+00:00,0,1,2.0,31.0,1.0,3.49650756146648,2.0,1.0,1.0,1.0,0.0,0.0,0.0,0.0,0.0,0.0,0.0,0.0,1.0,0.0,0.0,0.1551724137931034,0.144893899204244,55.0,1.0,0.0,1.0,0.0,0.05
python-poetry/poetry,555042fdf8477d6c87b5bfa7232318e057bfd32e,2026-10-01T20:32:37+00:00,0,1,2.0,66.0,1.0,4.219507705176107,4.0,1.0,1.0,1.0,0.0,0.0,0.0,0.0,0.0,0.0,0.0,0.0,1.0,0.0,1.0,0.1666666666666666,0.1433333333333333,18.5,1.0,0.0,1.0,0.0,0.05
python-poetry/poetry,4821da09ef50e88d1784152dcd2e494b4cdbf7e3,2026-10-02T00:47:58+00:00,0,1,2.0,94.0,0.0,4.553876891600541,7.0,0.0,0.0,2.0,0.0,0.0,0.0,0.0,0.0,0.0,0.0,0.0,1.0,0.0,0.0,0.0,0.0,0.0,0.0,0.0,1.0,0.0,0.05
python-poetry/poetry,cdeb6fbc7d588419f2bd18426ddf529b15d090d0,2026-10-02T03:06:00+00:00,0,1,2.0,25.0,0.0,3.258096538021482,2.0,1.0,1.0,1.0,0.0,0.0,0.0,0.0,0.0,1.0,0.0,0.0,1.0,0.0,0.0,0.1176470588235294,0.0910815939278937,24.0,2.0,0.0,1.0,0.0,0.05
python-poetry/poetry,5999b913658abe81638dbbaba111ee10b94bc4cb,2026-10-02T03:17:27+00:00,0,1,1.0,62.0,0.0,4.143134726391533,4.0,0.0,0.0,1.0,0.0,0.0,0.0,0.0,0.0,0.0,0.0,0.0,1.0,0.0,0.0,0.15,0.15,20.0,1.0,0.0,1.0,0.0,0.0
python-poetry/poetry,28c09cc7e457167d3e7db57b48aa5e70d9ed7ebb,2026-10-02T03:24:50+00:00,0,1,1.0,92.0,0.0,4.532599493153256,5.0,0.0,0.0,1.0,0.0,0.0,0.0,0.0,0.0,0.0,0.0,0.0,1.0,0.0,0.0,0.1428571428571428,0.1428571428571428,21.0,2.0,0.0,1.0,0.0,0.0
python-poetry/poetry,9cf7c6bf7a20b0488478703d430e7cc756d9e30f,2026-10-02T08:10:10+00:00,0,1,1.0,10.0,0.0,2.3978952727983707,0.0,0.0,0.0,0.0,1.0,0.0,0.0,0.0,0.0,0.0,0.0,1.0,1.0,0.0,0.0,0.0,0.0,6.0,0.0,0.0,1.0,0.0,0.0
sqlalchemy/alembic,87652ee288d2e0a4883394cd244f23b3e13c323e,2025-08-17T21:30:51+00:00,0,1,1.0,1.0,1.0,1.0986122886681098,1.0,1.0,1.0,0.0,0.0,0.0,0.0,0.0,1.0,0.0,1.0,0.0,1.0,0.0,1.0,0.0,0.0,0.0,0.0,0.0,0.0,0.0,0.0
sqlalchemy/alembic,b124576a6adf8d90ea0046c24ca0759919448421,2025-10-03T22:09:22+00:00,0,1,5.0,14.0,12.0,3.295836866004329,2.0,2.0,2.0,0.0,0.0,1.0,2.0,1.0,0.0,0.0,1.0,0.0,0.0,0.0,0.0,0.0,0.0,0.0,0.0,0.0,0.0,0.0,0.0
sqlalchemy/alembic,3c4d507cbcbd72fd4fef7f26376708cb109c2750,2025-10-04T00:44:53+00:00,0,1,5.0,21.0,13.0,3.5553480614894135,2.0,2.0,2.0,0.0,0.0,1.0,2.0,1.0,0.0,0.0,1.0,0.0,0.0,0.0,0.0,0.0,0.0,1.0,1.0,0.0,0.0,0.0,0.0
sqlalchemy/alembic,9533b11927b5a493466e61747ed3ce6d53b155ab,2025-10-06T20:19:42+00:00,0,1,2.0,23.0,15.0,3.6635616461296463,2.0,2.0,2.0,0.0,0.0,0.0,0.0,0.0,0.0,0.0,1.0,0.0,0.0,0.0,0.0,0.0,0.0,2.0,2.0,0.0,0.0,0.0,0.0
sqlalchemy/alembic,7b62925c8e1b63854cace21d3e0b9c6b90ee68e6,2025-10-06T20:37:44+00:00,0,1,3.0,29.0,5.0,3.5553480614894135,7.0,1.0,1.0,2.0,0.0,0.0,0.0,0.0,1.0,0.0,0.0,0.0,0.0,1.0,0.0,0.0,0.0,0.0,3.0,0.0,1.0,0.0,0.0
sqlalchemy/alembic,d11fa529562f291f38edd488bab652cd0346699b,2025-10-06T21:00:46+00:00,0,1,1.0,2.0,0.0,1.0986122886681098,1.0,0.0,0.0,1.0,0.0,0.0,0.0,0.0,0.0,0.0,0.0,0.0,0.0,1.0,1.0,0.0,0.0,0.0,4.0,0.0,1.0,0.0,0.0
sqlalchemy/alembic,60383b1cd9cc748705a3391d818ad3099e942c6b,2025-10-06T21:13:53+00:00,0,1,1.0,22.0,22.0,3.80666248977032,1.0,1.0,1.0,0.0,0.0,0.0,0.0,0.0,0.0,0.0,1.0,0.0,0.0,0.0,0.0,0.0,0.0,3.0,5.0,0.0,1.0,0.0,0.0
sqlalchemy/alembic,728226c24c25ffe0e8ea6c9f75e7a42a0f3fb2b0,2025-10-07T02:53:42+00:00,0,1,1.0,3.0,2.0,1.791759469228055,1.0,1.0,1.0,0.0,0.0,0.0,0.0,0.0,0.0,0.0,1.0,0.0,0.0,0.0,0.0,0.0,0.0,4.0,6.0,0.0,1.0,0.0,0.0
sqlalchemy/alembic,3c8f63c64cce20d8e8518d820beea2823e72074e,2025-10-09T19:54:17+00:00,0,1,3.0,17.0,50.0,4.219507705176107,5.0,2.0,2.0,0.0,0.0,1.0,0.0,0.0,0.0,0.0,1.0,0.0,0.0,0.0,0.0,0.0,0.0,3.3333333333333335,7.0,0.0,1.0,0.0,0.0
sqlalchemy/alembic,470a7da04a440a328c70b288f2945aa12e71d066,2025-10-11T17:11:12+00:00,0,1,15.0,75.0,70.0,4.983606621708336,13.0,10.0,12.0,0.0,2.0,1.0,0.0,0.0,0.0,0.0,1.0,0.0,0.0,0.0,0.0,0.0,0.0,0.6,8.0,0.0,1.0,0.0,0.0
sqlalchemy/alembic,6672a3201f49019ad040302f44e680e949a228cb,2025-10-11T18:19:26+00:00,0,1,2.0,47.0,39.0,4.465908118654584,7.0,2.0,2.0,0.0,0.0,0.0,0.0,0.0,0.0,0.0,1.0,0.0,0.0,0.0,0.0,0.0,0.0,5.5,9.0,0.0,1.0,0.0,0.0
sqlalchemy/alembic,193852a7f8a203d3fb2da500f6cde9bdb212b264,2025-10-11T18:36:48+00:00,0,1,3.0,5.0,5.0,2.3978952727983707,0.0,0.0,0.0,0.0,0.0,1.0,2.0,0.0,0.0,0.0,0.0,0.0,0.0,0.0,0.0,0.0,0.0,1.3333333333333333,10.0,0.0,1.0,0.0,0.0
sqlalchemy/alembic,79fb96077bdc2bb2ae75d71f0562beed1f0e6b9b,2025-10-11T18:40:48+00:00,0,1,2.0,5.0,1.0,1.9459101490553132,0.0,1.0,1.0,0.0,1.0,0.0,0.0,0.0,0.0,0.0,1.0,0.0,0.0,0.0,0.0,0.0,0.0,1.0,11.0,0.0,0.0,0.0,0.0
sqlalchemy/alembic,709c0be4a2dca3ceef04aae432417fb76f2930c7,2025-10-18T20:09:10+00:00,0,1,2.0,23.0,29.0,3.970291913552122,5.0,2.0,2.0,0.0,0.0,0.0,0.0,0.0,0.0,0.0,1.0,0.0,0.0,0.0,0.0,0.0,0.0,6.5,12.0,0.0,1.0,0.0,0.0
sqlalchemy/alembic,3894b1f9a1b1685a01465f53886af9086e23d079,2025-10-28T09:05:32+00:00,0,1,2.0,17.0,0.0,2.8903717578961645,1.0,0.0,0.0,1.0,1.0,0.0,0.0,0.0,0.0,0.0,0.0,0.0,1.0,0.0,1.0,0.0,0.0,0.0,0.0,0.0,0.0,0.0,0.0
sqlalchemy/alembic,5716f3354063a9b8f1e7f3c80941c0851fcf91d0,2025-10-28T21:15:28+00:00,0,1,3.0,20.0,1.0,3.091042453358316,1.0,1.0,1.0,1.0,1.0,0.0,0.0,0.0,0.0,0.0,0.0,0.0,0.0,0.0,0.0,0.0,0.0,0.6666666666666666,1.0,0.0,1.0,0.0,0.0
sqlalchemy/alembic,51029b22e01227b6fe9ca7fb6fc4b29c7b454f51,2025-10-29T00:21:12+00:00,0,1,9.0,117.0,3.0,4.795790545596741,10.0,2.0,4.0,1.0,4.0,0.0,0.0,0.0,0.0,0.0,0.0,0.0,0.0,1.0,0.0,0.0,0.0,0.0,13.0,0.0,1.0,0.0,0.0
sqlalchemy/alembic,7ec36e940defcd966f1f6c6fcd3a8cc7f25cdfbc,2025-10-29T00:23:53+00:00,0,1,2.0,5.0,1.0,1.9459101490553132,0.0,1.0,1.0,0.0,1.0,0.0,0.0,0.0,0.0,0.0,1.0,0.0,0.0,0.0,0.0,0.0,0.0,2.0,13.0,0.0,0.0,0.0,0.0
sqlalchemy/alembic,3c3dd66cd77c62d6c721b0dfbc0b22b999f0c804,2025-10-29T12:54:27+00:00,0,1,2.0,58.0,10.0,4.23410650459726,3.0,2.0,2.0,0.0,0.0,0.0,0.0,0.0,0.0,0.0,1.0,0.0,0.0,1.0,0.0,0.0,0.0,7.5,15.0,0.0,1.0,0.0,0.0
sqlalchemy/alembic,abef1d86797a1883761197deb96b50e18344684d,2025-10-29T13:49:35+00:00,0,1,5.0,0.0,20.0,3.044522437723423,18.0,0.0,0.0,5.0,0.0,0.0,0.0,0.0,3.0,0.0,0.0,0.0,0.0,0.0,0.0,0.0,0.0,0.2,16.0,0.0,0.0,0.0,0.0
sqlalchemy/alembic,80c95fe17dde88e17686b7e199f2c0aafc734177,2025-11-01T05:03:37+00:00,0,1,4.0,104.0,4.0,4.6913478822291435,6.0,1.0,1.0,3.0,0.0,0.0,0.0,0.0,0.0,0.0,0.0,0.0,0.0,0.0,0.0,0.0,0.0,0.25,17.0,0.0,0.0,0.0,0.0
sqlalchemy/alembic,3edfb0f70e0d4f46905ac9db4f6067dc7e12402e,2025-11-04T22:06:16+00:00,0,1,2.0,2.0,1.0,1.3862943611198906,1.0,1.0,1.0,1.0,0.0,0.0,0.0,0.0,1.0,0.0,0.0,0.0,0.0,0.0,0.0,0.0,0.0,0.5,18.0,0.0,1.0,0.0,0.0
sqlalchemy/alembic,dcba64415a3ef898078f04890712add7a8d18789,2025-11-05T15:38:18+00:00,0,1,4.0,91.0,9.0,4.61512051684126,4.0,2.0,2.0,1.0,1.0,0.0,0.0,0.0,2.0,0.0,0.0,0.0,0.0,0.0,0.0,0.0,0.0,0.5,19.0,0.0,1.0,0.0,0.0
sqlalchemy/alembic,0d31153e2d11cfe8034d73e8142f9a154fc66634,2025-11-10T22:13:31+00:00,0,1,3.0,106.0,4.0,4.709530201312334,9.0,2.0,2.0,1.0,0.0,0.0,0.0,0.0,0.0,0.0,0.0,0.0,1.0,0.0,0.0,0.0,0.0,0.3333333333333333,0.0,0.0,1.0,0.0,0.0
sqlalchemy/alembic,5eef47af3f8f14ff736f60a7dd7adc3bbfa47c62,2025-11-12T16:10:25+00:00,0,1,1.0,3.0,2.0,1.791759469228055,1.0,1.0,1.0,0.0,0.0,0.0,0.0,0.0,0.0,0.0,1.0,0.0,1.0,0.0,0.0,0.0,0.0,2.0,1.0,0.0,0.0,0.0,0.0
sqlalchemy/alembic,74c54dd455ac8e5aecc24bdc597a7d2b401ae82c,2025-11-14T20:32:02+00:00,0,1,6.0,213.0,5.0,5.389071729816501,14.0,3.0,3.0,1.0,2.0,0.0,0.0,0.0,0.0,0.0,0.0,0.0,0.0,0.0,0.0,0.0,0.0,1.1666666666666667,2.0,0.0,1.0,0.0,0.0
sqlalchemy/alembic,0463f9c60769d32102101d33ecd9a7b9c0f4d7fc,2025-11-14T20:35:37+00:00,0,1,2.0,5.0,1.0,1.9459101490553132,0.0,1.0,1.0,0.0,1.0,0.0,0.0,0.0,0.0,0.0,1.0,0.0,0.0,0.0,0.0,0.0,0.0,3.0,20.0,0.0,0.0,0.0,0.0
sqlalchemy/alembic,bfbf3f0e34b3382939f72b6f997e035600d0c037,2025-11-15T18:32:47+00:00,0,1,3.0,16.0,13.0,3.4011973816621555,3.0,2.0,2.0,0.0,0.0,1.0,0.0,0.0,0.0,0.0,1.0,0.0,0.0,0.0,0.0,0.0,0.0,7.333333333333333,21.0,0.0,1.0,0.0,0.0
sqlalchemy/alembic,13c9b711144a8026d0f0d0406590a0c0ef659740,2025-11-19T22:32:20+00:00,0,1,2.0,17.0,3.0,3.044522437723423,2.0,1.0,1.0,0.0,0.0,1.0,0.0,0.0,0.0,0.0,1.0,0.0,0.0,0.0,0.0,0.0,0.0,3.0,0.0,0.0,1.0,0.0,0.0
sqlalchemy/alembic,4c42276f5a1c5f3c7d32e34fa6e6388f22d9f092,2025-11-20T20:55:26+00:00,0,1,4.0,220.0,0.0,5.3981627015177525,11.0,2.0,2.0,1.0,1.0,0.0,0.0,0.0,2.0,0.0,0.0,0.0,0.0,0.0,0.0,0.0,0.0,0.75,22.0,0.0,1.0,0.0,0.0
sqlalchemy/alembic,7c9a33ce6311f75c3f42fcbb2a3e6856f93ab48c,2025-11-20T22:26:22+00:00,0,1,4.0,106.0,0.0,4.672828834461906,8.0,2.0,2.0,1.0,1.0,0.0,0.0,0.0,0.0,0.0,0.0,0.0,0.0,1.0,0.0,0.0,0.0,0.25,23.0,0.0,1.0,0.0,0.0
sqlalchemy/alembic,52bf8a6ca4ad881597a6a4dd15eefa1433a4a259,2025-11-27T15:57:23+00:00,0,1,3.0,34.0,1.0,3.58351893845611,3.0,1.0,2.0,1.0,0.0,0.0,0.0,0.0,0.0,0.0,0.0,0.0,1.0,0.0,0.0,0.0,0.0,1.3333333333333333,0.0,0.0,1.0,0.0,0.0
sqlalchemy/alembic,22b1085efe6cba732054320c345f54b110d9b7cc,2025-11-30T16:42:42+00:00,0,1,2.0,2.0,2.0,1.6094379124341005,0.0,0.0,0.0,0.0,0.0,2.0,0.0,0.0,0.0,0.0,0.0,0.0,0.0,0.0,0.0,0.0,0.0,3.5,24.0,0.0,1.0,0.0,0.0
sqlalchemy/alembic,0155dbc0bcd1cdfe1b8d63623cfff5bd5b209b94,2025-12-03T20:30:53+00:00,0,1,1.0,23.0,6.0,3.4011973816621555,2.0,0.0,0.0,1.0,0.0,0.0,0.0,0.0,1.0,0.0,0.0,0.0,1.0,0.0,1.0,0.0,0.0,0.0,0.0,0.0,0.0,0.0,0.0
sqlalchemy/alembic,46c2b30a5bb153373d0178fb035cfdae094068c2,2025-12-10T22:26:57+00:00,0,1,1.0,1.0,1.0,1.0986122886681098,1.0,1.0,1.0,0.0,0.0,0.0,0.0,0.0,0.0,0.0,1.0,0.0,1.0,1.0,0.0,0.0,0.0,0.0,0.0,0.0,0.0,0.0,0.0
sqlalchemy/alembic,afd9a70644f6a59f0b795499230127b3d3a71279,2025-12-15T16:03:03+00:00,0,1,1.0,1.0,1.0,1.0986122886681098,1.0,1.0,1.0,0.0,0.0,0.0,0.0,0.0,0.0,0.0,1.0,0.0,1.0,0.0,0.0,0.0,0.0,2.0,0.0,0.0,0.0,0.0,0.0
sqlalchemy/alembic,feada2888143efad43c1581811f33dc8a2944a58,2025-12-16T14:22:36+00:00,0,1,2.0,2.0,2.0,1.6094379124341005,2.0,2.0,2.0,0.0,0.0,0.0,0.0,0.0,0.0,0.0,1.0,0.0,0.0,0.0,1.0,0.0,0.0,2.0,1.0,0.0,0.0,0.0,0.0
sqlalchemy/alembic,4fff3d29db492a9026cde0d4e3146f572d4280fc,2025-12-16T17:47:37+00:00,0,1,5.0,42.0,14.0,4.04305126783455,6.0,4.0,4.0,1.0,0.0,0.0,0.0,0.0,0.0,0.0,0.0,0.0,0.0,0.0,0.0,0.0,0.0,1.8,25.0,0.0,1.0,0.0,0.0
sqlalchemy/alembic,c94816e864f6d89842ebf248cf116031287d506e,2025-12-18T06:57:57+00:00,0,1,3.0,15.0,3.0,2.9444389791664403,3.0,1.0,2.0,0.0,1.0,0.0,0.0,0.0,1.0,0.0,1.0,0.0,0.0,0.0,0.0,0.0,0.0,0.0,1.0,0.0,1.0,0.0,0.0
sqlalchemy/alembic,7f3587ddf6d1fb69841c38af24d54e5e62a80a68,2025-12-20T22:10:21+00:00,0,1,5.0,6.0,6.0,2.5649493574615367,2.0,2.0,2.0,1.0,2.0,0.0,0.0,0.0,1.0,0.0,0.0,0.0,1.0,0.0,1.0,0.0,0.0,3.0,0.0,0.0,1.0,0.0,0.0
sqlalchemy/alembic,9b4e7da1ba577a2c8f7003837bce4ffc29cd461c,2025-12-22T19:47:54+00:00,0,1,5.0,6.0,6.0,2.5649493574615367,2.0,2.0,2.0,1.0,2.0,0.0,0.0,0.0,1.0,0.0,0.0,0.0,0.0,0.0,1.0,0.0,0.0,4.0,1.0,0.0,1.0,0.0,0.0
sqlalchemy/alembic,fd42cddc3eeb7f2594f50863a7e6b024f07d0b2c,2025-12-26T20:05:54+00:00,0,1,9.0,99.0,0.0,4.605170185988092,4.0,6.0,6.0,1.0,2.0,0.0,0.0,0.0,0.0,0.0,0.0,0.0,0.0,0.0,0.0,0.0,0.0,1.1111111111111112,26.0,0.0,0.0,0.0,0.0
sqlalchemy/alembic,ff71a4f2a769f3ae8aaad40799bba29b23fa16ce,2026-01-02T21:34:06+00:00,0,1,3.0,40.0,7.0,3.871201010907891,7.0,1.0,1.0,1.0,1.0,0.0,0.0,0.0,2.0,0.0,0.0,0.0,0.0,0.0,0.0,0.0,0.0,1.3333333333333333,27.0,0.0,1.0,0.0,0.0
sqlalchemy/alembic,f532224351f75467c6a90962f1edbb0abd162f41,2026-01-05T19:27:11+00:00,0,1,2.0,62.0,0.0,4.143134726391533,2.0,1.0,1.0,1.0,0.0,0.0,0.0,0.0,0.0,0.0,0.0,0.0,0.0,0.0,0.0,0.0,0.0,0.5,28.0,0.0,1.0,0.0,0.0
sqlalchemy/alembic,b1a287f868577e9ee338ec571b86bfdcc2050183,2026-01-09T20:51:42+00:00,0,1,8.0,498.0,44.0,6.297109319933935,37.0,2.0,6.0,1.0,1.0,0.0,0.0,0.0,2.0,0.0,0.0,0.0,0.0,0.0,0.0,0.0,0.0,1.0,29.0,0.0,1.0,0.0,0.0
sqlalchemy/alembic,9400ec85a13a9330509e67445b939d79662cc6cb,2026-01-09T21:18:14+00:00,0,1,2.0,2.0,2.0,1.6094379124341005,0.0,1.0,1.0,0.0,1.0,0.0,0.0,0.0,0.0,0.0,1.0,0.0,0.0,0.0,0.0,0.0,0.0,0.0,30.0,0.0,0.0,0.0,0.0
sqlalchemy/alembic,7955bac60d39e46428b05f691249fe53bad872de,2026-01-12T21:25:39+00:00,0,1,1.0,1.0,1.0,1.0986122886681098,0.0,1.0,1.0,0.0,0.0,0.0,0.0,0.0,0.0,0.0,1.0,0.0,0.0,0.0,1.0,0.0,0.0,0.0,2.0,0.0,0.0,0.0,0.0
sqlalchemy/alembic,32b98547842e14a171a4c0fd24808587a0da1935,2026-01-13T17:27:01+00:00,0,1,3.0,14.0,3.0,2.8903717578961645,2.0,1.0,1.0,0.0,2.0,0.0,0.0,0.0,0.0,0.0,1.0,0.0,0.0,0.0,0.0,0.0,0.0,2.6666666666666665,31.0,0.0,1.0,0.0,0.0
sqlalchemy/alembic,b36174eaa7f8723e5f9f579282147263e8c96241,2026-01-14T18:53:51+00:00,0,1,2.0,5.0,1.0,1.9459101490553132,0.0,1.0,1.0,0.0,1.0,0.0,0.0,0.0,0.0,0.0,1.0,0.0,0.0,0.0,0.0,0.0,0.0,5.5,32.0,0.0,0.0,0.0,0.0
sqlalchemy/alembic,8c0e2528af2fcec3dfaa731dbfb4805b62698d3c,2026-01-27T19:20:59+00:00,0,1,8.0,58.0,48.0,4.672828834461906,8.0,3.0,4.0,3.0,1.0,0.0,0.0,0.0,1.0,0.0,0.0,0.0,0.0,1.0,0.0,0.0,0.0,1.75,33.0,0.0,0.0,0.0,0.0
sqlalchemy/alembic,8bf6926bb386018ff41a7c92a5eb55ef56bed175,2026-01-28T13:30:15+00:00,0,1,9.0,250.0,11.0,5.568344503761097,18.0,3.0,6.0,2.0,1.0,0.0,0.0,0.0,0.0,0.0,0.0,0.0,0.0,0.0,0.0,0.0,0.0,2.2222222222222223,34.0,0.0,1.0,0.0,0.0
sqlalchemy/alembic,3faea256be67f9d7c5ccd4379c342922f489981b,2026-01-28T21:24:04+00:00,0,1,2.0,5.0,1.0,1.9459101490553132,0.0,1.0,1.0,0.0,1.0,0.0,0.0,0.0,0.0,0.0,1.0,0.0,0.0,0.0,0.0,0.0,0.0,6.5,35.0,0.0,0.0,0.0,0.0
sqlalchemy/alembic,3e5c8db640266e63609bd9dae294b1f5dc68bdfa,2026-01-29T19:35:12+00:00,0,1,3.0,11.0,9.0,3.044522437723423,0.0,0.0,0.0,0.0,2.0,1.0,0.0,0.0,0.0,0.0,0.0,0.0,0.0,0.0,0.0,0.0,0.0,5.666666666666667,36.0,0.0,0.0,0.0,0.0
sqlalchemy/alembic,6e5f1eed202939d698aa9b5d121b6a617ab487e2,2026-01-29T20:09:15+00:00,0,1,4.0,537.0,0.0,6.2878585601617845,14.0,2.0,2.0,1.0,1.0,0.0,0.0,0.0,1.0,0.0,0.0,0.0,0.0,1.0,0.0,0.0,0.0,1.25,37.0,0.0,1.0,0.0,0.0
sqlalchemy/alembic,db205910248dabc8ff704783c595102bb2ac3453,2026-01-29T20:24:59+00:00,0,1,2.0,5.0,1.0,1.9459101490553132,0.0,1.0,1.0,0.0,1.0,0.0,0.0,0.0,0.0,0.0,1.0,0.0,0.0,0.0,0.0,0.0,0.0,8.0,37.0,0.0,0.0,0.0,0.0
sqlalchemy/alembic,5031ce9a751d51f0b6d81b643ba6c427760fc539,2026-02-04T22:56:54+00:00,0,1,1.0,24.0,9.0,3.5263605246161616,2.0,0.0,0.0,1.0,0.0,0.0,0.0,0.0,1.0,0.0,0.0,0.0,1.0,0.0,1.0,0.0,0.0,1.0,1.0,0.0,0.0,0.0,0.0
sqlalchemy/alembic,fa35ee9264cb0cbe25729c753595f7a6ebbd3f70,2026-02-10T15:24:13+00:00,0,1,11.0,127.0,13.0,4.948759890378168,19.0,3.0,6.0,3.0,2.0,0.0,0.0,0.0,1.0,0.0,0.0,0.0,0.0,0.0,1.0,0.0,0.0,3.909090909090909,39.0,0.0,0.0,0.0,0.0
sqlalchemy/alembic,b844a9cd9bbb8fb4a51ad1de73bb4af277dda538,2026-02-10T15:57:18+00:00,0,1,4.0,157.0,45.0,5.313205979041787,3.0,2.0,3.0,0.0,1.0,0.0,0.0,0.0,0.0,0.0,1.0,0.0,0.0,0.0,0.0,0.0,0.0,7.25,40.0,0.0,1.0,0.0,0.0
sqlalchemy/alembic,285424809f75410e833799527784b70a833d6220,2026-02-10T16:01:25+00:00,0,1,2.0,5.0,1.0,1.9459101490553132,0.0,1.0,1.0,0.0,1.0,0.0,0.0,0.0,0.0,0.0,1.0,0.0,0.0,0.0,0.0,0.0,0.0,9.5,40.0,0.0,0.0,0.0,0.0
sqlalchemy/alembic,a0f9b6d929b7124fbc9c4c0d4d8191f57a42222d,2026-02-21T18:36:32+00:00,0,1,2.0,35.0,0.0,3.58351893845611,2.0,1.0,1.0,1.0,0.0,0.0,0.0,0.0,0.0,0.0,0.0,0.0,1.0,0.0,0.0,0.0,0.0,2.0,0.0,0.0,1.0,0.0,0.0
sqlalchemy/alembic,637159a95a3d9d7b30d1c9959b2c69ed5cc8e2e1,2026-02-23T22:58:31+00:00,0,1,3.0,50.0,0.0,3.9318256327243257,2.0,1.0,1.0,1.0,1.0,0.0,0.0,0.0,0.0,0.0,0.0,0.0,0.0,0.0,0.0,0.0,0.0,2.0,1.0,0.0,1.0,0.0,0.0
sqlalchemy/alembic,422e424be7602aaf7d66e42a2d9cb369c2fa6239,2026-03-02T16:28:59+00:00,0,1,1.0,12.0,0.0,2.5649493574615367,1.0,0.0,0.0,1.0,0.0,0.0,0.0,0.0,0.0,0.0,0.0,0.0,0.0,1.0,0.0,0.0,0.0,0.0,42.0,0.0,1.0,0.0,0.0
sqlalchemy/alembic,c375f68d1ab18b19efc7b3d161f1ed9cf841b9b7,2026-03-06T16:27:21+00:00,0,1,1.0,1.0,1.0,1.0986122886681098,0.0,0.0,0.0,1.0,0.0,0.0,0.0,0.0,0.0,0.0,0.0,0.0,0.0,0.0,0.0,0.0,0.0,1.0,43.0,0.0,1.0,0.0,0.0
sqlalchemy/alembic,7b510dc52c7e931f393b6387f183bf888a08dee9,2026-03-06T16:36:12+00:00,0,1,3.0,102.0,0.0,4.634728988229636,3.0,1.0,1.0,1.0,1.0,0.0,0.0,0.0,2.0,0.0,0.0,0.0,0.0,0.0,1.0,0.0,0.0,0.6666666666666666,0.0,0.0,1.0,0.0,0.0
sqlalchemy/alembic,e20d116aa2e23dffe64241f50fc744d912615540,2026-04-20T20:19:54+00:00,0,1,4.0,5.0,5.0,2.3978952727983707,5.0,3.0,4.0,0.0,0.0,0.0,0.0,0.0,0.0,0.0,1.0,0.0,1.0,0.0,1.0,0.0,0.0,5.5,0.0,0.0,0.0,0.0,0.0
sqlalchemy/alembic,0ab90276fc583d52e31e95d3f59b4b6c00ec39ee,2026-04-20T21:11:32+00:00,0,1,4.0,5.0,5.0,2.3978952727983707,5.0,3.0,4.0,0.0,0.0,0.0,0.0,0.0,0.0,0.0,1.0,0.0,0.0,0.0,1.0,0.0,0.0,6.5,0.0,0.0,0.0,0.0,0.0
sqlalchemy/alembic,7b9d377b4b9acbe8cd78d48c5bd3f0f16d40331e,2026-04-24T14:06:27+00:00,0,1,3.0,64.0,1.0,4.189654742026425,3.0,1.0,1.0,1.0,1.0,0.0,0.0,0.0,0.0,0.0,0.0,0.0,0.0,1.0,1.0,0.0,0.0,0.6666666666666666,44.0,0.0,1.0,0.0,0.0
sqlalchemy/alembic,4d1e38cac1080d7ed7c3c952814e3e3bbcf9dd13,2026-04-24T21:28:47+00:00,0,1,3.0,193.0,2.0,5.278114659230517,22.0,1.0,1.0,1.0,1.0,0.0,0.0,0.0,0.0,0.0,0.0,0.0,0.0,0.0,0.0,0.0,0.0,0.6666666666666666,45.0,0.0,1.0,0.0,0.0
sqlalchemy/alembic,5f02bbf6f038b3df6d06c4684e0c50e982d2c04b,2026-05-02T09:25:00+00:00,1,1,8.0,1027.0,3.0,6.93828448401696,43.0,4.0,7.0,1.0,0.0,0.0,0.0,0.0,0.0,0.0,0.0,0.0,1.0,0.0,0.0,0.0,0.0,1.125,0.0,0.0,1.0,0.0,0.0
sqlalchemy/alembic,b0c36edd1ba11d31236e70b0a821e9a1c926275a,2026-05-04T03:48:12+00:00,1,1,2.0,13.0,3.0,2.833213344056216,2.0,2.0,2.0,0.0,0.0,0.0,0.0,0.0,0.0,0.0,1.0,0.0,1.0,0.0,1.0,1.0,1.0,0.5,1.0,1.0,1.0,1.0,0.05
sqlalchemy/alembic,e76669141e416f20916479409a0f538fb1a504b3,2026-05-31T13:27:37+00:00,1,1,1.0,36.0,0.0,3.610917912644224,0.0,0.0,0.0,0.0,0.0,0.0,1.0,1.0,0.0,0.0,0.0,0.0,0.0,0.0,0.0,0.0,0.0,0.0,46.0,0.0,1.0,0.0,0.1
sqlalchemy/alembic,ab5f25d711b8b7920127155b96c87a9332a780ef,2026-05-31T13:28:56+00:00,1,1,2.0,4.0,4.0,2.1972245773362196,0.0,0.0,0.0,0.0,0.0,0.0,2.0,1.0,0.0,0.0,0.0,0.0,1.0,0.0,0.0,0.0,0.0,2.0,0.0,0.0,0.0,0.0,0.1
sqlalchemy/alembic,02202b4edd0f3c856431ac401b4888e4dabb6862,2026-05-31T13:28:59+00:00,1,1,2.0,4.0,4.0,2.1972245773362196,0.0,0.0,0.0,0.0,0.0,0.0,2.0,1.0,0.0,0.0,0.0,0.0,1.0,0.0,0.0,0.0,0.0,2.0,0.0,0.0,0.0,0.0,0.1
sqlalchemy/alembic,62fe7a2a2d08083f16f470fb5ccf5f15f1af0fc6,2026-05-31T13:29:14+00:00,1,1,1.0,2.0,2.0,1.6094379124341005,0.0,0.0,0.0,0.0,0.0,1.0,0.0,0.0,0.0,0.0,0.0,0.0,1.0,0.0,0.0,0.0,0.0,9.0,0.0,0.0,0.0,0.0,0.1
sqlalchemy/alembic,0b0c3a6e2660c6b27a914691504244e47fecea13,2026-05-31T13:47:35+00:00,0,1,1.0,1.0,1.0,1.0986122886681098,0.0,1.0,1.0,0.0,0.0,0.0,0.0,0.0,0.0,0.0,1.0,0.0,0.0,0.0,1.0,0.0,0.0,1.0,47.0,0.0212765957446808,1.0,1.0,0.3
sqlalchemy/alembic,a7d897a83689ee3c9ebcfd46251e304fb70197b4,2026-05-31T13:51:13+00:00,0,1,2.0,4.0,4.0,2.1972245773362196,0.0,0.0,0.0,0.0,0.0,0.0,2.0,1.0,0.0,0.0,0.0,0.0,1.0,0.0,0.0,0.5,0.5,4.0,3.0,1.0,1.0,0.0,0.3
sqlalchemy/alembic,2c77a22662464997123c9ddfb7e20b55c0df05ef,2026-05-31T13:51:47+00:00,0,2,2.0,4.0,4.0,2.1972245773362196,0.0,0.0,0.0,0.0,0.0,0.0,2.0,1.0,0.0,0.0,0.0,0.0,1.0,0.0,0.0,0.5,0.5,4.0,3.0,1.0,1.0,0.0,0.3
sqlalchemy/alembic,3299fada4eadfda5c188a4b72ff7b3f56da47bf0,2026-05-31T13:56:56+00:00,0,1,2.0,4.0,4.0,2.1972245773362196,0.0,0.0,0.0,0.0,0.0,0.0,2.0,1.0,0.0,0.0,0.0,0.0,1.0,0.0,0.0,0.4,0.4,5.0,4.0,0.75,0.0,0.0,0.3
sqlalchemy/alembic,0e8810db7addccc05a6e54c3468bfa06df572f7a,2026-05-31T13:59:41+00:00,0,1,1.0,1.0,1.0,1.0986122886681098,0.0,0.0,0.0,0.0,0.0,1.0,0.0,0.0,0.0,0.0,0.0,0.0,0.0,0.0,0.0,0.1,0.1,10.0,48.0,0.0208333333333333,1.0,0.0,0.3
sqlalchemy/alembic,7c84363988a084b34649051b2b52eb14dabe0011,2026-05-31T14:03:33+00:00,0,2,2.0,4.0,4.0,2.1972245773362196,0.0,0.0,0.0,0.0,0.0,0.0,2.0,1.0,0.0,0.0,0.0,0.0,1.0,0.0,0.0,0.2857142857142857,0.2857142857142857,7.0,6.0,0.5,1.0,0.0,0.3
sqlalchemy/alembic,96fb84812ed7fe3ba1a8d6fd7e8cd1ba9a3c4b37,2026-05-31T16:51:26+00:00,0,1,1.0,1.0,1.0,1.0986122886681098,0.0,0.0,0.0,0.0,0.0,1.0,0.0,0.0,0.0,0.0,0.0,0.0,0.0,0.0,1.0,0.0909090909090909,0.0909090909090909,11.0,49.0,0.0204081632653061,1.0,0.0,0.3
sqlalchemy/alembic,3f27f800a2360925fb6265c542d21ccd95e7e959,2026-06-22T11:25:02+00:00,0,1,2.0,4.0,4.0,2.1972245773362196,0.0,0.0,0.0,0.0,0.0,0.0,2.0,1.0,0.0,0.0,0.0,0.0,1.0,0.0,0.0,0.25,0.25,8.0,7.0,0.4285714285714285,1.0,0.0,0.3
sqlalchemy/alembic,b99b54c8bd48ce145fe664e36853c68e0d03bb8b,2026-06-25T15:19:07+00:00,0,1,3.0,43.0,0.0,3.784189633918261,2.0,1.0,1.0,1.0,1.0,0.0,0.0,0.0,0.0,0.0,0.0,0.0,0.0,0.0,1.0,0.0,0.0,3.0,50.0,0.02,1.0,0.0,0.3
sqlalchemy/alembic,072ff7e99c25d64d10cf9a7b7a071d2d09ade65e,2026-06-25T15:21:28+00:00,0,1,2.0,5.0,1.0,1.9459101490553132,0.0,1.0,1.0,0.0,1.0,0.0,0.0,0.0,0.0,0.0,1.0,0.0,0.0,0.0,0.0,0.0,0.0,11.0,50.0,0.02,0.0,0.0,0.3
sqlalchemy/alembic,c88fa5afaf2b9783a58a918f3fc73abc44daa0a9,2026-06-30T21:01:58+00:00,0,1,2.0,4.0,4.0,2.1972245773362196,0.0,0.0,0.0,0.0,0.0,0.0,2.0,1.0,0.0,0.0,0.0,0.0,0.0,0.0,0.0,0.2222222222222222,0.2222222222222222,9.0,8.0,0.375,1.0,0.0,0.3
sqlalchemy/alembic,7b2af57eba318a712b7b4f79c7bc6b3669055636,2026-07-16T17:14:06+00:00,0,1,29.0,175.0,354.0,6.272877006546167,92.0,8.0,15.0,11.0,1.0,1.0,1.0,0.0,4.0,0.0,0.0,0.0,0.0,0.0,0.0,1.0,0.0875,2.689655172413793,52.0,0.0192307692307692,1.0,0.0,0.3
sqlalchemy/alembic,95357714acffcaf25fc03f490ab0801bf625412b,2026-07-20T11:25:27+00:00,0,1,2.0,4.0,4.0,2.1972245773362196,0.0,0.0,0.0,0.0,0.0,0.0,2.0,1.0,0.0,0.0,0.0,0.0,1.0,0.0,0.0,0.2,0.2,10.0,9.0,0.3333333333333333,1.0,0.0,0.3
sqlalchemy/alembic,8fc93c4c68c28038c7d15e595cdc6d13cabccfe1,2026-07-30T14:02:30+00:00,1,1,3.0,44.0,1.0,3.828641396489095,2.0,1.0,1.0,1.0,1.0,0.0,0.0,0.0,1.0,0.0,0.0,0.0,1.0,0.0,0.0,0.0,0.0,1.6666666666666667,0.0,0.0,1.0,0.0,0.3
sqlalchemy/alembic,5faedb28742f830edde8be7dbdc1db633e64ae2b,2026-08-03T14:43:58+00:00,0,1,3.0,26.0,4.0,3.4339872044851463,4.0,1.0,1.0,1.0,1.0,0.0,0.0,0.0,1.0,0.0,0.0,0.0,0.0,0.0,0.0,0.0,0.0,2.0,0.0,0.0,1.0,0.0,0.3
sqlalchemy/alembic,0302d42863a2f3c192ba9895c3827236b857b883,2026-08-03T15:07:26+00:00,0,1,16.0,1209.0,5.0,7.102499355774649,51.0,6.0,10.0,3.0,3.0,0.0,0.0,0.0,0.0,0.0,0.0,0.0,0.0,1.0,0.0,1.0,0.5281385281385281,2.25,53.0,0.0188679245283018,1.0,0.0,0.3
sqlalchemy/alembic,7a4a9b73ccc59d216d227293db108d04b933d939,2026-08-04T00:45:19+00:00,0,1,4.0,15.0,2.0,2.8903717578961645,1.0,3.0,3.0,0.0,0.0,1.0,0.0,0.0,0.0,0.0,1.0,0.0,0.0,0.0,0.0,0.0769230769230769,0.0256410256410256,6.5,54.0,0.0185185185185185,0.0,0.0,0.25
sqlalchemy/alembic,2367bacc799110604990acded3663716f6f0fae9,2026-08-04T18:57:39+00:00,0,1,2.0,5.0,1.0,1.9459101490553132,0.0,1.0,1.0,0.0,1.0,0.0,0.0,0.0,0.0,0.0,1.0,0.0,0.0,0.0,0.0,0.0,0.0,13.0,55.0,0.0181818181818181,0.0,0.0,0.2
sqlalchemy/alembic,85af8bac62c3178b6712421dbbba4e30a2bbfc2f,2026-08-04T20:51:40+00:00,0,1,2.0,4.0,0.0,1.6094379124341005,0.0,0.0,0.0,0.0,0.0,0.0,2.0,1.0,0.0,0.0,0.0,0.0,0.0,0.0,0.0,0.1818181818181818,0.1818181818181818,11.0,56.0,0.0178571428571428,0.0,0.0,0.15
sqlalchemy/alembic,20e58db01cad3432c24734e11b893303cdb687a4,2026-08-08T16:46:00+00:00,0,1,2.0,5.0,1.0,1.9459101490553132,0.0,1.0,1.0,0.0,1.0,0.0,0.0,0.0,0.0,0.0,1.0,0.0,0.0,0.0,0.0,0.0,0.0,14.0,57.0,0.0175438596491228,0.0,0.0,0.1
sqlalchemy/alembic,5551b5d35f985c99cb8f1af2b3c526b050e4c059,2026-08-10T22:28:28+00:00,0,1,4.0,87.0,24.0,4.718498871295094,0.0,0.0,0.0,0.0,4.0,0.0,4.0,1.0,0.0,0.0,0.0,1.0,0.0,0.0,0.0,0.0,0.0,0.0,58.0,0.0172413793103448,1.0,0.0,0.05
sqlalchemy/alembic,2d1f834fc1a59308aa0e3044b0666378c1fc4835,2026-08-11T05:53:01+00:00,0,1,1.0,0.0,9.0,2.302585092994046,0.0,0.0,0.0,0.0,1.0,0.0,0.0,0.0,0.0,0.0,0.0,1.0,1.0,0.0,0.0,0.0,0.0,0.0,0.0,0.0,0.0,0.0,0.0
sqlalchemy/alembic,dac4723c0c60d8e6aaa4474b369aa20e82cdc618,2026-08-12T14:11:44+00:00,0,1,3.0,3.0,3.0,1.9459101490553132,1.0,1.0,1.0,0.0,0.0,1.0,1.0,0.0,0.0,0.0,1.0,0.0,0.0,0.0,0.0,0.0714285714285714,0.0238095238095238,9.0,59.0,0.0169491525423728,1.0,0.0,0.0
sqlalchemy/alembic,36a42d5934050181dfd28441567c4b94a9a4c0c1,2026-08-12T19:03:58+00:00,0,1,2.0,5.0,2.0,2.0794415416798357,2.0,1.0,2.0,0.0,0.0,0.0,0.0,0.0,0.0,0.0,1.0,0.0,1.0,0.0,1.0,0.0,0.0,9.5,0.0,0.0,1.0,0.0,0.0
sqlalchemy/alembic,c116cbc0f39d9df2b4ce5f1871043a622ca8774f,2026-08-14T07:40:31+00:00,0,1,2.0,5.0,2.0,2.0794415416798357,2.0,1.0,2.0,0.0,0.0,0.0,0.0,0.0,0.0,0.0,1.0,0.0,0.0,0.0,1.0,0.0,0.0,10.5,1.0,0.0,1.0,0.0,0.0
sqlalchemy/alembic,2e1f1599965ccc841b97f097acc5c59c42f6e65c,2026-09-02T19:33:24+00:00,1,1,9.0,178.0,48.0,5.424950017481403,17.0,4.0,6.0,2.0,1.0,0.0,0.0,0.0,1.0,0.0,0.0,0.0,0.0,0.0,0.0,0.25,0.0999999999999999,2.6666666666666665,0.0,0.0,1.0,0.0,0.05
sqlalchemy/alembic,da25215f7049f4855a12490c3764a47a03d34086,2026-09-03T20:03:12+00:00,0,1,1.0,3.0,0.0,1.3862943611198906,0.0,0.0,0.0,0.0,0.0,0.0,1.0,1.0,0.0,0.0,0.0,0.0,0.0,0.0,0.0,0.1666666666666666,0.1666666666666666,12.0,3.0,0.0,1.0,1.0,0.1
sqlalchemy/alembic,b4b0524c0382f91cddcbf3482da1bc35047340e4,2026-09-04T17:05:46+00:00,0,1,15.0,952.0,576.0,7.332369205929062,72.0,5.0,8.0,4.0,3.0,0.0,0.0,0.0,1.0,0.0,0.0,0.0,0.0,1.0,0.0,0.6666666666666666,0.2121212121212121,1.6,60.0,0.0166666666666666,1.0,0.0,0.1
sqlalchemy/alembic,0d1df2478752124e5f1fa3436da125c4954d5dda,2026-09-04T17:15:20+00:00,0,1,2.0,5.0,1.0,1.9459101490553132,0.0,1.0,1.0,0.0,1.0,0.0,0.0,0.0,0.0,0.0,1.0,0.0,0.0,0.0,0.0,0.0,0.0,15.0,60.0,0.0166666666666666,0.0,0.0,0.1
sqlalchemy/alembic,bc025b03a4dd81e6b9d7999546b69a7405cac934,2026-09-08T17:12:51+00:00,0,1,4.0,358.0,98.0,6.124683390894205,26.0,1.0,1.0,2.0,1.0,0.0,0.0,0.0,2.0,0.0,0.0,0.0,0.0,0.0,0.0,0.0,0.0,1.75,62.0,0.0161290322580645,1.0,0.0,0.1
sqlalchemy/alembic,d4f380b7244f82d51df55d89ad33aa87d52a593c,2026-09-08T18:02:36+00:00,0,1,28.0,60.0,440.0,6.2166061010848646,57.0,7.0,14.0,8.0,2.0,1.0,3.0,1.0,4.0,0.0,0.0,0.0,0.0,0.0,0.0,0.5,0.0907051282051282,4.5,63.0,0.0158730158730158,1.0,0.0,0.1
sqlalchemy/alembic,252bf0ae69db0e7e1ef1ed20e9b1203a07c18292,2026-09-08T18:33:40+00:00,0,1,6.0,355.0,5.0,5.8888779583328805,17.0,2.0,2.0,1.0,3.0,0.0,0.0,0.0,1.0,0.0,0.0,0.0,0.0,0.0,0.0,0.5,0.3611111111111111,2.0,63.0,0.0158730158730158,0.0,0.0,0.1
sqlalchemy/alembic,9c654117a3dafbdc6b5bdc2284f8fd70edce6b9e,2026-09-08T19:06:04+00:00,0,1,2.0,40.0,0.0,3.713572066704308,2.0,1.0,1.0,1.0,0.0,0.0,0.0,0.0,0.0,0.0,0.0,0.0,0.0,1.0,0.0,0.3333333333333333,0.1666666666666666,6.0,65.0,0.0153846153846153,1.0,0.0,0.1
sqlalchemy/alembic,c8ef92166c7e40406b736c034466539dad7c0736,2026-09-09T13:27:09+00:00,1,1,1.0,6.0,0.0,1.9459101490553132,0.0,0.0,0.0,0.0,1.0,0.0,1.0,1.0,0.0,0.0,0.0,1.0,0.0,0.0,0.0,0.0,0.0,0.0,66.0,0.0151515151515151,1.0,0.0,0.1
sqlalchemy/alembic,9e91fb80d3c908bdab8e03d36d687cf858fd16a0,2026-09-09T13:38:58+00:00,0,1,2.0,42.0,6.0,3.8918202981106265,0.0,0.0,0.0,0.0,2.0,0.0,2.0,1.0,0.0,0.0,0.0,1.0,0.0,0.0,0.0,0.0,0.0,0.5,66.0,0.0151515151515151,0.0,0.0,0.1
sqlalchemy/alembic,2fabefd5dcd9a4ae13caa5a933dac604ec8a3e68,2026-09-09T21:34:17+00:00,0,1,4.0,158.0,4.0,5.093750200806762,11.0,1.0,1.0,1.0,2.0,0.0,0.0,0.0,0.0,0.0,0.0,0.0,0.0,1.0,0.0,0.3333333333333333,0.3095238095238095,2.5,68.0,0.0294117647058823,1.0,0.0,0.15
sqlalchemy/alembic,8f8c05cadf0538299e43e3cdc3029b114b2e154b,2026-09-09T21:51:57+00:00,0,1,1.0,481.0,362.0,6.738152494595957,120.0,0.0,0.0,1.0,0.0,0.0,0.0,0.0,0.0,0.0,0.0,0.0,0.0,0.0,0.0,0.25,0.25,8.0,69.0,0.0289855072463768,1.0,0.0,0.15
sqlalchemy/alembic,f873ebc11d9450027c74acd4c15045c06d168aa8,2026-09-10T16:21:07+00:00,0,1,4.0,90.0,2.0,4.532599493153256,7.0,1.0,1.0,2.0,1.0,0.0,0.0,0.0,0.0,0.0,0.0,0.0,0.0,0.0,0.0,0.4,0.1333333333333333,2.5,70.0,0.0285714285714285,1.0,0.0,0.15
sqlalchemy/alembic,8d9929771357e5dd931245b59bd8d71d6d5de883,2026-09-11T18:56:38+00:00,0,1,2.0,55.0,16.0,4.276666119016055,3.0,0.0,0.0,2.0,0.0,0.0,0.0,0.0,0.0,0.0,0.0,0.0,0.0,0.0,0.0,0.2222222222222222,0.1111111111111111,5.5,71.0,0.028169014084507,1.0,0.0,0.15
sqlalchemy/alembic,6f93f9cffd4ba4aa4cb5b3bc020fb937a3cd1312,2026-09-11T19:10:07+00:00,0,1,2.0,5.0,1.0,1.9459101490553132,0.0,1.0,1.0,0.0,1.0,0.0,0.0,0.0,0.0,0.0,1.0,0.0,0.0,0.0,0.0,0.0,0.0,16.0,72.0,0.0277777777777777,0.0,0.0,0.15
sqlalchemy/alembic,6e594213ba55b9ae9c5a08eca3dfe62474f4f284,2026-09-16T04:56:45+00:00,0,1,1.0,19.0,27.0,3.8501476017100584,2.0,0.0,0.0,1.0,0.0,0.0,0.0,0.0,1.0,0.0,0.0,0.0,1.0,0.0,1.0,0.0,0.0,7.0,0.0,0.0,0.0,0.0,0.15
sqlalchemy/alembic,b42ebe1ff576e02b8bfc9ef1c3c3a5fd1ac41bf4,2026-09-18T17:57:24+00:00,0,1,3.0,35.0,9.0,3.80666248977032,2.0,1.0,1.0,1.0,1.0,0.0,0.0,0.0,2.0,0.0,0.0,0.0,0.0,0.0,1.0,0.0,0.0,4.666666666666667,1.0,0.0,1.0,0.0,0.15
sqlalchemy/alembic,60ffb5a34ed415aaf0f9b7540b99e9c6d6505cd0,2026-10-01T18:23:35+00:00,0,1,4.0,40.0,26.0,4.204692619390966,6.0,2.0,3.0,1.0,0.0,0.0,0.0,0.0,0.0,0.0,0.0,0.0,1.0,0.0,0.0,0.125,0.0625,3.0,0.0,0.0,0.0,0.0,0.15
